case_index,program_id,profile,family,input,producer_status,checker_status,reference_status,producer_error_type,checker_error_type,reference_error_type,definedness_match,operational_match_when_defined,matched
0,semantic-boundary-assign,c,bounds_write,"{""x"":null}",defined,defined,defined,,,,True,True,True
1,semantic-boundary-assign,c,bounds_write,"{""x"":false}",defined,defined,defined,,,,True,True,True
2,semantic-boundary-assign,c,bounds_write,"{""x"":true}",defined,defined,defined,,,,True,True,True
3,semantic-boundary-assign,c,bounds_write,"{""x"":-1}",defined,defined,defined,,,,True,True,True
4,semantic-boundary-assign,c,bounds_write,"{""x"":0}",defined,defined,defined,,,,True,True,True
5,semantic-boundary-assign,c,bounds_write,"{""x"":1}",defined,defined,defined,,,,True,True,True
6,semantic-boundary-assign,c,bounds_write,"{""x"":""""}",defined,defined,defined,,,,True,True,True
7,semantic-boundary-assign,c,bounds_write,"{""x"":""x""}",defined,defined,defined,,,,True,True,True
8,semantic-boundary-guard,c,bounds_write,"{""x"":null}",defined,defined,defined,,,,True,True,True
9,semantic-boundary-guard,c,bounds_write,"{""x"":false}",defined,defined,defined,,,,True,True,True
10,semantic-boundary-guard,c,bounds_write,"{""x"":true}",defined,defined,defined,,,,True,True,True
11,semantic-boundary-guard,c,bounds_write,"{""x"":-1}",defined,defined,defined,,,,True,True,True
12,semantic-boundary-guard,c,bounds_write,"{""x"":0}",defined,defined,defined,,,,True,True,True
13,semantic-boundary-guard,c,bounds_write,"{""x"":1}",defined,defined,defined,,,,True,True,True
14,semantic-boundary-guard,c,bounds_write,"{""x"":""""}",defined,defined,defined,,,,True,True,True
15,semantic-boundary-guard,c,bounds_write,"{""x"":""x""}",defined,defined,defined,,,,True,True,True
16,semantic-boundary-branch-abort,c,bounds_write,"{""x"":null}",defined,defined,defined,,,,True,True,True
17,semantic-boundary-branch-abort,c,bounds_write,"{""x"":false}",defined,defined,defined,,,,True,True,True
18,semantic-boundary-branch-abort,c,bounds_write,"{""x"":true}",defined,defined,defined,,,,True,True,True
19,semantic-boundary-branch-abort,c,bounds_write,"{""x"":-1}",defined,defined,defined,,,,True,True,True
20,semantic-boundary-branch-abort,c,bounds_write,"{""x"":0}",defined,defined,defined,,,,True,True,True
21,semantic-boundary-branch-abort,c,bounds_write,"{""x"":1}",defined,defined,defined,,,,True,True,True
22,semantic-boundary-branch-abort,c,bounds_write,"{""x"":""""}",defined,defined,defined,,,,True,True,True
23,semantic-boundary-branch-abort,c,bounds_write,"{""x"":""x""}",defined,defined,defined,,,,True,True,True
24,semantic-boundary-emit,c,bounds_write,"{""x"":null}",defined,defined,defined,,,,True,True,True
25,semantic-boundary-emit,c,bounds_write,"{""x"":false}",defined,defined,defined,,,,True,True,True
26,semantic-boundary-emit,c,bounds_write,"{""x"":true}",defined,defined,defined,,,,True,True,True
27,semantic-boundary-emit,c,bounds_write,"{""x"":-1}",defined,defined,defined,,,,True,True,True
28,semantic-boundary-emit,c,bounds_write,"{""x"":0}",defined,defined,defined,,,,True,True,True
29,semantic-boundary-emit,c,bounds_write,"{""x"":1}",defined,defined,defined,,,,True,True,True
30,semantic-boundary-emit,c,bounds_write,"{""x"":""""}",defined,defined,defined,,,,True,True,True
31,semantic-boundary-emit,c,bounds_write,"{""x"":""x""}",defined,defined,defined,,,,True,True,True
32,semantic-boundary-return,c,bounds_write,"{""x"":null}",defined,defined,defined,,,,True,True,True
33,semantic-boundary-return,c,bounds_write,"{""x"":false}",defined,defined,defined,,,,True,True,True
34,semantic-boundary-return,c,bounds_write,"{""x"":true}",defined,defined,defined,,,,True,True,True
35,semantic-boundary-return,c,bounds_write,"{""x"":-1}",defined,defined,defined,,,,True,True,True
36,semantic-boundary-return,c,bounds_write,"{""x"":0}",defined,defined,defined,,,,True,True,True
37,semantic-boundary-return,c,bounds_write,"{""x"":1}",defined,defined,defined,,,,True,True,True
38,semantic-boundary-return,c,bounds_write,"{""x"":""""}",defined,defined,defined,,,,True,True,True
39,semantic-boundary-return,c,bounds_write,"{""x"":""x""}",defined,defined,defined,,,,True,True,True
40,semantic-boundary-buffer-write,c,bounds_write,"{""idx"":-1,""value"":null}",defined,defined,defined,,,,True,True,True
41,semantic-boundary-buffer-write,c,bounds_write,"{""idx"":-1,""value"":false}",defined,defined,defined,,,,True,True,True
42,semantic-boundary-buffer-write,c,bounds_write,"{""idx"":-1,""value"":true}",defined,defined,defined,,,,True,True,True
43,semantic-boundary-buffer-write,c,bounds_write,"{""idx"":-1,""value"":-1}",defined,defined,defined,,,,True,True,True
44,semantic-boundary-buffer-write,c,bounds_write,"{""idx"":-1,""value"":0}",defined,defined,defined,,,,True,True,True
45,semantic-boundary-buffer-write,c,bounds_write,"{""idx"":-1,""value"":1}",defined,defined,defined,,,,True,True,True
46,semantic-boundary-buffer-write,c,bounds_write,"{""idx"":-1,""value"":""""}",defined,defined,defined,,,,True,True,True
47,semantic-boundary-buffer-write,c,bounds_write,"{""idx"":-1,""value"":""x""}",defined,defined,defined,,,,True,True,True
48,semantic-boundary-buffer-write,c,bounds_write,"{""idx"":0,""value"":null}",defined,defined,defined,,,,True,True,True
49,semantic-boundary-buffer-write,c,bounds_write,"{""idx"":0,""value"":false}",defined,defined,defined,,,,True,True,True
50,semantic-boundary-buffer-write,c,bounds_write,"{""idx"":0,""value"":true}",defined,defined,defined,,,,True,True,True
51,semantic-boundary-buffer-write,c,bounds_write,"{""idx"":0,""value"":-1}",defined,defined,defined,,,,True,True,True
52,semantic-boundary-buffer-write,c,bounds_write,"{""idx"":0,""value"":0}",defined,defined,defined,,,,True,True,True
53,semantic-boundary-buffer-write,c,bounds_write,"{""idx"":0,""value"":1}",defined,defined,defined,,,,True,True,True
54,semantic-boundary-buffer-write,c,bounds_write,"{""idx"":0,""value"":""""}",defined,defined,defined,,,,True,True,True
55,semantic-boundary-buffer-write,c,bounds_write,"{""idx"":0,""value"":""x""}",defined,defined,defined,,,,True,True,True
56,semantic-boundary-buffer-write,c,bounds_write,"{""idx"":1,""value"":null}",defined,defined,defined,,,,True,True,True
57,semantic-boundary-buffer-write,c,bounds_write,"{""idx"":1,""value"":false}",defined,defined,defined,,,,True,True,True
58,semantic-boundary-buffer-write,c,bounds_write,"{""idx"":1,""value"":true}",defined,defined,defined,,,,True,True,True
59,semantic-boundary-buffer-write,c,bounds_write,"{""idx"":1,""value"":-1}",defined,defined,defined,,,,True,True,True
60,semantic-boundary-buffer-write,c,bounds_write,"{""idx"":1,""value"":0}",defined,defined,defined,,,,True,True,True
61,semantic-boundary-buffer-write,c,bounds_write,"{""idx"":1,""value"":1}",defined,defined,defined,,,,True,True,True
62,semantic-boundary-buffer-write,c,bounds_write,"{""idx"":1,""value"":""""}",defined,defined,defined,,,,True,True,True
63,semantic-boundary-buffer-write,c,bounds_write,"{""idx"":1,""value"":""x""}",defined,defined,defined,,,,True,True,True
64,semantic-boundary-buffer-write,c,bounds_write,"{""idx"":true,""value"":null}",error,error,error,TypeError,TypeError,ReferenceExecutionError,True,True,True
65,semantic-boundary-buffer-write,c,bounds_write,"{""idx"":true,""value"":false}",error,error,error,TypeError,TypeError,ReferenceExecutionError,True,True,True
66,semantic-boundary-buffer-write,c,bounds_write,"{""idx"":true,""value"":true}",error,error,error,TypeError,TypeError,ReferenceExecutionError,True,True,True
67,semantic-boundary-buffer-write,c,bounds_write,"{""idx"":true,""value"":-1}",error,error,error,TypeError,TypeError,ReferenceExecutionError,True,True,True
68,semantic-boundary-buffer-write,c,bounds_write,"{""idx"":true,""value"":0}",error,error,error,TypeError,TypeError,ReferenceExecutionError,True,True,True
69,semantic-boundary-buffer-write,c,bounds_write,"{""idx"":true,""value"":1}",error,error,error,TypeError,TypeError,ReferenceExecutionError,True,True,True
70,semantic-boundary-buffer-write,c,bounds_write,"{""idx"":true,""value"":""""}",error,error,error,TypeError,TypeError,ReferenceExecutionError,True,True,True
71,semantic-boundary-buffer-write,c,bounds_write,"{""idx"":true,""value"":""x""}",error,error,error,TypeError,TypeError,ReferenceExecutionError,True,True,True
72,semantic-boundary-buffer-write,c,bounds_write,"{""idx"":""x"",""value"":null}",error,error,error,TypeError,TypeError,ReferenceExecutionError,True,True,True
73,semantic-boundary-buffer-write,c,bounds_write,"{""idx"":""x"",""value"":false}",error,error,error,TypeError,TypeError,ReferenceExecutionError,True,True,True
74,semantic-boundary-buffer-write,c,bounds_write,"{""idx"":""x"",""value"":true}",error,error,error,TypeError,TypeError,ReferenceExecutionError,True,True,True
75,semantic-boundary-buffer-write,c,bounds_write,"{""idx"":""x"",""value"":-1}",error,error,error,TypeError,TypeError,ReferenceExecutionError,True,True,True
76,semantic-boundary-buffer-write,c,bounds_write,"{""idx"":""x"",""value"":0}",error,error,error,TypeError,TypeError,ReferenceExecutionError,True,True,True
77,semantic-boundary-buffer-write,c,bounds_write,"{""idx"":""x"",""value"":1}",error,error,error,TypeError,TypeError,ReferenceExecutionError,True,True,True
78,semantic-boundary-buffer-write,c,bounds_write,"{""idx"":""x"",""value"":""""}",error,error,error,TypeError,TypeError,ReferenceExecutionError,True,True,True
79,semantic-boundary-buffer-write,c,bounds_write,"{""idx"":""x"",""value"":""x""}",error,error,error,TypeError,TypeError,ReferenceExecutionError,True,True,True
80,semantic-boundary-divide,c,divide_zero,"{""denominator"":-2,""numerator"":-2}",defined,defined,defined,,,,True,True,True
81,semantic-boundary-divide,c,divide_zero,"{""denominator"":-2,""numerator"":-1}",defined,defined,defined,,,,True,True,True
82,semantic-boundary-divide,c,divide_zero,"{""denominator"":-2,""numerator"":0}",defined,defined,defined,,,,True,True,True
83,semantic-boundary-divide,c,divide_zero,"{""denominator"":-2,""numerator"":1}",defined,defined,defined,,,,True,True,True
84,semantic-boundary-divide,c,divide_zero,"{""denominator"":-2,""numerator"":2}",defined,defined,defined,,,,True,True,True
85,semantic-boundary-divide,c,divide_zero,"{""denominator"":-2,""numerator"":true}",error,error,error,TypeError,TypeError,ReferenceExecutionError,True,True,True
86,semantic-boundary-divide,c,divide_zero,"{""denominator"":-2,""numerator"":""x""}",error,error,error,TypeError,TypeError,ReferenceExecutionError,True,True,True
87,semantic-boundary-divide,c,divide_zero,"{""denominator"":-1,""numerator"":-2}",defined,defined,defined,,,,True,True,True
88,semantic-boundary-divide,c,divide_zero,"{""denominator"":-1,""numerator"":-1}",defined,defined,defined,,,,True,True,True
89,semantic-boundary-divide,c,divide_zero,"{""denominator"":-1,""numerator"":0}",defined,defined,defined,,,,True,True,True
90,semantic-boundary-divide,c,divide_zero,"{""denominator"":-1,""numerator"":1}",defined,defined,defined,,,,True,True,True
91,semantic-boundary-divide,c,divide_zero,"{""denominator"":-1,""numerator"":2}",defined,defined,defined,,,,True,True,True
92,semantic-boundary-divide,c,divide_zero,"{""denominator"":-1,""numerator"":true}",error,error,error,TypeError,TypeError,ReferenceExecutionError,True,True,True
93,semantic-boundary-divide,c,divide_zero,"{""denominator"":-1,""numerator"":""x""}",error,error,error,TypeError,TypeError,ReferenceExecutionError,True,True,True
94,semantic-boundary-divide,c,divide_zero,"{""denominator"":0,""numerator"":-2}",defined,defined,defined,,,,True,True,True
95,semantic-boundary-divide,c,divide_zero,"{""denominator"":0,""numerator"":-1}",defined,defined,defined,,,,True,True,True
96,semantic-boundary-divide,c,divide_zero,"{""denominator"":0,""numerator"":0}",defined,defined,defined,,,,True,True,True
97,semantic-boundary-divide,c,divide_zero,"{""denominator"":0,""numerator"":1}",defined,defined,defined,,,,True,True,True
98,semantic-boundary-divide,c,divide_zero,"{""denominator"":0,""numerator"":2}",defined,defined,defined,,,,True,True,True
99,semantic-boundary-divide,c,divide_zero,"{""denominator"":0,""numerator"":true}",error,error,error,TypeError,TypeError,ReferenceExecutionError,True,True,True
100,semantic-boundary-divide,c,divide_zero,"{""denominator"":0,""numerator"":""x""}",error,error,error,TypeError,TypeError,ReferenceExecutionError,True,True,True
101,semantic-boundary-divide,c,divide_zero,"{""denominator"":1,""numerator"":-2}",defined,defined,defined,,,,True,True,True
102,semantic-boundary-divide,c,divide_zero,"{""denominator"":1,""numerator"":-1}",defined,defined,defined,,,,True,True,True
103,semantic-boundary-divide,c,divide_zero,"{""denominator"":1,""numerator"":0}",defined,defined,defined,,,,True,True,True
104,semantic-boundary-divide,c,divide_zero,"{""denominator"":1,""numerator"":1}",defined,defined,defined,,,,True,True,True
105,semantic-boundary-divide,c,divide_zero,"{""denominator"":1,""numerator"":2}",defined,defined,defined,,,,True,True,True
106,semantic-boundary-divide,c,divide_zero,"{""denominator"":1,""numerator"":true}",error,error,error,TypeError,TypeError,ReferenceExecutionError,True,True,True
107,semantic-boundary-divide,c,divide_zero,"{""denominator"":1,""numerator"":""x""}",error,error,error,TypeError,TypeError,ReferenceExecutionError,True,True,True
108,semantic-boundary-divide,c,divide_zero,"{""denominator"":2,""numerator"":-2}",defined,defined,defined,,,,True,True,True
109,semantic-boundary-divide,c,divide_zero,"{""denominator"":2,""numerator"":-1}",defined,defined,defined,,,,True,True,True
110,semantic-boundary-divide,c,divide_zero,"{""denominator"":2,""numerator"":0}",defined,defined,defined,,,,True,True,True
111,semantic-boundary-divide,c,divide_zero,"{""denominator"":2,""numerator"":1}",defined,defined,defined,,,,True,True,True
112,semantic-boundary-divide,c,divide_zero,"{""denominator"":2,""numerator"":2}",defined,defined,defined,,,,True,True,True
113,semantic-boundary-divide,c,divide_zero,"{""denominator"":2,""numerator"":true}",error,error,error,TypeError,TypeError,ReferenceExecutionError,True,True,True
114,semantic-boundary-divide,c,divide_zero,"{""denominator"":2,""numerator"":""x""}",error,error,error,TypeError,TypeError,ReferenceExecutionError,True,True,True
115,semantic-boundary-divide,c,divide_zero,"{""denominator"":true,""numerator"":-2}",error,error,error,TypeError,TypeError,ReferenceExecutionError,True,True,True
116,semantic-boundary-divide,c,divide_zero,"{""denominator"":true,""numerator"":-1}",error,error,error,TypeError,TypeError,ReferenceExecutionError,True,True,True
117,semantic-boundary-divide,c,divide_zero,"{""denominator"":true,""numerator"":0}",error,error,error,TypeError,TypeError,ReferenceExecutionError,True,True,True
118,semantic-boundary-divide,c,divide_zero,"{""denominator"":true,""numerator"":1}",error,error,error,TypeError,TypeError,ReferenceExecutionError,True,True,True
119,semantic-boundary-divide,c,divide_zero,"{""denominator"":true,""numerator"":2}",error,error,error,TypeError,TypeError,ReferenceExecutionError,True,True,True
120,semantic-boundary-divide,c,divide_zero,"{""denominator"":true,""numerator"":true}",error,error,error,TypeError,TypeError,ReferenceExecutionError,True,True,True
121,semantic-boundary-divide,c,divide_zero,"{""denominator"":true,""numerator"":""x""}",error,error,error,TypeError,TypeError,ReferenceExecutionError,True,True,True
122,semantic-boundary-divide,c,divide_zero,"{""denominator"":""x"",""numerator"":-2}",error,error,error,TypeError,TypeError,ReferenceExecutionError,True,True,True
123,semantic-boundary-divide,c,divide_zero,"{""denominator"":""x"",""numerator"":-1}",error,error,error,TypeError,TypeError,ReferenceExecutionError,True,True,True
124,semantic-boundary-divide,c,divide_zero,"{""denominator"":""x"",""numerator"":0}",error,error,error,TypeError,TypeError,ReferenceExecutionError,True,True,True
125,semantic-boundary-divide,c,divide_zero,"{""denominator"":""x"",""numerator"":1}",error,error,error,TypeError,TypeError,ReferenceExecutionError,True,True,True
126,semantic-boundary-divide,c,divide_zero,"{""denominator"":""x"",""numerator"":2}",error,error,error,TypeError,TypeError,ReferenceExecutionError,True,True,True
127,semantic-boundary-divide,c,divide_zero,"{""denominator"":""x"",""numerator"":true}",error,error,error,TypeError,TypeError,ReferenceExecutionError,True,True,True
128,semantic-boundary-divide,c,divide_zero,"{""denominator"":""x"",""numerator"":""x""}",error,error,error,TypeError,TypeError,ReferenceExecutionError,True,True,True
129,semantic-boundary-add-fixed-unsigned-1,c,fixed_overflow,"{""left"":-4,""right"":-4}",defined,defined,defined,,,,True,True,True
130,semantic-boundary-add-fixed-unsigned-1,c,fixed_overflow,"{""left"":-4,""right"":-2}",defined,defined,defined,,,,True,True,True
131,semantic-boundary-add-fixed-unsigned-1,c,fixed_overflow,"{""left"":-4,""right"":-1}",defined,defined,defined,,,,True,True,True
132,semantic-boundary-add-fixed-unsigned-1,c,fixed_overflow,"{""left"":-4,""right"":0}",defined,defined,defined,,,,True,True,True
133,semantic-boundary-add-fixed-unsigned-1,c,fixed_overflow,"{""left"":-4,""right"":1}",defined,defined,defined,,,,True,True,True
134,semantic-boundary-add-fixed-unsigned-1,c,fixed_overflow,"{""left"":-4,""right"":2}",defined,defined,defined,,,,True,True,True
135,semantic-boundary-add-fixed-unsigned-1,c,fixed_overflow,"{""left"":-4,""right"":4}",defined,defined,defined,,,,True,True,True
136,semantic-boundary-add-fixed-unsigned-1,c,fixed_overflow,"{""left"":-4,""right"":true}",error,error,error,TypeError,TypeError,ReferenceExecutionError,True,True,True
137,semantic-boundary-add-fixed-unsigned-1,c,fixed_overflow,"{""left"":-4,""right"":""x""}",error,error,error,TypeError,TypeError,ReferenceExecutionError,True,True,True
138,semantic-boundary-add-fixed-unsigned-1,c,fixed_overflow,"{""left"":-2,""right"":-4}",defined,defined,defined,,,,True,True,True
139,semantic-boundary-add-fixed-unsigned-1,c,fixed_overflow,"{""left"":-2,""right"":-2}",defined,defined,defined,,,,True,True,True
140,semantic-boundary-add-fixed-unsigned-1,c,fixed_overflow,"{""left"":-2,""right"":-1}",defined,defined,defined,,,,True,True,True
141,semantic-boundary-add-fixed-unsigned-1,c,fixed_overflow,"{""left"":-2,""right"":0}",defined,defined,defined,,,,True,True,True
142,semantic-boundary-add-fixed-unsigned-1,c,fixed_overflow,"{""left"":-2,""right"":1}",defined,defined,defined,,,,True,True,True
143,semantic-boundary-add-fixed-unsigned-1,c,fixed_overflow,"{""left"":-2,""right"":2}",defined,defined,defined,,,,True,True,True
144,semantic-boundary-add-fixed-unsigned-1,c,fixed_overflow,"{""left"":-2,""right"":4}",defined,defined,defined,,,,True,True,True
145,semantic-boundary-add-fixed-unsigned-1,c,fixed_overflow,"{""left"":-2,""right"":true}",error,error,error,TypeError,TypeError,ReferenceExecutionError,True,True,True
146,semantic-boundary-add-fixed-unsigned-1,c,fixed_overflow,"{""left"":-2,""right"":""x""}",error,error,error,TypeError,TypeError,ReferenceExecutionError,True,True,True
147,semantic-boundary-add-fixed-unsigned-1,c,fixed_overflow,"{""left"":-1,""right"":-4}",defined,defined,defined,,,,True,True,True
148,semantic-boundary-add-fixed-unsigned-1,c,fixed_overflow,"{""left"":-1,""right"":-2}",defined,defined,defined,,,,True,True,True
149,semantic-boundary-add-fixed-unsigned-1,c,fixed_overflow,"{""left"":-1,""right"":-1}",defined,defined,defined,,,,True,True,True
150,semantic-boundary-add-fixed-unsigned-1,c,fixed_overflow,"{""left"":-1,""right"":0}",defined,defined,defined,,,,True,True,True
151,semantic-boundary-add-fixed-unsigned-1,c,fixed_overflow,"{""left"":-1,""right"":1}",defined,defined,defined,,,,True,True,True
152,semantic-boundary-add-fixed-unsigned-1,c,fixed_overflow,"{""left"":-1,""right"":2}",defined,defined,defined,,,,True,True,True
153,semantic-boundary-add-fixed-unsigned-1,c,fixed_overflow,"{""left"":-1,""right"":4}",defined,defined,defined,,,,True,True,True
154,semantic-boundary-add-fixed-unsigned-1,c,fixed_overflow,"{""left"":-1,""right"":true}",error,error,error,TypeError,TypeError,ReferenceExecutionError,True,True,True
155,semantic-boundary-add-fixed-unsigned-1,c,fixed_overflow,"{""left"":-1,""right"":""x""}",error,error,error,TypeError,TypeError,ReferenceExecutionError,True,True,True
156,semantic-boundary-add-fixed-unsigned-1,c,fixed_overflow,"{""left"":0,""right"":-4}",defined,defined,defined,,,,True,True,True
157,semantic-boundary-add-fixed-unsigned-1,c,fixed_overflow,"{""left"":0,""right"":-2}",defined,defined,defined,,,,True,True,True
158,semantic-boundary-add-fixed-unsigned-1,c,fixed_overflow,"{""left"":0,""right"":-1}",defined,defined,defined,,,,True,True,True
159,semantic-boundary-add-fixed-unsigned-1,c,fixed_overflow,"{""left"":0,""right"":0}",defined,defined,defined,,,,True,True,True
160,semantic-boundary-add-fixed-unsigned-1,c,fixed_overflow,"{""left"":0,""right"":1}",defined,defined,defined,,,,True,True,True
161,semantic-boundary-add-fixed-unsigned-1,c,fixed_overflow,"{""left"":0,""right"":2}",defined,defined,defined,,,,True,True,True
162,semantic-boundary-add-fixed-unsigned-1,c,fixed_overflow,"{""left"":0,""right"":4}",defined,defined,defined,,,,True,True,True
163,semantic-boundary-add-fixed-unsigned-1,c,fixed_overflow,"{""left"":0,""right"":true}",error,error,error,TypeError,TypeError,ReferenceExecutionError,True,True,True
164,semantic-boundary-add-fixed-unsigned-1,c,fixed_overflow,"{""left"":0,""right"":""x""}",error,error,error,TypeError,TypeError,ReferenceExecutionError,True,True,True
165,semantic-boundary-add-fixed-unsigned-1,c,fixed_overflow,"{""left"":1,""right"":-4}",defined,defined,defined,,,,True,True,True
166,semantic-boundary-add-fixed-unsigned-1,c,fixed_overflow,"{""left"":1,""right"":-2}",defined,defined,defined,,,,True,True,True
167,semantic-boundary-add-fixed-unsigned-1,c,fixed_overflow,"{""left"":1,""right"":-1}",defined,defined,defined,,,,True,True,True
168,semantic-boundary-add-fixed-unsigned-1,c,fixed_overflow,"{""left"":1,""right"":0}",defined,defined,defined,,,,True,True,True
169,semantic-boundary-add-fixed-unsigned-1,c,fixed_overflow,"{""left"":1,""right"":1}",defined,defined,defined,,,,True,True,True
170,semantic-boundary-add-fixed-unsigned-1,c,fixed_overflow,"{""left"":1,""right"":2}",defined,defined,defined,,,,True,True,True
171,semantic-boundary-add-fixed-unsigned-1,c,fixed_overflow,"{""left"":1,""right"":4}",defined,defined,defined,,,,True,True,True
172,semantic-boundary-add-fixed-unsigned-1,c,fixed_overflow,"{""left"":1,""right"":true}",error,error,error,TypeError,TypeError,ReferenceExecutionError,True,True,True
173,semantic-boundary-add-fixed-unsigned-1,c,fixed_overflow,"{""left"":1,""right"":""x""}",error,error,error,TypeError,TypeError,ReferenceExecutionError,True,True,True
174,semantic-boundary-add-fixed-unsigned-1,c,fixed_overflow,"{""left"":2,""right"":-4}",defined,defined,defined,,,,True,True,True
175,semantic-boundary-add-fixed-unsigned-1,c,fixed_overflow,"{""left"":2,""right"":-2}",defined,defined,defined,,,,True,True,True
176,semantic-boundary-add-fixed-unsigned-1,c,fixed_overflow,"{""left"":2,""right"":-1}",defined,defined,defined,,,,True,True,True
177,semantic-boundary-add-fixed-unsigned-1,c,fixed_overflow,"{""left"":2,""right"":0}",defined,defined,defined,,,,True,True,True
178,semantic-boundary-add-fixed-unsigned-1,c,fixed_overflow,"{""left"":2,""right"":1}",defined,defined,defined,,,,True,True,True
179,semantic-boundary-add-fixed-unsigned-1,c,fixed_overflow,"{""left"":2,""right"":2}",defined,defined,defined,,,,True,True,True
180,semantic-boundary-add-fixed-unsigned-1,c,fixed_overflow,"{""left"":2,""right"":4}",defined,defined,defined,,,,True,True,True
181,semantic-boundary-add-fixed-unsigned-1,c,fixed_overflow,"{""left"":2,""right"":true}",error,error,error,TypeError,TypeError,ReferenceExecutionError,True,True,True
182,semantic-boundary-add-fixed-unsigned-1,c,fixed_overflow,"{""left"":2,""right"":""x""}",error,error,error,TypeError,TypeError,ReferenceExecutionError,True,True,True
183,semantic-boundary-add-fixed-unsigned-1,c,fixed_overflow,"{""left"":4,""right"":-4}",defined,defined,defined,,,,True,True,True
184,semantic-boundary-add-fixed-unsigned-1,c,fixed_overflow,"{""left"":4,""right"":-2}",defined,defined,defined,,,,True,True,True
185,semantic-boundary-add-fixed-unsigned-1,c,fixed_overflow,"{""left"":4,""right"":-1}",defined,defined,defined,,,,True,True,True
186,semantic-boundary-add-fixed-unsigned-1,c,fixed_overflow,"{""left"":4,""right"":0}",defined,defined,defined,,,,True,True,True
187,semantic-boundary-add-fixed-unsigned-1,c,fixed_overflow,"{""left"":4,""right"":1}",defined,defined,defined,,,,True,True,True
188,semantic-boundary-add-fixed-unsigned-1,c,fixed_overflow,"{""left"":4,""right"":2}",defined,defined,defined,,,,True,True,True
189,semantic-boundary-add-fixed-unsigned-1,c,fixed_overflow,"{""left"":4,""right"":4}",defined,defined,defined,,,,True,True,True
190,semantic-boundary-add-fixed-unsigned-1,c,fixed_overflow,"{""left"":4,""right"":true}",error,error,error,TypeError,TypeError,ReferenceExecutionError,True,True,True
191,semantic-boundary-add-fixed-unsigned-1,c,fixed_overflow,"{""left"":4,""right"":""x""}",error,error,error,TypeError,TypeError,ReferenceExecutionError,True,True,True
192,semantic-boundary-add-fixed-unsigned-1,c,fixed_overflow,"{""left"":true,""right"":-4}",error,error,error,TypeError,TypeError,ReferenceExecutionError,True,True,True
193,semantic-boundary-add-fixed-unsigned-1,c,fixed_overflow,"{""left"":true,""right"":-2}",error,error,error,TypeError,TypeError,ReferenceExecutionError,True,True,True
194,semantic-boundary-add-fixed-unsigned-1,c,fixed_overflow,"{""left"":true,""right"":-1}",error,error,error,TypeError,TypeError,ReferenceExecutionError,True,True,True
195,semantic-boundary-add-fixed-unsigned-1,c,fixed_overflow,"{""left"":true,""right"":0}",error,error,error,TypeError,TypeError,ReferenceExecutionError,True,True,True
196,semantic-boundary-add-fixed-unsigned-1,c,fixed_overflow,"{""left"":true,""right"":1}",error,error,error,TypeError,TypeError,ReferenceExecutionError,True,True,True
197,semantic-boundary-add-fixed-unsigned-1,c,fixed_overflow,"{""left"":true,""right"":2}",error,error,error,TypeError,TypeError,ReferenceExecutionError,True,True,True
198,semantic-boundary-add-fixed-unsigned-1,c,fixed_overflow,"{""left"":true,""right"":4}",error,error,error,TypeError,TypeError,ReferenceExecutionError,True,True,True
199,semantic-boundary-add-fixed-unsigned-1,c,fixed_overflow,"{""left"":true,""right"":true}",error,error,error,TypeError,TypeError,ReferenceExecutionError,True,True,True
200,semantic-boundary-add-fixed-unsigned-1,c,fixed_overflow,"{""left"":true,""right"":""x""}",error,error,error,TypeError,TypeError,ReferenceExecutionError,True,True,True
201,semantic-boundary-add-fixed-unsigned-1,c,fixed_overflow,"{""left"":""x"",""right"":-4}",error,error,error,TypeError,TypeError,ReferenceExecutionError,True,True,True
202,semantic-boundary-add-fixed-unsigned-1,c,fixed_overflow,"{""left"":""x"",""right"":-2}",error,error,error,TypeError,TypeError,ReferenceExecutionError,True,True,True
203,semantic-boundary-add-fixed-unsigned-1,c,fixed_overflow,"{""left"":""x"",""right"":-1}",error,error,error,TypeError,TypeError,ReferenceExecutionError,True,True,True
204,semantic-boundary-add-fixed-unsigned-1,c,fixed_overflow,"{""left"":""x"",""right"":0}",error,error,error,TypeError,TypeError,ReferenceExecutionError,True,True,True
205,semantic-boundary-add-fixed-unsigned-1,c,fixed_overflow,"{""left"":""x"",""right"":1}",error,error,error,TypeError,TypeError,ReferenceExecutionError,True,True,True
206,semantic-boundary-add-fixed-unsigned-1,c,fixed_overflow,"{""left"":""x"",""right"":2}",error,error,error,TypeError,TypeError,ReferenceExecutionError,True,True,True
207,semantic-boundary-add-fixed-unsigned-1,c,fixed_overflow,"{""left"":""x"",""right"":4}",error,error,error,TypeError,TypeError,ReferenceExecutionError,True,True,True
208,semantic-boundary-add-fixed-unsigned-1,c,fixed_overflow,"{""left"":""x"",""right"":true}",error,error,error,TypeError,TypeError,ReferenceExecutionError,True,True,True
209,semantic-boundary-add-fixed-unsigned-1,c,fixed_overflow,"{""left"":""x"",""right"":""x""}",error,error,error,TypeError,TypeError,ReferenceExecutionError,True,True,True
210,semantic-boundary-add-fixed-unsigned-2,c,fixed_overflow,"{""left"":-4,""right"":-4}",defined,defined,defined,,,,True,True,True
211,semantic-boundary-add-fixed-unsigned-2,c,fixed_overflow,"{""left"":-4,""right"":-2}",defined,defined,defined,,,,True,True,True
212,semantic-boundary-add-fixed-unsigned-2,c,fixed_overflow,"{""left"":-4,""right"":-1}",defined,defined,defined,,,,True,True,True
213,semantic-boundary-add-fixed-unsigned-2,c,fixed_overflow,"{""left"":-4,""right"":0}",defined,defined,defined,,,,True,True,True
214,semantic-boundary-add-fixed-unsigned-2,c,fixed_overflow,"{""left"":-4,""right"":1}",defined,defined,defined,,,,True,True,True
215,semantic-boundary-add-fixed-unsigned-2,c,fixed_overflow,"{""left"":-4,""right"":2}",defined,defined,defined,,,,True,True,True
216,semantic-boundary-add-fixed-unsigned-2,c,fixed_overflow,"{""left"":-4,""right"":4}",defined,defined,defined,,,,True,True,True
217,semantic-boundary-add-fixed-unsigned-2,c,fixed_overflow,"{""left"":-4,""right"":true}",error,error,error,TypeError,TypeError,ReferenceExecutionError,True,True,True
218,semantic-boundary-add-fixed-unsigned-2,c,fixed_overflow,"{""left"":-4,""right"":""x""}",error,error,error,TypeError,TypeError,ReferenceExecutionError,True,True,True
219,semantic-boundary-add-fixed-unsigned-2,c,fixed_overflow,"{""left"":-2,""right"":-4}",defined,defined,defined,,,,True,True,True
220,semantic-boundary-add-fixed-unsigned-2,c,fixed_overflow,"{""left"":-2,""right"":-2}",defined,defined,defined,,,,True,True,True
221,semantic-boundary-add-fixed-unsigned-2,c,fixed_overflow,"{""left"":-2,""right"":-1}",defined,defined,defined,,,,True,True,True
222,semantic-boundary-add-fixed-unsigned-2,c,fixed_overflow,"{""left"":-2,""right"":0}",defined,defined,defined,,,,True,True,True
223,semantic-boundary-add-fixed-unsigned-2,c,fixed_overflow,"{""left"":-2,""right"":1}",defined,defined,defined,,,,True,True,True
224,semantic-boundary-add-fixed-unsigned-2,c,fixed_overflow,"{""left"":-2,""right"":2}",defined,defined,defined,,,,True,True,True
225,semantic-boundary-add-fixed-unsigned-2,c,fixed_overflow,"{""left"":-2,""right"":4}",defined,defined,defined,,,,True,True,True
226,semantic-boundary-add-fixed-unsigned-2,c,fixed_overflow,"{""left"":-2,""right"":true}",error,error,error,TypeError,TypeError,ReferenceExecutionError,True,True,True
227,semantic-boundary-add-fixed-unsigned-2,c,fixed_overflow,"{""left"":-2,""right"":""x""}",error,error,error,TypeError,TypeError,ReferenceExecutionError,True,True,True
228,semantic-boundary-add-fixed-unsigned-2,c,fixed_overflow,"{""left"":-1,""right"":-4}",defined,defined,defined,,,,True,True,True
229,semantic-boundary-add-fixed-unsigned-2,c,fixed_overflow,"{""left"":-1,""right"":-2}",defined,defined,defined,,,,True,True,True
230,semantic-boundary-add-fixed-unsigned-2,c,fixed_overflow,"{""left"":-1,""right"":-1}",defined,defined,defined,,,,True,True,True
231,semantic-boundary-add-fixed-unsigned-2,c,fixed_overflow,"{""left"":-1,""right"":0}",defined,defined,defined,,,,True,True,True
232,semantic-boundary-add-fixed-unsigned-2,c,fixed_overflow,"{""left"":-1,""right"":1}",defined,defined,defined,,,,True,True,True
233,semantic-boundary-add-fixed-unsigned-2,c,fixed_overflow,"{""left"":-1,""right"":2}",defined,defined,defined,,,,True,True,True
234,semantic-boundary-add-fixed-unsigned-2,c,fixed_overflow,"{""left"":-1,""right"":4}",defined,defined,defined,,,,True,True,True
235,semantic-boundary-add-fixed-unsigned-2,c,fixed_overflow,"{""left"":-1,""right"":true}",error,error,error,TypeError,TypeError,ReferenceExecutionError,True,True,True
236,semantic-boundary-add-fixed-unsigned-2,c,fixed_overflow,"{""left"":-1,""right"":""x""}",error,error,error,TypeError,TypeError,ReferenceExecutionError,True,True,True
237,semantic-boundary-add-fixed-unsigned-2,c,fixed_overflow,"{""left"":0,""right"":-4}",defined,defined,defined,,,,True,True,True
238,semantic-boundary-add-fixed-unsigned-2,c,fixed_overflow,"{""left"":0,""right"":-2}",defined,defined,defined,,,,True,True,True
239,semantic-boundary-add-fixed-unsigned-2,c,fixed_overflow,"{""left"":0,""right"":-1}",defined,defined,defined,,,,True,True,True
240,semantic-boundary-add-fixed-unsigned-2,c,fixed_overflow,"{""left"":0,""right"":0}",defined,defined,defined,,,,True,True,True
241,semantic-boundary-add-fixed-unsigned-2,c,fixed_overflow,"{""left"":0,""right"":1}",defined,defined,defined,,,,True,True,True
242,semantic-boundary-add-fixed-unsigned-2,c,fixed_overflow,"{""left"":0,""right"":2}",defined,defined,defined,,,,True,True,True
243,semantic-boundary-add-fixed-unsigned-2,c,fixed_overflow,"{""left"":0,""right"":4}",defined,defined,defined,,,,True,True,True
244,semantic-boundary-add-fixed-unsigned-2,c,fixed_overflow,"{""left"":0,""right"":true}",error,error,error,TypeError,TypeError,ReferenceExecutionError,True,True,True
245,semantic-boundary-add-fixed-unsigned-2,c,fixed_overflow,"{""left"":0,""right"":""x""}",error,error,error,TypeError,TypeError,ReferenceExecutionError,True,True,True
246,semantic-boundary-add-fixed-unsigned-2,c,fixed_overflow,"{""left"":1,""right"":-4}",defined,defined,defined,,,,True,True,True
247,semantic-boundary-add-fixed-unsigned-2,c,fixed_overflow,"{""left"":1,""right"":-2}",defined,defined,defined,,,,True,True,True
248,semantic-boundary-add-fixed-unsigned-2,c,fixed_overflow,"{""left"":1,""right"":-1}",defined,defined,defined,,,,True,True,True
249,semantic-boundary-add-fixed-unsigned-2,c,fixed_overflow,"{""left"":1,""right"":0}",defined,defined,defined,,,,True,True,True
250,semantic-boundary-add-fixed-unsigned-2,c,fixed_overflow,"{""left"":1,""right"":1}",defined,defined,defined,,,,True,True,True
251,semantic-boundary-add-fixed-unsigned-2,c,fixed_overflow,"{""left"":1,""right"":2}",defined,defined,defined,,,,True,True,True
252,semantic-boundary-add-fixed-unsigned-2,c,fixed_overflow,"{""left"":1,""right"":4}",defined,defined,defined,,,,True,True,True
253,semantic-boundary-add-fixed-unsigned-2,c,fixed_overflow,"{""left"":1,""right"":true}",error,error,error,TypeError,TypeError,ReferenceExecutionError,True,True,True
254,semantic-boundary-add-fixed-unsigned-2,c,fixed_overflow,"{""left"":1,""right"":""x""}",error,error,error,TypeError,TypeError,ReferenceExecutionError,True,True,True
255,semantic-boundary-add-fixed-unsigned-2,c,fixed_overflow,"{""left"":2,""right"":-4}",defined,defined,defined,,,,True,True,True
256,semantic-boundary-add-fixed-unsigned-2,c,fixed_overflow,"{""left"":2,""right"":-2}",defined,defined,defined,,,,True,True,True
257,semantic-boundary-add-fixed-unsigned-2,c,fixed_overflow,"{""left"":2,""right"":-1}",defined,defined,defined,,,,True,True,True
258,semantic-boundary-add-fixed-unsigned-2,c,fixed_overflow,"{""left"":2,""right"":0}",defined,defined,defined,,,,True,True,True
259,semantic-boundary-add-fixed-unsigned-2,c,fixed_overflow,"{""left"":2,""right"":1}",defined,defined,defined,,,,True,True,True
260,semantic-boundary-add-fixed-unsigned-2,c,fixed_overflow,"{""left"":2,""right"":2}",defined,defined,defined,,,,True,True,True
261,semantic-boundary-add-fixed-unsigned-2,c,fixed_overflow,"{""left"":2,""right"":4}",defined,defined,defined,,,,True,True,True
262,semantic-boundary-add-fixed-unsigned-2,c,fixed_overflow,"{""left"":2,""right"":true}",error,error,error,TypeError,TypeError,ReferenceExecutionError,True,True,True
263,semantic-boundary-add-fixed-unsigned-2,c,fixed_overflow,"{""left"":2,""right"":""x""}",error,error,error,TypeError,TypeError,ReferenceExecutionError,True,True,True
264,semantic-boundary-add-fixed-unsigned-2,c,fixed_overflow,"{""left"":4,""right"":-4}",defined,defined,defined,,,,True,True,True
265,semantic-boundary-add-fixed-unsigned-2,c,fixed_overflow,"{""left"":4,""right"":-2}",defined,defined,defined,,,,True,True,True
266,semantic-boundary-add-fixed-unsigned-2,c,fixed_overflow,"{""left"":4,""right"":-1}",defined,defined,defined,,,,True,True,True
267,semantic-boundary-add-fixed-unsigned-2,c,fixed_overflow,"{""left"":4,""right"":0}",defined,defined,defined,,,,True,True,True
268,semantic-boundary-add-fixed-unsigned-2,c,fixed_overflow,"{""left"":4,""right"":1}",defined,defined,defined,,,,True,True,True
269,semantic-boundary-add-fixed-unsigned-2,c,fixed_overflow,"{""left"":4,""right"":2}",defined,defined,defined,,,,True,True,True
270,semantic-boundary-add-fixed-unsigned-2,c,fixed_overflow,"{""left"":4,""right"":4}",defined,defined,defined,,,,True,True,True
271,semantic-boundary-add-fixed-unsigned-2,c,fixed_overflow,"{""left"":4,""right"":true}",error,error,error,TypeError,TypeError,ReferenceExecutionError,True,True,True
272,semantic-boundary-add-fixed-unsigned-2,c,fixed_overflow,"{""left"":4,""right"":""x""}",error,error,error,TypeError,TypeError,ReferenceExecutionError,True,True,True
273,semantic-boundary-add-fixed-unsigned-2,c,fixed_overflow,"{""left"":true,""right"":-4}",error,error,error,TypeError,TypeError,ReferenceExecutionError,True,True,True
274,semantic-boundary-add-fixed-unsigned-2,c,fixed_overflow,"{""left"":true,""right"":-2}",error,error,error,TypeError,TypeError,ReferenceExecutionError,True,True,True
275,semantic-boundary-add-fixed-unsigned-2,c,fixed_overflow,"{""left"":true,""right"":-1}",error,error,error,TypeError,TypeError,ReferenceExecutionError,True,True,True
276,semantic-boundary-add-fixed-unsigned-2,c,fixed_overflow,"{""left"":true,""right"":0}",error,error,error,TypeError,TypeError,ReferenceExecutionError,True,True,True
277,semantic-boundary-add-fixed-unsigned-2,c,fixed_overflow,"{""left"":true,""right"":1}",error,error,error,TypeError,TypeError,ReferenceExecutionError,True,True,True
278,semantic-boundary-add-fixed-unsigned-2,c,fixed_overflow,"{""left"":true,""right"":2}",error,error,error,TypeError,TypeError,ReferenceExecutionError,True,True,True
279,semantic-boundary-add-fixed-unsigned-2,c,fixed_overflow,"{""left"":true,""right"":4}",error,error,error,TypeError,TypeError,ReferenceExecutionError,True,True,True
280,semantic-boundary-add-fixed-unsigned-2,c,fixed_overflow,"{""left"":true,""right"":true}",error,error,error,TypeError,TypeError,ReferenceExecutionError,True,True,True
281,semantic-boundary-add-fixed-unsigned-2,c,fixed_overflow,"{""left"":true,""right"":""x""}",error,error,error,TypeError,TypeError,ReferenceExecutionError,True,True,True
282,semantic-boundary-add-fixed-unsigned-2,c,fixed_overflow,"{""left"":""x"",""right"":-4}",error,error,error,TypeError,TypeError,ReferenceExecutionError,True,True,True
283,semantic-boundary-add-fixed-unsigned-2,c,fixed_overflow,"{""left"":""x"",""right"":-2}",error,error,error,TypeError,TypeError,ReferenceExecutionError,True,True,True
284,semantic-boundary-add-fixed-unsigned-2,c,fixed_overflow,"{""left"":""x"",""right"":-1}",error,error,error,TypeError,TypeError,ReferenceExecutionError,True,True,True
285,semantic-boundary-add-fixed-unsigned-2,c,fixed_overflow,"{""left"":""x"",""right"":0}",error,error,error,TypeError,TypeError,ReferenceExecutionError,True,True,True
286,semantic-boundary-add-fixed-unsigned-2,c,fixed_overflow,"{""left"":""x"",""right"":1}",error,error,error,TypeError,TypeError,ReferenceExecutionError,True,True,True
287,semantic-boundary-add-fixed-unsigned-2,c,fixed_overflow,"{""left"":""x"",""right"":2}",error,error,error,TypeError,TypeError,ReferenceExecutionError,True,True,True
288,semantic-boundary-add-fixed-unsigned-2,c,fixed_overflow,"{""left"":""x"",""right"":4}",error,error,error,TypeError,TypeError,ReferenceExecutionError,True,True,True
289,semantic-boundary-add-fixed-unsigned-2,c,fixed_overflow,"{""left"":""x"",""right"":true}",error,error,error,TypeError,TypeError,ReferenceExecutionError,True,True,True
290,semantic-boundary-add-fixed-unsigned-2,c,fixed_overflow,"{""left"":""x"",""right"":""x""}",error,error,error,TypeError,TypeError,ReferenceExecutionError,True,True,True
291,semantic-boundary-add-fixed-unsigned-3,c,fixed_overflow,"{""left"":-4,""right"":-4}",defined,defined,defined,,,,True,True,True
292,semantic-boundary-add-fixed-unsigned-3,c,fixed_overflow,"{""left"":-4,""right"":-2}",defined,defined,defined,,,,True,True,True
293,semantic-boundary-add-fixed-unsigned-3,c,fixed_overflow,"{""left"":-4,""right"":-1}",defined,defined,defined,,,,True,True,True
294,semantic-boundary-add-fixed-unsigned-3,c,fixed_overflow,"{""left"":-4,""right"":0}",defined,defined,defined,,,,True,True,True
295,semantic-boundary-add-fixed-unsigned-3,c,fixed_overflow,"{""left"":-4,""right"":1}",defined,defined,defined,,,,True,True,True
296,semantic-boundary-add-fixed-unsigned-3,c,fixed_overflow,"{""left"":-4,""right"":2}",defined,defined,defined,,,,True,True,True
297,semantic-boundary-add-fixed-unsigned-3,c,fixed_overflow,"{""left"":-4,""right"":4}",defined,defined,defined,,,,True,True,True
298,semantic-boundary-add-fixed-unsigned-3,c,fixed_overflow,"{""left"":-4,""right"":true}",error,error,error,TypeError,TypeError,ReferenceExecutionError,True,True,True
299,semantic-boundary-add-fixed-unsigned-3,c,fixed_overflow,"{""left"":-4,""right"":""x""}",error,error,error,TypeError,TypeError,ReferenceExecutionError,True,True,True
300,semantic-boundary-add-fixed-unsigned-3,c,fixed_overflow,"{""left"":-2,""right"":-4}",defined,defined,defined,,,,True,True,True
301,semantic-boundary-add-fixed-unsigned-3,c,fixed_overflow,"{""left"":-2,""right"":-2}",defined,defined,defined,,,,True,True,True
302,semantic-boundary-add-fixed-unsigned-3,c,fixed_overflow,"{""left"":-2,""right"":-1}",defined,defined,defined,,,,True,True,True
303,semantic-boundary-add-fixed-unsigned-3,c,fixed_overflow,"{""left"":-2,""right"":0}",defined,defined,defined,,,,True,True,True
304,semantic-boundary-add-fixed-unsigned-3,c,fixed_overflow,"{""left"":-2,""right"":1}",defined,defined,defined,,,,True,True,True
305,semantic-boundary-add-fixed-unsigned-3,c,fixed_overflow,"{""left"":-2,""right"":2}",defined,defined,defined,,,,True,True,True
306,semantic-boundary-add-fixed-unsigned-3,c,fixed_overflow,"{""left"":-2,""right"":4}",defined,defined,defined,,,,True,True,True
307,semantic-boundary-add-fixed-unsigned-3,c,fixed_overflow,"{""left"":-2,""right"":true}",error,error,error,TypeError,TypeError,ReferenceExecutionError,True,True,True
308,semantic-boundary-add-fixed-unsigned-3,c,fixed_overflow,"{""left"":-2,""right"":""x""}",error,error,error,TypeError,TypeError,ReferenceExecutionError,True,True,True
309,semantic-boundary-add-fixed-unsigned-3,c,fixed_overflow,"{""left"":-1,""right"":-4}",defined,defined,defined,,,,True,True,True
310,semantic-boundary-add-fixed-unsigned-3,c,fixed_overflow,"{""left"":-1,""right"":-2}",defined,defined,defined,,,,True,True,True
311,semantic-boundary-add-fixed-unsigned-3,c,fixed_overflow,"{""left"":-1,""right"":-1}",defined,defined,defined,,,,True,True,True
312,semantic-boundary-add-fixed-unsigned-3,c,fixed_overflow,"{""left"":-1,""right"":0}",defined,defined,defined,,,,True,True,True
313,semantic-boundary-add-fixed-unsigned-3,c,fixed_overflow,"{""left"":-1,""right"":1}",defined,defined,defined,,,,True,True,True
314,semantic-boundary-add-fixed-unsigned-3,c,fixed_overflow,"{""left"":-1,""right"":2}",defined,defined,defined,,,,True,True,True
315,semantic-boundary-add-fixed-unsigned-3,c,fixed_overflow,"{""left"":-1,""right"":4}",defined,defined,defined,,,,True,True,True
316,semantic-boundary-add-fixed-unsigned-3,c,fixed_overflow,"{""left"":-1,""right"":true}",error,error,error,TypeError,TypeError,ReferenceExecutionError,True,True,True
317,semantic-boundary-add-fixed-unsigned-3,c,fixed_overflow,"{""left"":-1,""right"":""x""}",error,error,error,TypeError,TypeError,ReferenceExecutionError,True,True,True
318,semantic-boundary-add-fixed-unsigned-3,c,fixed_overflow,"{""left"":0,""right"":-4}",defined,defined,defined,,,,True,True,True
319,semantic-boundary-add-fixed-unsigned-3,c,fixed_overflow,"{""left"":0,""right"":-2}",defined,defined,defined,,,,True,True,True
320,semantic-boundary-add-fixed-unsigned-3,c,fixed_overflow,"{""left"":0,""right"":-1}",defined,defined,defined,,,,True,True,True
321,semantic-boundary-add-fixed-unsigned-3,c,fixed_overflow,"{""left"":0,""right"":0}",defined,defined,defined,,,,True,True,True
322,semantic-boundary-add-fixed-unsigned-3,c,fixed_overflow,"{""left"":0,""right"":1}",defined,defined,defined,,,,True,True,True
323,semantic-boundary-add-fixed-unsigned-3,c,fixed_overflow,"{""left"":0,""right"":2}",defined,defined,defined,,,,True,True,True
324,semantic-boundary-add-fixed-unsigned-3,c,fixed_overflow,"{""left"":0,""right"":4}",defined,defined,defined,,,,True,True,True
325,semantic-boundary-add-fixed-unsigned-3,c,fixed_overflow,"{""left"":0,""right"":true}",error,error,error,TypeError,TypeError,ReferenceExecutionError,True,True,True
326,semantic-boundary-add-fixed-unsigned-3,c,fixed_overflow,"{""left"":0,""right"":""x""}",error,error,error,TypeError,TypeError,ReferenceExecutionError,True,True,True
327,semantic-boundary-add-fixed-unsigned-3,c,fixed_overflow,"{""left"":1,""right"":-4}",defined,defined,defined,,,,True,True,True
328,semantic-boundary-add-fixed-unsigned-3,c,fixed_overflow,"{""left"":1,""right"":-2}",defined,defined,defined,,,,True,True,True
329,semantic-boundary-add-fixed-unsigned-3,c,fixed_overflow,"{""left"":1,""right"":-1}",defined,defined,defined,,,,True,True,True
330,semantic-boundary-add-fixed-unsigned-3,c,fixed_overflow,"{""left"":1,""right"":0}",defined,defined,defined,,,,True,True,True
331,semantic-boundary-add-fixed-unsigned-3,c,fixed_overflow,"{""left"":1,""right"":1}",defined,defined,defined,,,,True,True,True
332,semantic-boundary-add-fixed-unsigned-3,c,fixed_overflow,"{""left"":1,""right"":2}",defined,defined,defined,,,,True,True,True
333,semantic-boundary-add-fixed-unsigned-3,c,fixed_overflow,"{""left"":1,""right"":4}",defined,defined,defined,,,,True,True,True
334,semantic-boundary-add-fixed-unsigned-3,c,fixed_overflow,"{""left"":1,""right"":true}",error,error,error,TypeError,TypeError,ReferenceExecutionError,True,True,True
335,semantic-boundary-add-fixed-unsigned-3,c,fixed_overflow,"{""left"":1,""right"":""x""}",error,error,error,TypeError,TypeError,ReferenceExecutionError,True,True,True
336,semantic-boundary-add-fixed-unsigned-3,c,fixed_overflow,"{""left"":2,""right"":-4}",defined,defined,defined,,,,True,True,True
337,semantic-boundary-add-fixed-unsigned-3,c,fixed_overflow,"{""left"":2,""right"":-2}",defined,defined,defined,,,,True,True,True
338,semantic-boundary-add-fixed-unsigned-3,c,fixed_overflow,"{""left"":2,""right"":-1}",defined,defined,defined,,,,True,True,True
339,semantic-boundary-add-fixed-unsigned-3,c,fixed_overflow,"{""left"":2,""right"":0}",defined,defined,defined,,,,True,True,True
340,semantic-boundary-add-fixed-unsigned-3,c,fixed_overflow,"{""left"":2,""right"":1}",defined,defined,defined,,,,True,True,True
341,semantic-boundary-add-fixed-unsigned-3,c,fixed_overflow,"{""left"":2,""right"":2}",defined,defined,defined,,,,True,True,True
342,semantic-boundary-add-fixed-unsigned-3,c,fixed_overflow,"{""left"":2,""right"":4}",defined,defined,defined,,,,True,True,True
343,semantic-boundary-add-fixed-unsigned-3,c,fixed_overflow,"{""left"":2,""right"":true}",error,error,error,TypeError,TypeError,ReferenceExecutionError,True,True,True
344,semantic-boundary-add-fixed-unsigned-3,c,fixed_overflow,"{""left"":2,""right"":""x""}",error,error,error,TypeError,TypeError,ReferenceExecutionError,True,True,True
345,semantic-boundary-add-fixed-unsigned-3,c,fixed_overflow,"{""left"":4,""right"":-4}",defined,defined,defined,,,,True,True,True
346,semantic-boundary-add-fixed-unsigned-3,c,fixed_overflow,"{""left"":4,""right"":-2}",defined,defined,defined,,,,True,True,True
347,semantic-boundary-add-fixed-unsigned-3,c,fixed_overflow,"{""left"":4,""right"":-1}",defined,defined,defined,,,,True,True,True
348,semantic-boundary-add-fixed-unsigned-3,c,fixed_overflow,"{""left"":4,""right"":0}",defined,defined,defined,,,,True,True,True
349,semantic-boundary-add-fixed-unsigned-3,c,fixed_overflow,"{""left"":4,""right"":1}",defined,defined,defined,,,,True,True,True
350,semantic-boundary-add-fixed-unsigned-3,c,fixed_overflow,"{""left"":4,""right"":2}",defined,defined,defined,,,,True,True,True
351,semantic-boundary-add-fixed-unsigned-3,c,fixed_overflow,"{""left"":4,""right"":4}",defined,defined,defined,,,,True,True,True
352,semantic-boundary-add-fixed-unsigned-3,c,fixed_overflow,"{""left"":4,""right"":true}",error,error,error,TypeError,TypeError,ReferenceExecutionError,True,True,True
353,semantic-boundary-add-fixed-unsigned-3,c,fixed_overflow,"{""left"":4,""right"":""x""}",error,error,error,TypeError,TypeError,ReferenceExecutionError,True,True,True
354,semantic-boundary-add-fixed-unsigned-3,c,fixed_overflow,"{""left"":true,""right"":-4}",error,error,error,TypeError,TypeError,ReferenceExecutionError,True,True,True
355,semantic-boundary-add-fixed-unsigned-3,c,fixed_overflow,"{""left"":true,""right"":-2}",error,error,error,TypeError,TypeError,ReferenceExecutionError,True,True,True
356,semantic-boundary-add-fixed-unsigned-3,c,fixed_overflow,"{""left"":true,""right"":-1}",error,error,error,TypeError,TypeError,ReferenceExecutionError,True,True,True
357,semantic-boundary-add-fixed-unsigned-3,c,fixed_overflow,"{""left"":true,""right"":0}",error,error,error,TypeError,TypeError,ReferenceExecutionError,True,True,True
358,semantic-boundary-add-fixed-unsigned-3,c,fixed_overflow,"{""left"":true,""right"":1}",error,error,error,TypeError,TypeError,ReferenceExecutionError,True,True,True
359,semantic-boundary-add-fixed-unsigned-3,c,fixed_overflow,"{""left"":true,""right"":2}",error,error,error,TypeError,TypeError,ReferenceExecutionError,True,True,True
360,semantic-boundary-add-fixed-unsigned-3,c,fixed_overflow,"{""left"":true,""right"":4}",error,error,error,TypeError,TypeError,ReferenceExecutionError,True,True,True
361,semantic-boundary-add-fixed-unsigned-3,c,fixed_overflow,"{""left"":true,""right"":true}",error,error,error,TypeError,TypeError,ReferenceExecutionError,True,True,True
362,semantic-boundary-add-fixed-unsigned-3,c,fixed_overflow,"{""left"":true,""right"":""x""}",error,error,error,TypeError,TypeError,ReferenceExecutionError,True,True,True
363,semantic-boundary-add-fixed-unsigned-3,c,fixed_overflow,"{""left"":""x"",""right"":-4}",error,error,error,TypeError,TypeError,ReferenceExecutionError,True,True,True
364,semantic-boundary-add-fixed-unsigned-3,c,fixed_overflow,"{""left"":""x"",""right"":-2}",error,error,error,TypeError,TypeError,ReferenceExecutionError,True,True,True
365,semantic-boundary-add-fixed-unsigned-3,c,fixed_overflow,"{""left"":""x"",""right"":-1}",error,error,error,TypeError,TypeError,ReferenceExecutionError,True,True,True
366,semantic-boundary-add-fixed-unsigned-3,c,fixed_overflow,"{""left"":""x"",""right"":0}",error,error,error,TypeError,TypeError,ReferenceExecutionError,True,True,True
367,semantic-boundary-add-fixed-unsigned-3,c,fixed_overflow,"{""left"":""x"",""right"":1}",error,error,error,TypeError,TypeError,ReferenceExecutionError,True,True,True
368,semantic-boundary-add-fixed-unsigned-3,c,fixed_overflow,"{""left"":""x"",""right"":2}",error,error,error,TypeError,TypeError,ReferenceExecutionError,True,True,True
369,semantic-boundary-add-fixed-unsigned-3,c,fixed_overflow,"{""left"":""x"",""right"":4}",error,error,error,TypeError,TypeError,ReferenceExecutionError,True,True,True
370,semantic-boundary-add-fixed-unsigned-3,c,fixed_overflow,"{""left"":""x"",""right"":true}",error,error,error,TypeError,TypeError,ReferenceExecutionError,True,True,True
371,semantic-boundary-add-fixed-unsigned-3,c,fixed_overflow,"{""left"":""x"",""right"":""x""}",error,error,error,TypeError,TypeError,ReferenceExecutionError,True,True,True
372,semantic-boundary-add-fixed-signed-1,c,fixed_overflow,"{""left"":-4,""right"":-4}",defined,defined,defined,,,,True,True,True
373,semantic-boundary-add-fixed-signed-1,c,fixed_overflow,"{""left"":-4,""right"":-2}",defined,defined,defined,,,,True,True,True
374,semantic-boundary-add-fixed-signed-1,c,fixed_overflow,"{""left"":-4,""right"":-1}",defined,defined,defined,,,,True,True,True
375,semantic-boundary-add-fixed-signed-1,c,fixed_overflow,"{""left"":-4,""right"":0}",defined,defined,defined,,,,True,True,True
376,semantic-boundary-add-fixed-signed-1,c,fixed_overflow,"{""left"":-4,""right"":1}",defined,defined,defined,,,,True,True,True
377,semantic-boundary-add-fixed-signed-1,c,fixed_overflow,"{""left"":-4,""right"":2}",defined,defined,defined,,,,True,True,True
378,semantic-boundary-add-fixed-signed-1,c,fixed_overflow,"{""left"":-4,""right"":4}",defined,defined,defined,,,,True,True,True
379,semantic-boundary-add-fixed-signed-1,c,fixed_overflow,"{""left"":-4,""right"":true}",error,error,error,TypeError,TypeError,ReferenceExecutionError,True,True,True
380,semantic-boundary-add-fixed-signed-1,c,fixed_overflow,"{""left"":-4,""right"":""x""}",error,error,error,TypeError,TypeError,ReferenceExecutionError,True,True,True
381,semantic-boundary-add-fixed-signed-1,c,fixed_overflow,"{""left"":-2,""right"":-4}",defined,defined,defined,,,,True,True,True
382,semantic-boundary-add-fixed-signed-1,c,fixed_overflow,"{""left"":-2,""right"":-2}",defined,defined,defined,,,,True,True,True
383,semantic-boundary-add-fixed-signed-1,c,fixed_overflow,"{""left"":-2,""right"":-1}",defined,defined,defined,,,,True,True,True
384,semantic-boundary-add-fixed-signed-1,c,fixed_overflow,"{""left"":-2,""right"":0}",defined,defined,defined,,,,True,True,True
385,semantic-boundary-add-fixed-signed-1,c,fixed_overflow,"{""left"":-2,""right"":1}",defined,defined,defined,,,,True,True,True
386,semantic-boundary-add-fixed-signed-1,c,fixed_overflow,"{""left"":-2,""right"":2}",defined,defined,defined,,,,True,True,True
387,semantic-boundary-add-fixed-signed-1,c,fixed_overflow,"{""left"":-2,""right"":4}",defined,defined,defined,,,,True,True,True
388,semantic-boundary-add-fixed-signed-1,c,fixed_overflow,"{""left"":-2,""right"":true}",error,error,error,TypeError,TypeError,ReferenceExecutionError,True,True,True
389,semantic-boundary-add-fixed-signed-1,c,fixed_overflow,"{""left"":-2,""right"":""x""}",error,error,error,TypeError,TypeError,ReferenceExecutionError,True,True,True
390,semantic-boundary-add-fixed-signed-1,c,fixed_overflow,"{""left"":-1,""right"":-4}",defined,defined,defined,,,,True,True,True
391,semantic-boundary-add-fixed-signed-1,c,fixed_overflow,"{""left"":-1,""right"":-2}",defined,defined,defined,,,,True,True,True
392,semantic-boundary-add-fixed-signed-1,c,fixed_overflow,"{""left"":-1,""right"":-1}",defined,defined,defined,,,,True,True,True
393,semantic-boundary-add-fixed-signed-1,c,fixed_overflow,"{""left"":-1,""right"":0}",defined,defined,defined,,,,True,True,True
394,semantic-boundary-add-fixed-signed-1,c,fixed_overflow,"{""left"":-1,""right"":1}",defined,defined,defined,,,,True,True,True
395,semantic-boundary-add-fixed-signed-1,c,fixed_overflow,"{""left"":-1,""right"":2}",defined,defined,defined,,,,True,True,True
396,semantic-boundary-add-fixed-signed-1,c,fixed_overflow,"{""left"":-1,""right"":4}",defined,defined,defined,,,,True,True,True
397,semantic-boundary-add-fixed-signed-1,c,fixed_overflow,"{""left"":-1,""right"":true}",error,error,error,TypeError,TypeError,ReferenceExecutionError,True,True,True
398,semantic-boundary-add-fixed-signed-1,c,fixed_overflow,"{""left"":-1,""right"":""x""}",error,error,error,TypeError,TypeError,ReferenceExecutionError,True,True,True
399,semantic-boundary-add-fixed-signed-1,c,fixed_overflow,"{""left"":0,""right"":-4}",defined,defined,defined,,,,True,True,True
400,semantic-boundary-add-fixed-signed-1,c,fixed_overflow,"{""left"":0,""right"":-2}",defined,defined,defined,,,,True,True,True
401,semantic-boundary-add-fixed-signed-1,c,fixed_overflow,"{""left"":0,""right"":-1}",defined,defined,defined,,,,True,True,True
402,semantic-boundary-add-fixed-signed-1,c,fixed_overflow,"{""left"":0,""right"":0}",defined,defined,defined,,,,True,True,True
403,semantic-boundary-add-fixed-signed-1,c,fixed_overflow,"{""left"":0,""right"":1}",defined,defined,defined,,,,True,True,True
404,semantic-boundary-add-fixed-signed-1,c,fixed_overflow,"{""left"":0,""right"":2}",defined,defined,defined,,,,True,True,True
405,semantic-boundary-add-fixed-signed-1,c,fixed_overflow,"{""left"":0,""right"":4}",defined,defined,defined,,,,True,True,True
406,semantic-boundary-add-fixed-signed-1,c,fixed_overflow,"{""left"":0,""right"":true}",error,error,error,TypeError,TypeError,ReferenceExecutionError,True,True,True
407,semantic-boundary-add-fixed-signed-1,c,fixed_overflow,"{""left"":0,""right"":""x""}",error,error,error,TypeError,TypeError,ReferenceExecutionError,True,True,True
408,semantic-boundary-add-fixed-signed-1,c,fixed_overflow,"{""left"":1,""right"":-4}",defined,defined,defined,,,,True,True,True
409,semantic-boundary-add-fixed-signed-1,c,fixed_overflow,"{""left"":1,""right"":-2}",defined,defined,defined,,,,True,True,True
410,semantic-boundary-add-fixed-signed-1,c,fixed_overflow,"{""left"":1,""right"":-1}",defined,defined,defined,,,,True,True,True
411,semantic-boundary-add-fixed-signed-1,c,fixed_overflow,"{""left"":1,""right"":0}",defined,defined,defined,,,,True,True,True
412,semantic-boundary-add-fixed-signed-1,c,fixed_overflow,"{""left"":1,""right"":1}",defined,defined,defined,,,,True,True,True
413,semantic-boundary-add-fixed-signed-1,c,fixed_overflow,"{""left"":1,""right"":2}",defined,defined,defined,,,,True,True,True
414,semantic-boundary-add-fixed-signed-1,c,fixed_overflow,"{""left"":1,""right"":4}",defined,defined,defined,,,,True,True,True
415,semantic-boundary-add-fixed-signed-1,c,fixed_overflow,"{""left"":1,""right"":true}",error,error,error,TypeError,TypeError,ReferenceExecutionError,True,True,True
416,semantic-boundary-add-fixed-signed-1,c,fixed_overflow,"{""left"":1,""right"":""x""}",error,error,error,TypeError,TypeError,ReferenceExecutionError,True,True,True
417,semantic-boundary-add-fixed-signed-1,c,fixed_overflow,"{""left"":2,""right"":-4}",defined,defined,defined,,,,True,True,True
418,semantic-boundary-add-fixed-signed-1,c,fixed_overflow,"{""left"":2,""right"":-2}",defined,defined,defined,,,,True,True,True
419,semantic-boundary-add-fixed-signed-1,c,fixed_overflow,"{""left"":2,""right"":-1}",defined,defined,defined,,,,True,True,True
420,semantic-boundary-add-fixed-signed-1,c,fixed_overflow,"{""left"":2,""right"":0}",defined,defined,defined,,,,True,True,True
421,semantic-boundary-add-fixed-signed-1,c,fixed_overflow,"{""left"":2,""right"":1}",defined,defined,defined,,,,True,True,True
422,semantic-boundary-add-fixed-signed-1,c,fixed_overflow,"{""left"":2,""right"":2}",defined,defined,defined,,,,True,True,True
423,semantic-boundary-add-fixed-signed-1,c,fixed_overflow,"{""left"":2,""right"":4}",defined,defined,defined,,,,True,True,True
424,semantic-boundary-add-fixed-signed-1,c,fixed_overflow,"{""left"":2,""right"":true}",error,error,error,TypeError,TypeError,ReferenceExecutionError,True,True,True
425,semantic-boundary-add-fixed-signed-1,c,fixed_overflow,"{""left"":2,""right"":""x""}",error,error,error,TypeError,TypeError,ReferenceExecutionError,True,True,True
426,semantic-boundary-add-fixed-signed-1,c,fixed_overflow,"{""left"":4,""right"":-4}",defined,defined,defined,,,,True,True,True
427,semantic-boundary-add-fixed-signed-1,c,fixed_overflow,"{""left"":4,""right"":-2}",defined,defined,defined,,,,True,True,True
428,semantic-boundary-add-fixed-signed-1,c,fixed_overflow,"{""left"":4,""right"":-1}",defined,defined,defined,,,,True,True,True
429,semantic-boundary-add-fixed-signed-1,c,fixed_overflow,"{""left"":4,""right"":0}",defined,defined,defined,,,,True,True,True
430,semantic-boundary-add-fixed-signed-1,c,fixed_overflow,"{""left"":4,""right"":1}",defined,defined,defined,,,,True,True,True
431,semantic-boundary-add-fixed-signed-1,c,fixed_overflow,"{""left"":4,""right"":2}",defined,defined,defined,,,,True,True,True
432,semantic-boundary-add-fixed-signed-1,c,fixed_overflow,"{""left"":4,""right"":4}",defined,defined,defined,,,,True,True,True
433,semantic-boundary-add-fixed-signed-1,c,fixed_overflow,"{""left"":4,""right"":true}",error,error,error,TypeError,TypeError,ReferenceExecutionError,True,True,True
434,semantic-boundary-add-fixed-signed-1,c,fixed_overflow,"{""left"":4,""right"":""x""}",error,error,error,TypeError,TypeError,ReferenceExecutionError,True,True,True
435,semantic-boundary-add-fixed-signed-1,c,fixed_overflow,"{""left"":true,""right"":-4}",error,error,error,TypeError,TypeError,ReferenceExecutionError,True,True,True
436,semantic-boundary-add-fixed-signed-1,c,fixed_overflow,"{""left"":true,""right"":-2}",error,error,error,TypeError,TypeError,ReferenceExecutionError,True,True,True
437,semantic-boundary-add-fixed-signed-1,c,fixed_overflow,"{""left"":true,""right"":-1}",error,error,error,TypeError,TypeError,ReferenceExecutionError,True,True,True
438,semantic-boundary-add-fixed-signed-1,c,fixed_overflow,"{""left"":true,""right"":0}",error,error,error,TypeError,TypeError,ReferenceExecutionError,True,True,True
439,semantic-boundary-add-fixed-signed-1,c,fixed_overflow,"{""left"":true,""right"":1}",error,error,error,TypeError,TypeError,ReferenceExecutionError,True,True,True
440,semantic-boundary-add-fixed-signed-1,c,fixed_overflow,"{""left"":true,""right"":2}",error,error,error,TypeError,TypeError,ReferenceExecutionError,True,True,True
441,semantic-boundary-add-fixed-signed-1,c,fixed_overflow,"{""left"":true,""right"":4}",error,error,error,TypeError,TypeError,ReferenceExecutionError,True,True,True
442,semantic-boundary-add-fixed-signed-1,c,fixed_overflow,"{""left"":true,""right"":true}",error,error,error,TypeError,TypeError,ReferenceExecutionError,True,True,True
443,semantic-boundary-add-fixed-signed-1,c,fixed_overflow,"{""left"":true,""right"":""x""}",error,error,error,TypeError,TypeError,ReferenceExecutionError,True,True,True
444,semantic-boundary-add-fixed-signed-1,c,fixed_overflow,"{""left"":""x"",""right"":-4}",error,error,error,TypeError,TypeError,ReferenceExecutionError,True,True,True
445,semantic-boundary-add-fixed-signed-1,c,fixed_overflow,"{""left"":""x"",""right"":-2}",error,error,error,TypeError,TypeError,ReferenceExecutionError,True,True,True
446,semantic-boundary-add-fixed-signed-1,c,fixed_overflow,"{""left"":""x"",""right"":-1}",error,error,error,TypeError,TypeError,ReferenceExecutionError,True,True,True
447,semantic-boundary-add-fixed-signed-1,c,fixed_overflow,"{""left"":""x"",""right"":0}",error,error,error,TypeError,TypeError,ReferenceExecutionError,True,True,True
448,semantic-boundary-add-fixed-signed-1,c,fixed_overflow,"{""left"":""x"",""right"":1}",error,error,error,TypeError,TypeError,ReferenceExecutionError,True,True,True
449,semantic-boundary-add-fixed-signed-1,c,fixed_overflow,"{""left"":""x"",""right"":2}",error,error,error,TypeError,TypeError,ReferenceExecutionError,True,True,True
450,semantic-boundary-add-fixed-signed-1,c,fixed_overflow,"{""left"":""x"",""right"":4}",error,error,error,TypeError,TypeError,ReferenceExecutionError,True,True,True
451,semantic-boundary-add-fixed-signed-1,c,fixed_overflow,"{""left"":""x"",""right"":true}",error,error,error,TypeError,TypeError,ReferenceExecutionError,True,True,True
452,semantic-boundary-add-fixed-signed-1,c,fixed_overflow,"{""left"":""x"",""right"":""x""}",error,error,error,TypeError,TypeError,ReferenceExecutionError,True,True,True
453,semantic-boundary-add-fixed-signed-2,c,fixed_overflow,"{""left"":-4,""right"":-4}",defined,defined,defined,,,,True,True,True
454,semantic-boundary-add-fixed-signed-2,c,fixed_overflow,"{""left"":-4,""right"":-2}",defined,defined,defined,,,,True,True,True
455,semantic-boundary-add-fixed-signed-2,c,fixed_overflow,"{""left"":-4,""right"":-1}",defined,defined,defined,,,,True,True,True
456,semantic-boundary-add-fixed-signed-2,c,fixed_overflow,"{""left"":-4,""right"":0}",defined,defined,defined,,,,True,True,True
457,semantic-boundary-add-fixed-signed-2,c,fixed_overflow,"{""left"":-4,""right"":1}",defined,defined,defined,,,,True,True,True
458,semantic-boundary-add-fixed-signed-2,c,fixed_overflow,"{""left"":-4,""right"":2}",defined,defined,defined,,,,True,True,True
459,semantic-boundary-add-fixed-signed-2,c,fixed_overflow,"{""left"":-4,""right"":4}",defined,defined,defined,,,,True,True,True
460,semantic-boundary-add-fixed-signed-2,c,fixed_overflow,"{""left"":-4,""right"":true}",error,error,error,TypeError,TypeError,ReferenceExecutionError,True,True,True
461,semantic-boundary-add-fixed-signed-2,c,fixed_overflow,"{""left"":-4,""right"":""x""}",error,error,error,TypeError,TypeError,ReferenceExecutionError,True,True,True
462,semantic-boundary-add-fixed-signed-2,c,fixed_overflow,"{""left"":-2,""right"":-4}",defined,defined,defined,,,,True,True,True
463,semantic-boundary-add-fixed-signed-2,c,fixed_overflow,"{""left"":-2,""right"":-2}",defined,defined,defined,,,,True,True,True
464,semantic-boundary-add-fixed-signed-2,c,fixed_overflow,"{""left"":-2,""right"":-1}",defined,defined,defined,,,,True,True,True
465,semantic-boundary-add-fixed-signed-2,c,fixed_overflow,"{""left"":-2,""right"":0}",defined,defined,defined,,,,True,True,True
466,semantic-boundary-add-fixed-signed-2,c,fixed_overflow,"{""left"":-2,""right"":1}",defined,defined,defined,,,,True,True,True
467,semantic-boundary-add-fixed-signed-2,c,fixed_overflow,"{""left"":-2,""right"":2}",defined,defined,defined,,,,True,True,True
468,semantic-boundary-add-fixed-signed-2,c,fixed_overflow,"{""left"":-2,""right"":4}",defined,defined,defined,,,,True,True,True
469,semantic-boundary-add-fixed-signed-2,c,fixed_overflow,"{""left"":-2,""right"":true}",error,error,error,TypeError,TypeError,ReferenceExecutionError,True,True,True
470,semantic-boundary-add-fixed-signed-2,c,fixed_overflow,"{""left"":-2,""right"":""x""}",error,error,error,TypeError,TypeError,ReferenceExecutionError,True,True,True
471,semantic-boundary-add-fixed-signed-2,c,fixed_overflow,"{""left"":-1,""right"":-4}",defined,defined,defined,,,,True,True,True
472,semantic-boundary-add-fixed-signed-2,c,fixed_overflow,"{""left"":-1,""right"":-2}",defined,defined,defined,,,,True,True,True
473,semantic-boundary-add-fixed-signed-2,c,fixed_overflow,"{""left"":-1,""right"":-1}",defined,defined,defined,,,,True,True,True
474,semantic-boundary-add-fixed-signed-2,c,fixed_overflow,"{""left"":-1,""right"":0}",defined,defined,defined,,,,True,True,True
475,semantic-boundary-add-fixed-signed-2,c,fixed_overflow,"{""left"":-1,""right"":1}",defined,defined,defined,,,,True,True,True
476,semantic-boundary-add-fixed-signed-2,c,fixed_overflow,"{""left"":-1,""right"":2}",defined,defined,defined,,,,True,True,True
477,semantic-boundary-add-fixed-signed-2,c,fixed_overflow,"{""left"":-1,""right"":4}",defined,defined,defined,,,,True,True,True
478,semantic-boundary-add-fixed-signed-2,c,fixed_overflow,"{""left"":-1,""right"":true}",error,error,error,TypeError,TypeError,ReferenceExecutionError,True,True,True
479,semantic-boundary-add-fixed-signed-2,c,fixed_overflow,"{""left"":-1,""right"":""x""}",error,error,error,TypeError,TypeError,ReferenceExecutionError,True,True,True
480,semantic-boundary-add-fixed-signed-2,c,fixed_overflow,"{""left"":0,""right"":-4}",defined,defined,defined,,,,True,True,True
481,semantic-boundary-add-fixed-signed-2,c,fixed_overflow,"{""left"":0,""right"":-2}",defined,defined,defined,,,,True,True,True
482,semantic-boundary-add-fixed-signed-2,c,fixed_overflow,"{""left"":0,""right"":-1}",defined,defined,defined,,,,True,True,True
483,semantic-boundary-add-fixed-signed-2,c,fixed_overflow,"{""left"":0,""right"":0}",defined,defined,defined,,,,True,True,True
484,semantic-boundary-add-fixed-signed-2,c,fixed_overflow,"{""left"":0,""right"":1}",defined,defined,defined,,,,True,True,True
485,semantic-boundary-add-fixed-signed-2,c,fixed_overflow,"{""left"":0,""right"":2}",defined,defined,defined,,,,True,True,True
486,semantic-boundary-add-fixed-signed-2,c,fixed_overflow,"{""left"":0,""right"":4}",defined,defined,defined,,,,True,True,True
487,semantic-boundary-add-fixed-signed-2,c,fixed_overflow,"{""left"":0,""right"":true}",error,error,error,TypeError,TypeError,ReferenceExecutionError,True,True,True
488,semantic-boundary-add-fixed-signed-2,c,fixed_overflow,"{""left"":0,""right"":""x""}",error,error,error,TypeError,TypeError,ReferenceExecutionError,True,True,True
489,semantic-boundary-add-fixed-signed-2,c,fixed_overflow,"{""left"":1,""right"":-4}",defined,defined,defined,,,,True,True,True
490,semantic-boundary-add-fixed-signed-2,c,fixed_overflow,"{""left"":1,""right"":-2}",defined,defined,defined,,,,True,True,True
491,semantic-boundary-add-fixed-signed-2,c,fixed_overflow,"{""left"":1,""right"":-1}",defined,defined,defined,,,,True,True,True
492,semantic-boundary-add-fixed-signed-2,c,fixed_overflow,"{""left"":1,""right"":0}",defined,defined,defined,,,,True,True,True
493,semantic-boundary-add-fixed-signed-2,c,fixed_overflow,"{""left"":1,""right"":1}",defined,defined,defined,,,,True,True,True
494,semantic-boundary-add-fixed-signed-2,c,fixed_overflow,"{""left"":1,""right"":2}",defined,defined,defined,,,,True,True,True
495,semantic-boundary-add-fixed-signed-2,c,fixed_overflow,"{""left"":1,""right"":4}",defined,defined,defined,,,,True,True,True
496,semantic-boundary-add-fixed-signed-2,c,fixed_overflow,"{""left"":1,""right"":true}",error,error,error,TypeError,TypeError,ReferenceExecutionError,True,True,True
497,semantic-boundary-add-fixed-signed-2,c,fixed_overflow,"{""left"":1,""right"":""x""}",error,error,error,TypeError,TypeError,ReferenceExecutionError,True,True,True
498,semantic-boundary-add-fixed-signed-2,c,fixed_overflow,"{""left"":2,""right"":-4}",defined,defined,defined,,,,True,True,True
499,semantic-boundary-add-fixed-signed-2,c,fixed_overflow,"{""left"":2,""right"":-2}",defined,defined,defined,,,,True,True,True
500,semantic-boundary-add-fixed-signed-2,c,fixed_overflow,"{""left"":2,""right"":-1}",defined,defined,defined,,,,True,True,True
501,semantic-boundary-add-fixed-signed-2,c,fixed_overflow,"{""left"":2,""right"":0}",defined,defined,defined,,,,True,True,True
502,semantic-boundary-add-fixed-signed-2,c,fixed_overflow,"{""left"":2,""right"":1}",defined,defined,defined,,,,True,True,True
503,semantic-boundary-add-fixed-signed-2,c,fixed_overflow,"{""left"":2,""right"":2}",defined,defined,defined,,,,True,True,True
504,semantic-boundary-add-fixed-signed-2,c,fixed_overflow,"{""left"":2,""right"":4}",defined,defined,defined,,,,True,True,True
505,semantic-boundary-add-fixed-signed-2,c,fixed_overflow,"{""left"":2,""right"":true}",error,error,error,TypeError,TypeError,ReferenceExecutionError,True,True,True
506,semantic-boundary-add-fixed-signed-2,c,fixed_overflow,"{""left"":2,""right"":""x""}",error,error,error,TypeError,TypeError,ReferenceExecutionError,True,True,True
507,semantic-boundary-add-fixed-signed-2,c,fixed_overflow,"{""left"":4,""right"":-4}",defined,defined,defined,,,,True,True,True
508,semantic-boundary-add-fixed-signed-2,c,fixed_overflow,"{""left"":4,""right"":-2}",defined,defined,defined,,,,True,True,True
509,semantic-boundary-add-fixed-signed-2,c,fixed_overflow,"{""left"":4,""right"":-1}",defined,defined,defined,,,,True,True,True
510,semantic-boundary-add-fixed-signed-2,c,fixed_overflow,"{""left"":4,""right"":0}",defined,defined,defined,,,,True,True,True
511,semantic-boundary-add-fixed-signed-2,c,fixed_overflow,"{""left"":4,""right"":1}",defined,defined,defined,,,,True,True,True
512,semantic-boundary-add-fixed-signed-2,c,fixed_overflow,"{""left"":4,""right"":2}",defined,defined,defined,,,,True,True,True
513,semantic-boundary-add-fixed-signed-2,c,fixed_overflow,"{""left"":4,""right"":4}",defined,defined,defined,,,,True,True,True
514,semantic-boundary-add-fixed-signed-2,c,fixed_overflow,"{""left"":4,""right"":true}",error,error,error,TypeError,TypeError,ReferenceExecutionError,True,True,True
515,semantic-boundary-add-fixed-signed-2,c,fixed_overflow,"{""left"":4,""right"":""x""}",error,error,error,TypeError,TypeError,ReferenceExecutionError,True,True,True
516,semantic-boundary-add-fixed-signed-2,c,fixed_overflow,"{""left"":true,""right"":-4}",error,error,error,TypeError,TypeError,ReferenceExecutionError,True,True,True
517,semantic-boundary-add-fixed-signed-2,c,fixed_overflow,"{""left"":true,""right"":-2}",error,error,error,TypeError,TypeError,ReferenceExecutionError,True,True,True
518,semantic-boundary-add-fixed-signed-2,c,fixed_overflow,"{""left"":true,""right"":-1}",error,error,error,TypeError,TypeError,ReferenceExecutionError,True,True,True
519,semantic-boundary-add-fixed-signed-2,c,fixed_overflow,"{""left"":true,""right"":0}",error,error,error,TypeError,TypeError,ReferenceExecutionError,True,True,True
520,semantic-boundary-add-fixed-signed-2,c,fixed_overflow,"{""left"":true,""right"":1}",error,error,error,TypeError,TypeError,ReferenceExecutionError,True,True,True
521,semantic-boundary-add-fixed-signed-2,c,fixed_overflow,"{""left"":true,""right"":2}",error,error,error,TypeError,TypeError,ReferenceExecutionError,True,True,True
522,semantic-boundary-add-fixed-signed-2,c,fixed_overflow,"{""left"":true,""right"":4}",error,error,error,TypeError,TypeError,ReferenceExecutionError,True,True,True
523,semantic-boundary-add-fixed-signed-2,c,fixed_overflow,"{""left"":true,""right"":true}",error,error,error,TypeError,TypeError,ReferenceExecutionError,True,True,True
524,semantic-boundary-add-fixed-signed-2,c,fixed_overflow,"{""left"":true,""right"":""x""}",error,error,error,TypeError,TypeError,ReferenceExecutionError,True,True,True
525,semantic-boundary-add-fixed-signed-2,c,fixed_overflow,"{""left"":""x"",""right"":-4}",error,error,error,TypeError,TypeError,ReferenceExecutionError,True,True,True
526,semantic-boundary-add-fixed-signed-2,c,fixed_overflow,"{""left"":""x"",""right"":-2}",error,error,error,TypeError,TypeError,ReferenceExecutionError,True,True,True
527,semantic-boundary-add-fixed-signed-2,c,fixed_overflow,"{""left"":""x"",""right"":-1}",error,error,error,TypeError,TypeError,ReferenceExecutionError,True,True,True
528,semantic-boundary-add-fixed-signed-2,c,fixed_overflow,"{""left"":""x"",""right"":0}",error,error,error,TypeError,TypeError,ReferenceExecutionError,True,True,True
529,semantic-boundary-add-fixed-signed-2,c,fixed_overflow,"{""left"":""x"",""right"":1}",error,error,error,TypeError,TypeError,ReferenceExecutionError,True,True,True
530,semantic-boundary-add-fixed-signed-2,c,fixed_overflow,"{""left"":""x"",""right"":2}",error,error,error,TypeError,TypeError,ReferenceExecutionError,True,True,True
531,semantic-boundary-add-fixed-signed-2,c,fixed_overflow,"{""left"":""x"",""right"":4}",error,error,error,TypeError,TypeError,ReferenceExecutionError,True,True,True
532,semantic-boundary-add-fixed-signed-2,c,fixed_overflow,"{""left"":""x"",""right"":true}",error,error,error,TypeError,TypeError,ReferenceExecutionError,True,True,True
533,semantic-boundary-add-fixed-signed-2,c,fixed_overflow,"{""left"":""x"",""right"":""x""}",error,error,error,TypeError,TypeError,ReferenceExecutionError,True,True,True
534,semantic-boundary-add-fixed-signed-3,c,fixed_overflow,"{""left"":-4,""right"":-4}",defined,defined,defined,,,,True,True,True
535,semantic-boundary-add-fixed-signed-3,c,fixed_overflow,"{""left"":-4,""right"":-2}",defined,defined,defined,,,,True,True,True
536,semantic-boundary-add-fixed-signed-3,c,fixed_overflow,"{""left"":-4,""right"":-1}",defined,defined,defined,,,,True,True,True
537,semantic-boundary-add-fixed-signed-3,c,fixed_overflow,"{""left"":-4,""right"":0}",defined,defined,defined,,,,True,True,True
538,semantic-boundary-add-fixed-signed-3,c,fixed_overflow,"{""left"":-4,""right"":1}",defined,defined,defined,,,,True,True,True
539,semantic-boundary-add-fixed-signed-3,c,fixed_overflow,"{""left"":-4,""right"":2}",defined,defined,defined,,,,True,True,True
540,semantic-boundary-add-fixed-signed-3,c,fixed_overflow,"{""left"":-4,""right"":4}",defined,defined,defined,,,,True,True,True
541,semantic-boundary-add-fixed-signed-3,c,fixed_overflow,"{""left"":-4,""right"":true}",error,error,error,TypeError,TypeError,ReferenceExecutionError,True,True,True
542,semantic-boundary-add-fixed-signed-3,c,fixed_overflow,"{""left"":-4,""right"":""x""}",error,error,error,TypeError,TypeError,ReferenceExecutionError,True,True,True
543,semantic-boundary-add-fixed-signed-3,c,fixed_overflow,"{""left"":-2,""right"":-4}",defined,defined,defined,,,,True,True,True
544,semantic-boundary-add-fixed-signed-3,c,fixed_overflow,"{""left"":-2,""right"":-2}",defined,defined,defined,,,,True,True,True
545,semantic-boundary-add-fixed-signed-3,c,fixed_overflow,"{""left"":-2,""right"":-1}",defined,defined,defined,,,,True,True,True
546,semantic-boundary-add-fixed-signed-3,c,fixed_overflow,"{""left"":-2,""right"":0}",defined,defined,defined,,,,True,True,True
547,semantic-boundary-add-fixed-signed-3,c,fixed_overflow,"{""left"":-2,""right"":1}",defined,defined,defined,,,,True,True,True
548,semantic-boundary-add-fixed-signed-3,c,fixed_overflow,"{""left"":-2,""right"":2}",defined,defined,defined,,,,True,True,True
549,semantic-boundary-add-fixed-signed-3,c,fixed_overflow,"{""left"":-2,""right"":4}",defined,defined,defined,,,,True,True,True
550,semantic-boundary-add-fixed-signed-3,c,fixed_overflow,"{""left"":-2,""right"":true}",error,error,error,TypeError,TypeError,ReferenceExecutionError,True,True,True
551,semantic-boundary-add-fixed-signed-3,c,fixed_overflow,"{""left"":-2,""right"":""x""}",error,error,error,TypeError,TypeError,ReferenceExecutionError,True,True,True
552,semantic-boundary-add-fixed-signed-3,c,fixed_overflow,"{""left"":-1,""right"":-4}",defined,defined,defined,,,,True,True,True
553,semantic-boundary-add-fixed-signed-3,c,fixed_overflow,"{""left"":-1,""right"":-2}",defined,defined,defined,,,,True,True,True
554,semantic-boundary-add-fixed-signed-3,c,fixed_overflow,"{""left"":-1,""right"":-1}",defined,defined,defined,,,,True,True,True
555,semantic-boundary-add-fixed-signed-3,c,fixed_overflow,"{""left"":-1,""right"":0}",defined,defined,defined,,,,True,True,True
556,semantic-boundary-add-fixed-signed-3,c,fixed_overflow,"{""left"":-1,""right"":1}",defined,defined,defined,,,,True,True,True
557,semantic-boundary-add-fixed-signed-3,c,fixed_overflow,"{""left"":-1,""right"":2}",defined,defined,defined,,,,True,True,True
558,semantic-boundary-add-fixed-signed-3,c,fixed_overflow,"{""left"":-1,""right"":4}",defined,defined,defined,,,,True,True,True
559,semantic-boundary-add-fixed-signed-3,c,fixed_overflow,"{""left"":-1,""right"":true}",error,error,error,TypeError,TypeError,ReferenceExecutionError,True,True,True
560,semantic-boundary-add-fixed-signed-3,c,fixed_overflow,"{""left"":-1,""right"":""x""}",error,error,error,TypeError,TypeError,ReferenceExecutionError,True,True,True
561,semantic-boundary-add-fixed-signed-3,c,fixed_overflow,"{""left"":0,""right"":-4}",defined,defined,defined,,,,True,True,True
562,semantic-boundary-add-fixed-signed-3,c,fixed_overflow,"{""left"":0,""right"":-2}",defined,defined,defined,,,,True,True,True
563,semantic-boundary-add-fixed-signed-3,c,fixed_overflow,"{""left"":0,""right"":-1}",defined,defined,defined,,,,True,True,True
564,semantic-boundary-add-fixed-signed-3,c,fixed_overflow,"{""left"":0,""right"":0}",defined,defined,defined,,,,True,True,True
565,semantic-boundary-add-fixed-signed-3,c,fixed_overflow,"{""left"":0,""right"":1}",defined,defined,defined,,,,True,True,True
566,semantic-boundary-add-fixed-signed-3,c,fixed_overflow,"{""left"":0,""right"":2}",defined,defined,defined,,,,True,True,True
567,semantic-boundary-add-fixed-signed-3,c,fixed_overflow,"{""left"":0,""right"":4}",defined,defined,defined,,,,True,True,True
568,semantic-boundary-add-fixed-signed-3,c,fixed_overflow,"{""left"":0,""right"":true}",error,error,error,TypeError,TypeError,ReferenceExecutionError,True,True,True
569,semantic-boundary-add-fixed-signed-3,c,fixed_overflow,"{""left"":0,""right"":""x""}",error,error,error,TypeError,TypeError,ReferenceExecutionError,True,True,True
570,semantic-boundary-add-fixed-signed-3,c,fixed_overflow,"{""left"":1,""right"":-4}",defined,defined,defined,,,,True,True,True
571,semantic-boundary-add-fixed-signed-3,c,fixed_overflow,"{""left"":1,""right"":-2}",defined,defined,defined,,,,True,True,True
572,semantic-boundary-add-fixed-signed-3,c,fixed_overflow,"{""left"":1,""right"":-1}",defined,defined,defined,,,,True,True,True
573,semantic-boundary-add-fixed-signed-3,c,fixed_overflow,"{""left"":1,""right"":0}",defined,defined,defined,,,,True,True,True
574,semantic-boundary-add-fixed-signed-3,c,fixed_overflow,"{""left"":1,""right"":1}",defined,defined,defined,,,,True,True,True
575,semantic-boundary-add-fixed-signed-3,c,fixed_overflow,"{""left"":1,""right"":2}",defined,defined,defined,,,,True,True,True
576,semantic-boundary-add-fixed-signed-3,c,fixed_overflow,"{""left"":1,""right"":4}",defined,defined,defined,,,,True,True,True
577,semantic-boundary-add-fixed-signed-3,c,fixed_overflow,"{""left"":1,""right"":true}",error,error,error,TypeError,TypeError,ReferenceExecutionError,True,True,True
578,semantic-boundary-add-fixed-signed-3,c,fixed_overflow,"{""left"":1,""right"":""x""}",error,error,error,TypeError,TypeError,ReferenceExecutionError,True,True,True
579,semantic-boundary-add-fixed-signed-3,c,fixed_overflow,"{""left"":2,""right"":-4}",defined,defined,defined,,,,True,True,True
580,semantic-boundary-add-fixed-signed-3,c,fixed_overflow,"{""left"":2,""right"":-2}",defined,defined,defined,,,,True,True,True
581,semantic-boundary-add-fixed-signed-3,c,fixed_overflow,"{""left"":2,""right"":-1}",defined,defined,defined,,,,True,True,True
582,semantic-boundary-add-fixed-signed-3,c,fixed_overflow,"{""left"":2,""right"":0}",defined,defined,defined,,,,True,True,True
583,semantic-boundary-add-fixed-signed-3,c,fixed_overflow,"{""left"":2,""right"":1}",defined,defined,defined,,,,True,True,True
584,semantic-boundary-add-fixed-signed-3,c,fixed_overflow,"{""left"":2,""right"":2}",defined,defined,defined,,,,True,True,True
585,semantic-boundary-add-fixed-signed-3,c,fixed_overflow,"{""left"":2,""right"":4}",defined,defined,defined,,,,True,True,True
586,semantic-boundary-add-fixed-signed-3,c,fixed_overflow,"{""left"":2,""right"":true}",error,error,error,TypeError,TypeError,ReferenceExecutionError,True,True,True
587,semantic-boundary-add-fixed-signed-3,c,fixed_overflow,"{""left"":2,""right"":""x""}",error,error,error,TypeError,TypeError,ReferenceExecutionError,True,True,True
588,semantic-boundary-add-fixed-signed-3,c,fixed_overflow,"{""left"":4,""right"":-4}",defined,defined,defined,,,,True,True,True
589,semantic-boundary-add-fixed-signed-3,c,fixed_overflow,"{""left"":4,""right"":-2}",defined,defined,defined,,,,True,True,True
590,semantic-boundary-add-fixed-signed-3,c,fixed_overflow,"{""left"":4,""right"":-1}",defined,defined,defined,,,,True,True,True
591,semantic-boundary-add-fixed-signed-3,c,fixed_overflow,"{""left"":4,""right"":0}",defined,defined,defined,,,,True,True,True
592,semantic-boundary-add-fixed-signed-3,c,fixed_overflow,"{""left"":4,""right"":1}",defined,defined,defined,,,,True,True,True
593,semantic-boundary-add-fixed-signed-3,c,fixed_overflow,"{""left"":4,""right"":2}",defined,defined,defined,,,,True,True,True
594,semantic-boundary-add-fixed-signed-3,c,fixed_overflow,"{""left"":4,""right"":4}",defined,defined,defined,,,,True,True,True
595,semantic-boundary-add-fixed-signed-3,c,fixed_overflow,"{""left"":4,""right"":true}",error,error,error,TypeError,TypeError,ReferenceExecutionError,True,True,True
596,semantic-boundary-add-fixed-signed-3,c,fixed_overflow,"{""left"":4,""right"":""x""}",error,error,error,TypeError,TypeError,ReferenceExecutionError,True,True,True
597,semantic-boundary-add-fixed-signed-3,c,fixed_overflow,"{""left"":true,""right"":-4}",error,error,error,TypeError,TypeError,ReferenceExecutionError,True,True,True
598,semantic-boundary-add-fixed-signed-3,c,fixed_overflow,"{""left"":true,""right"":-2}",error,error,error,TypeError,TypeError,ReferenceExecutionError,True,True,True
599,semantic-boundary-add-fixed-signed-3,c,fixed_overflow,"{""left"":true,""right"":-1}",error,error,error,TypeError,TypeError,ReferenceExecutionError,True,True,True
600,semantic-boundary-add-fixed-signed-3,c,fixed_overflow,"{""left"":true,""right"":0}",error,error,error,TypeError,TypeError,ReferenceExecutionError,True,True,True
601,semantic-boundary-add-fixed-signed-3,c,fixed_overflow,"{""left"":true,""right"":1}",error,error,error,TypeError,TypeError,ReferenceExecutionError,True,True,True
602,semantic-boundary-add-fixed-signed-3,c,fixed_overflow,"{""left"":true,""right"":2}",error,error,error,TypeError,TypeError,ReferenceExecutionError,True,True,True
603,semantic-boundary-add-fixed-signed-3,c,fixed_overflow,"{""left"":true,""right"":4}",error,error,error,TypeError,TypeError,ReferenceExecutionError,True,True,True
604,semantic-boundary-add-fixed-signed-3,c,fixed_overflow,"{""left"":true,""right"":true}",error,error,error,TypeError,TypeError,ReferenceExecutionError,True,True,True
605,semantic-boundary-add-fixed-signed-3,c,fixed_overflow,"{""left"":true,""right"":""x""}",error,error,error,TypeError,TypeError,ReferenceExecutionError,True,True,True
606,semantic-boundary-add-fixed-signed-3,c,fixed_overflow,"{""left"":""x"",""right"":-4}",error,error,error,TypeError,TypeError,ReferenceExecutionError,True,True,True
607,semantic-boundary-add-fixed-signed-3,c,fixed_overflow,"{""left"":""x"",""right"":-2}",error,error,error,TypeError,TypeError,ReferenceExecutionError,True,True,True
608,semantic-boundary-add-fixed-signed-3,c,fixed_overflow,"{""left"":""x"",""right"":-1}",error,error,error,TypeError,TypeError,ReferenceExecutionError,True,True,True
609,semantic-boundary-add-fixed-signed-3,c,fixed_overflow,"{""left"":""x"",""right"":0}",error,error,error,TypeError,TypeError,ReferenceExecutionError,True,True,True
610,semantic-boundary-add-fixed-signed-3,c,fixed_overflow,"{""left"":""x"",""right"":1}",error,error,error,TypeError,TypeError,ReferenceExecutionError,True,True,True
611,semantic-boundary-add-fixed-signed-3,c,fixed_overflow,"{""left"":""x"",""right"":2}",error,error,error,TypeError,TypeError,ReferenceExecutionError,True,True,True
612,semantic-boundary-add-fixed-signed-3,c,fixed_overflow,"{""left"":""x"",""right"":4}",error,error,error,TypeError,TypeError,ReferenceExecutionError,True,True,True
613,semantic-boundary-add-fixed-signed-3,c,fixed_overflow,"{""left"":""x"",""right"":true}",error,error,error,TypeError,TypeError,ReferenceExecutionError,True,True,True
614,semantic-boundary-add-fixed-signed-3,c,fixed_overflow,"{""left"":""x"",""right"":""x""}",error,error,error,TypeError,TypeError,ReferenceExecutionError,True,True,True
615,semantic-boundary-protected-store,solidity,access_control,"{""sender"":null,""value"":null}",defined,defined,defined,,,,True,True,True
616,semantic-boundary-protected-store,solidity,access_control,"{""sender"":null,""value"":false}",defined,defined,defined,,,,True,True,True
617,semantic-boundary-protected-store,solidity,access_control,"{""sender"":null,""value"":true}",defined,defined,defined,,,,True,True,True
618,semantic-boundary-protected-store,solidity,access_control,"{""sender"":null,""value"":-1}",defined,defined,defined,,,,True,True,True
619,semantic-boundary-protected-store,solidity,access_control,"{""sender"":null,""value"":0}",defined,defined,defined,,,,True,True,True
620,semantic-boundary-protected-store,solidity,access_control,"{""sender"":null,""value"":1}",defined,defined,defined,,,,True,True,True
621,semantic-boundary-protected-store,solidity,access_control,"{""sender"":null,""value"":""""}",defined,defined,defined,,,,True,True,True
622,semantic-boundary-protected-store,solidity,access_control,"{""sender"":null,""value"":""x""}",defined,defined,defined,,,,True,True,True
623,semantic-boundary-protected-store,solidity,access_control,"{""sender"":false,""value"":null}",defined,defined,defined,,,,True,True,True
624,semantic-boundary-protected-store,solidity,access_control,"{""sender"":false,""value"":false}",defined,defined,defined,,,,True,True,True
625,semantic-boundary-protected-store,solidity,access_control,"{""sender"":false,""value"":true}",defined,defined,defined,,,,True,True,True
626,semantic-boundary-protected-store,solidity,access_control,"{""sender"":false,""value"":-1}",defined,defined,defined,,,,True,True,True
627,semantic-boundary-protected-store,solidity,access_control,"{""sender"":false,""value"":0}",defined,defined,defined,,,,True,True,True
628,semantic-boundary-protected-store,solidity,access_control,"{""sender"":false,""value"":1}",defined,defined,defined,,,,True,True,True
629,semantic-boundary-protected-store,solidity,access_control,"{""sender"":false,""value"":""""}",defined,defined,defined,,,,True,True,True
630,semantic-boundary-protected-store,solidity,access_control,"{""sender"":false,""value"":""x""}",defined,defined,defined,,,,True,True,True
631,semantic-boundary-protected-store,solidity,access_control,"{""sender"":true,""value"":null}",defined,defined,defined,,,,True,True,True
632,semantic-boundary-protected-store,solidity,access_control,"{""sender"":true,""value"":false}",defined,defined,defined,,,,True,True,True
633,semantic-boundary-protected-store,solidity,access_control,"{""sender"":true,""value"":true}",defined,defined,defined,,,,True,True,True
634,semantic-boundary-protected-store,solidity,access_control,"{""sender"":true,""value"":-1}",defined,defined,defined,,,,True,True,True
635,semantic-boundary-protected-store,solidity,access_control,"{""sender"":true,""value"":0}",defined,defined,defined,,,,True,True,True
636,semantic-boundary-protected-store,solidity,access_control,"{""sender"":true,""value"":1}",defined,defined,defined,,,,True,True,True
637,semantic-boundary-protected-store,solidity,access_control,"{""sender"":true,""value"":""""}",defined,defined,defined,,,,True,True,True
638,semantic-boundary-protected-store,solidity,access_control,"{""sender"":true,""value"":""x""}",defined,defined,defined,,,,True,True,True
639,semantic-boundary-protected-store,solidity,access_control,"{""sender"":-1,""value"":null}",defined,defined,defined,,,,True,True,True
640,semantic-boundary-protected-store,solidity,access_control,"{""sender"":-1,""value"":false}",defined,defined,defined,,,,True,True,True
641,semantic-boundary-protected-store,solidity,access_control,"{""sender"":-1,""value"":true}",defined,defined,defined,,,,True,True,True
642,semantic-boundary-protected-store,solidity,access_control,"{""sender"":-1,""value"":-1}",defined,defined,defined,,,,True,True,True
643,semantic-boundary-protected-store,solidity,access_control,"{""sender"":-1,""value"":0}",defined,defined,defined,,,,True,True,True
644,semantic-boundary-protected-store,solidity,access_control,"{""sender"":-1,""value"":1}",defined,defined,defined,,,,True,True,True
645,semantic-boundary-protected-store,solidity,access_control,"{""sender"":-1,""value"":""""}",defined,defined,defined,,,,True,True,True
646,semantic-boundary-protected-store,solidity,access_control,"{""sender"":-1,""value"":""x""}",defined,defined,defined,,,,True,True,True
647,semantic-boundary-protected-store,solidity,access_control,"{""sender"":0,""value"":null}",defined,defined,defined,,,,True,True,True
648,semantic-boundary-protected-store,solidity,access_control,"{""sender"":0,""value"":false}",defined,defined,defined,,,,True,True,True
649,semantic-boundary-protected-store,solidity,access_control,"{""sender"":0,""value"":true}",defined,defined,defined,,,,True,True,True
650,semantic-boundary-protected-store,solidity,access_control,"{""sender"":0,""value"":-1}",defined,defined,defined,,,,True,True,True
651,semantic-boundary-protected-store,solidity,access_control,"{""sender"":0,""value"":0}",defined,defined,defined,,,,True,True,True
652,semantic-boundary-protected-store,solidity,access_control,"{""sender"":0,""value"":1}",defined,defined,defined,,,,True,True,True
653,semantic-boundary-protected-store,solidity,access_control,"{""sender"":0,""value"":""""}",defined,defined,defined,,,,True,True,True
654,semantic-boundary-protected-store,solidity,access_control,"{""sender"":0,""value"":""x""}",defined,defined,defined,,,,True,True,True
655,semantic-boundary-protected-store,solidity,access_control,"{""sender"":1,""value"":null}",defined,defined,defined,,,,True,True,True
656,semantic-boundary-protected-store,solidity,access_control,"{""sender"":1,""value"":false}",defined,defined,defined,,,,True,True,True
657,semantic-boundary-protected-store,solidity,access_control,"{""sender"":1,""value"":true}",defined,defined,defined,,,,True,True,True
658,semantic-boundary-protected-store,solidity,access_control,"{""sender"":1,""value"":-1}",defined,defined,defined,,,,True,True,True
659,semantic-boundary-protected-store,solidity,access_control,"{""sender"":1,""value"":0}",defined,defined,defined,,,,True,True,True
660,semantic-boundary-protected-store,solidity,access_control,"{""sender"":1,""value"":1}",defined,defined,defined,,,,True,True,True
661,semantic-boundary-protected-store,solidity,access_control,"{""sender"":1,""value"":""""}",defined,defined,defined,,,,True,True,True
662,semantic-boundary-protected-store,solidity,access_control,"{""sender"":1,""value"":""x""}",defined,defined,defined,,,,True,True,True
663,semantic-boundary-protected-store,solidity,access_control,"{""sender"":"""",""value"":null}",defined,defined,defined,,,,True,True,True
664,semantic-boundary-protected-store,solidity,access_control,"{""sender"":"""",""value"":false}",defined,defined,defined,,,,True,True,True
665,semantic-boundary-protected-store,solidity,access_control,"{""sender"":"""",""value"":true}",defined,defined,defined,,,,True,True,True
666,semantic-boundary-protected-store,solidity,access_control,"{""sender"":"""",""value"":-1}",defined,defined,defined,,,,True,True,True
667,semantic-boundary-protected-store,solidity,access_control,"{""sender"":"""",""value"":0}",defined,defined,defined,,,,True,True,True
668,semantic-boundary-protected-store,solidity,access_control,"{""sender"":"""",""value"":1}",defined,defined,defined,,,,True,True,True
669,semantic-boundary-protected-store,solidity,access_control,"{""sender"":"""",""value"":""""}",defined,defined,defined,,,,True,True,True
670,semantic-boundary-protected-store,solidity,access_control,"{""sender"":"""",""value"":""x""}",defined,defined,defined,,,,True,True,True
671,semantic-boundary-protected-store,solidity,access_control,"{""sender"":""x"",""value"":null}",defined,defined,defined,,,,True,True,True
672,semantic-boundary-protected-store,solidity,access_control,"{""sender"":""x"",""value"":false}",defined,defined,defined,,,,True,True,True
673,semantic-boundary-protected-store,solidity,access_control,"{""sender"":""x"",""value"":true}",defined,defined,defined,,,,True,True,True
674,semantic-boundary-protected-store,solidity,access_control,"{""sender"":""x"",""value"":-1}",defined,defined,defined,,,,True,True,True
675,semantic-boundary-protected-store,solidity,access_control,"{""sender"":""x"",""value"":0}",defined,defined,defined,,,,True,True,True
676,semantic-boundary-protected-store,solidity,access_control,"{""sender"":""x"",""value"":1}",defined,defined,defined,,,,True,True,True
677,semantic-boundary-protected-store,solidity,access_control,"{""sender"":""x"",""value"":""""}",defined,defined,defined,,,,True,True,True
678,semantic-boundary-protected-store,solidity,access_control,"{""sender"":""x"",""value"":""x""}",defined,defined,defined,,,,True,True,True
679,semantic-boundary-external-call,solidity,reentrancy,"{""account"":""a"",""amount"":-1,""reenter"":null}",defined,defined,defined,,,,True,True,True
680,semantic-boundary-external-call,solidity,reentrancy,"{""account"":""a"",""amount"":-1,""reenter"":false}",defined,defined,defined,,,,True,True,True
681,semantic-boundary-external-call,solidity,reentrancy,"{""account"":""a"",""amount"":-1,""reenter"":true}",defined,defined,defined,,,,True,True,True
682,semantic-boundary-external-call,solidity,reentrancy,"{""account"":""a"",""amount"":-1,""reenter"":-1}",defined,defined,defined,,,,True,True,True
683,semantic-boundary-external-call,solidity,reentrancy,"{""account"":""a"",""amount"":-1,""reenter"":0}",defined,defined,defined,,,,True,True,True
684,semantic-boundary-external-call,solidity,reentrancy,"{""account"":""a"",""amount"":-1,""reenter"":1}",defined,defined,defined,,,,True,True,True
685,semantic-boundary-external-call,solidity,reentrancy,"{""account"":""a"",""amount"":-1,""reenter"":""""}",defined,defined,defined,,,,True,True,True
686,semantic-boundary-external-call,solidity,reentrancy,"{""account"":""a"",""amount"":-1,""reenter"":""x""}",defined,defined,defined,,,,True,True,True
687,semantic-boundary-external-call,solidity,reentrancy,"{""account"":""a"",""amount"":0,""reenter"":null}",defined,defined,defined,,,,True,True,True
688,semantic-boundary-external-call,solidity,reentrancy,"{""account"":""a"",""amount"":0,""reenter"":false}",defined,defined,defined,,,,True,True,True
689,semantic-boundary-external-call,solidity,reentrancy,"{""account"":""a"",""amount"":0,""reenter"":true}",defined,defined,defined,,,,True,True,True
690,semantic-boundary-external-call,solidity,reentrancy,"{""account"":""a"",""amount"":0,""reenter"":-1}",defined,defined,defined,,,,True,True,True
691,semantic-boundary-external-call,solidity,reentrancy,"{""account"":""a"",""amount"":0,""reenter"":0}",defined,defined,defined,,,,True,True,True
692,semantic-boundary-external-call,solidity,reentrancy,"{""account"":""a"",""amount"":0,""reenter"":1}",defined,defined,defined,,,,True,True,True
693,semantic-boundary-external-call,solidity,reentrancy,"{""account"":""a"",""amount"":0,""reenter"":""""}",defined,defined,defined,,,,True,True,True
694,semantic-boundary-external-call,solidity,reentrancy,"{""account"":""a"",""amount"":0,""reenter"":""x""}",defined,defined,defined,,,,True,True,True
695,semantic-boundary-external-call,solidity,reentrancy,"{""account"":""a"",""amount"":1,""reenter"":null}",defined,defined,defined,,,,True,True,True
696,semantic-boundary-external-call,solidity,reentrancy,"{""account"":""a"",""amount"":1,""reenter"":false}",defined,defined,defined,,,,True,True,True
697,semantic-boundary-external-call,solidity,reentrancy,"{""account"":""a"",""amount"":1,""reenter"":true}",defined,defined,defined,,,,True,True,True
698,semantic-boundary-external-call,solidity,reentrancy,"{""account"":""a"",""amount"":1,""reenter"":-1}",defined,defined,defined,,,,True,True,True
699,semantic-boundary-external-call,solidity,reentrancy,"{""account"":""a"",""amount"":1,""reenter"":0}",defined,defined,defined,,,,True,True,True
700,semantic-boundary-external-call,solidity,reentrancy,"{""account"":""a"",""amount"":1,""reenter"":1}",defined,defined,defined,,,,True,True,True
701,semantic-boundary-external-call,solidity,reentrancy,"{""account"":""a"",""amount"":1,""reenter"":""""}",defined,defined,defined,,,,True,True,True
702,semantic-boundary-external-call,solidity,reentrancy,"{""account"":""a"",""amount"":1,""reenter"":""x""}",defined,defined,defined,,,,True,True,True
703,semantic-boundary-external-call,solidity,reentrancy,"{""account"":""a"",""amount"":2,""reenter"":null}",defined,defined,defined,,,,True,True,True
704,semantic-boundary-external-call,solidity,reentrancy,"{""account"":""a"",""amount"":2,""reenter"":false}",defined,defined,defined,,,,True,True,True
705,semantic-boundary-external-call,solidity,reentrancy,"{""account"":""a"",""amount"":2,""reenter"":true}",defined,defined,defined,,,,True,True,True
706,semantic-boundary-external-call,solidity,reentrancy,"{""account"":""a"",""amount"":2,""reenter"":-1}",defined,defined,defined,,,,True,True,True
707,semantic-boundary-external-call,solidity,reentrancy,"{""account"":""a"",""amount"":2,""reenter"":0}",defined,defined,defined,,,,True,True,True
708,semantic-boundary-external-call,solidity,reentrancy,"{""account"":""a"",""amount"":2,""reenter"":1}",defined,defined,defined,,,,True,True,True
709,semantic-boundary-external-call,solidity,reentrancy,"{""account"":""a"",""amount"":2,""reenter"":""""}",defined,defined,defined,,,,True,True,True
710,semantic-boundary-external-call,solidity,reentrancy,"{""account"":""a"",""amount"":2,""reenter"":""x""}",defined,defined,defined,,,,True,True,True
711,semantic-boundary-external-call,solidity,reentrancy,"{""account"":""a"",""amount"":true,""reenter"":null}",error,error,error,TypeError,TypeError,ReferenceExecutionError,True,True,True
712,semantic-boundary-external-call,solidity,reentrancy,"{""account"":""a"",""amount"":true,""reenter"":false}",error,error,error,TypeError,TypeError,ReferenceExecutionError,True,True,True
713,semantic-boundary-external-call,solidity,reentrancy,"{""account"":""a"",""amount"":true,""reenter"":true}",error,error,error,TypeError,TypeError,ReferenceExecutionError,True,True,True
714,semantic-boundary-external-call,solidity,reentrancy,"{""account"":""a"",""amount"":true,""reenter"":-1}",error,error,error,TypeError,TypeError,ReferenceExecutionError,True,True,True
715,semantic-boundary-external-call,solidity,reentrancy,"{""account"":""a"",""amount"":true,""reenter"":0}",error,error,error,TypeError,TypeError,ReferenceExecutionError,True,True,True
716,semantic-boundary-external-call,solidity,reentrancy,"{""account"":""a"",""amount"":true,""reenter"":1}",error,error,error,TypeError,TypeError,ReferenceExecutionError,True,True,True
717,semantic-boundary-external-call,solidity,reentrancy,"{""account"":""a"",""amount"":true,""reenter"":""""}",error,error,error,TypeError,TypeError,ReferenceExecutionError,True,True,True
718,semantic-boundary-external-call,solidity,reentrancy,"{""account"":""a"",""amount"":true,""reenter"":""x""}",error,error,error,TypeError,TypeError,ReferenceExecutionError,True,True,True
719,semantic-boundary-external-call,solidity,reentrancy,"{""account"":""a"",""amount"":""x"",""reenter"":null}",error,error,error,TypeError,TypeError,ReferenceExecutionError,True,True,True
720,semantic-boundary-external-call,solidity,reentrancy,"{""account"":""a"",""amount"":""x"",""reenter"":false}",error,error,error,TypeError,TypeError,ReferenceExecutionError,True,True,True
721,semantic-boundary-external-call,solidity,reentrancy,"{""account"":""a"",""amount"":""x"",""reenter"":true}",error,error,error,TypeError,TypeError,ReferenceExecutionError,True,True,True
722,semantic-boundary-external-call,solidity,reentrancy,"{""account"":""a"",""amount"":""x"",""reenter"":-1}",error,error,error,TypeError,TypeError,ReferenceExecutionError,True,True,True
723,semantic-boundary-external-call,solidity,reentrancy,"{""account"":""a"",""amount"":""x"",""reenter"":0}",error,error,error,TypeError,TypeError,ReferenceExecutionError,True,True,True
724,semantic-boundary-external-call,solidity,reentrancy,"{""account"":""a"",""amount"":""x"",""reenter"":1}",error,error,error,TypeError,TypeError,ReferenceExecutionError,True,True,True
725,semantic-boundary-external-call,solidity,reentrancy,"{""account"":""a"",""amount"":""x"",""reenter"":""""}",error,error,error,TypeError,TypeError,ReferenceExecutionError,True,True,True
726,semantic-boundary-external-call,solidity,reentrancy,"{""account"":""a"",""amount"":""x"",""reenter"":""x""}",error,error,error,TypeError,TypeError,ReferenceExecutionError,True,True,True
727,semantic-boundary-external-call,solidity,reentrancy,"{""account"":""b"",""amount"":-1,""reenter"":null}",defined,defined,defined,,,,True,True,True
728,semantic-boundary-external-call,solidity,reentrancy,"{""account"":""b"",""amount"":-1,""reenter"":false}",defined,defined,defined,,,,True,True,True
729,semantic-boundary-external-call,solidity,reentrancy,"{""account"":""b"",""amount"":-1,""reenter"":true}",defined,defined,defined,,,,True,True,True
730,semantic-boundary-external-call,solidity,reentrancy,"{""account"":""b"",""amount"":-1,""reenter"":-1}",defined,defined,defined,,,,True,True,True
731,semantic-boundary-external-call,solidity,reentrancy,"{""account"":""b"",""amount"":-1,""reenter"":0}",defined,defined,defined,,,,True,True,True
732,semantic-boundary-external-call,solidity,reentrancy,"{""account"":""b"",""amount"":-1,""reenter"":1}",defined,defined,defined,,,,True,True,True
733,semantic-boundary-external-call,solidity,reentrancy,"{""account"":""b"",""amount"":-1,""reenter"":""""}",defined,defined,defined,,,,True,True,True
734,semantic-boundary-external-call,solidity,reentrancy,"{""account"":""b"",""amount"":-1,""reenter"":""x""}",defined,defined,defined,,,,True,True,True
735,semantic-boundary-external-call,solidity,reentrancy,"{""account"":""b"",""amount"":0,""reenter"":null}",defined,defined,defined,,,,True,True,True
736,semantic-boundary-external-call,solidity,reentrancy,"{""account"":""b"",""amount"":0,""reenter"":false}",defined,defined,defined,,,,True,True,True
737,semantic-boundary-external-call,solidity,reentrancy,"{""account"":""b"",""amount"":0,""reenter"":true}",defined,defined,defined,,,,True,True,True
738,semantic-boundary-external-call,solidity,reentrancy,"{""account"":""b"",""amount"":0,""reenter"":-1}",defined,defined,defined,,,,True,True,True
739,semantic-boundary-external-call,solidity,reentrancy,"{""account"":""b"",""amount"":0,""reenter"":0}",defined,defined,defined,,,,True,True,True
740,semantic-boundary-external-call,solidity,reentrancy,"{""account"":""b"",""amount"":0,""reenter"":1}",defined,defined,defined,,,,True,True,True
741,semantic-boundary-external-call,solidity,reentrancy,"{""account"":""b"",""amount"":0,""reenter"":""""}",defined,defined,defined,,,,True,True,True
742,semantic-boundary-external-call,solidity,reentrancy,"{""account"":""b"",""amount"":0,""reenter"":""x""}",defined,defined,defined,,,,True,True,True
743,semantic-boundary-external-call,solidity,reentrancy,"{""account"":""b"",""amount"":1,""reenter"":null}",defined,defined,defined,,,,True,True,True
744,semantic-boundary-external-call,solidity,reentrancy,"{""account"":""b"",""amount"":1,""reenter"":false}",defined,defined,defined,,,,True,True,True
745,semantic-boundary-external-call,solidity,reentrancy,"{""account"":""b"",""amount"":1,""reenter"":true}",defined,defined,defined,,,,True,True,True
746,semantic-boundary-external-call,solidity,reentrancy,"{""account"":""b"",""amount"":1,""reenter"":-1}",defined,defined,defined,,,,True,True,True
747,semantic-boundary-external-call,solidity,reentrancy,"{""account"":""b"",""amount"":1,""reenter"":0}",defined,defined,defined,,,,True,True,True
748,semantic-boundary-external-call,solidity,reentrancy,"{""account"":""b"",""amount"":1,""reenter"":1}",defined,defined,defined,,,,True,True,True
749,semantic-boundary-external-call,solidity,reentrancy,"{""account"":""b"",""amount"":1,""reenter"":""""}",defined,defined,defined,,,,True,True,True
750,semantic-boundary-external-call,solidity,reentrancy,"{""account"":""b"",""amount"":1,""reenter"":""x""}",defined,defined,defined,,,,True,True,True
751,semantic-boundary-external-call,solidity,reentrancy,"{""account"":""b"",""amount"":2,""reenter"":null}",defined,defined,defined,,,,True,True,True
752,semantic-boundary-external-call,solidity,reentrancy,"{""account"":""b"",""amount"":2,""reenter"":false}",defined,defined,defined,,,,True,True,True
753,semantic-boundary-external-call,solidity,reentrancy,"{""account"":""b"",""amount"":2,""reenter"":true}",defined,defined,defined,,,,True,True,True
754,semantic-boundary-external-call,solidity,reentrancy,"{""account"":""b"",""amount"":2,""reenter"":-1}",defined,defined,defined,,,,True,True,True
755,semantic-boundary-external-call,solidity,reentrancy,"{""account"":""b"",""amount"":2,""reenter"":0}",defined,defined,defined,,,,True,True,True
756,semantic-boundary-external-call,solidity,reentrancy,"{""account"":""b"",""amount"":2,""reenter"":1}",defined,defined,defined,,,,True,True,True
757,semantic-boundary-external-call,solidity,reentrancy,"{""account"":""b"",""amount"":2,""reenter"":""""}",defined,defined,defined,,,,True,True,True
758,semantic-boundary-external-call,solidity,reentrancy,"{""account"":""b"",""amount"":2,""reenter"":""x""}",defined,defined,defined,,,,True,True,True
759,semantic-boundary-external-call,solidity,reentrancy,"{""account"":""b"",""amount"":true,""reenter"":null}",error,error,error,TypeError,TypeError,ReferenceExecutionError,True,True,True
760,semantic-boundary-external-call,solidity,reentrancy,"{""account"":""b"",""amount"":true,""reenter"":false}",error,error,error,TypeError,TypeError,ReferenceExecutionError,True,True,True
761,semantic-boundary-external-call,solidity,reentrancy,"{""account"":""b"",""amount"":true,""reenter"":true}",error,error,error,TypeError,TypeError,ReferenceExecutionError,True,True,True
762,semantic-boundary-external-call,solidity,reentrancy,"{""account"":""b"",""amount"":true,""reenter"":-1}",error,error,error,TypeError,TypeError,ReferenceExecutionError,True,True,True
763,semantic-boundary-external-call,solidity,reentrancy,"{""account"":""b"",""amount"":true,""reenter"":0}",error,error,error,TypeError,TypeError,ReferenceExecutionError,True,True,True
764,semantic-boundary-external-call,solidity,reentrancy,"{""account"":""b"",""amount"":true,""reenter"":1}",error,error,error,TypeError,TypeError,ReferenceExecutionError,True,True,True
765,semantic-boundary-external-call,solidity,reentrancy,"{""account"":""b"",""amount"":true,""reenter"":""""}",error,error,error,TypeError,TypeError,ReferenceExecutionError,True,True,True
766,semantic-boundary-external-call,solidity,reentrancy,"{""account"":""b"",""amount"":true,""reenter"":""x""}",error,error,error,TypeError,TypeError,ReferenceExecutionError,True,True,True
767,semantic-boundary-external-call,solidity,reentrancy,"{""account"":""b"",""amount"":""x"",""reenter"":null}",error,error,error,TypeError,TypeError,ReferenceExecutionError,True,True,True
768,semantic-boundary-external-call,solidity,reentrancy,"{""account"":""b"",""amount"":""x"",""reenter"":false}",error,error,error,TypeError,TypeError,ReferenceExecutionError,True,True,True
769,semantic-boundary-external-call,solidity,reentrancy,"{""account"":""b"",""amount"":""x"",""reenter"":true}",error,error,error,TypeError,TypeError,ReferenceExecutionError,True,True,True
770,semantic-boundary-external-call,solidity,reentrancy,"{""account"":""b"",""amount"":""x"",""reenter"":-1}",error,error,error,TypeError,TypeError,ReferenceExecutionError,True,True,True
771,semantic-boundary-external-call,solidity,reentrancy,"{""account"":""b"",""amount"":""x"",""reenter"":0}",error,error,error,TypeError,TypeError,ReferenceExecutionError,True,True,True
772,semantic-boundary-external-call,solidity,reentrancy,"{""account"":""b"",""amount"":""x"",""reenter"":1}",error,error,error,TypeError,TypeError,ReferenceExecutionError,True,True,True
773,semantic-boundary-external-call,solidity,reentrancy,"{""account"":""b"",""amount"":""x"",""reenter"":""""}",error,error,error,TypeError,TypeError,ReferenceExecutionError,True,True,True
774,semantic-boundary-external-call,solidity,reentrancy,"{""account"":""b"",""amount"":""x"",""reenter"":""x""}",error,error,error,TypeError,TypeError,ReferenceExecutionError,True,True,True
775,semantic-boundary-external-call,solidity,reentrancy,"{""account"":1,""amount"":-1,""reenter"":null}",error,error,error,TypeError,TypeError,ReferenceExecutionError,True,True,True
776,semantic-boundary-external-call,solidity,reentrancy,"{""account"":1,""amount"":-1,""reenter"":false}",error,error,error,TypeError,TypeError,ReferenceExecutionError,True,True,True
777,semantic-boundary-external-call,solidity,reentrancy,"{""account"":1,""amount"":-1,""reenter"":true}",error,error,error,TypeError,TypeError,ReferenceExecutionError,True,True,True
778,semantic-boundary-external-call,solidity,reentrancy,"{""account"":1,""amount"":-1,""reenter"":-1}",error,error,error,TypeError,TypeError,ReferenceExecutionError,True,True,True
779,semantic-boundary-external-call,solidity,reentrancy,"{""account"":1,""amount"":-1,""reenter"":0}",error,error,error,TypeError,TypeError,ReferenceExecutionError,True,True,True
780,semantic-boundary-external-call,solidity,reentrancy,"{""account"":1,""amount"":-1,""reenter"":1}",error,error,error,TypeError,TypeError,ReferenceExecutionError,True,True,True
781,semantic-boundary-external-call,solidity,reentrancy,"{""account"":1,""amount"":-1,""reenter"":""""}",error,error,error,TypeError,TypeError,ReferenceExecutionError,True,True,True
782,semantic-boundary-external-call,solidity,reentrancy,"{""account"":1,""amount"":-1,""reenter"":""x""}",error,error,error,TypeError,TypeError,ReferenceExecutionError,True,True,True
783,semantic-boundary-external-call,solidity,reentrancy,"{""account"":1,""amount"":0,""reenter"":null}",error,error,error,TypeError,TypeError,ReferenceExecutionError,True,True,True
784,semantic-boundary-external-call,solidity,reentrancy,"{""account"":1,""amount"":0,""reenter"":false}",error,error,error,TypeError,TypeError,ReferenceExecutionError,True,True,True
785,semantic-boundary-external-call,solidity,reentrancy,"{""account"":1,""amount"":0,""reenter"":true}",error,error,error,TypeError,TypeError,ReferenceExecutionError,True,True,True
786,semantic-boundary-external-call,solidity,reentrancy,"{""account"":1,""amount"":0,""reenter"":-1}",error,error,error,TypeError,TypeError,ReferenceExecutionError,True,True,True
787,semantic-boundary-external-call,solidity,reentrancy,"{""account"":1,""amount"":0,""reenter"":0}",error,error,error,TypeError,TypeError,ReferenceExecutionError,True,True,True
788,semantic-boundary-external-call,solidity,reentrancy,"{""account"":1,""amount"":0,""reenter"":1}",error,error,error,TypeError,TypeError,ReferenceExecutionError,True,True,True
789,semantic-boundary-external-call,solidity,reentrancy,"{""account"":1,""amount"":0,""reenter"":""""}",error,error,error,TypeError,TypeError,ReferenceExecutionError,True,True,True
790,semantic-boundary-external-call,solidity,reentrancy,"{""account"":1,""amount"":0,""reenter"":""x""}",error,error,error,TypeError,TypeError,ReferenceExecutionError,True,True,True
791,semantic-boundary-external-call,solidity,reentrancy,"{""account"":1,""amount"":1,""reenter"":null}",error,error,error,TypeError,TypeError,ReferenceExecutionError,True,True,True
792,semantic-boundary-external-call,solidity,reentrancy,"{""account"":1,""amount"":1,""reenter"":false}",error,error,error,TypeError,TypeError,ReferenceExecutionError,True,True,True
793,semantic-boundary-external-call,solidity,reentrancy,"{""account"":1,""amount"":1,""reenter"":true}",error,error,error,TypeError,TypeError,ReferenceExecutionError,True,True,True
794,semantic-boundary-external-call,solidity,reentrancy,"{""account"":1,""amount"":1,""reenter"":-1}",error,error,error,TypeError,TypeError,ReferenceExecutionError,True,True,True
795,semantic-boundary-external-call,solidity,reentrancy,"{""account"":1,""amount"":1,""reenter"":0}",error,error,error,TypeError,TypeError,ReferenceExecutionError,True,True,True
796,semantic-boundary-external-call,solidity,reentrancy,"{""account"":1,""amount"":1,""reenter"":1}",error,error,error,TypeError,TypeError,ReferenceExecutionError,True,True,True
797,semantic-boundary-external-call,solidity,reentrancy,"{""account"":1,""amount"":1,""reenter"":""""}",error,error,error,TypeError,TypeError,ReferenceExecutionError,True,True,True
798,semantic-boundary-external-call,solidity,reentrancy,"{""account"":1,""amount"":1,""reenter"":""x""}",error,error,error,TypeError,TypeError,ReferenceExecutionError,True,True,True
799,semantic-boundary-external-call,solidity,reentrancy,"{""account"":1,""amount"":2,""reenter"":null}",error,error,error,TypeError,TypeError,ReferenceExecutionError,True,True,True
800,semantic-boundary-external-call,solidity,reentrancy,"{""account"":1,""amount"":2,""reenter"":false}",error,error,error,TypeError,TypeError,ReferenceExecutionError,True,True,True
801,semantic-boundary-external-call,solidity,reentrancy,"{""account"":1,""amount"":2,""reenter"":true}",error,error,error,TypeError,TypeError,ReferenceExecutionError,True,True,True
802,semantic-boundary-external-call,solidity,reentrancy,"{""account"":1,""amount"":2,""reenter"":-1}",error,error,error,TypeError,TypeError,ReferenceExecutionError,True,True,True
803,semantic-boundary-external-call,solidity,reentrancy,"{""account"":1,""amount"":2,""reenter"":0}",error,error,error,TypeError,TypeError,ReferenceExecutionError,True,True,True
804,semantic-boundary-external-call,solidity,reentrancy,"{""account"":1,""amount"":2,""reenter"":1}",error,error,error,TypeError,TypeError,ReferenceExecutionError,True,True,True
805,semantic-boundary-external-call,solidity,reentrancy,"{""account"":1,""amount"":2,""reenter"":""""}",error,error,error,TypeError,TypeError,ReferenceExecutionError,True,True,True
806,semantic-boundary-external-call,solidity,reentrancy,"{""account"":1,""amount"":2,""reenter"":""x""}",error,error,error,TypeError,TypeError,ReferenceExecutionError,True,True,True
807,semantic-boundary-external-call,solidity,reentrancy,"{""account"":1,""amount"":true,""reenter"":null}",error,error,error,TypeError,TypeError,ReferenceExecutionError,True,True,True
808,semantic-boundary-external-call,solidity,reentrancy,"{""account"":1,""amount"":true,""reenter"":false}",error,error,error,TypeError,TypeError,ReferenceExecutionError,True,True,True
809,semantic-boundary-external-call,solidity,reentrancy,"{""account"":1,""amount"":true,""reenter"":true}",error,error,error,TypeError,TypeError,ReferenceExecutionError,True,True,True
810,semantic-boundary-external-call,solidity,reentrancy,"{""account"":1,""amount"":true,""reenter"":-1}",error,error,error,TypeError,TypeError,ReferenceExecutionError,True,True,True
811,semantic-boundary-external-call,solidity,reentrancy,"{""account"":1,""amount"":true,""reenter"":0}",error,error,error,TypeError,TypeError,ReferenceExecutionError,True,True,True
812,semantic-boundary-external-call,solidity,reentrancy,"{""account"":1,""amount"":true,""reenter"":1}",error,error,error,TypeError,TypeError,ReferenceExecutionError,True,True,True
813,semantic-boundary-external-call,solidity,reentrancy,"{""account"":1,""amount"":true,""reenter"":""""}",error,error,error,TypeError,TypeError,ReferenceExecutionError,True,True,True
814,semantic-boundary-external-call,solidity,reentrancy,"{""account"":1,""amount"":true,""reenter"":""x""}",error,error,error,TypeError,TypeError,ReferenceExecutionError,True,True,True
815,semantic-boundary-external-call,solidity,reentrancy,"{""account"":1,""amount"":""x"",""reenter"":null}",error,error,error,TypeError,TypeError,ReferenceExecutionError,True,True,True
816,semantic-boundary-external-call,solidity,reentrancy,"{""account"":1,""amount"":""x"",""reenter"":false}",error,error,error,TypeError,TypeError,ReferenceExecutionError,True,True,True
817,semantic-boundary-external-call,solidity,reentrancy,"{""account"":1,""amount"":""x"",""reenter"":true}",error,error,error,TypeError,TypeError,ReferenceExecutionError,True,True,True
818,semantic-boundary-external-call,solidity,reentrancy,"{""account"":1,""amount"":""x"",""reenter"":-1}",error,error,error,TypeError,TypeError,ReferenceExecutionError,True,True,True
819,semantic-boundary-external-call,solidity,reentrancy,"{""account"":1,""amount"":""x"",""reenter"":0}",error,error,error,TypeError,TypeError,ReferenceExecutionError,True,True,True
820,semantic-boundary-external-call,solidity,reentrancy,"{""account"":1,""amount"":""x"",""reenter"":1}",error,error,error,TypeError,TypeError,ReferenceExecutionError,True,True,True
821,semantic-boundary-external-call,solidity,reentrancy,"{""account"":1,""amount"":""x"",""reenter"":""""}",error,error,error,TypeError,TypeError,ReferenceExecutionError,True,True,True
822,semantic-boundary-external-call,solidity,reentrancy,"{""account"":1,""amount"":""x"",""reenter"":""x""}",error,error,error,TypeError,TypeError,ReferenceExecutionError,True,True,True
823,semantic-boundary-external-call,solidity,reentrancy,"{""account"":true,""amount"":-1,""reenter"":null}",error,error,error,TypeError,TypeError,ReferenceExecutionError,True,True,True
824,semantic-boundary-external-call,solidity,reentrancy,"{""account"":true,""amount"":-1,""reenter"":false}",error,error,error,TypeError,TypeError,ReferenceExecutionError,True,True,True
825,semantic-boundary-external-call,solidity,reentrancy,"{""account"":true,""amount"":-1,""reenter"":true}",error,error,error,TypeError,TypeError,ReferenceExecutionError,True,True,True
826,semantic-boundary-external-call,solidity,reentrancy,"{""account"":true,""amount"":-1,""reenter"":-1}",error,error,error,TypeError,TypeError,ReferenceExecutionError,True,True,True
827,semantic-boundary-external-call,solidity,reentrancy,"{""account"":true,""amount"":-1,""reenter"":0}",error,error,error,TypeError,TypeError,ReferenceExecutionError,True,True,True
828,semantic-boundary-external-call,solidity,reentrancy,"{""account"":true,""amount"":-1,""reenter"":1}",error,error,error,TypeError,TypeError,ReferenceExecutionError,True,True,True
829,semantic-boundary-external-call,solidity,reentrancy,"{""account"":true,""amount"":-1,""reenter"":""""}",error,error,error,TypeError,TypeError,ReferenceExecutionError,True,True,True
830,semantic-boundary-external-call,solidity,reentrancy,"{""account"":true,""amount"":-1,""reenter"":""x""}",error,error,error,TypeError,TypeError,ReferenceExecutionError,True,True,True
831,semantic-boundary-external-call,solidity,reentrancy,"{""account"":true,""amount"":0,""reenter"":null}",error,error,error,TypeError,TypeError,ReferenceExecutionError,True,True,True
832,semantic-boundary-external-call,solidity,reentrancy,"{""account"":true,""amount"":0,""reenter"":false}",error,error,error,TypeError,TypeError,ReferenceExecutionError,True,True,True
833,semantic-boundary-external-call,solidity,reentrancy,"{""account"":true,""amount"":0,""reenter"":true}",error,error,error,TypeError,TypeError,ReferenceExecutionError,True,True,True
834,semantic-boundary-external-call,solidity,reentrancy,"{""account"":true,""amount"":0,""reenter"":-1}",error,error,error,TypeError,TypeError,ReferenceExecutionError,True,True,True
835,semantic-boundary-external-call,solidity,reentrancy,"{""account"":true,""amount"":0,""reenter"":0}",error,error,error,TypeError,TypeError,ReferenceExecutionError,True,True,True
836,semantic-boundary-external-call,solidity,reentrancy,"{""account"":true,""amount"":0,""reenter"":1}",error,error,error,TypeError,TypeError,ReferenceExecutionError,True,True,True
837,semantic-boundary-external-call,solidity,reentrancy,"{""account"":true,""amount"":0,""reenter"":""""}",error,error,error,TypeError,TypeError,ReferenceExecutionError,True,True,True
838,semantic-boundary-external-call,solidity,reentrancy,"{""account"":true,""amount"":0,""reenter"":""x""}",error,error,error,TypeError,TypeError,ReferenceExecutionError,True,True,True
839,semantic-boundary-external-call,solidity,reentrancy,"{""account"":true,""amount"":1,""reenter"":null}",error,error,error,TypeError,TypeError,ReferenceExecutionError,True,True,True
840,semantic-boundary-external-call,solidity,reentrancy,"{""account"":true,""amount"":1,""reenter"":false}",error,error,error,TypeError,TypeError,ReferenceExecutionError,True,True,True
841,semantic-boundary-external-call,solidity,reentrancy,"{""account"":true,""amount"":1,""reenter"":true}",error,error,error,TypeError,TypeError,ReferenceExecutionError,True,True,True
842,semantic-boundary-external-call,solidity,reentrancy,"{""account"":true,""amount"":1,""reenter"":-1}",error,error,error,TypeError,TypeError,ReferenceExecutionError,True,True,True
843,semantic-boundary-external-call,solidity,reentrancy,"{""account"":true,""amount"":1,""reenter"":0}",error,error,error,TypeError,TypeError,ReferenceExecutionError,True,True,True
844,semantic-boundary-external-call,solidity,reentrancy,"{""account"":true,""amount"":1,""reenter"":1}",error,error,error,TypeError,TypeError,ReferenceExecutionError,True,True,True
845,semantic-boundary-external-call,solidity,reentrancy,"{""account"":true,""amount"":1,""reenter"":""""}",error,error,error,TypeError,TypeError,ReferenceExecutionError,True,True,True
846,semantic-boundary-external-call,solidity,reentrancy,"{""account"":true,""amount"":1,""reenter"":""x""}",error,error,error,TypeError,TypeError,ReferenceExecutionError,True,True,True
847,semantic-boundary-external-call,solidity,reentrancy,"{""account"":true,""amount"":2,""reenter"":null}",error,error,error,TypeError,TypeError,ReferenceExecutionError,True,True,True
848,semantic-boundary-external-call,solidity,reentrancy,"{""account"":true,""amount"":2,""reenter"":false}",error,error,error,TypeError,TypeError,ReferenceExecutionError,True,True,True
849,semantic-boundary-external-call,solidity,reentrancy,"{""account"":true,""amount"":2,""reenter"":true}",error,error,error,TypeError,TypeError,ReferenceExecutionError,True,True,True
850,semantic-boundary-external-call,solidity,reentrancy,"{""account"":true,""amount"":2,""reenter"":-1}",error,error,error,TypeError,TypeError,ReferenceExecutionError,True,True,True
851,semantic-boundary-external-call,solidity,reentrancy,"{""account"":true,""amount"":2,""reenter"":0}",error,error,error,TypeError,TypeError,ReferenceExecutionError,True,True,True
852,semantic-boundary-external-call,solidity,reentrancy,"{""account"":true,""amount"":2,""reenter"":1}",error,error,error,TypeError,TypeError,ReferenceExecutionError,True,True,True
853,semantic-boundary-external-call,solidity,reentrancy,"{""account"":true,""amount"":2,""reenter"":""""}",error,error,error,TypeError,TypeError,ReferenceExecutionError,True,True,True
854,semantic-boundary-external-call,solidity,reentrancy,"{""account"":true,""amount"":2,""reenter"":""x""}",error,error,error,TypeError,TypeError,ReferenceExecutionError,True,True,True
855,semantic-boundary-external-call,solidity,reentrancy,"{""account"":true,""amount"":true,""reenter"":null}",error,error,error,TypeError,TypeError,ReferenceExecutionError,True,True,True
856,semantic-boundary-external-call,solidity,reentrancy,"{""account"":true,""amount"":true,""reenter"":false}",error,error,error,TypeError,TypeError,ReferenceExecutionError,True,True,True
857,semantic-boundary-external-call,solidity,reentrancy,"{""account"":true,""amount"":true,""reenter"":true}",error,error,error,TypeError,TypeError,ReferenceExecutionError,True,True,True
858,semantic-boundary-external-call,solidity,reentrancy,"{""account"":true,""amount"":true,""reenter"":-1}",error,error,error,TypeError,TypeError,ReferenceExecutionError,True,True,True
859,semantic-boundary-external-call,solidity,reentrancy,"{""account"":true,""amount"":true,""reenter"":0}",error,error,error,TypeError,TypeError,ReferenceExecutionError,True,True,True
860,semantic-boundary-external-call,solidity,reentrancy,"{""account"":true,""amount"":true,""reenter"":1}",error,error,error,TypeError,TypeError,ReferenceExecutionError,True,True,True
861,semantic-boundary-external-call,solidity,reentrancy,"{""account"":true,""amount"":true,""reenter"":""""}",error,error,error,TypeError,TypeError,ReferenceExecutionError,True,True,True
862,semantic-boundary-external-call,solidity,reentrancy,"{""account"":true,""amount"":true,""reenter"":""x""}",error,error,error,TypeError,TypeError,ReferenceExecutionError,True,True,True
863,semantic-boundary-external-call,solidity,reentrancy,"{""account"":true,""amount"":""x"",""reenter"":null}",error,error,error,TypeError,TypeError,ReferenceExecutionError,True,True,True
864,semantic-boundary-external-call,solidity,reentrancy,"{""account"":true,""amount"":""x"",""reenter"":false}",error,error,error,TypeError,TypeError,ReferenceExecutionError,True,True,True
865,semantic-boundary-external-call,solidity,reentrancy,"{""account"":true,""amount"":""x"",""reenter"":true}",error,error,error,TypeError,TypeError,ReferenceExecutionError,True,True,True
866,semantic-boundary-external-call,solidity,reentrancy,"{""account"":true,""amount"":""x"",""reenter"":-1}",error,error,error,TypeError,TypeError,ReferenceExecutionError,True,True,True
867,semantic-boundary-external-call,solidity,reentrancy,"{""account"":true,""amount"":""x"",""reenter"":0}",error,error,error,TypeError,TypeError,ReferenceExecutionError,True,True,True
868,semantic-boundary-external-call,solidity,reentrancy,"{""account"":true,""amount"":""x"",""reenter"":1}",error,error,error,TypeError,TypeError,ReferenceExecutionError,True,True,True
869,semantic-boundary-external-call,solidity,reentrancy,"{""account"":true,""amount"":""x"",""reenter"":""""}",error,error,error,TypeError,TypeError,ReferenceExecutionError,True,True,True
870,semantic-boundary-external-call,solidity,reentrancy,"{""account"":true,""amount"":""x"",""reenter"":""x""}",error,error,error,TypeError,TypeError,ReferenceExecutionError,True,True,True
871,semantic-boundary-external-call,solidity,reentrancy,"{""account"":null,""amount"":-1,""reenter"":null}",error,error,error,TypeError,TypeError,ReferenceExecutionError,True,True,True
872,semantic-boundary-external-call,solidity,reentrancy,"{""account"":null,""amount"":-1,""reenter"":false}",error,error,error,TypeError,TypeError,ReferenceExecutionError,True,True,True
873,semantic-boundary-external-call,solidity,reentrancy,"{""account"":null,""amount"":-1,""reenter"":true}",error,error,error,TypeError,TypeError,ReferenceExecutionError,True,True,True
874,semantic-boundary-external-call,solidity,reentrancy,"{""account"":null,""amount"":-1,""reenter"":-1}",error,error,error,TypeError,TypeError,ReferenceExecutionError,True,True,True
875,semantic-boundary-external-call,solidity,reentrancy,"{""account"":null,""amount"":-1,""reenter"":0}",error,error,error,TypeError,TypeError,ReferenceExecutionError,True,True,True
876,semantic-boundary-external-call,solidity,reentrancy,"{""account"":null,""amount"":-1,""reenter"":1}",error,error,error,TypeError,TypeError,ReferenceExecutionError,True,True,True
877,semantic-boundary-external-call,solidity,reentrancy,"{""account"":null,""amount"":-1,""reenter"":""""}",error,error,error,TypeError,TypeError,ReferenceExecutionError,True,True,True
878,semantic-boundary-external-call,solidity,reentrancy,"{""account"":null,""amount"":-1,""reenter"":""x""}",error,error,error,TypeError,TypeError,ReferenceExecutionError,True,True,True
879,semantic-boundary-external-call,solidity,reentrancy,"{""account"":null,""amount"":0,""reenter"":null}",error,error,error,TypeError,TypeError,ReferenceExecutionError,True,True,True
880,semantic-boundary-external-call,solidity,reentrancy,"{""account"":null,""amount"":0,""reenter"":false}",error,error,error,TypeError,TypeError,ReferenceExecutionError,True,True,True
881,semantic-boundary-external-call,solidity,reentrancy,"{""account"":null,""amount"":0,""reenter"":true}",error,error,error,TypeError,TypeError,ReferenceExecutionError,True,True,True
882,semantic-boundary-external-call,solidity,reentrancy,"{""account"":null,""amount"":0,""reenter"":-1}",error,error,error,TypeError,TypeError,ReferenceExecutionError,True,True,True
883,semantic-boundary-external-call,solidity,reentrancy,"{""account"":null,""amount"":0,""reenter"":0}",error,error,error,TypeError,TypeError,ReferenceExecutionError,True,True,True
884,semantic-boundary-external-call,solidity,reentrancy,"{""account"":null,""amount"":0,""reenter"":1}",error,error,error,TypeError,TypeError,ReferenceExecutionError,True,True,True
885,semantic-boundary-external-call,solidity,reentrancy,"{""account"":null,""amount"":0,""reenter"":""""}",error,error,error,TypeError,TypeError,ReferenceExecutionError,True,True,True
886,semantic-boundary-external-call,solidity,reentrancy,"{""account"":null,""amount"":0,""reenter"":""x""}",error,error,error,TypeError,TypeError,ReferenceExecutionError,True,True,True
887,semantic-boundary-external-call,solidity,reentrancy,"{""account"":null,""amount"":1,""reenter"":null}",error,error,error,TypeError,TypeError,ReferenceExecutionError,True,True,True
888,semantic-boundary-external-call,solidity,reentrancy,"{""account"":null,""amount"":1,""reenter"":false}",error,error,error,TypeError,TypeError,ReferenceExecutionError,True,True,True
889,semantic-boundary-external-call,solidity,reentrancy,"{""account"":null,""amount"":1,""reenter"":true}",error,error,error,TypeError,TypeError,ReferenceExecutionError,True,True,True
890,semantic-boundary-external-call,solidity,reentrancy,"{""account"":null,""amount"":1,""reenter"":-1}",error,error,error,TypeError,TypeError,ReferenceExecutionError,True,True,True
891,semantic-boundary-external-call,solidity,reentrancy,"{""account"":null,""amount"":1,""reenter"":0}",error,error,error,TypeError,TypeError,ReferenceExecutionError,True,True,True
892,semantic-boundary-external-call,solidity,reentrancy,"{""account"":null,""amount"":1,""reenter"":1}",error,error,error,TypeError,TypeError,ReferenceExecutionError,True,True,True
893,semantic-boundary-external-call,solidity,reentrancy,"{""account"":null,""amount"":1,""reenter"":""""}",error,error,error,TypeError,TypeError,ReferenceExecutionError,True,True,True
894,semantic-boundary-external-call,solidity,reentrancy,"{""account"":null,""amount"":1,""reenter"":""x""}",error,error,error,TypeError,TypeError,ReferenceExecutionError,True,True,True
895,semantic-boundary-external-call,solidity,reentrancy,"{""account"":null,""amount"":2,""reenter"":null}",error,error,error,TypeError,TypeError,ReferenceExecutionError,True,True,True
896,semantic-boundary-external-call,solidity,reentrancy,"{""account"":null,""amount"":2,""reenter"":false}",error,error,error,TypeError,TypeError,ReferenceExecutionError,True,True,True
897,semantic-boundary-external-call,solidity,reentrancy,"{""account"":null,""amount"":2,""reenter"":true}",error,error,error,TypeError,TypeError,ReferenceExecutionError,True,True,True
898,semantic-boundary-external-call,solidity,reentrancy,"{""account"":null,""amount"":2,""reenter"":-1}",error,error,error,TypeError,TypeError,ReferenceExecutionError,True,True,True
899,semantic-boundary-external-call,solidity,reentrancy,"{""account"":null,""amount"":2,""reenter"":0}",error,error,error,TypeError,TypeError,ReferenceExecutionError,True,True,True
900,semantic-boundary-external-call,solidity,reentrancy,"{""account"":null,""amount"":2,""reenter"":1}",error,error,error,TypeError,TypeError,ReferenceExecutionError,True,True,True
901,semantic-boundary-external-call,solidity,reentrancy,"{""account"":null,""amount"":2,""reenter"":""""}",error,error,error,TypeError,TypeError,ReferenceExecutionError,True,True,True
902,semantic-boundary-external-call,solidity,reentrancy,"{""account"":null,""amount"":2,""reenter"":""x""}",error,error,error,TypeError,TypeError,ReferenceExecutionError,True,True,True
903,semantic-boundary-external-call,solidity,reentrancy,"{""account"":null,""amount"":true,""reenter"":null}",error,error,error,TypeError,TypeError,ReferenceExecutionError,True,True,True
904,semantic-boundary-external-call,solidity,reentrancy,"{""account"":null,""amount"":true,""reenter"":false}",error,error,error,TypeError,TypeError,ReferenceExecutionError,True,True,True
905,semantic-boundary-external-call,solidity,reentrancy,"{""account"":null,""amount"":true,""reenter"":true}",error,error,error,TypeError,TypeError,ReferenceExecutionError,True,True,True
906,semantic-boundary-external-call,solidity,reentrancy,"{""account"":null,""amount"":true,""reenter"":-1}",error,error,error,TypeError,TypeError,ReferenceExecutionError,True,True,True
907,semantic-boundary-external-call,solidity,reentrancy,"{""account"":null,""amount"":true,""reenter"":0}",error,error,error,TypeError,TypeError,ReferenceExecutionError,True,True,True
908,semantic-boundary-external-call,solidity,reentrancy,"{""account"":null,""amount"":true,""reenter"":1}",error,error,error,TypeError,TypeError,ReferenceExecutionError,True,True,True
909,semantic-boundary-external-call,solidity,reentrancy,"{""account"":null,""amount"":true,""reenter"":""""}",error,error,error,TypeError,TypeError,ReferenceExecutionError,True,True,True
910,semantic-boundary-external-call,solidity,reentrancy,"{""account"":null,""amount"":true,""reenter"":""x""}",error,error,error,TypeError,TypeError,ReferenceExecutionError,True,True,True
911,semantic-boundary-external-call,solidity,reentrancy,"{""account"":null,""amount"":""x"",""reenter"":null}",error,error,error,TypeError,TypeError,ReferenceExecutionError,True,True,True
912,semantic-boundary-external-call,solidity,reentrancy,"{""account"":null,""amount"":""x"",""reenter"":false}",error,error,error,TypeError,TypeError,ReferenceExecutionError,True,True,True
913,semantic-boundary-external-call,solidity,reentrancy,"{""account"":null,""amount"":""x"",""reenter"":true}",error,error,error,TypeError,TypeError,ReferenceExecutionError,True,True,True
914,semantic-boundary-external-call,solidity,reentrancy,"{""account"":null,""amount"":""x"",""reenter"":-1}",error,error,error,TypeError,TypeError,ReferenceExecutionError,True,True,True
915,semantic-boundary-external-call,solidity,reentrancy,"{""account"":null,""amount"":""x"",""reenter"":0}",error,error,error,TypeError,TypeError,ReferenceExecutionError,True,True,True
916,semantic-boundary-external-call,solidity,reentrancy,"{""account"":null,""amount"":""x"",""reenter"":1}",error,error,error,TypeError,TypeError,ReferenceExecutionError,True,True,True
917,semantic-boundary-external-call,solidity,reentrancy,"{""account"":null,""amount"":""x"",""reenter"":""""}",error,error,error,TypeError,TypeError,ReferenceExecutionError,True,True,True
918,semantic-boundary-external-call,solidity,reentrancy,"{""account"":null,""amount"":""x"",""reenter"":""x""}",error,error,error,TypeError,TypeError,ReferenceExecutionError,True,True,True
919,semantic-boundary-update-balance,solidity,reentrancy,"{""account"":""a"",""amount"":-1}",defined,defined,defined,,,,True,True,True
920,semantic-boundary-update-balance,solidity,reentrancy,"{""account"":""a"",""amount"":0}",defined,defined,defined,,,,True,True,True
921,semantic-boundary-update-balance,solidity,reentrancy,"{""account"":""a"",""amount"":1}",defined,defined,defined,,,,True,True,True
922,semantic-boundary-update-balance,solidity,reentrancy,"{""account"":""a"",""amount"":true}",error,error,error,TypeError,TypeError,ReferenceExecutionError,True,True,True
923,semantic-boundary-update-balance,solidity,reentrancy,"{""account"":""a"",""amount"":""x""}",error,error,error,TypeError,TypeError,ReferenceExecutionError,True,True,True
924,semantic-boundary-update-balance,solidity,reentrancy,"{""account"":1,""amount"":-1}",error,error,error,TypeError,TypeError,ReferenceExecutionError,True,True,True
925,semantic-boundary-update-balance,solidity,reentrancy,"{""account"":1,""amount"":0}",error,error,error,TypeError,TypeError,ReferenceExecutionError,True,True,True
926,semantic-boundary-update-balance,solidity,reentrancy,"{""account"":1,""amount"":1}",error,error,error,TypeError,TypeError,ReferenceExecutionError,True,True,True
927,semantic-boundary-update-balance,solidity,reentrancy,"{""account"":1,""amount"":true}",error,error,error,TypeError,TypeError,ReferenceExecutionError,True,True,True
928,semantic-boundary-update-balance,solidity,reentrancy,"{""account"":1,""amount"":""x""}",error,error,error,TypeError,TypeError,ReferenceExecutionError,True,True,True
929,semantic-boundary-update-balance,solidity,reentrancy,"{""account"":true,""amount"":-1}",error,error,error,TypeError,TypeError,ReferenceExecutionError,True,True,True
930,semantic-boundary-update-balance,solidity,reentrancy,"{""account"":true,""amount"":0}",error,error,error,TypeError,TypeError,ReferenceExecutionError,True,True,True
931,semantic-boundary-update-balance,solidity,reentrancy,"{""account"":true,""amount"":1}",error,error,error,TypeError,TypeError,ReferenceExecutionError,True,True,True
932,semantic-boundary-update-balance,solidity,reentrancy,"{""account"":true,""amount"":true}",error,error,error,TypeError,TypeError,ReferenceExecutionError,True,True,True
933,semantic-boundary-update-balance,solidity,reentrancy,"{""account"":true,""amount"":""x""}",error,error,error,TypeError,TypeError,ReferenceExecutionError,True,True,True
934,semantic-boundary-update-balance,solidity,reentrancy,"{""account"":null,""amount"":-1}",error,error,error,TypeError,TypeError,ReferenceExecutionError,True,True,True
935,semantic-boundary-update-balance,solidity,reentrancy,"{""account"":null,""amount"":0}",error,error,error,TypeError,TypeError,ReferenceExecutionError,True,True,True
936,semantic-boundary-update-balance,solidity,reentrancy,"{""account"":null,""amount"":1}",error,error,error,TypeError,TypeError,ReferenceExecutionError,True,True,True
937,semantic-boundary-update-balance,solidity,reentrancy,"{""account"":null,""amount"":true}",error,error,error,TypeError,TypeError,ReferenceExecutionError,True,True,True
938,semantic-boundary-update-balance,solidity,reentrancy,"{""account"":null,""amount"":""x""}",error,error,error,TypeError,TypeError,ReferenceExecutionError,True,True,True
939,semantic-boundary-call-sequence,solidity,unchecked_call,"{""success"":null,""value"":null}",defined,defined,defined,,,,True,True,True
940,semantic-boundary-call-sequence,solidity,unchecked_call,"{""success"":null,""value"":false}",defined,defined,defined,,,,True,True,True
941,semantic-boundary-call-sequence,solidity,unchecked_call,"{""success"":null,""value"":true}",defined,defined,defined,,,,True,True,True
942,semantic-boundary-call-sequence,solidity,unchecked_call,"{""success"":null,""value"":-1}",defined,defined,defined,,,,True,True,True
943,semantic-boundary-call-sequence,solidity,unchecked_call,"{""success"":null,""value"":0}",defined,defined,defined,,,,True,True,True
944,semantic-boundary-call-sequence,solidity,unchecked_call,"{""success"":null,""value"":1}",defined,defined,defined,,,,True,True,True
945,semantic-boundary-call-sequence,solidity,unchecked_call,"{""success"":null,""value"":""""}",defined,defined,defined,,,,True,True,True
946,semantic-boundary-call-sequence,solidity,unchecked_call,"{""success"":null,""value"":""x""}",defined,defined,defined,,,,True,True,True
947,semantic-boundary-call-sequence,solidity,unchecked_call,"{""success"":false,""value"":null}",defined,defined,defined,,,,True,True,True
948,semantic-boundary-call-sequence,solidity,unchecked_call,"{""success"":false,""value"":false}",defined,defined,defined,,,,True,True,True
949,semantic-boundary-call-sequence,solidity,unchecked_call,"{""success"":false,""value"":true}",defined,defined,defined,,,,True,True,True
950,semantic-boundary-call-sequence,solidity,unchecked_call,"{""success"":false,""value"":-1}",defined,defined,defined,,,,True,True,True
951,semantic-boundary-call-sequence,solidity,unchecked_call,"{""success"":false,""value"":0}",defined,defined,defined,,,,True,True,True
952,semantic-boundary-call-sequence,solidity,unchecked_call,"{""success"":false,""value"":1}",defined,defined,defined,,,,True,True,True
953,semantic-boundary-call-sequence,solidity,unchecked_call,"{""success"":false,""value"":""""}",defined,defined,defined,,,,True,True,True
954,semantic-boundary-call-sequence,solidity,unchecked_call,"{""success"":false,""value"":""x""}",defined,defined,defined,,,,True,True,True
955,semantic-boundary-call-sequence,solidity,unchecked_call,"{""success"":true,""value"":null}",defined,defined,defined,,,,True,True,True
956,semantic-boundary-call-sequence,solidity,unchecked_call,"{""success"":true,""value"":false}",defined,defined,defined,,,,True,True,True
957,semantic-boundary-call-sequence,solidity,unchecked_call,"{""success"":true,""value"":true}",defined,defined,defined,,,,True,True,True
958,semantic-boundary-call-sequence,solidity,unchecked_call,"{""success"":true,""value"":-1}",defined,defined,defined,,,,True,True,True
959,semantic-boundary-call-sequence,solidity,unchecked_call,"{""success"":true,""value"":0}",defined,defined,defined,,,,True,True,True
960,semantic-boundary-call-sequence,solidity,unchecked_call,"{""success"":true,""value"":1}",defined,defined,defined,,,,True,True,True
961,semantic-boundary-call-sequence,solidity,unchecked_call,"{""success"":true,""value"":""""}",defined,defined,defined,,,,True,True,True
962,semantic-boundary-call-sequence,solidity,unchecked_call,"{""success"":true,""value"":""x""}",defined,defined,defined,,,,True,True,True
963,semantic-boundary-call-sequence,solidity,unchecked_call,"{""success"":-1,""value"":null}",defined,defined,defined,,,,True,True,True
964,semantic-boundary-call-sequence,solidity,unchecked_call,"{""success"":-1,""value"":false}",defined,defined,defined,,,,True,True,True
965,semantic-boundary-call-sequence,solidity,unchecked_call,"{""success"":-1,""value"":true}",defined,defined,defined,,,,True,True,True
966,semantic-boundary-call-sequence,solidity,unchecked_call,"{""success"":-1,""value"":-1}",defined,defined,defined,,,,True,True,True
967,semantic-boundary-call-sequence,solidity,unchecked_call,"{""success"":-1,""value"":0}",defined,defined,defined,,,,True,True,True
968,semantic-boundary-call-sequence,solidity,unchecked_call,"{""success"":-1,""value"":1}",defined,defined,defined,,,,True,True,True
969,semantic-boundary-call-sequence,solidity,unchecked_call,"{""success"":-1,""value"":""""}",defined,defined,defined,,,,True,True,True
970,semantic-boundary-call-sequence,solidity,unchecked_call,"{""success"":-1,""value"":""x""}",defined,defined,defined,,,,True,True,True
971,semantic-boundary-call-sequence,solidity,unchecked_call,"{""success"":0,""value"":null}",defined,defined,defined,,,,True,True,True
972,semantic-boundary-call-sequence,solidity,unchecked_call,"{""success"":0,""value"":false}",defined,defined,defined,,,,True,True,True
973,semantic-boundary-call-sequence,solidity,unchecked_call,"{""success"":0,""value"":true}",defined,defined,defined,,,,True,True,True
974,semantic-boundary-call-sequence,solidity,unchecked_call,"{""success"":0,""value"":-1}",defined,defined,defined,,,,True,True,True
975,semantic-boundary-call-sequence,solidity,unchecked_call,"{""success"":0,""value"":0}",defined,defined,defined,,,,True,True,True
976,semantic-boundary-call-sequence,solidity,unchecked_call,"{""success"":0,""value"":1}",defined,defined,defined,,,,True,True,True
977,semantic-boundary-call-sequence,solidity,unchecked_call,"{""success"":0,""value"":""""}",defined,defined,defined,,,,True,True,True
978,semantic-boundary-call-sequence,solidity,unchecked_call,"{""success"":0,""value"":""x""}",defined,defined,defined,,,,True,True,True
979,semantic-boundary-call-sequence,solidity,unchecked_call,"{""success"":1,""value"":null}",defined,defined,defined,,,,True,True,True
980,semantic-boundary-call-sequence,solidity,unchecked_call,"{""success"":1,""value"":false}",defined,defined,defined,,,,True,True,True
981,semantic-boundary-call-sequence,solidity,unchecked_call,"{""success"":1,""value"":true}",defined,defined,defined,,,,True,True,True
982,semantic-boundary-call-sequence,solidity,unchecked_call,"{""success"":1,""value"":-1}",defined,defined,defined,,,,True,True,True
983,semantic-boundary-call-sequence,solidity,unchecked_call,"{""success"":1,""value"":0}",defined,defined,defined,,,,True,True,True
984,semantic-boundary-call-sequence,solidity,unchecked_call,"{""success"":1,""value"":1}",defined,defined,defined,,,,True,True,True
985,semantic-boundary-call-sequence,solidity,unchecked_call,"{""success"":1,""value"":""""}",defined,defined,defined,,,,True,True,True
986,semantic-boundary-call-sequence,solidity,unchecked_call,"{""success"":1,""value"":""x""}",defined,defined,defined,,,,True,True,True
987,semantic-boundary-call-sequence,solidity,unchecked_call,"{""success"":"""",""value"":null}",defined,defined,defined,,,,True,True,True
988,semantic-boundary-call-sequence,solidity,unchecked_call,"{""success"":"""",""value"":false}",defined,defined,defined,,,,True,True,True
989,semantic-boundary-call-sequence,solidity,unchecked_call,"{""success"":"""",""value"":true}",defined,defined,defined,,,,True,True,True
990,semantic-boundary-call-sequence,solidity,unchecked_call,"{""success"":"""",""value"":-1}",defined,defined,defined,,,,True,True,True
991,semantic-boundary-call-sequence,solidity,unchecked_call,"{""success"":"""",""value"":0}",defined,defined,defined,,,,True,True,True
992,semantic-boundary-call-sequence,solidity,unchecked_call,"{""success"":"""",""value"":1}",defined,defined,defined,,,,True,True,True
993,semantic-boundary-call-sequence,solidity,unchecked_call,"{""success"":"""",""value"":""""}",defined,defined,defined,,,,True,True,True
994,semantic-boundary-call-sequence,solidity,unchecked_call,"{""success"":"""",""value"":""x""}",defined,defined,defined,,,,True,True,True
995,semantic-boundary-call-sequence,solidity,unchecked_call,"{""success"":""x"",""value"":null}",defined,defined,defined,,,,True,True,True
996,semantic-boundary-call-sequence,solidity,unchecked_call,"{""success"":""x"",""value"":false}",defined,defined,defined,,,,True,True,True
997,semantic-boundary-call-sequence,solidity,unchecked_call,"{""success"":""x"",""value"":true}",defined,defined,defined,,,,True,True,True
998,semantic-boundary-call-sequence,solidity,unchecked_call,"{""success"":""x"",""value"":-1}",defined,defined,defined,,,,True,True,True
999,semantic-boundary-call-sequence,solidity,unchecked_call,"{""success"":""x"",""value"":0}",defined,defined,defined,,,,True,True,True
1000,semantic-boundary-call-sequence,solidity,unchecked_call,"{""success"":""x"",""value"":1}",defined,defined,defined,,,,True,True,True
1001,semantic-boundary-call-sequence,solidity,unchecked_call,"{""success"":""x"",""value"":""""}",defined,defined,defined,,,,True,True,True
1002,semantic-boundary-call-sequence,solidity,unchecked_call,"{""success"":""x"",""value"":""x""}",defined,defined,defined,,,,True,True,True
1003,semantic-boundary-commit-without-call,solidity,unchecked_call,"{""value"":null}",defined,defined,defined,,,,True,True,True
1004,semantic-boundary-commit-without-call,solidity,unchecked_call,"{""value"":false}",defined,defined,defined,,,,True,True,True
1005,semantic-boundary-commit-without-call,solidity,unchecked_call,"{""value"":true}",defined,defined,defined,,,,True,True,True
1006,semantic-boundary-commit-without-call,solidity,unchecked_call,"{""value"":-1}",defined,defined,defined,,,,True,True,True
1007,semantic-boundary-commit-without-call,solidity,unchecked_call,"{""value"":0}",defined,defined,defined,,,,True,True,True
1008,semantic-boundary-commit-without-call,solidity,unchecked_call,"{""value"":1}",defined,defined,defined,,,,True,True,True
1009,semantic-boundary-commit-without-call,solidity,unchecked_call,"{""value"":""""}",defined,defined,defined,,,,True,True,True
1010,semantic-boundary-commit-without-call,solidity,unchecked_call,"{""value"":""x""}",defined,defined,defined,,,,True,True,True
1011,semantic-boundary-check-without-call,solidity,unchecked_call,"{""x"":0}",defined,defined,defined,,,,True,True,True
1012,semantic-boundary-nop,c,bounds_write,"{""x"":0}",defined,defined,defined,,,,True,True,True
