pair_id,family,source_kind,class,transform,source_label,accepted,reason,obligations,certificate_bytes,elapsed_ms
gen-bounds_write-000,bounds_write,generated,root-preserving,root-stutter,vulnerable,True,accepted,25,231,1.338702
gen-bounds_write-000,bounds_write,generated,root-preserving,alpha-unused,vulnerable,True,accepted,25,269,1.301456
gen-bounds_write-000,bounds_write,generated,root-preserving,swap-independent,vulnerable,True,accepted,25,257,1.275386
gen-bounds_write-000,bounds_write,generated,root-preserving,root-stutter,patched,True,accepted,25,225,1.534253
gen-bounds_write-000,bounds_write,generated,root-preserving,alpha-unused,patched,True,accepted,25,263,1.549217
gen-bounds_write-000,bounds_write,generated,root-preserving,swap-independent,patched,True,accepted,25,251,1.479056
gen-bounds_write-000,bounds_write,generated,root-preserving,guard-dual,patched,True,accepted,25,221,1.552002
gen-bounds_write-000,bounds_write,generated,root-flipping,close-root,vulnerable,True,accepted,22,198,1.406847
gen-bounds_write-000,bounds_write,generated,root-flipping,open-root,patched,True,accepted,22,197,1.376225
gen-bounds_write-001,bounds_write,generated,root-preserving,root-stutter,vulnerable,True,accepted,25,231,1.250064
gen-bounds_write-001,bounds_write,generated,root-preserving,alpha-unused,vulnerable,True,accepted,25,269,1.19428
gen-bounds_write-001,bounds_write,generated,root-preserving,swap-independent,vulnerable,True,accepted,25,257,1.202707
gen-bounds_write-001,bounds_write,generated,root-preserving,root-stutter,patched,True,accepted,25,225,1.454004
gen-bounds_write-001,bounds_write,generated,root-preserving,alpha-unused,patched,True,accepted,25,263,1.441099
gen-bounds_write-001,bounds_write,generated,root-preserving,swap-independent,patched,True,accepted,25,251,1.4075
gen-bounds_write-001,bounds_write,generated,root-preserving,guard-dual,patched,True,accepted,25,221,1.420002
gen-bounds_write-001,bounds_write,generated,root-flipping,close-root,vulnerable,True,accepted,22,198,1.304068
gen-bounds_write-001,bounds_write,generated,root-flipping,open-root,patched,True,accepted,22,197,1.269219
gen-bounds_write-002,bounds_write,generated,root-preserving,root-stutter,vulnerable,True,accepted,25,231,1.223874
gen-bounds_write-002,bounds_write,generated,root-preserving,alpha-unused,vulnerable,True,accepted,25,269,1.199336
gen-bounds_write-002,bounds_write,generated,root-preserving,swap-independent,vulnerable,True,accepted,25,257,1.174967
gen-bounds_write-002,bounds_write,generated,root-preserving,root-stutter,patched,True,accepted,25,225,1.532584
gen-bounds_write-002,bounds_write,generated,root-preserving,alpha-unused,patched,True,accepted,25,263,1.496331
gen-bounds_write-002,bounds_write,generated,root-preserving,swap-independent,patched,True,accepted,25,251,1.45629
gen-bounds_write-002,bounds_write,generated,root-preserving,guard-dual,patched,True,accepted,25,221,1.445759
gen-bounds_write-002,bounds_write,generated,root-flipping,close-root,vulnerable,True,accepted,22,198,1.332934
gen-bounds_write-002,bounds_write,generated,root-flipping,open-root,patched,True,accepted,22,197,1.311662
gen-bounds_write-003,bounds_write,generated,root-preserving,root-stutter,vulnerable,True,accepted,25,231,1.2474
gen-bounds_write-003,bounds_write,generated,root-preserving,alpha-unused,vulnerable,True,accepted,25,269,1.227526
gen-bounds_write-003,bounds_write,generated,root-preserving,swap-independent,vulnerable,True,accepted,25,257,1.229319
gen-bounds_write-003,bounds_write,generated,root-preserving,root-stutter,patched,True,accepted,25,225,1.494863
gen-bounds_write-003,bounds_write,generated,root-preserving,alpha-unused,patched,True,accepted,25,263,1.472578
gen-bounds_write-003,bounds_write,generated,root-preserving,swap-independent,patched,True,accepted,25,251,1.456771
gen-bounds_write-003,bounds_write,generated,root-preserving,guard-dual,patched,True,accepted,25,221,1.451184
gen-bounds_write-003,bounds_write,generated,root-flipping,close-root,vulnerable,True,accepted,22,198,1.349927
gen-bounds_write-003,bounds_write,generated,root-flipping,open-root,patched,True,accepted,22,197,1.472673
gen-bounds_write-004,bounds_write,generated,root-preserving,root-stutter,vulnerable,True,accepted,25,231,1.276739
gen-bounds_write-004,bounds_write,generated,root-preserving,alpha-unused,vulnerable,True,accepted,25,269,1.269427
gen-bounds_write-004,bounds_write,generated,root-preserving,swap-independent,vulnerable,True,accepted,25,257,1.23591
gen-bounds_write-004,bounds_write,generated,root-preserving,root-stutter,patched,True,accepted,25,225,1.573948
gen-bounds_write-004,bounds_write,generated,root-preserving,alpha-unused,patched,True,accepted,25,263,1.510871
gen-bounds_write-004,bounds_write,generated,root-preserving,swap-independent,patched,True,accepted,25,251,1.481775
gen-bounds_write-004,bounds_write,generated,root-preserving,guard-dual,patched,True,accepted,25,221,1.465432
gen-bounds_write-004,bounds_write,generated,root-flipping,close-root,vulnerable,True,accepted,22,198,1.440308
gen-bounds_write-004,bounds_write,generated,root-flipping,open-root,patched,True,accepted,22,197,1.363307
gen-bounds_write-005,bounds_write,generated,root-preserving,root-stutter,vulnerable,True,accepted,25,231,1.271681
gen-bounds_write-005,bounds_write,generated,root-preserving,alpha-unused,vulnerable,True,accepted,25,269,1.172316
gen-bounds_write-005,bounds_write,generated,root-preserving,swap-independent,vulnerable,True,accepted,25,257,1.142202
gen-bounds_write-005,bounds_write,generated,root-preserving,root-stutter,patched,True,accepted,25,225,1.430684
gen-bounds_write-005,bounds_write,generated,root-preserving,alpha-unused,patched,True,accepted,25,263,1.400121
gen-bounds_write-005,bounds_write,generated,root-preserving,swap-independent,patched,True,accepted,25,251,1.372431
gen-bounds_write-005,bounds_write,generated,root-preserving,guard-dual,patched,True,accepted,25,221,1.396298
gen-bounds_write-005,bounds_write,generated,root-flipping,close-root,vulnerable,True,accepted,22,198,1.275509
gen-bounds_write-005,bounds_write,generated,root-flipping,open-root,patched,True,accepted,22,197,1.270375
gen-bounds_write-006,bounds_write,generated,root-preserving,root-stutter,vulnerable,True,accepted,25,231,1.217998
gen-bounds_write-006,bounds_write,generated,root-preserving,alpha-unused,vulnerable,True,accepted,25,269,1.258212
gen-bounds_write-006,bounds_write,generated,root-preserving,swap-independent,vulnerable,True,accepted,25,257,1.168543
gen-bounds_write-006,bounds_write,generated,root-preserving,root-stutter,patched,True,accepted,25,225,1.454292
gen-bounds_write-006,bounds_write,generated,root-preserving,alpha-unused,patched,True,accepted,25,263,1.476575
gen-bounds_write-006,bounds_write,generated,root-preserving,swap-independent,patched,True,accepted,25,251,1.43188
gen-bounds_write-006,bounds_write,generated,root-preserving,guard-dual,patched,True,accepted,25,221,1.424928
gen-bounds_write-006,bounds_write,generated,root-flipping,close-root,vulnerable,True,accepted,22,198,1.31382
gen-bounds_write-006,bounds_write,generated,root-flipping,open-root,patched,True,accepted,22,197,1.299503
gen-bounds_write-007,bounds_write,generated,root-preserving,root-stutter,vulnerable,True,accepted,25,231,1.217872
gen-bounds_write-007,bounds_write,generated,root-preserving,alpha-unused,vulnerable,True,accepted,25,269,1.221805
gen-bounds_write-007,bounds_write,generated,root-preserving,swap-independent,vulnerable,True,accepted,25,257,1.195289
gen-bounds_write-007,bounds_write,generated,root-preserving,root-stutter,patched,True,accepted,25,225,1.471215
gen-bounds_write-007,bounds_write,generated,root-preserving,alpha-unused,patched,True,accepted,25,263,1.532725
gen-bounds_write-007,bounds_write,generated,root-preserving,swap-independent,patched,True,accepted,25,251,1.480209
gen-bounds_write-007,bounds_write,generated,root-preserving,guard-dual,patched,True,accepted,25,221,1.462472
gen-bounds_write-007,bounds_write,generated,root-flipping,close-root,vulnerable,True,accepted,22,198,1.351606
gen-bounds_write-007,bounds_write,generated,root-flipping,open-root,patched,True,accepted,22,197,1.329237
gen-bounds_write-008,bounds_write,generated,root-preserving,root-stutter,vulnerable,True,accepted,25,231,1.261371
gen-bounds_write-008,bounds_write,generated,root-preserving,alpha-unused,vulnerable,True,accepted,25,269,1.612841
gen-bounds_write-008,bounds_write,generated,root-preserving,swap-independent,vulnerable,True,accepted,25,257,1.292688
gen-bounds_write-008,bounds_write,generated,root-preserving,root-stutter,patched,True,accepted,25,225,1.503698
gen-bounds_write-008,bounds_write,generated,root-preserving,alpha-unused,patched,True,accepted,25,263,1.505221
gen-bounds_write-008,bounds_write,generated,root-preserving,swap-independent,patched,True,accepted,25,251,1.532577
gen-bounds_write-008,bounds_write,generated,root-preserving,guard-dual,patched,True,accepted,25,221,1.493167
gen-bounds_write-008,bounds_write,generated,root-flipping,close-root,vulnerable,True,accepted,22,198,1.384216
gen-bounds_write-008,bounds_write,generated,root-flipping,open-root,patched,True,accepted,22,197,1.367195
gen-bounds_write-009,bounds_write,generated,root-preserving,root-stutter,vulnerable,True,accepted,25,231,1.168249
gen-bounds_write-009,bounds_write,generated,root-preserving,alpha-unused,vulnerable,True,accepted,25,269,1.171193
gen-bounds_write-009,bounds_write,generated,root-preserving,swap-independent,vulnerable,True,accepted,25,257,1.14926
gen-bounds_write-009,bounds_write,generated,root-preserving,root-stutter,patched,True,accepted,25,225,1.43866
gen-bounds_write-009,bounds_write,generated,root-preserving,alpha-unused,patched,True,accepted,25,263,1.405529
gen-bounds_write-009,bounds_write,generated,root-preserving,swap-independent,patched,True,accepted,25,251,1.384511
gen-bounds_write-009,bounds_write,generated,root-preserving,guard-dual,patched,True,accepted,25,221,1.406957
gen-bounds_write-009,bounds_write,generated,root-flipping,close-root,vulnerable,True,accepted,22,198,1.479704
gen-bounds_write-009,bounds_write,generated,root-flipping,open-root,patched,True,accepted,22,197,1.341507
gen-bounds_write-010,bounds_write,generated,root-preserving,root-stutter,vulnerable,True,accepted,25,231,1.221354
gen-bounds_write-010,bounds_write,generated,root-preserving,alpha-unused,vulnerable,True,accepted,25,269,1.258994
gen-bounds_write-010,bounds_write,generated,root-preserving,swap-independent,vulnerable,True,accepted,25,257,1.189863
gen-bounds_write-010,bounds_write,generated,root-preserving,root-stutter,patched,True,accepted,25,225,1.615665
gen-bounds_write-010,bounds_write,generated,root-preserving,alpha-unused,patched,True,accepted,25,263,1.479909
gen-bounds_write-010,bounds_write,generated,root-preserving,swap-independent,patched,True,accepted,25,251,1.420663
gen-bounds_write-010,bounds_write,generated,root-preserving,guard-dual,patched,True,accepted,25,221,1.424787
gen-bounds_write-010,bounds_write,generated,root-flipping,close-root,vulnerable,True,accepted,22,198,1.325895
gen-bounds_write-010,bounds_write,generated,root-flipping,open-root,patched,True,accepted,22,197,1.30994
gen-bounds_write-011,bounds_write,generated,root-preserving,root-stutter,vulnerable,True,accepted,25,231,1.234946
gen-bounds_write-011,bounds_write,generated,root-preserving,alpha-unused,vulnerable,True,accepted,25,269,1.267003
gen-bounds_write-011,bounds_write,generated,root-preserving,swap-independent,vulnerable,True,accepted,25,257,1.217256
gen-bounds_write-011,bounds_write,generated,root-preserving,root-stutter,patched,True,accepted,25,225,1.576183
gen-bounds_write-011,bounds_write,generated,root-preserving,alpha-unused,patched,True,accepted,25,263,1.475048
gen-bounds_write-011,bounds_write,generated,root-preserving,swap-independent,patched,True,accepted,25,251,1.58729
gen-bounds_write-011,bounds_write,generated,root-preserving,guard-dual,patched,True,accepted,25,221,1.491004
gen-bounds_write-011,bounds_write,generated,root-flipping,close-root,vulnerable,True,accepted,22,198,1.363728
gen-bounds_write-011,bounds_write,generated,root-flipping,open-root,patched,True,accepted,22,197,1.335844
gen-bounds_write-012,bounds_write,generated,root-preserving,root-stutter,vulnerable,True,accepted,25,231,1.264345
gen-bounds_write-012,bounds_write,generated,root-preserving,alpha-unused,vulnerable,True,accepted,25,269,1.270547
gen-bounds_write-012,bounds_write,generated,root-preserving,swap-independent,vulnerable,True,accepted,25,257,1.231672
gen-bounds_write-012,bounds_write,generated,root-preserving,root-stutter,patched,True,accepted,25,225,1.530462
gen-bounds_write-012,bounds_write,generated,root-preserving,alpha-unused,patched,True,accepted,25,263,1.553006
gen-bounds_write-012,bounds_write,generated,root-preserving,swap-independent,patched,True,accepted,25,251,1.498555
gen-bounds_write-012,bounds_write,generated,root-preserving,guard-dual,patched,True,accepted,25,221,1.485752
gen-bounds_write-012,bounds_write,generated,root-flipping,close-root,vulnerable,True,accepted,22,198,1.393806
gen-bounds_write-012,bounds_write,generated,root-flipping,open-root,patched,True,accepted,22,197,1.34845
gen-bounds_write-013,bounds_write,generated,root-preserving,root-stutter,vulnerable,True,accepted,25,231,1.182662
gen-bounds_write-013,bounds_write,generated,root-preserving,alpha-unused,vulnerable,True,accepted,25,269,1.195102
gen-bounds_write-013,bounds_write,generated,root-preserving,swap-independent,vulnerable,True,accepted,25,257,1.14032
gen-bounds_write-013,bounds_write,generated,root-preserving,root-stutter,patched,True,accepted,25,225,1.443908
gen-bounds_write-013,bounds_write,generated,root-preserving,alpha-unused,patched,True,accepted,25,263,1.422084
gen-bounds_write-013,bounds_write,generated,root-preserving,swap-independent,patched,True,accepted,25,251,1.382753
gen-bounds_write-013,bounds_write,generated,root-preserving,guard-dual,patched,True,accepted,25,221,1.403612
gen-bounds_write-013,bounds_write,generated,root-flipping,close-root,vulnerable,True,accepted,22,198,1.359771
gen-bounds_write-013,bounds_write,generated,root-flipping,open-root,patched,True,accepted,22,197,1.285424
gen-bounds_write-014,bounds_write,generated,root-preserving,root-stutter,vulnerable,True,accepted,25,231,1.216102
gen-bounds_write-014,bounds_write,generated,root-preserving,alpha-unused,vulnerable,True,accepted,25,269,1.21295
gen-bounds_write-014,bounds_write,generated,root-preserving,swap-independent,vulnerable,True,accepted,25,257,1.174051
gen-bounds_write-014,bounds_write,generated,root-preserving,root-stutter,patched,True,accepted,25,225,1.455345
gen-bounds_write-014,bounds_write,generated,root-preserving,alpha-unused,patched,True,accepted,25,263,1.446228
gen-bounds_write-014,bounds_write,generated,root-preserving,swap-independent,patched,True,accepted,25,251,1.414377
gen-bounds_write-014,bounds_write,generated,root-preserving,guard-dual,patched,True,accepted,25,221,1.44016
gen-bounds_write-014,bounds_write,generated,root-flipping,close-root,vulnerable,True,accepted,22,198,1.321308
gen-bounds_write-014,bounds_write,generated,root-flipping,open-root,patched,True,accepted,22,197,1.292985
gen-bounds_write-015,bounds_write,generated,root-preserving,root-stutter,vulnerable,True,accepted,25,231,1.22606
gen-bounds_write-015,bounds_write,generated,root-preserving,alpha-unused,vulnerable,True,accepted,25,269,1.221356
gen-bounds_write-015,bounds_write,generated,root-preserving,swap-independent,vulnerable,True,accepted,25,257,1.287467
gen-bounds_write-015,bounds_write,generated,root-preserving,root-stutter,patched,True,accepted,25,225,1.479847
gen-bounds_write-015,bounds_write,generated,root-preserving,alpha-unused,patched,True,accepted,25,263,1.478136
gen-bounds_write-015,bounds_write,generated,root-preserving,swap-independent,patched,True,accepted,25,251,1.446422
gen-bounds_write-015,bounds_write,generated,root-preserving,guard-dual,patched,True,accepted,25,221,1.458182
gen-bounds_write-015,bounds_write,generated,root-flipping,close-root,vulnerable,True,accepted,22,198,1.355217
gen-bounds_write-015,bounds_write,generated,root-flipping,open-root,patched,True,accepted,22,197,1.330802
gen-bounds_write-016,bounds_write,generated,root-preserving,root-stutter,vulnerable,True,accepted,25,231,1.258369
gen-bounds_write-016,bounds_write,generated,root-preserving,alpha-unused,vulnerable,True,accepted,25,269,1.263923
gen-bounds_write-016,bounds_write,generated,root-preserving,swap-independent,vulnerable,True,accepted,25,257,1.22312
gen-bounds_write-016,bounds_write,generated,root-preserving,root-stutter,patched,True,accepted,25,225,1.490484
gen-bounds_write-016,bounds_write,generated,root-preserving,alpha-unused,patched,True,accepted,25,263,1.557718
gen-bounds_write-016,bounds_write,generated,root-preserving,swap-independent,patched,True,accepted,25,251,1.501461
gen-bounds_write-016,bounds_write,generated,root-preserving,guard-dual,patched,True,accepted,25,221,1.476458
gen-bounds_write-016,bounds_write,generated,root-flipping,close-root,vulnerable,True,accepted,22,198,1.37842
gen-bounds_write-016,bounds_write,generated,root-flipping,open-root,patched,True,accepted,22,197,1.352652
gen-bounds_write-017,bounds_write,generated,root-preserving,root-stutter,vulnerable,True,accepted,25,231,1.164911
gen-bounds_write-017,bounds_write,generated,root-preserving,alpha-unused,vulnerable,True,accepted,25,269,1.159107
gen-bounds_write-017,bounds_write,generated,root-preserving,swap-independent,vulnerable,True,accepted,25,257,1.145699
gen-bounds_write-017,bounds_write,generated,root-preserving,root-stutter,patched,True,accepted,25,225,1.423273
gen-bounds_write-017,bounds_write,generated,root-preserving,alpha-unused,patched,True,accepted,25,263,1.427671
gen-bounds_write-017,bounds_write,generated,root-preserving,swap-independent,patched,True,accepted,25,251,1.402154
gen-bounds_write-017,bounds_write,generated,root-preserving,guard-dual,patched,True,accepted,25,221,1.39454
gen-bounds_write-017,bounds_write,generated,root-flipping,close-root,vulnerable,True,accepted,22,198,1.27809
gen-bounds_write-017,bounds_write,generated,root-flipping,open-root,patched,True,accepted,22,197,1.276824
gen-bounds_write-018,bounds_write,generated,root-preserving,root-stutter,vulnerable,True,accepted,25,231,1.293016
gen-bounds_write-018,bounds_write,generated,root-preserving,alpha-unused,vulnerable,True,accepted,25,269,1.268582
gen-bounds_write-018,bounds_write,generated,root-preserving,swap-independent,vulnerable,True,accepted,25,257,1.182583
gen-bounds_write-018,bounds_write,generated,root-preserving,root-stutter,patched,True,accepted,25,225,1.479047
gen-bounds_write-018,bounds_write,generated,root-preserving,alpha-unused,patched,True,accepted,25,263,1.428763
gen-bounds_write-018,bounds_write,generated,root-preserving,swap-independent,patched,True,accepted,25,251,1.414317
gen-bounds_write-018,bounds_write,generated,root-preserving,guard-dual,patched,True,accepted,25,221,1.439806
gen-bounds_write-018,bounds_write,generated,root-flipping,close-root,vulnerable,True,accepted,22,198,1.314594
gen-bounds_write-018,bounds_write,generated,root-flipping,open-root,patched,True,accepted,22,197,1.295254
gen-bounds_write-019,bounds_write,generated,root-preserving,root-stutter,vulnerable,True,accepted,25,231,1.215317
gen-bounds_write-019,bounds_write,generated,root-preserving,alpha-unused,vulnerable,True,accepted,25,269,1.222925
gen-bounds_write-019,bounds_write,generated,root-preserving,swap-independent,vulnerable,True,accepted,25,257,1.222286
gen-bounds_write-019,bounds_write,generated,root-preserving,root-stutter,patched,True,accepted,25,225,1.704852
gen-bounds_write-019,bounds_write,generated,root-preserving,alpha-unused,patched,True,accepted,25,263,1.526631
gen-bounds_write-019,bounds_write,generated,root-preserving,swap-independent,patched,True,accepted,25,251,1.460163
gen-bounds_write-019,bounds_write,generated,root-preserving,guard-dual,patched,True,accepted,25,221,1.467178
gen-bounds_write-019,bounds_write,generated,root-flipping,close-root,vulnerable,True,accepted,22,198,1.36475
gen-bounds_write-019,bounds_write,generated,root-flipping,open-root,patched,True,accepted,22,197,1.327224
gen-bounds_write-020,bounds_write,generated,root-preserving,root-stutter,vulnerable,True,accepted,25,231,1.253024
gen-bounds_write-020,bounds_write,generated,root-preserving,alpha-unused,vulnerable,True,accepted,25,269,1.266043
gen-bounds_write-020,bounds_write,generated,root-preserving,swap-independent,vulnerable,True,accepted,25,257,1.233124
gen-bounds_write-020,bounds_write,generated,root-preserving,root-stutter,patched,True,accepted,25,225,1.495446
gen-bounds_write-020,bounds_write,generated,root-preserving,alpha-unused,patched,True,accepted,25,263,1.495742
gen-bounds_write-020,bounds_write,generated,root-preserving,swap-independent,patched,True,accepted,25,251,1.471955
gen-bounds_write-020,bounds_write,generated,root-preserving,guard-dual,patched,True,accepted,25,221,1.481655
gen-bounds_write-020,bounds_write,generated,root-flipping,close-root,vulnerable,True,accepted,22,198,1.372127
gen-bounds_write-020,bounds_write,generated,root-flipping,open-root,patched,True,accepted,22,197,1.608063
gen-bounds_write-021,bounds_write,generated,root-preserving,root-stutter,vulnerable,True,accepted,25,231,1.208124
gen-bounds_write-021,bounds_write,generated,root-preserving,alpha-unused,vulnerable,True,accepted,25,269,1.164423
gen-bounds_write-021,bounds_write,generated,root-preserving,swap-independent,vulnerable,True,accepted,25,257,1.202386
gen-bounds_write-021,bounds_write,generated,root-preserving,root-stutter,patched,True,accepted,25,225,1.450611
gen-bounds_write-021,bounds_write,generated,root-preserving,alpha-unused,patched,True,accepted,25,263,1.421221
gen-bounds_write-021,bounds_write,generated,root-preserving,swap-independent,patched,True,accepted,25,251,1.384988
gen-bounds_write-021,bounds_write,generated,root-preserving,guard-dual,patched,True,accepted,25,221,1.398299
gen-bounds_write-021,bounds_write,generated,root-flipping,close-root,vulnerable,True,accepted,22,198,1.299427
gen-bounds_write-021,bounds_write,generated,root-flipping,open-root,patched,True,accepted,22,197,1.287022
gen-bounds_write-022,bounds_write,generated,root-preserving,root-stutter,vulnerable,True,accepted,25,231,1.210862
gen-bounds_write-022,bounds_write,generated,root-preserving,alpha-unused,vulnerable,True,accepted,25,269,1.211146
gen-bounds_write-022,bounds_write,generated,root-preserving,swap-independent,vulnerable,True,accepted,25,257,1.175392
gen-bounds_write-022,bounds_write,generated,root-preserving,root-stutter,patched,True,accepted,25,225,1.53946
gen-bounds_write-022,bounds_write,generated,root-preserving,alpha-unused,patched,True,accepted,25,263,1.456617
gen-bounds_write-022,bounds_write,generated,root-preserving,swap-independent,patched,True,accepted,25,251,1.436061
gen-bounds_write-022,bounds_write,generated,root-preserving,guard-dual,patched,True,accepted,25,221,1.449595
gen-bounds_write-022,bounds_write,generated,root-flipping,close-root,vulnerable,True,accepted,22,198,1.310427
gen-bounds_write-022,bounds_write,generated,root-flipping,open-root,patched,True,accepted,22,197,1.314293
gen-bounds_write-023,bounds_write,generated,root-preserving,root-stutter,vulnerable,True,accepted,25,231,1.246235
gen-bounds_write-023,bounds_write,generated,root-preserving,alpha-unused,vulnerable,True,accepted,25,269,1.258811
gen-bounds_write-023,bounds_write,generated,root-preserving,swap-independent,vulnerable,True,accepted,25,257,1.212721
gen-bounds_write-023,bounds_write,generated,root-preserving,root-stutter,patched,True,accepted,25,225,1.487048
gen-bounds_write-023,bounds_write,generated,root-preserving,alpha-unused,patched,True,accepted,25,263,1.475247
gen-bounds_write-023,bounds_write,generated,root-preserving,swap-independent,patched,True,accepted,25,251,1.62579
gen-bounds_write-023,bounds_write,generated,root-preserving,guard-dual,patched,True,accepted,25,221,1.55751
gen-bounds_write-023,bounds_write,generated,root-flipping,close-root,vulnerable,True,accepted,22,198,1.357508
gen-bounds_write-023,bounds_write,generated,root-flipping,open-root,patched,True,accepted,22,197,1.397208
gen-bounds_write-024,bounds_write,generated,root-preserving,root-stutter,vulnerable,True,accepted,25,231,1.252144
gen-bounds_write-024,bounds_write,generated,root-preserving,alpha-unused,vulnerable,True,accepted,25,269,1.273491
gen-bounds_write-024,bounds_write,generated,root-preserving,swap-independent,vulnerable,True,accepted,25,257,1.223651
gen-bounds_write-024,bounds_write,generated,root-preserving,root-stutter,patched,True,accepted,25,225,1.507909
gen-bounds_write-024,bounds_write,generated,root-preserving,alpha-unused,patched,True,accepted,25,263,1.5042
gen-bounds_write-024,bounds_write,generated,root-preserving,swap-independent,patched,True,accepted,25,251,1.469925
gen-bounds_write-024,bounds_write,generated,root-preserving,guard-dual,patched,True,accepted,25,221,1.494096
gen-bounds_write-024,bounds_write,generated,root-flipping,close-root,vulnerable,True,accepted,22,198,1.367968
gen-bounds_write-024,bounds_write,generated,root-flipping,open-root,patched,True,accepted,22,197,1.346075
gen-bounds_write-025,bounds_write,generated,root-preserving,root-stutter,vulnerable,True,accepted,25,231,1.184079
gen-bounds_write-025,bounds_write,generated,root-preserving,alpha-unused,vulnerable,True,accepted,25,269,1.235556
gen-bounds_write-025,bounds_write,generated,root-preserving,swap-independent,vulnerable,True,accepted,25,257,1.186563
gen-bounds_write-025,bounds_write,generated,root-preserving,root-stutter,patched,True,accepted,25,225,1.426789
gen-bounds_write-025,bounds_write,generated,root-preserving,alpha-unused,patched,True,accepted,25,263,1.4231
gen-bounds_write-025,bounds_write,generated,root-preserving,swap-independent,patched,True,accepted,25,251,1.420889
gen-bounds_write-025,bounds_write,generated,root-preserving,guard-dual,patched,True,accepted,25,221,1.411393
gen-bounds_write-025,bounds_write,generated,root-flipping,close-root,vulnerable,True,accepted,22,198,1.29945
gen-bounds_write-025,bounds_write,generated,root-flipping,open-root,patched,True,accepted,22,197,1.290682
gen-bounds_write-026,bounds_write,generated,root-preserving,root-stutter,vulnerable,True,accepted,25,231,1.221302
gen-bounds_write-026,bounds_write,generated,root-preserving,alpha-unused,vulnerable,True,accepted,25,269,1.216663
gen-bounds_write-026,bounds_write,generated,root-preserving,swap-independent,vulnerable,True,accepted,25,257,1.166554
gen-bounds_write-026,bounds_write,generated,root-preserving,root-stutter,patched,True,accepted,25,225,1.455104
gen-bounds_write-026,bounds_write,generated,root-preserving,alpha-unused,patched,True,accepted,25,263,1.522139
gen-bounds_write-026,bounds_write,generated,root-preserving,swap-independent,patched,True,accepted,25,251,1.439762
gen-bounds_write-026,bounds_write,generated,root-preserving,guard-dual,patched,True,accepted,25,221,1.443672
gen-bounds_write-026,bounds_write,generated,root-flipping,close-root,vulnerable,True,accepted,22,198,1.31029
gen-bounds_write-026,bounds_write,generated,root-flipping,open-root,patched,True,accepted,22,197,1.337883
gen-bounds_write-027,bounds_write,generated,root-preserving,root-stutter,vulnerable,True,accepted,25,231,1.250855
gen-bounds_write-027,bounds_write,generated,root-preserving,alpha-unused,vulnerable,True,accepted,25,269,1.227942
gen-bounds_write-027,bounds_write,generated,root-preserving,swap-independent,vulnerable,True,accepted,25,257,1.222592
gen-bounds_write-027,bounds_write,generated,root-preserving,root-stutter,patched,True,accepted,25,225,1.465891
gen-bounds_write-027,bounds_write,generated,root-preserving,alpha-unused,patched,True,accepted,25,263,1.484352
gen-bounds_write-027,bounds_write,generated,root-preserving,swap-independent,patched,True,accepted,25,251,1.435184
gen-bounds_write-027,bounds_write,generated,root-preserving,guard-dual,patched,True,accepted,25,221,1.473398
gen-bounds_write-027,bounds_write,generated,root-flipping,close-root,vulnerable,True,accepted,22,198,1.354662
gen-bounds_write-027,bounds_write,generated,root-flipping,open-root,patched,True,accepted,22,197,1.330542
gen-bounds_write-028,bounds_write,generated,root-preserving,root-stutter,vulnerable,True,accepted,25,231,1.352959
gen-bounds_write-028,bounds_write,generated,root-preserving,alpha-unused,vulnerable,True,accepted,25,269,1.270981
gen-bounds_write-028,bounds_write,generated,root-preserving,swap-independent,vulnerable,True,accepted,25,257,1.244684
gen-bounds_write-028,bounds_write,generated,root-preserving,root-stutter,patched,True,accepted,25,225,1.500699
gen-bounds_write-028,bounds_write,generated,root-preserving,alpha-unused,patched,True,accepted,25,263,1.506428
gen-bounds_write-028,bounds_write,generated,root-preserving,swap-independent,patched,True,accepted,25,251,1.482856
gen-bounds_write-028,bounds_write,generated,root-preserving,guard-dual,patched,True,accepted,25,221,1.486473
gen-bounds_write-028,bounds_write,generated,root-flipping,close-root,vulnerable,True,accepted,22,198,1.362273
gen-bounds_write-028,bounds_write,generated,root-flipping,open-root,patched,True,accepted,22,197,1.35328
gen-bounds_write-029,bounds_write,generated,root-preserving,root-stutter,vulnerable,True,accepted,25,231,1.178616
gen-bounds_write-029,bounds_write,generated,root-preserving,alpha-unused,vulnerable,True,accepted,25,269,1.159526
gen-bounds_write-029,bounds_write,generated,root-preserving,swap-independent,vulnerable,True,accepted,25,257,1.127775
gen-bounds_write-029,bounds_write,generated,root-preserving,root-stutter,patched,True,accepted,25,225,1.561616
gen-bounds_write-029,bounds_write,generated,root-preserving,alpha-unused,patched,True,accepted,25,263,1.533411
gen-bounds_write-029,bounds_write,generated,root-preserving,swap-independent,patched,True,accepted,25,251,1.430502
gen-bounds_write-029,bounds_write,generated,root-preserving,guard-dual,patched,True,accepted,25,221,1.399201
gen-bounds_write-029,bounds_write,generated,root-flipping,close-root,vulnerable,True,accepted,22,198,1.486642
gen-bounds_write-029,bounds_write,generated,root-flipping,open-root,patched,True,accepted,22,197,1.296298
gen-bounds_write-030,bounds_write,generated,root-preserving,root-stutter,vulnerable,True,accepted,25,231,1.252374
gen-bounds_write-030,bounds_write,generated,root-preserving,alpha-unused,vulnerable,True,accepted,25,269,1.202154
gen-bounds_write-030,bounds_write,generated,root-preserving,swap-independent,vulnerable,True,accepted,25,257,1.166455
gen-bounds_write-030,bounds_write,generated,root-preserving,root-stutter,patched,True,accepted,25,225,1.451742
gen-bounds_write-030,bounds_write,generated,root-preserving,alpha-unused,patched,True,accepted,25,263,1.440852
gen-bounds_write-030,bounds_write,generated,root-preserving,swap-independent,patched,True,accepted,25,251,1.419273
gen-bounds_write-030,bounds_write,generated,root-preserving,guard-dual,patched,True,accepted,25,221,1.463159
gen-bounds_write-030,bounds_write,generated,root-flipping,close-root,vulnerable,True,accepted,22,198,1.372938
gen-bounds_write-030,bounds_write,generated,root-flipping,open-root,patched,True,accepted,22,197,1.38251
gen-bounds_write-031,bounds_write,generated,root-preserving,root-stutter,vulnerable,True,accepted,25,231,1.390064
gen-bounds_write-031,bounds_write,generated,root-preserving,alpha-unused,vulnerable,True,accepted,25,269,1.230311
gen-bounds_write-031,bounds_write,generated,root-preserving,swap-independent,vulnerable,True,accepted,25,257,1.207762
gen-bounds_write-031,bounds_write,generated,root-preserving,root-stutter,patched,True,accepted,25,225,1.474829
gen-bounds_write-031,bounds_write,generated,root-preserving,alpha-unused,patched,True,accepted,25,263,1.470737
gen-bounds_write-031,bounds_write,generated,root-preserving,swap-independent,patched,True,accepted,25,251,1.47909
gen-bounds_write-031,bounds_write,generated,root-preserving,guard-dual,patched,True,accepted,25,221,1.443456
gen-bounds_write-031,bounds_write,generated,root-flipping,close-root,vulnerable,True,accepted,22,198,1.350391
gen-bounds_write-031,bounds_write,generated,root-flipping,open-root,patched,True,accepted,22,197,1.320629
gen-bounds_write-032,bounds_write,generated,root-preserving,root-stutter,vulnerable,True,accepted,25,231,1.262813
gen-bounds_write-032,bounds_write,generated,root-preserving,alpha-unused,vulnerable,True,accepted,25,269,1.262394
gen-bounds_write-032,bounds_write,generated,root-preserving,swap-independent,vulnerable,True,accepted,25,257,1.233765
gen-bounds_write-032,bounds_write,generated,root-preserving,root-stutter,patched,True,accepted,25,225,1.628833
gen-bounds_write-032,bounds_write,generated,root-preserving,alpha-unused,patched,True,accepted,25,263,1.508347
gen-bounds_write-032,bounds_write,generated,root-preserving,swap-independent,patched,True,accepted,25,251,1.490697
gen-bounds_write-032,bounds_write,generated,root-preserving,guard-dual,patched,True,accepted,25,221,1.491129
gen-bounds_write-032,bounds_write,generated,root-flipping,close-root,vulnerable,True,accepted,22,198,1.366824
gen-bounds_write-032,bounds_write,generated,root-flipping,open-root,patched,True,accepted,22,197,1.35884
gen-bounds_write-033,bounds_write,generated,root-preserving,root-stutter,vulnerable,True,accepted,25,231,1.173237
gen-bounds_write-033,bounds_write,generated,root-preserving,alpha-unused,vulnerable,True,accepted,25,269,1.213567
gen-bounds_write-033,bounds_write,generated,root-preserving,swap-independent,vulnerable,True,accepted,25,257,1.159019
gen-bounds_write-033,bounds_write,generated,root-preserving,root-stutter,patched,True,accepted,25,225,1.414906
gen-bounds_write-033,bounds_write,generated,root-preserving,alpha-unused,patched,True,accepted,25,263,1.421651
gen-bounds_write-033,bounds_write,generated,root-preserving,swap-independent,patched,True,accepted,25,251,1.396237
gen-bounds_write-033,bounds_write,generated,root-preserving,guard-dual,patched,True,accepted,25,221,1.486107
gen-bounds_write-033,bounds_write,generated,root-flipping,close-root,vulnerable,True,accepted,22,198,1.321645
gen-bounds_write-033,bounds_write,generated,root-flipping,open-root,patched,True,accepted,22,197,1.290113
gen-bounds_write-034,bounds_write,generated,root-preserving,root-stutter,vulnerable,True,accepted,25,231,1.268429
gen-bounds_write-034,bounds_write,generated,root-preserving,alpha-unused,vulnerable,True,accepted,25,269,1.200215
gen-bounds_write-034,bounds_write,generated,root-preserving,swap-independent,vulnerable,True,accepted,25,257,1.166571
gen-bounds_write-034,bounds_write,generated,root-preserving,root-stutter,patched,True,accepted,25,225,1.446872
gen-bounds_write-034,bounds_write,generated,root-preserving,alpha-unused,patched,True,accepted,25,263,1.451988
gen-bounds_write-034,bounds_write,generated,root-preserving,swap-independent,patched,True,accepted,25,251,1.397792
gen-bounds_write-034,bounds_write,generated,root-preserving,guard-dual,patched,True,accepted,25,221,1.42872
gen-bounds_write-034,bounds_write,generated,root-flipping,close-root,vulnerable,True,accepted,22,198,1.308982
gen-bounds_write-034,bounds_write,generated,root-flipping,open-root,patched,True,accepted,22,197,1.289009
gen-bounds_write-035,bounds_write,generated,root-preserving,root-stutter,vulnerable,True,accepted,25,231,1.264535
gen-bounds_write-035,bounds_write,generated,root-preserving,alpha-unused,vulnerable,True,accepted,25,269,1.287241
gen-bounds_write-035,bounds_write,generated,root-preserving,swap-independent,vulnerable,True,accepted,25,257,1.224225
gen-bounds_write-035,bounds_write,generated,root-preserving,root-stutter,patched,True,accepted,25,225,1.473415
gen-bounds_write-035,bounds_write,generated,root-preserving,alpha-unused,patched,True,accepted,25,263,1.476943
gen-bounds_write-035,bounds_write,generated,root-preserving,swap-independent,patched,True,accepted,25,251,1.448781
gen-bounds_write-035,bounds_write,generated,root-preserving,guard-dual,patched,True,accepted,25,221,1.457853
gen-bounds_write-035,bounds_write,generated,root-flipping,close-root,vulnerable,True,accepted,22,198,1.350965
gen-bounds_write-035,bounds_write,generated,root-flipping,open-root,patched,True,accepted,22,197,1.308425
gen-bounds_write-036,bounds_write,generated,root-preserving,root-stutter,vulnerable,True,accepted,25,231,1.267834
gen-bounds_write-036,bounds_write,generated,root-preserving,alpha-unused,vulnerable,True,accepted,25,269,1.255755
gen-bounds_write-036,bounds_write,generated,root-preserving,swap-independent,vulnerable,True,accepted,25,257,1.216556
gen-bounds_write-036,bounds_write,generated,root-preserving,root-stutter,patched,True,accepted,25,225,1.521868
gen-bounds_write-036,bounds_write,generated,root-preserving,alpha-unused,patched,True,accepted,25,263,1.728441
gen-bounds_write-036,bounds_write,generated,root-preserving,swap-independent,patched,True,accepted,25,251,1.525444
gen-bounds_write-036,bounds_write,generated,root-preserving,guard-dual,patched,True,accepted,25,221,1.483065
gen-bounds_write-036,bounds_write,generated,root-flipping,close-root,vulnerable,True,accepted,22,198,1.379835
gen-bounds_write-036,bounds_write,generated,root-flipping,open-root,patched,True,accepted,22,197,1.345358
gen-bounds_write-037,bounds_write,generated,root-preserving,root-stutter,vulnerable,True,accepted,25,231,1.204629
gen-bounds_write-037,bounds_write,generated,root-preserving,alpha-unused,vulnerable,True,accepted,25,269,1.169434
gen-bounds_write-037,bounds_write,generated,root-preserving,swap-independent,vulnerable,True,accepted,25,257,1.144088
gen-bounds_write-037,bounds_write,generated,root-preserving,root-stutter,patched,True,accepted,25,225,1.434238
gen-bounds_write-037,bounds_write,generated,root-preserving,alpha-unused,patched,True,accepted,25,263,1.479061
gen-bounds_write-037,bounds_write,generated,root-preserving,swap-independent,patched,True,accepted,25,251,1.382389
gen-bounds_write-037,bounds_write,generated,root-preserving,guard-dual,patched,True,accepted,25,221,1.406496
gen-bounds_write-037,bounds_write,generated,root-flipping,close-root,vulnerable,True,accepted,22,198,1.292784
gen-bounds_write-037,bounds_write,generated,root-flipping,open-root,patched,True,accepted,22,197,1.29948
gen-bounds_write-038,bounds_write,generated,root-preserving,root-stutter,vulnerable,True,accepted,25,231,1.291975
gen-bounds_write-038,bounds_write,generated,root-preserving,alpha-unused,vulnerable,True,accepted,25,269,1.274497
gen-bounds_write-038,bounds_write,generated,root-preserving,swap-independent,vulnerable,True,accepted,25,257,1.195277
gen-bounds_write-038,bounds_write,generated,root-preserving,root-stutter,patched,True,accepted,25,225,1.450404
gen-bounds_write-038,bounds_write,generated,root-preserving,alpha-unused,patched,True,accepted,25,263,1.446303
gen-bounds_write-038,bounds_write,generated,root-preserving,swap-independent,patched,True,accepted,25,251,1.404971
gen-bounds_write-038,bounds_write,generated,root-preserving,guard-dual,patched,True,accepted,25,221,1.426036
gen-bounds_write-038,bounds_write,generated,root-flipping,close-root,vulnerable,True,accepted,22,198,1.310145
gen-bounds_write-038,bounds_write,generated,root-flipping,open-root,patched,True,accepted,22,197,1.287538
gen-bounds_write-039,bounds_write,generated,root-preserving,root-stutter,vulnerable,True,accepted,25,231,1.25164
gen-bounds_write-039,bounds_write,generated,root-preserving,alpha-unused,vulnerable,True,accepted,25,269,1.212625
gen-bounds_write-039,bounds_write,generated,root-preserving,swap-independent,vulnerable,True,accepted,25,257,1.185623
gen-bounds_write-039,bounds_write,generated,root-preserving,root-stutter,patched,True,accepted,25,225,1.562181
gen-bounds_write-039,bounds_write,generated,root-preserving,alpha-unused,patched,True,accepted,25,263,1.500313
gen-bounds_write-039,bounds_write,generated,root-preserving,swap-independent,patched,True,accepted,25,251,1.45726
gen-bounds_write-039,bounds_write,generated,root-preserving,guard-dual,patched,True,accepted,25,221,1.454155
gen-bounds_write-039,bounds_write,generated,root-flipping,close-root,vulnerable,True,accepted,22,198,1.345609
gen-bounds_write-039,bounds_write,generated,root-flipping,open-root,patched,True,accepted,22,197,1.32746
pub-bounds_write-00,bounds_write,synthetic-reference-tagged,root-preserving,root-stutter,vulnerable,True,accepted,25,229,1.298835
pub-bounds_write-00,bounds_write,synthetic-reference-tagged,root-preserving,alpha-unused,vulnerable,True,accepted,25,267,1.273774
pub-bounds_write-00,bounds_write,synthetic-reference-tagged,root-preserving,swap-independent,vulnerable,True,accepted,25,255,1.237438
pub-bounds_write-00,bounds_write,synthetic-reference-tagged,root-preserving,root-stutter,patched,True,accepted,25,223,1.519431
pub-bounds_write-00,bounds_write,synthetic-reference-tagged,root-preserving,alpha-unused,patched,True,accepted,25,261,1.501583
pub-bounds_write-00,bounds_write,synthetic-reference-tagged,root-preserving,swap-independent,patched,True,accepted,25,249,1.474426
pub-bounds_write-00,bounds_write,synthetic-reference-tagged,root-preserving,guard-dual,patched,True,accepted,25,219,1.50528
pub-bounds_write-00,bounds_write,synthetic-reference-tagged,root-flipping,close-root,vulnerable,True,accepted,22,196,1.370302
pub-bounds_write-00,bounds_write,synthetic-reference-tagged,root-flipping,open-root,patched,True,accepted,22,195,1.448424
pub-bounds_write-01,bounds_write,synthetic-reference-tagged,root-preserving,root-stutter,vulnerable,True,accepted,25,229,1.194314
pub-bounds_write-01,bounds_write,synthetic-reference-tagged,root-preserving,alpha-unused,vulnerable,True,accepted,25,267,1.173842
pub-bounds_write-01,bounds_write,synthetic-reference-tagged,root-preserving,swap-independent,vulnerable,True,accepted,25,255,1.158401
pub-bounds_write-01,bounds_write,synthetic-reference-tagged,root-preserving,root-stutter,patched,True,accepted,25,223,1.42676
pub-bounds_write-01,bounds_write,synthetic-reference-tagged,root-preserving,alpha-unused,patched,True,accepted,25,261,1.42879
pub-bounds_write-01,bounds_write,synthetic-reference-tagged,root-preserving,swap-independent,patched,True,accepted,25,249,1.409028
pub-bounds_write-01,bounds_write,synthetic-reference-tagged,root-preserving,guard-dual,patched,True,accepted,25,219,1.396412
pub-bounds_write-01,bounds_write,synthetic-reference-tagged,root-flipping,close-root,vulnerable,True,accepted,22,196,1.310146
pub-bounds_write-01,bounds_write,synthetic-reference-tagged,root-flipping,open-root,patched,True,accepted,22,195,1.307723
pub-bounds_write-02,bounds_write,synthetic-reference-tagged,root-preserving,root-stutter,vulnerable,True,accepted,25,229,1.208142
pub-bounds_write-02,bounds_write,synthetic-reference-tagged,root-preserving,alpha-unused,vulnerable,True,accepted,25,267,1.22174
pub-bounds_write-02,bounds_write,synthetic-reference-tagged,root-preserving,swap-independent,vulnerable,True,accepted,25,255,1.211435
pub-bounds_write-02,bounds_write,synthetic-reference-tagged,root-preserving,root-stutter,patched,True,accepted,25,223,1.549916
pub-bounds_write-02,bounds_write,synthetic-reference-tagged,root-preserving,alpha-unused,patched,True,accepted,25,261,1.47422
pub-bounds_write-02,bounds_write,synthetic-reference-tagged,root-preserving,swap-independent,patched,True,accepted,25,249,1.418191
pub-bounds_write-02,bounds_write,synthetic-reference-tagged,root-preserving,guard-dual,patched,True,accepted,25,219,1.488578
pub-bounds_write-02,bounds_write,synthetic-reference-tagged,root-flipping,close-root,vulnerable,True,accepted,22,196,1.317064
pub-bounds_write-02,bounds_write,synthetic-reference-tagged,root-flipping,open-root,patched,True,accepted,22,195,1.344734
gen-divide_zero-000,divide_zero,generated,root-preserving,root-stutter,vulnerable,True,accepted,37,229,1.19802
gen-divide_zero-000,divide_zero,generated,root-preserving,alpha-unused,vulnerable,True,accepted,37,267,1.262476
gen-divide_zero-000,divide_zero,generated,root-preserving,swap-independent,vulnerable,True,accepted,37,255,1.16906
gen-divide_zero-000,divide_zero,generated,root-preserving,root-stutter,patched,True,accepted,37,223,1.347664
gen-divide_zero-000,divide_zero,generated,root-preserving,alpha-unused,patched,True,accepted,37,261,1.371886
gen-divide_zero-000,divide_zero,generated,root-preserving,swap-independent,patched,True,accepted,37,249,1.336513
gen-divide_zero-000,divide_zero,generated,root-preserving,guard-dual,patched,True,accepted,37,219,1.337146
gen-divide_zero-000,divide_zero,generated,root-flipping,close-root,vulnerable,True,accepted,35,196,1.281607
gen-divide_zero-000,divide_zero,generated,root-flipping,open-root,patched,True,accepted,35,195,1.368923
gen-divide_zero-001,divide_zero,generated,root-preserving,root-stutter,vulnerable,True,accepted,37,229,1.188163
gen-divide_zero-001,divide_zero,generated,root-preserving,alpha-unused,vulnerable,True,accepted,37,267,1.181271
gen-divide_zero-001,divide_zero,generated,root-preserving,swap-independent,vulnerable,True,accepted,37,255,1.173318
gen-divide_zero-001,divide_zero,generated,root-preserving,root-stutter,patched,True,accepted,37,223,1.334856
gen-divide_zero-001,divide_zero,generated,root-preserving,alpha-unused,patched,True,accepted,37,261,1.343051
gen-divide_zero-001,divide_zero,generated,root-preserving,swap-independent,patched,True,accepted,37,249,1.319197
gen-divide_zero-001,divide_zero,generated,root-preserving,guard-dual,patched,True,accepted,37,219,1.327007
gen-divide_zero-001,divide_zero,generated,root-flipping,close-root,vulnerable,True,accepted,35,196,1.266406
gen-divide_zero-001,divide_zero,generated,root-flipping,open-root,patched,True,accepted,35,195,1.278134
gen-divide_zero-002,divide_zero,generated,root-preserving,root-stutter,vulnerable,True,accepted,37,229,1.190594
gen-divide_zero-002,divide_zero,generated,root-preserving,alpha-unused,vulnerable,True,accepted,37,267,1.163374
gen-divide_zero-002,divide_zero,generated,root-preserving,swap-independent,vulnerable,True,accepted,37,255,1.154469
gen-divide_zero-002,divide_zero,generated,root-preserving,root-stutter,patched,True,accepted,37,223,1.450083
gen-divide_zero-002,divide_zero,generated,root-preserving,alpha-unused,patched,True,accepted,37,261,1.358064
gen-divide_zero-002,divide_zero,generated,root-preserving,swap-independent,patched,True,accepted,37,249,1.330678
gen-divide_zero-002,divide_zero,generated,root-preserving,guard-dual,patched,True,accepted,37,219,1.325359
gen-divide_zero-002,divide_zero,generated,root-flipping,close-root,vulnerable,True,accepted,35,196,1.279617
gen-divide_zero-002,divide_zero,generated,root-flipping,open-root,patched,True,accepted,35,195,1.27845
gen-divide_zero-003,divide_zero,generated,root-preserving,root-stutter,vulnerable,True,accepted,37,229,1.194573
gen-divide_zero-003,divide_zero,generated,root-preserving,alpha-unused,vulnerable,True,accepted,37,267,1.173213
gen-divide_zero-003,divide_zero,generated,root-preserving,swap-independent,vulnerable,True,accepted,37,255,1.158883
gen-divide_zero-003,divide_zero,generated,root-preserving,root-stutter,patched,True,accepted,37,223,1.352347
gen-divide_zero-003,divide_zero,generated,root-preserving,alpha-unused,patched,True,accepted,37,261,1.396592
gen-divide_zero-003,divide_zero,generated,root-preserving,swap-independent,patched,True,accepted,37,249,1.312592
gen-divide_zero-003,divide_zero,generated,root-preserving,guard-dual,patched,True,accepted,37,219,1.315614
gen-divide_zero-003,divide_zero,generated,root-flipping,close-root,vulnerable,True,accepted,35,196,1.283477
gen-divide_zero-003,divide_zero,generated,root-flipping,open-root,patched,True,accepted,35,195,1.307821
gen-divide_zero-004,divide_zero,generated,root-preserving,root-stutter,vulnerable,True,accepted,37,229,1.261271
gen-divide_zero-004,divide_zero,generated,root-preserving,alpha-unused,vulnerable,True,accepted,37,267,1.275455
gen-divide_zero-004,divide_zero,generated,root-preserving,swap-independent,vulnerable,True,accepted,37,255,1.217895
gen-divide_zero-004,divide_zero,generated,root-preserving,root-stutter,patched,True,accepted,37,223,1.334699
gen-divide_zero-004,divide_zero,generated,root-preserving,alpha-unused,patched,True,accepted,37,261,1.361483
gen-divide_zero-004,divide_zero,generated,root-preserving,swap-independent,patched,True,accepted,37,249,1.312398
gen-divide_zero-004,divide_zero,generated,root-preserving,guard-dual,patched,True,accepted,37,219,1.316906
gen-divide_zero-004,divide_zero,generated,root-flipping,close-root,vulnerable,True,accepted,35,196,1.282879
gen-divide_zero-004,divide_zero,generated,root-flipping,open-root,patched,True,accepted,35,195,1.266871
gen-divide_zero-005,divide_zero,generated,root-preserving,root-stutter,vulnerable,True,accepted,37,229,1.293978
gen-divide_zero-005,divide_zero,generated,root-preserving,alpha-unused,vulnerable,True,accepted,37,267,1.184587
gen-divide_zero-005,divide_zero,generated,root-preserving,swap-independent,vulnerable,True,accepted,37,255,1.157291
gen-divide_zero-005,divide_zero,generated,root-preserving,root-stutter,patched,True,accepted,37,223,1.351275
gen-divide_zero-005,divide_zero,generated,root-preserving,alpha-unused,patched,True,accepted,37,261,1.446142
gen-divide_zero-005,divide_zero,generated,root-preserving,swap-independent,patched,True,accepted,37,249,1.3546
gen-divide_zero-005,divide_zero,generated,root-preserving,guard-dual,patched,True,accepted,37,219,1.366461
gen-divide_zero-005,divide_zero,generated,root-flipping,close-root,vulnerable,True,accepted,35,196,1.287836
gen-divide_zero-005,divide_zero,generated,root-flipping,open-root,patched,True,accepted,35,195,1.25867
gen-divide_zero-006,divide_zero,generated,root-preserving,root-stutter,vulnerable,True,accepted,37,229,1.186234
gen-divide_zero-006,divide_zero,generated,root-preserving,alpha-unused,vulnerable,True,accepted,37,267,1.191424
gen-divide_zero-006,divide_zero,generated,root-preserving,swap-independent,vulnerable,True,accepted,37,255,1.14958
gen-divide_zero-006,divide_zero,generated,root-preserving,root-stutter,patched,True,accepted,37,223,1.361144
gen-divide_zero-006,divide_zero,generated,root-preserving,alpha-unused,patched,True,accepted,37,261,1.355353
gen-divide_zero-006,divide_zero,generated,root-preserving,swap-independent,patched,True,accepted,37,249,1.360162
gen-divide_zero-006,divide_zero,generated,root-preserving,guard-dual,patched,True,accepted,37,219,1.33314
gen-divide_zero-006,divide_zero,generated,root-flipping,close-root,vulnerable,True,accepted,35,196,1.43389
gen-divide_zero-006,divide_zero,generated,root-flipping,open-root,patched,True,accepted,35,195,1.257111
gen-divide_zero-007,divide_zero,generated,root-preserving,root-stutter,vulnerable,True,accepted,37,229,1.466317
gen-divide_zero-007,divide_zero,generated,root-preserving,alpha-unused,vulnerable,True,accepted,37,267,1.200824
gen-divide_zero-007,divide_zero,generated,root-preserving,swap-independent,vulnerable,True,accepted,37,255,1.206292
gen-divide_zero-007,divide_zero,generated,root-preserving,root-stutter,patched,True,accepted,37,223,1.40766
gen-divide_zero-007,divide_zero,generated,root-preserving,alpha-unused,patched,True,accepted,37,261,1.34115
gen-divide_zero-007,divide_zero,generated,root-preserving,swap-independent,patched,True,accepted,37,249,1.31404
gen-divide_zero-007,divide_zero,generated,root-preserving,guard-dual,patched,True,accepted,37,219,1.34255
gen-divide_zero-007,divide_zero,generated,root-flipping,close-root,vulnerable,True,accepted,35,196,1.28721
gen-divide_zero-007,divide_zero,generated,root-flipping,open-root,patched,True,accepted,35,195,1.28235
gen-divide_zero-008,divide_zero,generated,root-preserving,root-stutter,vulnerable,True,accepted,37,229,1.184911
gen-divide_zero-008,divide_zero,generated,root-preserving,alpha-unused,vulnerable,True,accepted,37,267,1.182525
gen-divide_zero-008,divide_zero,generated,root-preserving,swap-independent,vulnerable,True,accepted,37,255,1.166002
gen-divide_zero-008,divide_zero,generated,root-preserving,root-stutter,patched,True,accepted,37,223,1.357405
gen-divide_zero-008,divide_zero,generated,root-preserving,alpha-unused,patched,True,accepted,37,261,1.40709
gen-divide_zero-008,divide_zero,generated,root-preserving,swap-independent,patched,True,accepted,37,249,1.353555
gen-divide_zero-008,divide_zero,generated,root-preserving,guard-dual,patched,True,accepted,37,219,1.332267
gen-divide_zero-008,divide_zero,generated,root-flipping,close-root,vulnerable,True,accepted,35,196,1.271548
gen-divide_zero-008,divide_zero,generated,root-flipping,open-root,patched,True,accepted,35,195,1.269433
gen-divide_zero-009,divide_zero,generated,root-preserving,root-stutter,vulnerable,True,accepted,37,229,1.199227
gen-divide_zero-009,divide_zero,generated,root-preserving,alpha-unused,vulnerable,True,accepted,37,267,1.162159
gen-divide_zero-009,divide_zero,generated,root-preserving,swap-independent,vulnerable,True,accepted,37,255,1.154812
gen-divide_zero-009,divide_zero,generated,root-preserving,root-stutter,patched,True,accepted,37,223,1.347774
gen-divide_zero-009,divide_zero,generated,root-preserving,alpha-unused,patched,True,accepted,37,261,1.371919
gen-divide_zero-009,divide_zero,generated,root-preserving,swap-independent,patched,True,accepted,37,249,1.313779
gen-divide_zero-009,divide_zero,generated,root-preserving,guard-dual,patched,True,accepted,37,219,1.332028
gen-divide_zero-009,divide_zero,generated,root-flipping,close-root,vulnerable,True,accepted,35,196,1.284633
gen-divide_zero-009,divide_zero,generated,root-flipping,open-root,patched,True,accepted,35,195,1.275951
gen-divide_zero-010,divide_zero,generated,root-preserving,root-stutter,vulnerable,True,accepted,37,229,1.297329
gen-divide_zero-010,divide_zero,generated,root-preserving,alpha-unused,vulnerable,True,accepted,37,267,1.206806
gen-divide_zero-010,divide_zero,generated,root-preserving,swap-independent,vulnerable,True,accepted,37,255,1.19706
gen-divide_zero-010,divide_zero,generated,root-preserving,root-stutter,patched,True,accepted,37,223,1.344494
gen-divide_zero-010,divide_zero,generated,root-preserving,alpha-unused,patched,True,accepted,37,261,1.368992
gen-divide_zero-010,divide_zero,generated,root-preserving,swap-independent,patched,True,accepted,37,249,1.323726
gen-divide_zero-010,divide_zero,generated,root-preserving,guard-dual,patched,True,accepted,37,219,1.345629
gen-divide_zero-010,divide_zero,generated,root-flipping,close-root,vulnerable,True,accepted,35,196,1.285057
gen-divide_zero-010,divide_zero,generated,root-flipping,open-root,patched,True,accepted,35,195,1.263341
gen-divide_zero-011,divide_zero,generated,root-preserving,root-stutter,vulnerable,True,accepted,37,229,1.203471
gen-divide_zero-011,divide_zero,generated,root-preserving,alpha-unused,vulnerable,True,accepted,37,267,1.810994
gen-divide_zero-011,divide_zero,generated,root-preserving,swap-independent,vulnerable,True,accepted,37,255,2.195812
gen-divide_zero-011,divide_zero,generated,root-preserving,root-stutter,patched,True,accepted,37,223,2.534823
gen-divide_zero-011,divide_zero,generated,root-preserving,alpha-unused,patched,True,accepted,37,261,2.099702
gen-divide_zero-011,divide_zero,generated,root-preserving,swap-independent,patched,True,accepted,37,249,1.438615
gen-divide_zero-011,divide_zero,generated,root-preserving,guard-dual,patched,True,accepted,37,219,1.381089
gen-divide_zero-011,divide_zero,generated,root-flipping,close-root,vulnerable,True,accepted,35,196,1.340252
gen-divide_zero-011,divide_zero,generated,root-flipping,open-root,patched,True,accepted,35,195,1.308425
gen-divide_zero-012,divide_zero,generated,root-preserving,root-stutter,vulnerable,True,accepted,37,229,1.212983
gen-divide_zero-012,divide_zero,generated,root-preserving,alpha-unused,vulnerable,True,accepted,37,267,1.178365
gen-divide_zero-012,divide_zero,generated,root-preserving,swap-independent,vulnerable,True,accepted,37,255,1.223841
gen-divide_zero-012,divide_zero,generated,root-preserving,root-stutter,patched,True,accepted,37,223,1.367219
gen-divide_zero-012,divide_zero,generated,root-preserving,alpha-unused,patched,True,accepted,37,261,1.412462
gen-divide_zero-012,divide_zero,generated,root-preserving,swap-independent,patched,True,accepted,37,249,1.334946
gen-divide_zero-012,divide_zero,generated,root-preserving,guard-dual,patched,True,accepted,37,219,1.364608
gen-divide_zero-012,divide_zero,generated,root-flipping,close-root,vulnerable,True,accepted,35,196,1.30978
gen-divide_zero-012,divide_zero,generated,root-flipping,open-root,patched,True,accepted,35,195,1.282462
gen-divide_zero-013,divide_zero,generated,root-preserving,root-stutter,vulnerable,True,accepted,37,229,1.28444
gen-divide_zero-013,divide_zero,generated,root-preserving,alpha-unused,vulnerable,True,accepted,37,267,1.205758
gen-divide_zero-013,divide_zero,generated,root-preserving,swap-independent,vulnerable,True,accepted,37,255,1.174043
gen-divide_zero-013,divide_zero,generated,root-preserving,root-stutter,patched,True,accepted,37,223,1.361766
gen-divide_zero-013,divide_zero,generated,root-preserving,alpha-unused,patched,True,accepted,37,261,1.342146
gen-divide_zero-013,divide_zero,generated,root-preserving,swap-independent,patched,True,accepted,37,249,1.310432
gen-divide_zero-013,divide_zero,generated,root-preserving,guard-dual,patched,True,accepted,37,219,1.323551
gen-divide_zero-013,divide_zero,generated,root-flipping,close-root,vulnerable,True,accepted,35,196,1.279064
gen-divide_zero-013,divide_zero,generated,root-flipping,open-root,patched,True,accepted,35,195,1.257348
gen-divide_zero-014,divide_zero,generated,root-preserving,root-stutter,vulnerable,True,accepted,37,229,1.192426
gen-divide_zero-014,divide_zero,generated,root-preserving,alpha-unused,vulnerable,True,accepted,37,267,1.177418
gen-divide_zero-014,divide_zero,generated,root-preserving,swap-independent,vulnerable,True,accepted,37,255,1.155809
gen-divide_zero-014,divide_zero,generated,root-preserving,root-stutter,patched,True,accepted,37,223,1.346756
gen-divide_zero-014,divide_zero,generated,root-preserving,alpha-unused,patched,True,accepted,37,261,1.43085
gen-divide_zero-014,divide_zero,generated,root-preserving,swap-independent,patched,True,accepted,37,249,1.324127
gen-divide_zero-014,divide_zero,generated,root-preserving,guard-dual,patched,True,accepted,37,219,1.33655
gen-divide_zero-014,divide_zero,generated,root-flipping,close-root,vulnerable,True,accepted,35,196,1.27482
gen-divide_zero-014,divide_zero,generated,root-flipping,open-root,patched,True,accepted,35,195,1.264912
gen-divide_zero-015,divide_zero,generated,root-preserving,root-stutter,vulnerable,True,accepted,37,229,1.188589
gen-divide_zero-015,divide_zero,generated,root-preserving,alpha-unused,vulnerable,True,accepted,37,267,1.170318
gen-divide_zero-015,divide_zero,generated,root-preserving,swap-independent,vulnerable,True,accepted,37,255,1.148597
gen-divide_zero-015,divide_zero,generated,root-preserving,root-stutter,patched,True,accepted,37,223,1.332298
gen-divide_zero-015,divide_zero,generated,root-preserving,alpha-unused,patched,True,accepted,37,261,1.346448
gen-divide_zero-015,divide_zero,generated,root-preserving,swap-independent,patched,True,accepted,37,249,1.338765
gen-divide_zero-015,divide_zero,generated,root-preserving,guard-dual,patched,True,accepted,37,219,1.386908
gen-divide_zero-015,divide_zero,generated,root-flipping,close-root,vulnerable,True,accepted,35,196,1.295643
gen-divide_zero-015,divide_zero,generated,root-flipping,open-root,patched,True,accepted,35,195,1.280698
gen-divide_zero-016,divide_zero,generated,root-preserving,root-stutter,vulnerable,True,accepted,37,229,1.283956
gen-divide_zero-016,divide_zero,generated,root-preserving,alpha-unused,vulnerable,True,accepted,37,267,1.213021
gen-divide_zero-016,divide_zero,generated,root-preserving,swap-independent,vulnerable,True,accepted,37,255,1.185418
gen-divide_zero-016,divide_zero,generated,root-preserving,root-stutter,patched,True,accepted,37,223,1.341351
gen-divide_zero-016,divide_zero,generated,root-preserving,alpha-unused,patched,True,accepted,37,261,1.330161
gen-divide_zero-016,divide_zero,generated,root-preserving,swap-independent,patched,True,accepted,37,249,1.317621
gen-divide_zero-016,divide_zero,generated,root-preserving,guard-dual,patched,True,accepted,37,219,1.321262
gen-divide_zero-016,divide_zero,generated,root-flipping,close-root,vulnerable,True,accepted,35,196,1.25773
gen-divide_zero-016,divide_zero,generated,root-flipping,open-root,patched,True,accepted,35,195,1.244176
gen-divide_zero-017,divide_zero,generated,root-preserving,root-stutter,vulnerable,True,accepted,37,229,1.214153
gen-divide_zero-017,divide_zero,generated,root-preserving,alpha-unused,vulnerable,True,accepted,37,267,1.168071
gen-divide_zero-017,divide_zero,generated,root-preserving,swap-independent,vulnerable,True,accepted,37,255,1.155539
gen-divide_zero-017,divide_zero,generated,root-preserving,root-stutter,patched,True,accepted,37,223,1.330199
gen-divide_zero-017,divide_zero,generated,root-preserving,alpha-unused,patched,True,accepted,37,261,1.438208
gen-divide_zero-017,divide_zero,generated,root-preserving,swap-independent,patched,True,accepted,37,249,1.363355
gen-divide_zero-017,divide_zero,generated,root-preserving,guard-dual,patched,True,accepted,37,219,1.764729
gen-divide_zero-017,divide_zero,generated,root-flipping,close-root,vulnerable,True,accepted,35,196,1.301044
gen-divide_zero-017,divide_zero,generated,root-flipping,open-root,patched,True,accepted,35,195,1.296693
gen-divide_zero-018,divide_zero,generated,root-preserving,root-stutter,vulnerable,True,accepted,37,229,1.195139
gen-divide_zero-018,divide_zero,generated,root-preserving,alpha-unused,vulnerable,True,accepted,37,267,1.172496
gen-divide_zero-018,divide_zero,generated,root-preserving,swap-independent,vulnerable,True,accepted,37,255,1.153745
gen-divide_zero-018,divide_zero,generated,root-preserving,root-stutter,patched,True,accepted,37,223,1.339732
gen-divide_zero-018,divide_zero,generated,root-preserving,alpha-unused,patched,True,accepted,37,261,1.331234
gen-divide_zero-018,divide_zero,generated,root-preserving,swap-independent,patched,True,accepted,37,249,1.325269
gen-divide_zero-018,divide_zero,generated,root-preserving,guard-dual,patched,True,accepted,37,219,1.339394
gen-divide_zero-018,divide_zero,generated,root-flipping,close-root,vulnerable,True,accepted,35,196,1.275553
gen-divide_zero-018,divide_zero,generated,root-flipping,open-root,patched,True,accepted,35,195,1.288031
gen-divide_zero-019,divide_zero,generated,root-preserving,root-stutter,vulnerable,True,accepted,37,229,1.284671
gen-divide_zero-019,divide_zero,generated,root-preserving,alpha-unused,vulnerable,True,accepted,37,267,1.179325
gen-divide_zero-019,divide_zero,generated,root-preserving,swap-independent,vulnerable,True,accepted,37,255,1.167641
gen-divide_zero-019,divide_zero,generated,root-preserving,root-stutter,patched,True,accepted,37,223,1.340521
gen-divide_zero-019,divide_zero,generated,root-preserving,alpha-unused,patched,True,accepted,37,261,1.326129
gen-divide_zero-019,divide_zero,generated,root-preserving,swap-independent,patched,True,accepted,37,249,1.328709
gen-divide_zero-019,divide_zero,generated,root-preserving,guard-dual,patched,True,accepted,37,219,1.313908
gen-divide_zero-019,divide_zero,generated,root-flipping,close-root,vulnerable,True,accepted,35,196,1.273855
gen-divide_zero-019,divide_zero,generated,root-flipping,open-root,patched,True,accepted,35,195,1.271364
gen-divide_zero-020,divide_zero,generated,root-preserving,root-stutter,vulnerable,True,accepted,37,229,1.197523
gen-divide_zero-020,divide_zero,generated,root-preserving,alpha-unused,vulnerable,True,accepted,37,267,1.170717
gen-divide_zero-020,divide_zero,generated,root-preserving,swap-independent,vulnerable,True,accepted,37,255,1.148912
gen-divide_zero-020,divide_zero,generated,root-preserving,root-stutter,patched,True,accepted,37,223,1.354002
gen-divide_zero-020,divide_zero,generated,root-preserving,alpha-unused,patched,True,accepted,37,261,1.397836
gen-divide_zero-020,divide_zero,generated,root-preserving,swap-independent,patched,True,accepted,37,249,1.322777
gen-divide_zero-020,divide_zero,generated,root-preserving,guard-dual,patched,True,accepted,37,219,1.328665
gen-divide_zero-020,divide_zero,generated,root-flipping,close-root,vulnerable,True,accepted,35,196,1.288078
gen-divide_zero-020,divide_zero,generated,root-flipping,open-root,patched,True,accepted,35,195,1.324207
gen-divide_zero-021,divide_zero,generated,root-preserving,root-stutter,vulnerable,True,accepted,37,229,1.194504
gen-divide_zero-021,divide_zero,generated,root-preserving,alpha-unused,vulnerable,True,accepted,37,267,1.177515
gen-divide_zero-021,divide_zero,generated,root-preserving,swap-independent,vulnerable,True,accepted,37,255,1.149957
gen-divide_zero-021,divide_zero,generated,root-preserving,root-stutter,patched,True,accepted,37,223,1.34475
gen-divide_zero-021,divide_zero,generated,root-preserving,alpha-unused,patched,True,accepted,37,261,1.338071
gen-divide_zero-021,divide_zero,generated,root-preserving,swap-independent,patched,True,accepted,37,249,1.330705
gen-divide_zero-021,divide_zero,generated,root-preserving,guard-dual,patched,True,accepted,37,219,1.325574
gen-divide_zero-021,divide_zero,generated,root-flipping,close-root,vulnerable,True,accepted,35,196,1.274005
gen-divide_zero-021,divide_zero,generated,root-flipping,open-root,patched,True,accepted,35,195,1.27349
gen-divide_zero-022,divide_zero,generated,root-preserving,root-stutter,vulnerable,True,accepted,37,229,1.282019
gen-divide_zero-022,divide_zero,generated,root-preserving,alpha-unused,vulnerable,True,accepted,37,267,1.194768
gen-divide_zero-022,divide_zero,generated,root-preserving,swap-independent,vulnerable,True,accepted,37,255,1.18157
gen-divide_zero-022,divide_zero,generated,root-preserving,root-stutter,patched,True,accepted,37,223,1.343944
gen-divide_zero-022,divide_zero,generated,root-preserving,alpha-unused,patched,True,accepted,37,261,1.326717
gen-divide_zero-022,divide_zero,generated,root-preserving,swap-independent,patched,True,accepted,37,249,1.317518
gen-divide_zero-022,divide_zero,generated,root-preserving,guard-dual,patched,True,accepted,37,219,1.333132
gen-divide_zero-022,divide_zero,generated,root-flipping,close-root,vulnerable,True,accepted,35,196,1.26005
gen-divide_zero-022,divide_zero,generated,root-flipping,open-root,patched,True,accepted,35,195,1.30926
gen-divide_zero-023,divide_zero,generated,root-preserving,root-stutter,vulnerable,True,accepted,37,229,1.1973
gen-divide_zero-023,divide_zero,generated,root-preserving,alpha-unused,vulnerable,True,accepted,37,267,1.163672
gen-divide_zero-023,divide_zero,generated,root-preserving,swap-independent,vulnerable,True,accepted,37,255,1.147033
gen-divide_zero-023,divide_zero,generated,root-preserving,root-stutter,patched,True,accepted,37,223,1.349506
gen-divide_zero-023,divide_zero,generated,root-preserving,alpha-unused,patched,True,accepted,37,261,1.413482
gen-divide_zero-023,divide_zero,generated,root-preserving,swap-independent,patched,True,accepted,37,249,1.374112
gen-divide_zero-023,divide_zero,generated,root-preserving,guard-dual,patched,True,accepted,37,219,1.343643
gen-divide_zero-023,divide_zero,generated,root-flipping,close-root,vulnerable,True,accepted,35,196,1.295619
gen-divide_zero-023,divide_zero,generated,root-flipping,open-root,patched,True,accepted,35,195,1.270433
gen-divide_zero-024,divide_zero,generated,root-preserving,root-stutter,vulnerable,True,accepted,37,229,1.249354
gen-divide_zero-024,divide_zero,generated,root-preserving,alpha-unused,vulnerable,True,accepted,37,267,1.174206
gen-divide_zero-024,divide_zero,generated,root-preserving,swap-independent,vulnerable,True,accepted,37,255,1.154734
gen-divide_zero-024,divide_zero,generated,root-preserving,root-stutter,patched,True,accepted,37,223,1.351335
gen-divide_zero-024,divide_zero,generated,root-preserving,alpha-unused,patched,True,accepted,37,261,1.33739
gen-divide_zero-024,divide_zero,generated,root-preserving,swap-independent,patched,True,accepted,37,249,1.321255
gen-divide_zero-024,divide_zero,generated,root-preserving,guard-dual,patched,True,accepted,37,219,1.324278
gen-divide_zero-024,divide_zero,generated,root-flipping,close-root,vulnerable,True,accepted,35,196,1.273923
gen-divide_zero-024,divide_zero,generated,root-flipping,open-root,patched,True,accepted,35,195,1.275925
gen-divide_zero-025,divide_zero,generated,root-preserving,root-stutter,vulnerable,True,accepted,37,229,1.268937
gen-divide_zero-025,divide_zero,generated,root-preserving,alpha-unused,vulnerable,True,accepted,37,267,1.172422
gen-divide_zero-025,divide_zero,generated,root-preserving,swap-independent,vulnerable,True,accepted,37,255,1.165834
gen-divide_zero-025,divide_zero,generated,root-preserving,root-stutter,patched,True,accepted,37,223,1.356413
gen-divide_zero-025,divide_zero,generated,root-preserving,alpha-unused,patched,True,accepted,37,261,1.337501
gen-divide_zero-025,divide_zero,generated,root-preserving,swap-independent,patched,True,accepted,37,249,1.324231
gen-divide_zero-025,divide_zero,generated,root-preserving,guard-dual,patched,True,accepted,37,219,1.340527
gen-divide_zero-025,divide_zero,generated,root-flipping,close-root,vulnerable,True,accepted,35,196,1.27649
gen-divide_zero-025,divide_zero,generated,root-flipping,open-root,patched,True,accepted,35,195,1.268058
gen-divide_zero-026,divide_zero,generated,root-preserving,root-stutter,vulnerable,True,accepted,37,229,1.174019
gen-divide_zero-026,divide_zero,generated,root-preserving,alpha-unused,vulnerable,True,accepted,37,267,1.174426
gen-divide_zero-026,divide_zero,generated,root-preserving,swap-independent,vulnerable,True,accepted,37,255,1.156333
gen-divide_zero-026,divide_zero,generated,root-preserving,root-stutter,patched,True,accepted,37,223,1.352541
gen-divide_zero-026,divide_zero,generated,root-preserving,alpha-unused,patched,True,accepted,37,261,1.410373
gen-divide_zero-026,divide_zero,generated,root-preserving,swap-independent,patched,True,accepted,37,249,1.361479
gen-divide_zero-026,divide_zero,generated,root-preserving,guard-dual,patched,True,accepted,37,219,1.345381
gen-divide_zero-026,divide_zero,generated,root-flipping,close-root,vulnerable,True,accepted,35,196,1.286411
gen-divide_zero-026,divide_zero,generated,root-flipping,open-root,patched,True,accepted,35,195,1.258731
gen-divide_zero-027,divide_zero,generated,root-preserving,root-stutter,vulnerable,True,accepted,37,229,1.179807
gen-divide_zero-027,divide_zero,generated,root-preserving,alpha-unused,vulnerable,True,accepted,37,267,1.164744
gen-divide_zero-027,divide_zero,generated,root-preserving,swap-independent,vulnerable,True,accepted,37,255,1.343003
gen-divide_zero-027,divide_zero,generated,root-preserving,root-stutter,patched,True,accepted,37,223,1.397631
gen-divide_zero-027,divide_zero,generated,root-preserving,alpha-unused,patched,True,accepted,37,261,1.349022
gen-divide_zero-027,divide_zero,generated,root-preserving,swap-independent,patched,True,accepted,37,249,1.306418
gen-divide_zero-027,divide_zero,generated,root-preserving,guard-dual,patched,True,accepted,37,219,1.325007
gen-divide_zero-027,divide_zero,generated,root-flipping,close-root,vulnerable,True,accepted,35,196,1.316863
gen-divide_zero-027,divide_zero,generated,root-flipping,open-root,patched,True,accepted,35,195,1.283348
gen-divide_zero-028,divide_zero,generated,root-preserving,root-stutter,vulnerable,True,accepted,37,229,1.267617
gen-divide_zero-028,divide_zero,generated,root-preserving,alpha-unused,vulnerable,True,accepted,37,267,1.25996
gen-divide_zero-028,divide_zero,generated,root-preserving,swap-independent,vulnerable,True,accepted,37,255,1.228407
gen-divide_zero-028,divide_zero,generated,root-preserving,root-stutter,patched,True,accepted,37,223,1.366529
gen-divide_zero-028,divide_zero,generated,root-preserving,alpha-unused,patched,True,accepted,37,261,1.331715
gen-divide_zero-028,divide_zero,generated,root-preserving,swap-independent,patched,True,accepted,37,249,1.318742
gen-divide_zero-028,divide_zero,generated,root-preserving,guard-dual,patched,True,accepted,37,219,1.338919
gen-divide_zero-028,divide_zero,generated,root-flipping,close-root,vulnerable,True,accepted,35,196,1.272588
gen-divide_zero-028,divide_zero,generated,root-flipping,open-root,patched,True,accepted,35,195,1.263051
gen-divide_zero-029,divide_zero,generated,root-preserving,root-stutter,vulnerable,True,accepted,37,229,1.212082
gen-divide_zero-029,divide_zero,generated,root-preserving,alpha-unused,vulnerable,True,accepted,37,267,1.163809
gen-divide_zero-029,divide_zero,generated,root-preserving,swap-independent,vulnerable,True,accepted,37,255,1.167148
gen-divide_zero-029,divide_zero,generated,root-preserving,root-stutter,patched,True,accepted,37,223,1.341393
gen-divide_zero-029,divide_zero,generated,root-preserving,alpha-unused,patched,True,accepted,37,261,1.585094
gen-divide_zero-029,divide_zero,generated,root-preserving,swap-independent,patched,True,accepted,37,249,1.356369
gen-divide_zero-029,divide_zero,generated,root-preserving,guard-dual,patched,True,accepted,37,219,1.370667
gen-divide_zero-029,divide_zero,generated,root-flipping,close-root,vulnerable,True,accepted,35,196,1.276985
gen-divide_zero-029,divide_zero,generated,root-flipping,open-root,patched,True,accepted,35,195,1.258922
gen-divide_zero-030,divide_zero,generated,root-preserving,root-stutter,vulnerable,True,accepted,37,229,1.198551
gen-divide_zero-030,divide_zero,generated,root-preserving,alpha-unused,vulnerable,True,accepted,37,267,1.161302
gen-divide_zero-030,divide_zero,generated,root-preserving,swap-independent,vulnerable,True,accepted,37,255,1.153436
gen-divide_zero-030,divide_zero,generated,root-preserving,root-stutter,patched,True,accepted,37,223,1.349523
gen-divide_zero-030,divide_zero,generated,root-preserving,alpha-unused,patched,True,accepted,37,261,1.320604
gen-divide_zero-030,divide_zero,generated,root-preserving,swap-independent,patched,True,accepted,37,249,1.297903
gen-divide_zero-030,divide_zero,generated,root-preserving,guard-dual,patched,True,accepted,37,219,1.333135
gen-divide_zero-030,divide_zero,generated,root-flipping,close-root,vulnerable,True,accepted,35,196,1.273046
gen-divide_zero-030,divide_zero,generated,root-flipping,open-root,patched,True,accepted,35,195,1.255373
gen-divide_zero-031,divide_zero,generated,root-preserving,root-stutter,vulnerable,True,accepted,37,229,1.267096
gen-divide_zero-031,divide_zero,generated,root-preserving,alpha-unused,vulnerable,True,accepted,37,267,1.198903
gen-divide_zero-031,divide_zero,generated,root-preserving,swap-independent,vulnerable,True,accepted,37,255,1.160739
gen-divide_zero-031,divide_zero,generated,root-preserving,root-stutter,patched,True,accepted,37,223,1.33394
gen-divide_zero-031,divide_zero,generated,root-preserving,alpha-unused,patched,True,accepted,37,261,1.332224
gen-divide_zero-031,divide_zero,generated,root-preserving,swap-independent,patched,True,accepted,37,249,1.307173
gen-divide_zero-031,divide_zero,generated,root-preserving,guard-dual,patched,True,accepted,37,219,1.327616
gen-divide_zero-031,divide_zero,generated,root-flipping,close-root,vulnerable,True,accepted,35,196,1.255544
gen-divide_zero-031,divide_zero,generated,root-flipping,open-root,patched,True,accepted,35,195,1.24909
gen-divide_zero-032,divide_zero,generated,root-preserving,root-stutter,vulnerable,True,accepted,37,229,1.231072
gen-divide_zero-032,divide_zero,generated,root-preserving,alpha-unused,vulnerable,True,accepted,37,267,1.173856
gen-divide_zero-032,divide_zero,generated,root-preserving,swap-independent,vulnerable,True,accepted,37,255,1.150268
gen-divide_zero-032,divide_zero,generated,root-preserving,root-stutter,patched,True,accepted,37,223,1.337442
gen-divide_zero-032,divide_zero,generated,root-preserving,alpha-unused,patched,True,accepted,37,261,1.416228
gen-divide_zero-032,divide_zero,generated,root-preserving,swap-independent,patched,True,accepted,37,249,1.315173
gen-divide_zero-032,divide_zero,generated,root-preserving,guard-dual,patched,True,accepted,37,219,1.342744
gen-divide_zero-032,divide_zero,generated,root-flipping,close-root,vulnerable,True,accepted,35,196,1.26918
gen-divide_zero-032,divide_zero,generated,root-flipping,open-root,patched,True,accepted,35,195,1.263075
gen-divide_zero-033,divide_zero,generated,root-preserving,root-stutter,vulnerable,True,accepted,37,229,1.192632
gen-divide_zero-033,divide_zero,generated,root-preserving,alpha-unused,vulnerable,True,accepted,37,267,1.180955
gen-divide_zero-033,divide_zero,generated,root-preserving,swap-independent,vulnerable,True,accepted,37,255,1.147625
gen-divide_zero-033,divide_zero,generated,root-preserving,root-stutter,patched,True,accepted,37,223,1.344047
gen-divide_zero-033,divide_zero,generated,root-preserving,alpha-unused,patched,True,accepted,37,261,1.344975
gen-divide_zero-033,divide_zero,generated,root-preserving,swap-independent,patched,True,accepted,37,249,1.315423
gen-divide_zero-033,divide_zero,generated,root-preserving,guard-dual,patched,True,accepted,37,219,1.32324
gen-divide_zero-033,divide_zero,generated,root-flipping,close-root,vulnerable,True,accepted,35,196,1.281895
gen-divide_zero-033,divide_zero,generated,root-flipping,open-root,patched,True,accepted,35,195,1.266705
gen-divide_zero-034,divide_zero,generated,root-preserving,root-stutter,vulnerable,True,accepted,37,229,1.301866
gen-divide_zero-034,divide_zero,generated,root-preserving,alpha-unused,vulnerable,True,accepted,37,267,1.191965
gen-divide_zero-034,divide_zero,generated,root-preserving,swap-independent,vulnerable,True,accepted,37,255,1.16495
gen-divide_zero-034,divide_zero,generated,root-preserving,root-stutter,patched,True,accepted,37,223,1.522789
gen-divide_zero-034,divide_zero,generated,root-preserving,alpha-unused,patched,True,accepted,37,261,1.339671
gen-divide_zero-034,divide_zero,generated,root-preserving,swap-independent,patched,True,accepted,37,249,1.295404
gen-divide_zero-034,divide_zero,generated,root-preserving,guard-dual,patched,True,accepted,37,219,1.344013
gen-divide_zero-034,divide_zero,generated,root-flipping,close-root,vulnerable,True,accepted,35,196,1.272064
gen-divide_zero-034,divide_zero,generated,root-flipping,open-root,patched,True,accepted,35,195,1.26644
gen-divide_zero-035,divide_zero,generated,root-preserving,root-stutter,vulnerable,True,accepted,37,229,1.197271
gen-divide_zero-035,divide_zero,generated,root-preserving,alpha-unused,vulnerable,True,accepted,37,267,1.173973
gen-divide_zero-035,divide_zero,generated,root-preserving,swap-independent,vulnerable,True,accepted,37,255,1.150251
gen-divide_zero-035,divide_zero,generated,root-preserving,root-stutter,patched,True,accepted,37,223,1.351254
gen-divide_zero-035,divide_zero,generated,root-preserving,alpha-unused,patched,True,accepted,37,261,1.416307
gen-divide_zero-035,divide_zero,generated,root-preserving,swap-independent,patched,True,accepted,37,249,1.3611
gen-divide_zero-035,divide_zero,generated,root-preserving,guard-dual,patched,True,accepted,37,219,1.367214
gen-divide_zero-035,divide_zero,generated,root-flipping,close-root,vulnerable,True,accepted,35,196,1.272146
gen-divide_zero-035,divide_zero,generated,root-flipping,open-root,patched,True,accepted,35,195,1.2725
gen-divide_zero-036,divide_zero,generated,root-preserving,root-stutter,vulnerable,True,accepted,37,229,1.187131
gen-divide_zero-036,divide_zero,generated,root-preserving,alpha-unused,vulnerable,True,accepted,37,267,1.166885
gen-divide_zero-036,divide_zero,generated,root-preserving,swap-independent,vulnerable,True,accepted,37,255,1.158295
gen-divide_zero-036,divide_zero,generated,root-preserving,root-stutter,patched,True,accepted,37,223,1.34579
gen-divide_zero-036,divide_zero,generated,root-preserving,alpha-unused,patched,True,accepted,37,261,1.348563
gen-divide_zero-036,divide_zero,generated,root-preserving,swap-independent,patched,True,accepted,37,249,1.300938
gen-divide_zero-036,divide_zero,generated,root-preserving,guard-dual,patched,True,accepted,37,219,1.340611
gen-divide_zero-036,divide_zero,generated,root-flipping,close-root,vulnerable,True,accepted,35,196,1.264844
gen-divide_zero-036,divide_zero,generated,root-flipping,open-root,patched,True,accepted,35,195,1.250408
gen-divide_zero-037,divide_zero,generated,root-preserving,root-stutter,vulnerable,True,accepted,37,229,1.291761
gen-divide_zero-037,divide_zero,generated,root-preserving,alpha-unused,vulnerable,True,accepted,37,267,1.180991
gen-divide_zero-037,divide_zero,generated,root-preserving,swap-independent,vulnerable,True,accepted,37,255,1.169582
gen-divide_zero-037,divide_zero,generated,root-preserving,root-stutter,patched,True,accepted,37,223,1.372223
gen-divide_zero-037,divide_zero,generated,root-preserving,alpha-unused,patched,True,accepted,37,261,1.361379
gen-divide_zero-037,divide_zero,generated,root-preserving,swap-independent,patched,True,accepted,37,249,1.315224
gen-divide_zero-037,divide_zero,generated,root-preserving,guard-dual,patched,True,accepted,37,219,1.350262
gen-divide_zero-037,divide_zero,generated,root-flipping,close-root,vulnerable,True,accepted,35,196,1.281287
gen-divide_zero-037,divide_zero,generated,root-flipping,open-root,patched,True,accepted,35,195,1.257582
gen-divide_zero-038,divide_zero,generated,root-preserving,root-stutter,vulnerable,True,accepted,37,229,1.208444
gen-divide_zero-038,divide_zero,generated,root-preserving,alpha-unused,vulnerable,True,accepted,37,267,1.179615
gen-divide_zero-038,divide_zero,generated,root-preserving,swap-independent,vulnerable,True,accepted,37,255,1.148452
gen-divide_zero-038,divide_zero,generated,root-preserving,root-stutter,patched,True,accepted,37,223,1.374183
gen-divide_zero-038,divide_zero,generated,root-preserving,alpha-unused,patched,True,accepted,37,261,1.435349
gen-divide_zero-038,divide_zero,generated,root-preserving,swap-independent,patched,True,accepted,37,249,1.314587
gen-divide_zero-038,divide_zero,generated,root-preserving,guard-dual,patched,True,accepted,37,219,1.341011
gen-divide_zero-038,divide_zero,generated,root-flipping,close-root,vulnerable,True,accepted,35,196,1.283833
gen-divide_zero-038,divide_zero,generated,root-flipping,open-root,patched,True,accepted,35,195,1.268147
gen-divide_zero-039,divide_zero,generated,root-preserving,root-stutter,vulnerable,True,accepted,37,229,1.192699
gen-divide_zero-039,divide_zero,generated,root-preserving,alpha-unused,vulnerable,True,accepted,37,267,1.182413
gen-divide_zero-039,divide_zero,generated,root-preserving,swap-independent,vulnerable,True,accepted,37,255,1.170509
gen-divide_zero-039,divide_zero,generated,root-preserving,root-stutter,patched,True,accepted,37,223,1.352942
gen-divide_zero-039,divide_zero,generated,root-preserving,alpha-unused,patched,True,accepted,37,261,1.325592
gen-divide_zero-039,divide_zero,generated,root-preserving,swap-independent,patched,True,accepted,37,249,1.294628
gen-divide_zero-039,divide_zero,generated,root-preserving,guard-dual,patched,True,accepted,37,219,1.348481
gen-divide_zero-039,divide_zero,generated,root-flipping,close-root,vulnerable,True,accepted,35,196,1.296065
gen-divide_zero-039,divide_zero,generated,root-flipping,open-root,patched,True,accepted,35,195,1.281782
pub-divide_zero-00,divide_zero,synthetic-reference-tagged,root-preserving,root-stutter,vulnerable,True,accepted,37,227,1.307269
pub-divide_zero-00,divide_zero,synthetic-reference-tagged,root-preserving,alpha-unused,vulnerable,True,accepted,37,265,1.245018
pub-divide_zero-00,divide_zero,synthetic-reference-tagged,root-preserving,swap-independent,vulnerable,True,accepted,37,253,1.213788
pub-divide_zero-00,divide_zero,synthetic-reference-tagged,root-preserving,root-stutter,patched,True,accepted,37,221,1.370278
pub-divide_zero-00,divide_zero,synthetic-reference-tagged,root-preserving,alpha-unused,patched,True,accepted,37,259,1.35736
pub-divide_zero-00,divide_zero,synthetic-reference-tagged,root-preserving,swap-independent,patched,True,accepted,37,247,1.343503
pub-divide_zero-00,divide_zero,synthetic-reference-tagged,root-preserving,guard-dual,patched,True,accepted,37,217,1.333488
pub-divide_zero-00,divide_zero,synthetic-reference-tagged,root-flipping,close-root,vulnerable,True,accepted,35,194,1.290347
pub-divide_zero-00,divide_zero,synthetic-reference-tagged,root-flipping,open-root,patched,True,accepted,35,193,1.291532
pub-divide_zero-01,divide_zero,synthetic-reference-tagged,root-preserving,root-stutter,vulnerable,True,accepted,37,227,1.195116
pub-divide_zero-01,divide_zero,synthetic-reference-tagged,root-preserving,alpha-unused,vulnerable,True,accepted,37,265,1.192012
pub-divide_zero-01,divide_zero,synthetic-reference-tagged,root-preserving,swap-independent,vulnerable,True,accepted,37,253,1.163539
pub-divide_zero-01,divide_zero,synthetic-reference-tagged,root-preserving,root-stutter,patched,True,accepted,37,221,1.355425
pub-divide_zero-01,divide_zero,synthetic-reference-tagged,root-preserving,alpha-unused,patched,True,accepted,37,259,1.4384
pub-divide_zero-01,divide_zero,synthetic-reference-tagged,root-preserving,swap-independent,patched,True,accepted,37,247,1.418455
pub-divide_zero-01,divide_zero,synthetic-reference-tagged,root-preserving,guard-dual,patched,True,accepted,37,217,1.367693
pub-divide_zero-01,divide_zero,synthetic-reference-tagged,root-flipping,close-root,vulnerable,True,accepted,35,194,1.286283
pub-divide_zero-01,divide_zero,synthetic-reference-tagged,root-flipping,open-root,patched,True,accepted,35,193,1.288105
pub-divide_zero-02,divide_zero,synthetic-reference-tagged,root-preserving,root-stutter,vulnerable,True,accepted,37,227,1.204818
pub-divide_zero-02,divide_zero,synthetic-reference-tagged,root-preserving,alpha-unused,vulnerable,True,accepted,37,265,1.18868
pub-divide_zero-02,divide_zero,synthetic-reference-tagged,root-preserving,swap-independent,vulnerable,True,accepted,37,253,1.191812
pub-divide_zero-02,divide_zero,synthetic-reference-tagged,root-preserving,root-stutter,patched,True,accepted,37,221,1.345069
pub-divide_zero-02,divide_zero,synthetic-reference-tagged,root-preserving,alpha-unused,patched,True,accepted,37,259,1.352764
pub-divide_zero-02,divide_zero,synthetic-reference-tagged,root-preserving,swap-independent,patched,True,accepted,37,247,1.32952
pub-divide_zero-02,divide_zero,synthetic-reference-tagged,root-preserving,guard-dual,patched,True,accepted,37,217,1.329621
pub-divide_zero-02,divide_zero,synthetic-reference-tagged,root-flipping,close-root,vulnerable,True,accepted,35,194,1.277662
pub-divide_zero-02,divide_zero,synthetic-reference-tagged,root-flipping,open-root,patched,True,accepted,35,193,1.284578
gen-fixed_overflow-000,fixed_overflow,generated,root-preserving,root-stutter,vulnerable,True,accepted,28,235,1.017443
gen-fixed_overflow-000,fixed_overflow,generated,root-preserving,alpha-unused,vulnerable,True,accepted,28,273,1.020143
gen-fixed_overflow-000,fixed_overflow,generated,root-preserving,swap-independent,vulnerable,True,accepted,28,261,0.991336
gen-fixed_overflow-000,fixed_overflow,generated,root-preserving,root-stutter,patched,True,accepted,28,229,1.17885
gen-fixed_overflow-000,fixed_overflow,generated,root-preserving,alpha-unused,patched,True,accepted,28,267,1.169331
gen-fixed_overflow-000,fixed_overflow,generated,root-preserving,swap-independent,patched,True,accepted,28,255,1.158646
gen-fixed_overflow-000,fixed_overflow,generated,root-preserving,guard-dual,patched,True,accepted,28,225,1.153072
gen-fixed_overflow-000,fixed_overflow,generated,root-flipping,close-root,vulnerable,True,accepted,26,202,1.098982
gen-fixed_overflow-000,fixed_overflow,generated,root-flipping,open-root,patched,True,accepted,26,201,1.079823
gen-fixed_overflow-001,fixed_overflow,generated,root-preserving,root-stutter,vulnerable,True,accepted,28,235,1.000711
gen-fixed_overflow-001,fixed_overflow,generated,root-preserving,alpha-unused,vulnerable,True,accepted,28,273,0.973621
gen-fixed_overflow-001,fixed_overflow,generated,root-preserving,swap-independent,vulnerable,True,accepted,28,261,0.94327
gen-fixed_overflow-001,fixed_overflow,generated,root-preserving,root-stutter,patched,True,accepted,28,229,1.169712
gen-fixed_overflow-001,fixed_overflow,generated,root-preserving,alpha-unused,patched,True,accepted,28,267,1.191195
gen-fixed_overflow-001,fixed_overflow,generated,root-preserving,swap-independent,patched,True,accepted,28,255,1.227431
gen-fixed_overflow-001,fixed_overflow,generated,root-preserving,guard-dual,patched,True,accepted,28,225,1.181692
gen-fixed_overflow-001,fixed_overflow,generated,root-flipping,close-root,vulnerable,True,accepted,26,202,1.174205
gen-fixed_overflow-001,fixed_overflow,generated,root-flipping,open-root,patched,True,accepted,26,201,1.098446
gen-fixed_overflow-002,fixed_overflow,generated,root-preserving,root-stutter,vulnerable,True,accepted,28,235,0.995922
gen-fixed_overflow-002,fixed_overflow,generated,root-preserving,alpha-unused,vulnerable,True,accepted,28,273,0.976553
gen-fixed_overflow-002,fixed_overflow,generated,root-preserving,swap-independent,vulnerable,True,accepted,28,261,0.950593
gen-fixed_overflow-002,fixed_overflow,generated,root-preserving,root-stutter,patched,True,accepted,28,229,1.165709
gen-fixed_overflow-002,fixed_overflow,generated,root-preserving,alpha-unused,patched,True,accepted,28,267,1.184545
gen-fixed_overflow-002,fixed_overflow,generated,root-preserving,swap-independent,patched,True,accepted,28,255,1.155775
gen-fixed_overflow-002,fixed_overflow,generated,root-preserving,guard-dual,patched,True,accepted,28,225,1.157097
gen-fixed_overflow-002,fixed_overflow,generated,root-flipping,close-root,vulnerable,True,accepted,26,202,1.097815
gen-fixed_overflow-002,fixed_overflow,generated,root-flipping,open-root,patched,True,accepted,26,201,1.266762
gen-fixed_overflow-003,fixed_overflow,generated,root-preserving,root-stutter,vulnerable,True,accepted,28,235,1.244402
gen-fixed_overflow-003,fixed_overflow,generated,root-preserving,alpha-unused,vulnerable,True,accepted,28,273,1.091422
gen-fixed_overflow-003,fixed_overflow,generated,root-preserving,swap-independent,vulnerable,True,accepted,28,261,0.992948
gen-fixed_overflow-003,fixed_overflow,generated,root-preserving,root-stutter,patched,True,accepted,28,229,1.211344
gen-fixed_overflow-003,fixed_overflow,generated,root-preserving,alpha-unused,patched,True,accepted,28,267,1.194034
gen-fixed_overflow-003,fixed_overflow,generated,root-preserving,swap-independent,patched,True,accepted,28,255,1.15872
gen-fixed_overflow-003,fixed_overflow,generated,root-preserving,guard-dual,patched,True,accepted,28,225,1.176113
gen-fixed_overflow-003,fixed_overflow,generated,root-flipping,close-root,vulnerable,True,accepted,26,202,1.11178
gen-fixed_overflow-003,fixed_overflow,generated,root-flipping,open-root,patched,True,accepted,26,201,1.096323
gen-fixed_overflow-004,fixed_overflow,generated,root-preserving,root-stutter,vulnerable,True,accepted,28,235,0.994516
gen-fixed_overflow-004,fixed_overflow,generated,root-preserving,alpha-unused,vulnerable,True,accepted,28,273,0.985773
gen-fixed_overflow-004,fixed_overflow,generated,root-preserving,swap-independent,vulnerable,True,accepted,28,261,0.967214
gen-fixed_overflow-004,fixed_overflow,generated,root-preserving,root-stutter,patched,True,accepted,28,229,1.180393
gen-fixed_overflow-004,fixed_overflow,generated,root-preserving,alpha-unused,patched,True,accepted,28,267,1.182708
gen-fixed_overflow-004,fixed_overflow,generated,root-preserving,swap-independent,patched,True,accepted,28,255,1.366181
gen-fixed_overflow-004,fixed_overflow,generated,root-preserving,guard-dual,patched,True,accepted,28,225,1.224167
gen-fixed_overflow-004,fixed_overflow,generated,root-flipping,close-root,vulnerable,True,accepted,26,202,1.291014
gen-fixed_overflow-004,fixed_overflow,generated,root-flipping,open-root,patched,True,accepted,26,201,1.113167
gen-fixed_overflow-005,fixed_overflow,generated,root-preserving,root-stutter,vulnerable,True,accepted,28,235,1.004275
gen-fixed_overflow-005,fixed_overflow,generated,root-preserving,alpha-unused,vulnerable,True,accepted,28,273,1.013415
gen-fixed_overflow-005,fixed_overflow,generated,root-preserving,swap-independent,vulnerable,True,accepted,28,261,1.006156
gen-fixed_overflow-005,fixed_overflow,generated,root-preserving,root-stutter,patched,True,accepted,28,229,1.238905
gen-fixed_overflow-005,fixed_overflow,generated,root-preserving,alpha-unused,patched,True,accepted,28,267,1.182152
gen-fixed_overflow-005,fixed_overflow,generated,root-preserving,swap-independent,patched,True,accepted,28,255,1.220211
gen-fixed_overflow-005,fixed_overflow,generated,root-preserving,guard-dual,patched,True,accepted,28,225,1.230165
gen-fixed_overflow-005,fixed_overflow,generated,root-flipping,close-root,vulnerable,True,accepted,26,202,1.122425
gen-fixed_overflow-005,fixed_overflow,generated,root-flipping,open-root,patched,True,accepted,26,201,1.099258
gen-fixed_overflow-006,fixed_overflow,generated,root-preserving,root-stutter,vulnerable,True,accepted,28,235,0.998059
gen-fixed_overflow-006,fixed_overflow,generated,root-preserving,alpha-unused,vulnerable,True,accepted,28,273,6.181779
gen-fixed_overflow-006,fixed_overflow,generated,root-preserving,swap-independent,vulnerable,True,accepted,28,261,1.016036
gen-fixed_overflow-006,fixed_overflow,generated,root-preserving,root-stutter,patched,True,accepted,28,229,1.193036
gen-fixed_overflow-006,fixed_overflow,generated,root-preserving,alpha-unused,patched,True,accepted,28,267,1.219593
gen-fixed_overflow-006,fixed_overflow,generated,root-preserving,swap-independent,patched,True,accepted,28,255,1.176538
gen-fixed_overflow-006,fixed_overflow,generated,root-preserving,guard-dual,patched,True,accepted,28,225,1.17764
gen-fixed_overflow-006,fixed_overflow,generated,root-flipping,close-root,vulnerable,True,accepted,26,202,1.109098
gen-fixed_overflow-006,fixed_overflow,generated,root-flipping,open-root,patched,True,accepted,26,201,1.121966
gen-fixed_overflow-007,fixed_overflow,generated,root-preserving,root-stutter,vulnerable,True,accepted,28,235,1.024629
gen-fixed_overflow-007,fixed_overflow,generated,root-preserving,alpha-unused,vulnerable,True,accepted,28,273,0.999011
gen-fixed_overflow-007,fixed_overflow,generated,root-preserving,swap-independent,vulnerable,True,accepted,28,261,0.979382
gen-fixed_overflow-007,fixed_overflow,generated,root-preserving,root-stutter,patched,True,accepted,28,229,1.167271
gen-fixed_overflow-007,fixed_overflow,generated,root-preserving,alpha-unused,patched,True,accepted,28,267,1.193011
gen-fixed_overflow-007,fixed_overflow,generated,root-preserving,swap-independent,patched,True,accepted,28,255,1.208872
gen-fixed_overflow-007,fixed_overflow,generated,root-preserving,guard-dual,patched,True,accepted,28,225,1.191395
gen-fixed_overflow-007,fixed_overflow,generated,root-flipping,close-root,vulnerable,True,accepted,26,202,1.135502
gen-fixed_overflow-007,fixed_overflow,generated,root-flipping,open-root,patched,True,accepted,26,201,1.118766
gen-fixed_overflow-008,fixed_overflow,generated,root-preserving,root-stutter,vulnerable,True,accepted,28,235,0.979787
gen-fixed_overflow-008,fixed_overflow,generated,root-preserving,alpha-unused,vulnerable,True,accepted,28,273,1.019403
gen-fixed_overflow-008,fixed_overflow,generated,root-preserving,swap-independent,vulnerable,True,accepted,28,261,0.968801
gen-fixed_overflow-008,fixed_overflow,generated,root-preserving,root-stutter,patched,True,accepted,28,229,1.204968
gen-fixed_overflow-008,fixed_overflow,generated,root-preserving,alpha-unused,patched,True,accepted,28,267,1.18886
gen-fixed_overflow-008,fixed_overflow,generated,root-preserving,swap-independent,patched,True,accepted,28,255,1.142056
gen-fixed_overflow-008,fixed_overflow,generated,root-preserving,guard-dual,patched,True,accepted,28,225,1.202123
gen-fixed_overflow-008,fixed_overflow,generated,root-flipping,close-root,vulnerable,True,accepted,26,202,1.146904
gen-fixed_overflow-008,fixed_overflow,generated,root-flipping,open-root,patched,True,accepted,26,201,1.110154
gen-fixed_overflow-009,fixed_overflow,generated,root-preserving,root-stutter,vulnerable,True,accepted,28,235,1.001476
gen-fixed_overflow-009,fixed_overflow,generated,root-preserving,alpha-unused,vulnerable,True,accepted,28,273,1.038009
gen-fixed_overflow-009,fixed_overflow,generated,root-preserving,swap-independent,vulnerable,True,accepted,28,261,1.006077
gen-fixed_overflow-009,fixed_overflow,generated,root-preserving,root-stutter,patched,True,accepted,28,229,1.182302
gen-fixed_overflow-009,fixed_overflow,generated,root-preserving,alpha-unused,patched,True,accepted,28,267,1.181767
gen-fixed_overflow-009,fixed_overflow,generated,root-preserving,swap-independent,patched,True,accepted,28,255,1.174105
gen-fixed_overflow-009,fixed_overflow,generated,root-preserving,guard-dual,patched,True,accepted,28,225,1.227838
gen-fixed_overflow-009,fixed_overflow,generated,root-flipping,close-root,vulnerable,True,accepted,26,202,1.143455
gen-fixed_overflow-009,fixed_overflow,generated,root-flipping,open-root,patched,True,accepted,26,201,1.117424
gen-fixed_overflow-010,fixed_overflow,generated,root-preserving,root-stutter,vulnerable,True,accepted,28,235,1.023844
gen-fixed_overflow-010,fixed_overflow,generated,root-preserving,alpha-unused,vulnerable,True,accepted,28,273,0.985253
gen-fixed_overflow-010,fixed_overflow,generated,root-preserving,swap-independent,vulnerable,True,accepted,28,261,0.96728
gen-fixed_overflow-010,fixed_overflow,generated,root-preserving,root-stutter,patched,True,accepted,28,229,1.275743
gen-fixed_overflow-010,fixed_overflow,generated,root-preserving,alpha-unused,patched,True,accepted,28,267,1.192815
gen-fixed_overflow-010,fixed_overflow,generated,root-preserving,swap-independent,patched,True,accepted,28,255,1.167052
gen-fixed_overflow-010,fixed_overflow,generated,root-preserving,guard-dual,patched,True,accepted,28,225,1.199427
gen-fixed_overflow-010,fixed_overflow,generated,root-flipping,close-root,vulnerable,True,accepted,26,202,1.106581
gen-fixed_overflow-010,fixed_overflow,generated,root-flipping,open-root,patched,True,accepted,26,201,1.148648
gen-fixed_overflow-011,fixed_overflow,generated,root-preserving,root-stutter,vulnerable,True,accepted,28,235,1.014933
gen-fixed_overflow-011,fixed_overflow,generated,root-preserving,alpha-unused,vulnerable,True,accepted,28,273,0.981421
gen-fixed_overflow-011,fixed_overflow,generated,root-preserving,swap-independent,vulnerable,True,accepted,28,261,0.973206
gen-fixed_overflow-011,fixed_overflow,generated,root-preserving,root-stutter,patched,True,accepted,28,229,1.182189
gen-fixed_overflow-011,fixed_overflow,generated,root-preserving,alpha-unused,patched,True,accepted,28,267,1.183621
gen-fixed_overflow-011,fixed_overflow,generated,root-preserving,swap-independent,patched,True,accepted,28,255,1.157804
gen-fixed_overflow-011,fixed_overflow,generated,root-preserving,guard-dual,patched,True,accepted,28,225,1.222483
gen-fixed_overflow-011,fixed_overflow,generated,root-flipping,close-root,vulnerable,True,accepted,26,202,1.122332
gen-fixed_overflow-011,fixed_overflow,generated,root-flipping,open-root,patched,True,accepted,26,201,1.138299
gen-fixed_overflow-012,fixed_overflow,generated,root-preserving,root-stutter,vulnerable,True,accepted,28,235,0.98839
gen-fixed_overflow-012,fixed_overflow,generated,root-preserving,alpha-unused,vulnerable,True,accepted,28,273,0.988495
gen-fixed_overflow-012,fixed_overflow,generated,root-preserving,swap-independent,vulnerable,True,accepted,28,261,0.950186
gen-fixed_overflow-012,fixed_overflow,generated,root-preserving,root-stutter,patched,True,accepted,28,229,1.17332
gen-fixed_overflow-012,fixed_overflow,generated,root-preserving,alpha-unused,patched,True,accepted,28,267,1.206496
gen-fixed_overflow-012,fixed_overflow,generated,root-preserving,swap-independent,patched,True,accepted,28,255,1.184792
gen-fixed_overflow-012,fixed_overflow,generated,root-preserving,guard-dual,patched,True,accepted,28,225,1.192502
gen-fixed_overflow-012,fixed_overflow,generated,root-flipping,close-root,vulnerable,True,accepted,26,202,1.13318
gen-fixed_overflow-012,fixed_overflow,generated,root-flipping,open-root,patched,True,accepted,26,201,1.102968
gen-fixed_overflow-013,fixed_overflow,generated,root-preserving,root-stutter,vulnerable,True,accepted,28,235,0.986335
gen-fixed_overflow-013,fixed_overflow,generated,root-preserving,alpha-unused,vulnerable,True,accepted,28,273,0.984235
gen-fixed_overflow-013,fixed_overflow,generated,root-preserving,swap-independent,vulnerable,True,accepted,28,261,0.945321
gen-fixed_overflow-013,fixed_overflow,generated,root-preserving,root-stutter,patched,True,accepted,28,229,1.329492
gen-fixed_overflow-013,fixed_overflow,generated,root-preserving,alpha-unused,patched,True,accepted,28,267,1.206311
gen-fixed_overflow-013,fixed_overflow,generated,root-preserving,swap-independent,patched,True,accepted,28,255,1.164724
gen-fixed_overflow-013,fixed_overflow,generated,root-preserving,guard-dual,patched,True,accepted,28,225,1.201407
gen-fixed_overflow-013,fixed_overflow,generated,root-flipping,close-root,vulnerable,True,accepted,26,202,1.121756
gen-fixed_overflow-013,fixed_overflow,generated,root-flipping,open-root,patched,True,accepted,26,201,1.110518
gen-fixed_overflow-014,fixed_overflow,generated,root-preserving,root-stutter,vulnerable,True,accepted,28,235,0.998132
gen-fixed_overflow-014,fixed_overflow,generated,root-preserving,alpha-unused,vulnerable,True,accepted,28,273,0.969742
gen-fixed_overflow-014,fixed_overflow,generated,root-preserving,swap-independent,vulnerable,True,accepted,28,261,0.93969
gen-fixed_overflow-014,fixed_overflow,generated,root-preserving,root-stutter,patched,True,accepted,28,229,1.244794
gen-fixed_overflow-014,fixed_overflow,generated,root-preserving,alpha-unused,patched,True,accepted,28,267,1.192487
gen-fixed_overflow-014,fixed_overflow,generated,root-preserving,swap-independent,patched,True,accepted,28,255,1.156024
gen-fixed_overflow-014,fixed_overflow,generated,root-preserving,guard-dual,patched,True,accepted,28,225,1.189714
gen-fixed_overflow-014,fixed_overflow,generated,root-flipping,close-root,vulnerable,True,accepted,26,202,1.131265
gen-fixed_overflow-014,fixed_overflow,generated,root-flipping,open-root,patched,True,accepted,26,201,1.125834
gen-fixed_overflow-015,fixed_overflow,generated,root-preserving,root-stutter,vulnerable,True,accepted,28,235,1.032294
gen-fixed_overflow-015,fixed_overflow,generated,root-preserving,alpha-unused,vulnerable,True,accepted,28,273,0.985733
gen-fixed_overflow-015,fixed_overflow,generated,root-preserving,swap-independent,vulnerable,True,accepted,28,261,0.955121
gen-fixed_overflow-015,fixed_overflow,generated,root-preserving,root-stutter,patched,True,accepted,28,229,1.167133
gen-fixed_overflow-015,fixed_overflow,generated,root-preserving,alpha-unused,patched,True,accepted,28,267,1.282782
gen-fixed_overflow-015,fixed_overflow,generated,root-preserving,swap-independent,patched,True,accepted,28,255,1.178216
gen-fixed_overflow-015,fixed_overflow,generated,root-preserving,guard-dual,patched,True,accepted,28,225,1.19065
gen-fixed_overflow-015,fixed_overflow,generated,root-flipping,close-root,vulnerable,True,accepted,26,202,1.130435
gen-fixed_overflow-015,fixed_overflow,generated,root-flipping,open-root,patched,True,accepted,26,201,1.103215
gen-fixed_overflow-016,fixed_overflow,generated,root-preserving,root-stutter,vulnerable,True,accepted,28,235,1.005141
gen-fixed_overflow-016,fixed_overflow,generated,root-preserving,alpha-unused,vulnerable,True,accepted,28,273,0.99773
gen-fixed_overflow-016,fixed_overflow,generated,root-preserving,swap-independent,vulnerable,True,accepted,28,261,0.966542
gen-fixed_overflow-016,fixed_overflow,generated,root-preserving,root-stutter,patched,True,accepted,28,229,1.179152
gen-fixed_overflow-016,fixed_overflow,generated,root-preserving,alpha-unused,patched,True,accepted,28,267,1.176317
gen-fixed_overflow-016,fixed_overflow,generated,root-preserving,swap-independent,patched,True,accepted,28,255,1.206111
gen-fixed_overflow-016,fixed_overflow,generated,root-preserving,guard-dual,patched,True,accepted,28,225,1.25984
gen-fixed_overflow-016,fixed_overflow,generated,root-flipping,close-root,vulnerable,True,accepted,26,202,1.213751
gen-fixed_overflow-016,fixed_overflow,generated,root-flipping,open-root,patched,True,accepted,26,201,1.142655
gen-fixed_overflow-017,fixed_overflow,generated,root-preserving,root-stutter,vulnerable,True,accepted,28,235,1.022337
gen-fixed_overflow-017,fixed_overflow,generated,root-preserving,alpha-unused,vulnerable,True,accepted,28,273,0.979915
gen-fixed_overflow-017,fixed_overflow,generated,root-preserving,swap-independent,vulnerable,True,accepted,28,261,0.97906
gen-fixed_overflow-017,fixed_overflow,generated,root-preserving,root-stutter,patched,True,accepted,28,229,1.19327
gen-fixed_overflow-017,fixed_overflow,generated,root-preserving,alpha-unused,patched,True,accepted,28,267,1.173758
gen-fixed_overflow-017,fixed_overflow,generated,root-preserving,swap-independent,patched,True,accepted,28,255,1.152339
gen-fixed_overflow-017,fixed_overflow,generated,root-preserving,guard-dual,patched,True,accepted,28,225,1.155345
gen-fixed_overflow-017,fixed_overflow,generated,root-flipping,close-root,vulnerable,True,accepted,26,202,1.274361
gen-fixed_overflow-017,fixed_overflow,generated,root-flipping,open-root,patched,True,accepted,26,201,1.366076
gen-fixed_overflow-018,fixed_overflow,generated,root-preserving,root-stutter,vulnerable,True,accepted,28,235,1.000823
gen-fixed_overflow-018,fixed_overflow,generated,root-preserving,alpha-unused,vulnerable,True,accepted,28,273,0.996866
gen-fixed_overflow-018,fixed_overflow,generated,root-preserving,swap-independent,vulnerable,True,accepted,28,261,0.979928
gen-fixed_overflow-018,fixed_overflow,generated,root-preserving,root-stutter,patched,True,accepted,28,229,1.198002
gen-fixed_overflow-018,fixed_overflow,generated,root-preserving,alpha-unused,patched,True,accepted,28,267,1.199333
gen-fixed_overflow-018,fixed_overflow,generated,root-preserving,swap-independent,patched,True,accepted,28,255,1.163296
gen-fixed_overflow-018,fixed_overflow,generated,root-preserving,guard-dual,patched,True,accepted,28,225,1.163954
gen-fixed_overflow-018,fixed_overflow,generated,root-flipping,close-root,vulnerable,True,accepted,26,202,1.107371
gen-fixed_overflow-018,fixed_overflow,generated,root-flipping,open-root,patched,True,accepted,26,201,1.096462
gen-fixed_overflow-019,fixed_overflow,generated,root-preserving,root-stutter,vulnerable,True,accepted,28,235,1.035844
gen-fixed_overflow-019,fixed_overflow,generated,root-preserving,alpha-unused,vulnerable,True,accepted,28,273,1.006503
gen-fixed_overflow-019,fixed_overflow,generated,root-preserving,swap-independent,vulnerable,True,accepted,28,261,0.984675
gen-fixed_overflow-019,fixed_overflow,generated,root-preserving,root-stutter,patched,True,accepted,28,229,1.201343
gen-fixed_overflow-019,fixed_overflow,generated,root-preserving,alpha-unused,patched,True,accepted,28,267,1.187511
gen-fixed_overflow-019,fixed_overflow,generated,root-preserving,swap-independent,patched,True,accepted,28,255,1.156914
gen-fixed_overflow-019,fixed_overflow,generated,root-preserving,guard-dual,patched,True,accepted,28,225,1.168515
gen-fixed_overflow-019,fixed_overflow,generated,root-flipping,close-root,vulnerable,True,accepted,26,202,1.11619
gen-fixed_overflow-019,fixed_overflow,generated,root-flipping,open-root,patched,True,accepted,26,201,1.092778
gen-fixed_overflow-020,fixed_overflow,generated,root-preserving,root-stutter,vulnerable,True,accepted,28,235,0.976508
gen-fixed_overflow-020,fixed_overflow,generated,root-preserving,alpha-unused,vulnerable,True,accepted,28,273,0.970114
gen-fixed_overflow-020,fixed_overflow,generated,root-preserving,swap-independent,vulnerable,True,accepted,28,261,0.961614
gen-fixed_overflow-020,fixed_overflow,generated,root-preserving,root-stutter,patched,True,accepted,28,229,1.246593
gen-fixed_overflow-020,fixed_overflow,generated,root-preserving,alpha-unused,patched,True,accepted,28,267,1.198854
gen-fixed_overflow-020,fixed_overflow,generated,root-preserving,swap-independent,patched,True,accepted,28,255,1.169387
gen-fixed_overflow-020,fixed_overflow,generated,root-preserving,guard-dual,patched,True,accepted,28,225,1.189971
gen-fixed_overflow-020,fixed_overflow,generated,root-flipping,close-root,vulnerable,True,accepted,26,202,1.11457
gen-fixed_overflow-020,fixed_overflow,generated,root-flipping,open-root,patched,True,accepted,26,201,1.103047
gen-fixed_overflow-021,fixed_overflow,generated,root-preserving,root-stutter,vulnerable,True,accepted,28,235,1.009147
gen-fixed_overflow-021,fixed_overflow,generated,root-preserving,alpha-unused,vulnerable,True,accepted,28,273,0.983229
gen-fixed_overflow-021,fixed_overflow,generated,root-preserving,swap-independent,vulnerable,True,accepted,28,261,1.11273
gen-fixed_overflow-021,fixed_overflow,generated,root-preserving,root-stutter,patched,True,accepted,28,229,1.183362
gen-fixed_overflow-021,fixed_overflow,generated,root-preserving,alpha-unused,patched,True,accepted,28,267,1.176055
gen-fixed_overflow-021,fixed_overflow,generated,root-preserving,swap-independent,patched,True,accepted,28,255,1.219774
gen-fixed_overflow-021,fixed_overflow,generated,root-preserving,guard-dual,patched,True,accepted,28,225,1.161685
gen-fixed_overflow-021,fixed_overflow,generated,root-flipping,close-root,vulnerable,True,accepted,26,202,1.100288
gen-fixed_overflow-021,fixed_overflow,generated,root-flipping,open-root,patched,True,accepted,26,201,1.164587
gen-fixed_overflow-022,fixed_overflow,generated,root-preserving,root-stutter,vulnerable,True,accepted,28,235,1.066612
gen-fixed_overflow-022,fixed_overflow,generated,root-preserving,alpha-unused,vulnerable,True,accepted,28,273,0.998858
gen-fixed_overflow-022,fixed_overflow,generated,root-preserving,swap-independent,vulnerable,True,accepted,28,261,0.972606
gen-fixed_overflow-022,fixed_overflow,generated,root-preserving,root-stutter,patched,True,accepted,28,229,1.218255
gen-fixed_overflow-022,fixed_overflow,generated,root-preserving,alpha-unused,patched,True,accepted,28,267,1.182619
gen-fixed_overflow-022,fixed_overflow,generated,root-preserving,swap-independent,patched,True,accepted,28,255,1.166678
gen-fixed_overflow-022,fixed_overflow,generated,root-preserving,guard-dual,patched,True,accepted,28,225,1.175398
gen-fixed_overflow-022,fixed_overflow,generated,root-flipping,close-root,vulnerable,True,accepted,26,202,1.1071
gen-fixed_overflow-022,fixed_overflow,generated,root-flipping,open-root,patched,True,accepted,26,201,1.111786
gen-fixed_overflow-023,fixed_overflow,generated,root-preserving,root-stutter,vulnerable,True,accepted,28,235,0.989964
gen-fixed_overflow-023,fixed_overflow,generated,root-preserving,alpha-unused,vulnerable,True,accepted,28,273,0.9835
gen-fixed_overflow-023,fixed_overflow,generated,root-preserving,swap-independent,vulnerable,True,accepted,28,261,0.975027
gen-fixed_overflow-023,fixed_overflow,generated,root-preserving,root-stutter,patched,True,accepted,28,229,1.263566
gen-fixed_overflow-023,fixed_overflow,generated,root-preserving,alpha-unused,patched,True,accepted,28,267,1.180544
gen-fixed_overflow-023,fixed_overflow,generated,root-preserving,swap-independent,patched,True,accepted,28,255,1.17553
gen-fixed_overflow-023,fixed_overflow,generated,root-preserving,guard-dual,patched,True,accepted,28,225,1.178967
gen-fixed_overflow-023,fixed_overflow,generated,root-flipping,close-root,vulnerable,True,accepted,26,202,1.109056
gen-fixed_overflow-023,fixed_overflow,generated,root-flipping,open-root,patched,True,accepted,26,201,1.100681
gen-fixed_overflow-024,fixed_overflow,generated,root-preserving,root-stutter,vulnerable,True,accepted,28,235,0.996326
gen-fixed_overflow-024,fixed_overflow,generated,root-preserving,alpha-unused,vulnerable,True,accepted,28,273,0.998256
gen-fixed_overflow-024,fixed_overflow,generated,root-preserving,swap-independent,vulnerable,True,accepted,28,261,0.968666
gen-fixed_overflow-024,fixed_overflow,generated,root-preserving,root-stutter,patched,True,accepted,28,229,1.210318
gen-fixed_overflow-024,fixed_overflow,generated,root-preserving,alpha-unused,patched,True,accepted,28,267,1.170024
gen-fixed_overflow-024,fixed_overflow,generated,root-preserving,swap-independent,patched,True,accepted,28,255,1.146853
gen-fixed_overflow-024,fixed_overflow,generated,root-preserving,guard-dual,patched,True,accepted,28,225,1.15899
gen-fixed_overflow-024,fixed_overflow,generated,root-flipping,close-root,vulnerable,True,accepted,26,202,1.095882
gen-fixed_overflow-024,fixed_overflow,generated,root-flipping,open-root,patched,True,accepted,26,201,1.093504
gen-fixed_overflow-025,fixed_overflow,generated,root-preserving,root-stutter,vulnerable,True,accepted,28,235,1.062708
gen-fixed_overflow-025,fixed_overflow,generated,root-preserving,alpha-unused,vulnerable,True,accepted,28,273,0.993956
gen-fixed_overflow-025,fixed_overflow,generated,root-preserving,swap-independent,vulnerable,True,accepted,28,261,0.963979
gen-fixed_overflow-025,fixed_overflow,generated,root-preserving,root-stutter,patched,True,accepted,28,229,1.20751
gen-fixed_overflow-025,fixed_overflow,generated,root-preserving,alpha-unused,patched,True,accepted,28,267,1.187005
gen-fixed_overflow-025,fixed_overflow,generated,root-preserving,swap-independent,patched,True,accepted,28,255,1.149267
gen-fixed_overflow-025,fixed_overflow,generated,root-preserving,guard-dual,patched,True,accepted,28,225,1.189599
gen-fixed_overflow-025,fixed_overflow,generated,root-flipping,close-root,vulnerable,True,accepted,26,202,1.111927
gen-fixed_overflow-025,fixed_overflow,generated,root-flipping,open-root,patched,True,accepted,26,201,1.1021
gen-fixed_overflow-026,fixed_overflow,generated,root-preserving,root-stutter,vulnerable,True,accepted,28,235,1.004521
gen-fixed_overflow-026,fixed_overflow,generated,root-preserving,alpha-unused,vulnerable,True,accepted,28,273,0.976794
gen-fixed_overflow-026,fixed_overflow,generated,root-preserving,swap-independent,vulnerable,True,accepted,28,261,0.946148
gen-fixed_overflow-026,fixed_overflow,generated,root-preserving,root-stutter,patched,True,accepted,28,229,1.18069
gen-fixed_overflow-026,fixed_overflow,generated,root-preserving,alpha-unused,patched,True,accepted,28,267,1.203395
gen-fixed_overflow-026,fixed_overflow,generated,root-preserving,swap-independent,patched,True,accepted,28,255,1.176072
gen-fixed_overflow-026,fixed_overflow,generated,root-preserving,guard-dual,patched,True,accepted,28,225,1.189242
gen-fixed_overflow-026,fixed_overflow,generated,root-flipping,close-root,vulnerable,True,accepted,26,202,1.129386
gen-fixed_overflow-026,fixed_overflow,generated,root-flipping,open-root,patched,True,accepted,26,201,1.10823
gen-fixed_overflow-027,fixed_overflow,generated,root-preserving,root-stutter,vulnerable,True,accepted,28,235,0.992859
gen-fixed_overflow-027,fixed_overflow,generated,root-preserving,alpha-unused,vulnerable,True,accepted,28,273,0.97386
gen-fixed_overflow-027,fixed_overflow,generated,root-preserving,swap-independent,vulnerable,True,accepted,28,261,0.973747
gen-fixed_overflow-027,fixed_overflow,generated,root-preserving,root-stutter,patched,True,accepted,28,229,1.196071
gen-fixed_overflow-027,fixed_overflow,generated,root-preserving,alpha-unused,patched,True,accepted,28,267,1.183586
gen-fixed_overflow-027,fixed_overflow,generated,root-preserving,swap-independent,patched,True,accepted,28,255,1.153156
gen-fixed_overflow-027,fixed_overflow,generated,root-preserving,guard-dual,patched,True,accepted,28,225,1.167249
gen-fixed_overflow-027,fixed_overflow,generated,root-flipping,close-root,vulnerable,True,accepted,26,202,1.093726
gen-fixed_overflow-027,fixed_overflow,generated,root-flipping,open-root,patched,True,accepted,26,201,1.082586
gen-fixed_overflow-028,fixed_overflow,generated,root-preserving,root-stutter,vulnerable,True,accepted,28,235,1.105664
gen-fixed_overflow-028,fixed_overflow,generated,root-preserving,alpha-unused,vulnerable,True,accepted,28,273,1.052313
gen-fixed_overflow-028,fixed_overflow,generated,root-preserving,swap-independent,vulnerable,True,accepted,28,261,0.969972
gen-fixed_overflow-028,fixed_overflow,generated,root-preserving,root-stutter,patched,True,accepted,28,229,1.205674
gen-fixed_overflow-028,fixed_overflow,generated,root-preserving,alpha-unused,patched,True,accepted,28,267,1.19002
gen-fixed_overflow-028,fixed_overflow,generated,root-preserving,swap-independent,patched,True,accepted,28,255,1.172067
gen-fixed_overflow-028,fixed_overflow,generated,root-preserving,guard-dual,patched,True,accepted,28,225,1.16968
gen-fixed_overflow-028,fixed_overflow,generated,root-flipping,close-root,vulnerable,True,accepted,26,202,1.273074
gen-fixed_overflow-028,fixed_overflow,generated,root-flipping,open-root,patched,True,accepted,26,201,1.116423
gen-fixed_overflow-029,fixed_overflow,generated,root-preserving,root-stutter,vulnerable,True,accepted,28,235,1.019192
gen-fixed_overflow-029,fixed_overflow,generated,root-preserving,alpha-unused,vulnerable,True,accepted,28,273,0.985075
gen-fixed_overflow-029,fixed_overflow,generated,root-preserving,swap-independent,vulnerable,True,accepted,28,261,0.969478
gen-fixed_overflow-029,fixed_overflow,generated,root-preserving,root-stutter,patched,True,accepted,28,229,1.194513
gen-fixed_overflow-029,fixed_overflow,generated,root-preserving,alpha-unused,patched,True,accepted,28,267,1.403766
gen-fixed_overflow-029,fixed_overflow,generated,root-preserving,swap-independent,patched,True,accepted,28,255,1.196333
gen-fixed_overflow-029,fixed_overflow,generated,root-preserving,guard-dual,patched,True,accepted,28,225,1.175148
gen-fixed_overflow-029,fixed_overflow,generated,root-flipping,close-root,vulnerable,True,accepted,26,202,1.1148
gen-fixed_overflow-029,fixed_overflow,generated,root-flipping,open-root,patched,True,accepted,26,201,1.116275
gen-fixed_overflow-030,fixed_overflow,generated,root-preserving,root-stutter,vulnerable,True,accepted,28,235,0.990982
gen-fixed_overflow-030,fixed_overflow,generated,root-preserving,alpha-unused,vulnerable,True,accepted,28,273,1.151653
gen-fixed_overflow-030,fixed_overflow,generated,root-preserving,swap-independent,vulnerable,True,accepted,28,261,0.963135
gen-fixed_overflow-030,fixed_overflow,generated,root-preserving,root-stutter,patched,True,accepted,28,229,1.190394
gen-fixed_overflow-030,fixed_overflow,generated,root-preserving,alpha-unused,patched,True,accepted,28,267,1.186329
gen-fixed_overflow-030,fixed_overflow,generated,root-preserving,swap-independent,patched,True,accepted,28,255,1.155614
gen-fixed_overflow-030,fixed_overflow,generated,root-preserving,guard-dual,patched,True,accepted,28,225,1.165211
gen-fixed_overflow-030,fixed_overflow,generated,root-flipping,close-root,vulnerable,True,accepted,26,202,1.131666
gen-fixed_overflow-030,fixed_overflow,generated,root-flipping,open-root,patched,True,accepted,26,201,1.109873
gen-fixed_overflow-031,fixed_overflow,generated,root-preserving,root-stutter,vulnerable,True,accepted,28,235,1.001703
gen-fixed_overflow-031,fixed_overflow,generated,root-preserving,alpha-unused,vulnerable,True,accepted,28,273,0.990082
gen-fixed_overflow-031,fixed_overflow,generated,root-preserving,swap-independent,vulnerable,True,accepted,28,261,0.959726
gen-fixed_overflow-031,fixed_overflow,generated,root-preserving,root-stutter,patched,True,accepted,28,229,1.217075
gen-fixed_overflow-031,fixed_overflow,generated,root-preserving,alpha-unused,patched,True,accepted,28,267,1.187635
gen-fixed_overflow-031,fixed_overflow,generated,root-preserving,swap-independent,patched,True,accepted,28,255,1.167382
gen-fixed_overflow-031,fixed_overflow,generated,root-preserving,guard-dual,patched,True,accepted,28,225,1.168006
gen-fixed_overflow-031,fixed_overflow,generated,root-flipping,close-root,vulnerable,True,accepted,26,202,1.129889
gen-fixed_overflow-031,fixed_overflow,generated,root-flipping,open-root,patched,True,accepted,26,201,1.099949
gen-fixed_overflow-032,fixed_overflow,generated,root-preserving,root-stutter,vulnerable,True,accepted,28,235,0.987872
gen-fixed_overflow-032,fixed_overflow,generated,root-preserving,alpha-unused,vulnerable,True,accepted,28,273,0.978362
gen-fixed_overflow-032,fixed_overflow,generated,root-preserving,swap-independent,vulnerable,True,accepted,28,261,0.941584
gen-fixed_overflow-032,fixed_overflow,generated,root-preserving,root-stutter,patched,True,accepted,28,229,1.182494
gen-fixed_overflow-032,fixed_overflow,generated,root-preserving,alpha-unused,patched,True,accepted,28,267,1.173409
gen-fixed_overflow-032,fixed_overflow,generated,root-preserving,swap-independent,patched,True,accepted,28,255,1.237264
gen-fixed_overflow-032,fixed_overflow,generated,root-preserving,guard-dual,patched,True,accepted,28,225,1.207331
gen-fixed_overflow-032,fixed_overflow,generated,root-flipping,close-root,vulnerable,True,accepted,26,202,1.116356
gen-fixed_overflow-032,fixed_overflow,generated,root-flipping,open-root,patched,True,accepted,26,201,1.112919
gen-fixed_overflow-033,fixed_overflow,generated,root-preserving,root-stutter,vulnerable,True,accepted,28,235,0.992244
gen-fixed_overflow-033,fixed_overflow,generated,root-preserving,alpha-unused,vulnerable,True,accepted,28,273,0.993145
gen-fixed_overflow-033,fixed_overflow,generated,root-preserving,swap-independent,vulnerable,True,accepted,28,261,0.970619
gen-fixed_overflow-033,fixed_overflow,generated,root-preserving,root-stutter,patched,True,accepted,28,229,1.178609
gen-fixed_overflow-033,fixed_overflow,generated,root-preserving,alpha-unused,patched,True,accepted,28,267,1.203592
gen-fixed_overflow-033,fixed_overflow,generated,root-preserving,swap-independent,patched,True,accepted,28,255,1.136329
gen-fixed_overflow-033,fixed_overflow,generated,root-preserving,guard-dual,patched,True,accepted,28,225,1.167827
gen-fixed_overflow-033,fixed_overflow,generated,root-flipping,close-root,vulnerable,True,accepted,26,202,1.152936
gen-fixed_overflow-033,fixed_overflow,generated,root-flipping,open-root,patched,True,accepted,26,201,1.100994
gen-fixed_overflow-034,fixed_overflow,generated,root-preserving,root-stutter,vulnerable,True,accepted,28,235,0.978566
gen-fixed_overflow-034,fixed_overflow,generated,root-preserving,alpha-unused,vulnerable,True,accepted,28,273,1.055253
gen-fixed_overflow-034,fixed_overflow,generated,root-preserving,swap-independent,vulnerable,True,accepted,28,261,0.973315
gen-fixed_overflow-034,fixed_overflow,generated,root-preserving,root-stutter,patched,True,accepted,28,229,1.16936
gen-fixed_overflow-034,fixed_overflow,generated,root-preserving,alpha-unused,patched,True,accepted,28,267,1.170979
gen-fixed_overflow-034,fixed_overflow,generated,root-preserving,swap-independent,patched,True,accepted,28,255,1.162741
gen-fixed_overflow-034,fixed_overflow,generated,root-preserving,guard-dual,patched,True,accepted,28,225,1.16175
gen-fixed_overflow-034,fixed_overflow,generated,root-flipping,close-root,vulnerable,True,accepted,26,202,1.101295
gen-fixed_overflow-034,fixed_overflow,generated,root-flipping,open-root,patched,True,accepted,26,201,1.120677
gen-fixed_overflow-035,fixed_overflow,generated,root-preserving,root-stutter,vulnerable,True,accepted,28,235,0.991469
gen-fixed_overflow-035,fixed_overflow,generated,root-preserving,alpha-unused,vulnerable,True,accepted,28,273,0.978538
gen-fixed_overflow-035,fixed_overflow,generated,root-preserving,swap-independent,vulnerable,True,accepted,28,261,0.954881
gen-fixed_overflow-035,fixed_overflow,generated,root-preserving,root-stutter,patched,True,accepted,28,229,1.197634
gen-fixed_overflow-035,fixed_overflow,generated,root-preserving,alpha-unused,patched,True,accepted,28,267,1.183448
gen-fixed_overflow-035,fixed_overflow,generated,root-preserving,swap-independent,patched,True,accepted,28,255,1.235436
gen-fixed_overflow-035,fixed_overflow,generated,root-preserving,guard-dual,patched,True,accepted,28,225,1.189636
gen-fixed_overflow-035,fixed_overflow,generated,root-flipping,close-root,vulnerable,True,accepted,26,202,1.110405
gen-fixed_overflow-035,fixed_overflow,generated,root-flipping,open-root,patched,True,accepted,26,201,1.095867
gen-fixed_overflow-036,fixed_overflow,generated,root-preserving,root-stutter,vulnerable,True,accepted,28,235,0.986828
gen-fixed_overflow-036,fixed_overflow,generated,root-preserving,alpha-unused,vulnerable,True,accepted,28,273,0.971057
gen-fixed_overflow-036,fixed_overflow,generated,root-preserving,swap-independent,vulnerable,True,accepted,28,261,0.957155
gen-fixed_overflow-036,fixed_overflow,generated,root-preserving,root-stutter,patched,True,accepted,28,229,1.168254
gen-fixed_overflow-036,fixed_overflow,generated,root-preserving,alpha-unused,patched,True,accepted,28,267,1.17047
gen-fixed_overflow-036,fixed_overflow,generated,root-preserving,swap-independent,patched,True,accepted,28,255,1.146185
gen-fixed_overflow-036,fixed_overflow,generated,root-preserving,guard-dual,patched,True,accepted,28,225,1.174225
gen-fixed_overflow-036,fixed_overflow,generated,root-flipping,close-root,vulnerable,True,accepted,26,202,1.112249
gen-fixed_overflow-036,fixed_overflow,generated,root-flipping,open-root,patched,True,accepted,26,201,1.099821
gen-fixed_overflow-037,fixed_overflow,generated,root-preserving,root-stutter,vulnerable,True,accepted,28,235,0.993678
gen-fixed_overflow-037,fixed_overflow,generated,root-preserving,alpha-unused,vulnerable,True,accepted,28,273,1.046961
gen-fixed_overflow-037,fixed_overflow,generated,root-preserving,swap-independent,vulnerable,True,accepted,28,261,0.9664
gen-fixed_overflow-037,fixed_overflow,generated,root-preserving,root-stutter,patched,True,accepted,28,229,1.202402
gen-fixed_overflow-037,fixed_overflow,generated,root-preserving,alpha-unused,patched,True,accepted,28,267,1.184309
gen-fixed_overflow-037,fixed_overflow,generated,root-preserving,swap-independent,patched,True,accepted,28,255,1.169985
gen-fixed_overflow-037,fixed_overflow,generated,root-preserving,guard-dual,patched,True,accepted,28,225,1.163529
gen-fixed_overflow-037,fixed_overflow,generated,root-flipping,close-root,vulnerable,True,accepted,26,202,1.104629
gen-fixed_overflow-037,fixed_overflow,generated,root-flipping,open-root,patched,True,accepted,26,201,1.086369
gen-fixed_overflow-038,fixed_overflow,generated,root-preserving,root-stutter,vulnerable,True,accepted,28,235,0.977296
gen-fixed_overflow-038,fixed_overflow,generated,root-preserving,alpha-unused,vulnerable,True,accepted,28,273,0.988841
gen-fixed_overflow-038,fixed_overflow,generated,root-preserving,swap-independent,vulnerable,True,accepted,28,261,0.959823
gen-fixed_overflow-038,fixed_overflow,generated,root-preserving,root-stutter,patched,True,accepted,28,229,1.166194
gen-fixed_overflow-038,fixed_overflow,generated,root-preserving,alpha-unused,patched,True,accepted,28,267,1.190963
gen-fixed_overflow-038,fixed_overflow,generated,root-preserving,swap-independent,patched,True,accepted,28,255,1.224604
gen-fixed_overflow-038,fixed_overflow,generated,root-preserving,guard-dual,patched,True,accepted,28,225,1.179683
gen-fixed_overflow-038,fixed_overflow,generated,root-flipping,close-root,vulnerable,True,accepted,26,202,1.120359
gen-fixed_overflow-038,fixed_overflow,generated,root-flipping,open-root,patched,True,accepted,26,201,1.108798
gen-fixed_overflow-039,fixed_overflow,generated,root-preserving,root-stutter,vulnerable,True,accepted,28,235,0.98998
gen-fixed_overflow-039,fixed_overflow,generated,root-preserving,alpha-unused,vulnerable,True,accepted,28,273,0.984706
gen-fixed_overflow-039,fixed_overflow,generated,root-preserving,swap-independent,vulnerable,True,accepted,28,261,0.957026
gen-fixed_overflow-039,fixed_overflow,generated,root-preserving,root-stutter,patched,True,accepted,28,229,1.177824
gen-fixed_overflow-039,fixed_overflow,generated,root-preserving,alpha-unused,patched,True,accepted,28,267,1.175837
gen-fixed_overflow-039,fixed_overflow,generated,root-preserving,swap-independent,patched,True,accepted,28,255,1.156274
gen-fixed_overflow-039,fixed_overflow,generated,root-preserving,guard-dual,patched,True,accepted,28,225,1.153021
gen-fixed_overflow-039,fixed_overflow,generated,root-flipping,close-root,vulnerable,True,accepted,26,202,1.126532
gen-fixed_overflow-039,fixed_overflow,generated,root-flipping,open-root,patched,True,accepted,26,201,1.089652
pub-fixed_overflow-00,fixed_overflow,synthetic-reference-tagged,root-preserving,root-stutter,vulnerable,True,accepted,28,233,1.010039
pub-fixed_overflow-00,fixed_overflow,synthetic-reference-tagged,root-preserving,alpha-unused,vulnerable,True,accepted,28,271,1.076889
pub-fixed_overflow-00,fixed_overflow,synthetic-reference-tagged,root-preserving,swap-independent,vulnerable,True,accepted,28,259,0.995356
pub-fixed_overflow-00,fixed_overflow,synthetic-reference-tagged,root-preserving,root-stutter,patched,True,accepted,28,227,1.198795
pub-fixed_overflow-00,fixed_overflow,synthetic-reference-tagged,root-preserving,alpha-unused,patched,True,accepted,28,265,1.192256
pub-fixed_overflow-00,fixed_overflow,synthetic-reference-tagged,root-preserving,swap-independent,patched,True,accepted,28,253,1.156883
pub-fixed_overflow-00,fixed_overflow,synthetic-reference-tagged,root-preserving,guard-dual,patched,True,accepted,28,223,1.180835
pub-fixed_overflow-00,fixed_overflow,synthetic-reference-tagged,root-flipping,close-root,vulnerable,True,accepted,26,200,1.1134
pub-fixed_overflow-00,fixed_overflow,synthetic-reference-tagged,root-flipping,open-root,patched,True,accepted,26,199,1.098747
pub-fixed_overflow-01,fixed_overflow,synthetic-reference-tagged,root-preserving,root-stutter,vulnerable,True,accepted,28,233,1.006263
pub-fixed_overflow-01,fixed_overflow,synthetic-reference-tagged,root-preserving,alpha-unused,vulnerable,True,accepted,28,271,1.121841
pub-fixed_overflow-01,fixed_overflow,synthetic-reference-tagged,root-preserving,swap-independent,vulnerable,True,accepted,28,259,0.965656
pub-fixed_overflow-01,fixed_overflow,synthetic-reference-tagged,root-preserving,root-stutter,patched,True,accepted,28,227,1.185058
pub-fixed_overflow-01,fixed_overflow,synthetic-reference-tagged,root-preserving,alpha-unused,patched,True,accepted,28,265,1.250173
pub-fixed_overflow-01,fixed_overflow,synthetic-reference-tagged,root-preserving,swap-independent,patched,True,accepted,28,253,1.178508
pub-fixed_overflow-01,fixed_overflow,synthetic-reference-tagged,root-preserving,guard-dual,patched,True,accepted,28,223,1.197331
pub-fixed_overflow-01,fixed_overflow,synthetic-reference-tagged,root-flipping,close-root,vulnerable,True,accepted,26,200,1.171394
pub-fixed_overflow-01,fixed_overflow,synthetic-reference-tagged,root-flipping,open-root,patched,True,accepted,26,199,1.110269
pub-fixed_overflow-02,fixed_overflow,synthetic-reference-tagged,root-preserving,root-stutter,vulnerable,True,accepted,28,233,0.994754
pub-fixed_overflow-02,fixed_overflow,synthetic-reference-tagged,root-preserving,alpha-unused,vulnerable,True,accepted,28,271,0.995219
pub-fixed_overflow-02,fixed_overflow,synthetic-reference-tagged,root-preserving,swap-independent,vulnerable,True,accepted,28,259,0.969155
pub-fixed_overflow-02,fixed_overflow,synthetic-reference-tagged,root-preserving,root-stutter,patched,True,accepted,28,227,1.19459
pub-fixed_overflow-02,fixed_overflow,synthetic-reference-tagged,root-preserving,alpha-unused,patched,True,accepted,28,265,1.181154
pub-fixed_overflow-02,fixed_overflow,synthetic-reference-tagged,root-preserving,swap-independent,patched,True,accepted,28,253,1.170738
pub-fixed_overflow-02,fixed_overflow,synthetic-reference-tagged,root-preserving,guard-dual,patched,True,accepted,28,223,1.182291
pub-fixed_overflow-02,fixed_overflow,synthetic-reference-tagged,root-flipping,close-root,vulnerable,True,accepted,26,200,1.120463
pub-fixed_overflow-02,fixed_overflow,synthetic-reference-tagged,root-flipping,open-root,patched,True,accepted,26,199,1.119724
gen-access_control-000,access_control,generated,root-preserving,root-stutter,vulnerable,True,accepted,19,235,0.893743
gen-access_control-000,access_control,generated,root-preserving,alpha-unused,vulnerable,True,accepted,19,273,0.796396
gen-access_control-000,access_control,generated,root-preserving,swap-independent,vulnerable,True,accepted,19,261,0.792438
gen-access_control-000,access_control,generated,root-preserving,root-stutter,patched,True,accepted,19,229,0.92158
gen-access_control-000,access_control,generated,root-preserving,alpha-unused,patched,True,accepted,19,267,0.899817
gen-access_control-000,access_control,generated,root-preserving,swap-independent,patched,True,accepted,19,255,0.900545
gen-access_control-000,access_control,generated,root-preserving,guard-dual,patched,True,accepted,19,225,0.888684
gen-access_control-000,access_control,generated,root-flipping,close-root,vulnerable,True,accepted,16,202,0.802873
gen-access_control-000,access_control,generated,root-flipping,open-root,patched,True,accepted,16,201,0.815974
gen-access_control-001,access_control,generated,root-preserving,root-stutter,vulnerable,True,accepted,19,235,0.802507
gen-access_control-001,access_control,generated,root-preserving,alpha-unused,vulnerable,True,accepted,19,273,0.856168
gen-access_control-001,access_control,generated,root-preserving,swap-independent,vulnerable,True,accepted,19,261,0.783173
gen-access_control-001,access_control,generated,root-preserving,root-stutter,patched,True,accepted,19,229,0.893732
gen-access_control-001,access_control,generated,root-preserving,alpha-unused,patched,True,accepted,19,267,0.910565
gen-access_control-001,access_control,generated,root-preserving,swap-independent,patched,True,accepted,19,255,0.884479
gen-access_control-001,access_control,generated,root-preserving,guard-dual,patched,True,accepted,19,225,0.891643
gen-access_control-001,access_control,generated,root-flipping,close-root,vulnerable,True,accepted,16,202,0.819773
gen-access_control-001,access_control,generated,root-flipping,open-root,patched,True,accepted,16,201,0.811947
gen-access_control-002,access_control,generated,root-preserving,root-stutter,vulnerable,True,accepted,19,235,0.792795
gen-access_control-002,access_control,generated,root-preserving,alpha-unused,vulnerable,True,accepted,19,273,0.782943
gen-access_control-002,access_control,generated,root-preserving,swap-independent,vulnerable,True,accepted,19,261,0.818171
gen-access_control-002,access_control,generated,root-preserving,root-stutter,patched,True,accepted,19,229,0.911575
gen-access_control-002,access_control,generated,root-preserving,alpha-unused,patched,True,accepted,19,267,0.903689
gen-access_control-002,access_control,generated,root-preserving,swap-independent,patched,True,accepted,19,255,0.88348
gen-access_control-002,access_control,generated,root-preserving,guard-dual,patched,True,accepted,19,225,0.917155
gen-access_control-002,access_control,generated,root-flipping,close-root,vulnerable,True,accepted,16,202,0.821484
gen-access_control-002,access_control,generated,root-flipping,open-root,patched,True,accepted,16,201,0.811589
gen-access_control-003,access_control,generated,root-preserving,root-stutter,vulnerable,True,accepted,19,235,0.794805
gen-access_control-003,access_control,generated,root-preserving,alpha-unused,vulnerable,True,accepted,19,273,0.839211
gen-access_control-003,access_control,generated,root-preserving,swap-independent,vulnerable,True,accepted,19,261,0.773561
gen-access_control-003,access_control,generated,root-preserving,root-stutter,patched,True,accepted,19,229,1.114672
gen-access_control-003,access_control,generated,root-preserving,alpha-unused,patched,True,accepted,19,267,0.933049
gen-access_control-003,access_control,generated,root-preserving,swap-independent,patched,True,accepted,19,255,0.898716
gen-access_control-003,access_control,generated,root-preserving,guard-dual,patched,True,accepted,19,225,0.914727
gen-access_control-003,access_control,generated,root-flipping,close-root,vulnerable,True,accepted,16,202,0.836496
gen-access_control-003,access_control,generated,root-flipping,open-root,patched,True,accepted,16,201,0.803342
gen-access_control-004,access_control,generated,root-preserving,root-stutter,vulnerable,True,accepted,19,235,0.808666
gen-access_control-004,access_control,generated,root-preserving,alpha-unused,vulnerable,True,accepted,19,273,0.797177
gen-access_control-004,access_control,generated,root-preserving,swap-independent,vulnerable,True,accepted,19,261,0.77335
gen-access_control-004,access_control,generated,root-preserving,root-stutter,patched,True,accepted,19,229,0.984059
gen-access_control-004,access_control,generated,root-preserving,alpha-unused,patched,True,accepted,19,267,0.944644
gen-access_control-004,access_control,generated,root-preserving,swap-independent,patched,True,accepted,19,255,0.903407
gen-access_control-004,access_control,generated,root-preserving,guard-dual,patched,True,accepted,19,225,0.904897
gen-access_control-004,access_control,generated,root-flipping,close-root,vulnerable,True,accepted,16,202,0.829591
gen-access_control-004,access_control,generated,root-flipping,open-root,patched,True,accepted,16,201,0.811348
gen-access_control-005,access_control,generated,root-preserving,root-stutter,vulnerable,True,accepted,19,235,0.80181
gen-access_control-005,access_control,generated,root-preserving,alpha-unused,vulnerable,True,accepted,19,273,0.801547
gen-access_control-005,access_control,generated,root-preserving,swap-independent,vulnerable,True,accepted,19,261,0.766637
gen-access_control-005,access_control,generated,root-preserving,root-stutter,patched,True,accepted,19,229,0.914442
gen-access_control-005,access_control,generated,root-preserving,alpha-unused,patched,True,accepted,19,267,0.961313
gen-access_control-005,access_control,generated,root-preserving,swap-independent,patched,True,accepted,19,255,0.915003
gen-access_control-005,access_control,generated,root-preserving,guard-dual,patched,True,accepted,19,225,0.903728
gen-access_control-005,access_control,generated,root-flipping,close-root,vulnerable,True,accepted,16,202,0.830612
gen-access_control-005,access_control,generated,root-flipping,open-root,patched,True,accepted,16,201,0.810465
gen-access_control-006,access_control,generated,root-preserving,root-stutter,vulnerable,True,accepted,19,235,0.794455
gen-access_control-006,access_control,generated,root-preserving,alpha-unused,vulnerable,True,accepted,19,273,0.805613
gen-access_control-006,access_control,generated,root-preserving,swap-independent,vulnerable,True,accepted,19,261,0.783903
gen-access_control-006,access_control,generated,root-preserving,root-stutter,patched,True,accepted,19,229,0.912041
gen-access_control-006,access_control,generated,root-preserving,alpha-unused,patched,True,accepted,19,267,0.901429
gen-access_control-006,access_control,generated,root-preserving,swap-independent,patched,True,accepted,19,255,0.895239
gen-access_control-006,access_control,generated,root-preserving,guard-dual,patched,True,accepted,19,225,0.902037
gen-access_control-006,access_control,generated,root-flipping,close-root,vulnerable,True,accepted,16,202,0.814172
gen-access_control-006,access_control,generated,root-flipping,open-root,patched,True,accepted,16,201,0.810728
gen-access_control-007,access_control,generated,root-preserving,root-stutter,vulnerable,True,accepted,19,235,0.800071
gen-access_control-007,access_control,generated,root-preserving,alpha-unused,vulnerable,True,accepted,19,273,0.796454
gen-access_control-007,access_control,generated,root-preserving,swap-independent,vulnerable,True,accepted,19,261,0.772967
gen-access_control-007,access_control,generated,root-preserving,root-stutter,patched,True,accepted,19,229,0.894411
gen-access_control-007,access_control,generated,root-preserving,alpha-unused,patched,True,accepted,19,267,0.896963
gen-access_control-007,access_control,generated,root-preserving,swap-independent,patched,True,accepted,19,255,0.929658
gen-access_control-007,access_control,generated,root-preserving,guard-dual,patched,True,accepted,19,225,0.918208
gen-access_control-007,access_control,generated,root-flipping,close-root,vulnerable,True,accepted,16,202,0.80907
gen-access_control-007,access_control,generated,root-flipping,open-root,patched,True,accepted,16,201,0.793505
gen-access_control-008,access_control,generated,root-preserving,root-stutter,vulnerable,True,accepted,19,235,0.857406
gen-access_control-008,access_control,generated,root-preserving,alpha-unused,vulnerable,True,accepted,19,273,0.80005
gen-access_control-008,access_control,generated,root-preserving,swap-independent,vulnerable,True,accepted,19,261,0.799709
gen-access_control-008,access_control,generated,root-preserving,root-stutter,patched,True,accepted,19,229,0.97976
gen-access_control-008,access_control,generated,root-preserving,alpha-unused,patched,True,accepted,19,267,0.909539
gen-access_control-008,access_control,generated,root-preserving,swap-independent,patched,True,accepted,19,255,0.878757
gen-access_control-008,access_control,generated,root-preserving,guard-dual,patched,True,accepted,19,225,0.950206
gen-access_control-008,access_control,generated,root-flipping,close-root,vulnerable,True,accepted,16,202,0.831051
gen-access_control-008,access_control,generated,root-flipping,open-root,patched,True,accepted,16,201,0.817425
gen-access_control-009,access_control,generated,root-preserving,root-stutter,vulnerable,True,accepted,19,235,0.80447
gen-access_control-009,access_control,generated,root-preserving,alpha-unused,vulnerable,True,accepted,19,273,0.781823
gen-access_control-009,access_control,generated,root-preserving,swap-independent,vulnerable,True,accepted,19,261,0.76921
gen-access_control-009,access_control,generated,root-preserving,root-stutter,patched,True,accepted,19,229,0.927659
gen-access_control-009,access_control,generated,root-preserving,alpha-unused,patched,True,accepted,19,267,0.898778
gen-access_control-009,access_control,generated,root-preserving,swap-independent,patched,True,accepted,19,255,0.908488
gen-access_control-009,access_control,generated,root-preserving,guard-dual,patched,True,accepted,19,225,0.886336
gen-access_control-009,access_control,generated,root-flipping,close-root,vulnerable,True,accepted,16,202,0.868878
gen-access_control-009,access_control,generated,root-flipping,open-root,patched,True,accepted,16,201,0.823816
gen-access_control-010,access_control,generated,root-preserving,root-stutter,vulnerable,True,accepted,19,235,0.814718
gen-access_control-010,access_control,generated,root-preserving,alpha-unused,vulnerable,True,accepted,19,273,0.804578
gen-access_control-010,access_control,generated,root-preserving,swap-independent,vulnerable,True,accepted,19,261,0.766228
gen-access_control-010,access_control,generated,root-preserving,root-stutter,patched,True,accepted,19,229,0.920984
gen-access_control-010,access_control,generated,root-preserving,alpha-unused,patched,True,accepted,19,267,0.897767
gen-access_control-010,access_control,generated,root-preserving,swap-independent,patched,True,accepted,19,255,0.867623
gen-access_control-010,access_control,generated,root-preserving,guard-dual,patched,True,accepted,19,225,0.935164
gen-access_control-010,access_control,generated,root-flipping,close-root,vulnerable,True,accepted,16,202,1.420143
gen-access_control-010,access_control,generated,root-flipping,open-root,patched,True,accepted,16,201,1.445925
gen-access_control-011,access_control,generated,root-preserving,root-stutter,vulnerable,True,accepted,19,235,0.868975
gen-access_control-011,access_control,generated,root-preserving,alpha-unused,vulnerable,True,accepted,19,273,0.826761
gen-access_control-011,access_control,generated,root-preserving,swap-independent,vulnerable,True,accepted,19,261,0.798135
gen-access_control-011,access_control,generated,root-preserving,root-stutter,patched,True,accepted,19,229,1.012367
gen-access_control-011,access_control,generated,root-preserving,alpha-unused,patched,True,accepted,19,267,0.958167
gen-access_control-011,access_control,generated,root-preserving,swap-independent,patched,True,accepted,19,255,0.901342
gen-access_control-011,access_control,generated,root-preserving,guard-dual,patched,True,accepted,19,225,0.966581
gen-access_control-011,access_control,generated,root-flipping,close-root,vulnerable,True,accepted,16,202,0.853513
gen-access_control-011,access_control,generated,root-flipping,open-root,patched,True,accepted,16,201,0.803703
gen-access_control-012,access_control,generated,root-preserving,root-stutter,vulnerable,True,accepted,19,235,0.822477
gen-access_control-012,access_control,generated,root-preserving,alpha-unused,vulnerable,True,accepted,19,273,0.97445
gen-access_control-012,access_control,generated,root-preserving,swap-independent,vulnerable,True,accepted,19,261,0.796466
gen-access_control-012,access_control,generated,root-preserving,root-stutter,patched,True,accepted,19,229,0.906919
gen-access_control-012,access_control,generated,root-preserving,alpha-unused,patched,True,accepted,19,267,0.923959
gen-access_control-012,access_control,generated,root-preserving,swap-independent,patched,True,accepted,19,255,1.044346
gen-access_control-012,access_control,generated,root-preserving,guard-dual,patched,True,accepted,19,225,0.912893
gen-access_control-012,access_control,generated,root-flipping,close-root,vulnerable,True,accepted,16,202,0.814917
gen-access_control-012,access_control,generated,root-flipping,open-root,patched,True,accepted,16,201,0.805989
gen-access_control-013,access_control,generated,root-preserving,root-stutter,vulnerable,True,accepted,19,235,0.883242
gen-access_control-013,access_control,generated,root-preserving,alpha-unused,vulnerable,True,accepted,19,273,0.810951
gen-access_control-013,access_control,generated,root-preserving,swap-independent,vulnerable,True,accepted,19,261,0.784337
gen-access_control-013,access_control,generated,root-preserving,root-stutter,patched,True,accepted,19,229,0.914049
gen-access_control-013,access_control,generated,root-preserving,alpha-unused,patched,True,accepted,19,267,0.91711
gen-access_control-013,access_control,generated,root-preserving,swap-independent,patched,True,accepted,19,255,0.881019
gen-access_control-013,access_control,generated,root-preserving,guard-dual,patched,True,accepted,19,225,0.896396
gen-access_control-013,access_control,generated,root-flipping,close-root,vulnerable,True,accepted,16,202,0.809909
gen-access_control-013,access_control,generated,root-flipping,open-root,patched,True,accepted,16,201,0.795335
gen-access_control-014,access_control,generated,root-preserving,root-stutter,vulnerable,True,accepted,19,235,0.791314
gen-access_control-014,access_control,generated,root-preserving,alpha-unused,vulnerable,True,accepted,19,273,0.780305
gen-access_control-014,access_control,generated,root-preserving,swap-independent,vulnerable,True,accepted,19,261,0.770218
gen-access_control-014,access_control,generated,root-preserving,root-stutter,patched,True,accepted,19,229,0.920243
gen-access_control-014,access_control,generated,root-preserving,alpha-unused,patched,True,accepted,19,267,0.963618
gen-access_control-014,access_control,generated,root-preserving,swap-independent,patched,True,accepted,19,255,0.900091
gen-access_control-014,access_control,generated,root-preserving,guard-dual,patched,True,accepted,19,225,0.909771
gen-access_control-014,access_control,generated,root-flipping,close-root,vulnerable,True,accepted,16,202,0.81096
gen-access_control-014,access_control,generated,root-flipping,open-root,patched,True,accepted,16,201,0.802517
gen-access_control-015,access_control,generated,root-preserving,root-stutter,vulnerable,True,accepted,19,235,0.825148
gen-access_control-015,access_control,generated,root-preserving,alpha-unused,vulnerable,True,accepted,19,273,0.796022
gen-access_control-015,access_control,generated,root-preserving,swap-independent,vulnerable,True,accepted,19,261,0.763944
gen-access_control-015,access_control,generated,root-preserving,root-stutter,patched,True,accepted,19,229,0.901534
gen-access_control-015,access_control,generated,root-preserving,alpha-unused,patched,True,accepted,19,267,0.905233
gen-access_control-015,access_control,generated,root-preserving,swap-independent,patched,True,accepted,19,255,0.88099
gen-access_control-015,access_control,generated,root-preserving,guard-dual,patched,True,accepted,19,225,0.886611
gen-access_control-015,access_control,generated,root-flipping,close-root,vulnerable,True,accepted,16,202,0.81949
gen-access_control-015,access_control,generated,root-flipping,open-root,patched,True,accepted,16,201,0.812125
gen-access_control-016,access_control,generated,root-preserving,root-stutter,vulnerable,True,accepted,19,235,0.812937
gen-access_control-016,access_control,generated,root-preserving,alpha-unused,vulnerable,True,accepted,19,273,0.8947
gen-access_control-016,access_control,generated,root-preserving,swap-independent,vulnerable,True,accepted,19,261,0.800754
gen-access_control-016,access_control,generated,root-preserving,root-stutter,patched,True,accepted,19,229,0.902543
gen-access_control-016,access_control,generated,root-preserving,alpha-unused,patched,True,accepted,19,267,0.913202
gen-access_control-016,access_control,generated,root-preserving,swap-independent,patched,True,accepted,19,255,0.865616
gen-access_control-016,access_control,generated,root-preserving,guard-dual,patched,True,accepted,19,225,0.883686
gen-access_control-016,access_control,generated,root-flipping,close-root,vulnerable,True,accepted,16,202,0.813359
gen-access_control-016,access_control,generated,root-flipping,open-root,patched,True,accepted,16,201,0.814225
gen-access_control-017,access_control,generated,root-preserving,root-stutter,vulnerable,True,accepted,19,235,0.799564
gen-access_control-017,access_control,generated,root-preserving,alpha-unused,vulnerable,True,accepted,19,273,0.781581
gen-access_control-017,access_control,generated,root-preserving,swap-independent,vulnerable,True,accepted,19,261,0.783373
gen-access_control-017,access_control,generated,root-preserving,root-stutter,patched,True,accepted,19,229,0.924598
gen-access_control-017,access_control,generated,root-preserving,alpha-unused,patched,True,accepted,19,267,0.919856
gen-access_control-017,access_control,generated,root-preserving,swap-independent,patched,True,accepted,19,255,0.892766
gen-access_control-017,access_control,generated,root-preserving,guard-dual,patched,True,accepted,19,225,0.963835
gen-access_control-017,access_control,generated,root-flipping,close-root,vulnerable,True,accepted,16,202,0.820336
gen-access_control-017,access_control,generated,root-flipping,open-root,patched,True,accepted,16,201,0.814101
gen-access_control-018,access_control,generated,root-preserving,root-stutter,vulnerable,True,accepted,19,235,0.81869
gen-access_control-018,access_control,generated,root-preserving,alpha-unused,vulnerable,True,accepted,19,273,0.801782
gen-access_control-018,access_control,generated,root-preserving,swap-independent,vulnerable,True,accepted,19,261,0.773193
gen-access_control-018,access_control,generated,root-preserving,root-stutter,patched,True,accepted,19,229,0.918003
gen-access_control-018,access_control,generated,root-preserving,alpha-unused,patched,True,accepted,19,267,0.891572
gen-access_control-018,access_control,generated,root-preserving,swap-independent,patched,True,accepted,19,255,0.876795
gen-access_control-018,access_control,generated,root-preserving,guard-dual,patched,True,accepted,19,225,0.88921
gen-access_control-018,access_control,generated,root-flipping,close-root,vulnerable,True,accepted,16,202,0.811695
gen-access_control-018,access_control,generated,root-flipping,open-root,patched,True,accepted,16,201,0.799549
gen-access_control-019,access_control,generated,root-preserving,root-stutter,vulnerable,True,accepted,19,235,0.792375
gen-access_control-019,access_control,generated,root-preserving,alpha-unused,vulnerable,True,accepted,19,273,0.798725
gen-access_control-019,access_control,generated,root-preserving,swap-independent,vulnerable,True,accepted,19,261,0.774857
gen-access_control-019,access_control,generated,root-preserving,root-stutter,patched,True,accepted,19,229,1.143233
gen-access_control-019,access_control,generated,root-preserving,alpha-unused,patched,True,accepted,19,267,0.922068
gen-access_control-019,access_control,generated,root-preserving,swap-independent,patched,True,accepted,19,255,0.895225
gen-access_control-019,access_control,generated,root-preserving,guard-dual,patched,True,accepted,19,225,0.888799
gen-access_control-019,access_control,generated,root-flipping,close-root,vulnerable,True,accepted,16,202,0.822424
gen-access_control-019,access_control,generated,root-flipping,open-root,patched,True,accepted,16,201,0.798408
gen-access_control-020,access_control,generated,root-preserving,root-stutter,vulnerable,True,accepted,19,235,0.785366
gen-access_control-020,access_control,generated,root-preserving,alpha-unused,vulnerable,True,accepted,19,273,0.776366
gen-access_control-020,access_control,generated,root-preserving,swap-independent,vulnerable,True,accepted,19,261,0.789789
gen-access_control-020,access_control,generated,root-preserving,root-stutter,patched,True,accepted,19,229,0.900167
gen-access_control-020,access_control,generated,root-preserving,alpha-unused,patched,True,accepted,19,267,0.895071
gen-access_control-020,access_control,generated,root-preserving,swap-independent,patched,True,accepted,19,255,0.891259
gen-access_control-020,access_control,generated,root-preserving,guard-dual,patched,True,accepted,19,225,0.924136
gen-access_control-020,access_control,generated,root-flipping,close-root,vulnerable,True,accepted,16,202,0.813811
gen-access_control-020,access_control,generated,root-flipping,open-root,patched,True,accepted,16,201,0.861382
gen-access_control-021,access_control,generated,root-preserving,root-stutter,vulnerable,True,accepted,19,235,0.821728
gen-access_control-021,access_control,generated,root-preserving,alpha-unused,vulnerable,True,accepted,19,273,0.79839
gen-access_control-021,access_control,generated,root-preserving,swap-independent,vulnerable,True,accepted,19,261,0.766103
gen-access_control-021,access_control,generated,root-preserving,root-stutter,patched,True,accepted,19,229,0.91755
gen-access_control-021,access_control,generated,root-preserving,alpha-unused,patched,True,accepted,19,267,0.881124
gen-access_control-021,access_control,generated,root-preserving,swap-independent,patched,True,accepted,19,255,0.878145
gen-access_control-021,access_control,generated,root-preserving,guard-dual,patched,True,accepted,19,225,0.894242
gen-access_control-021,access_control,generated,root-flipping,close-root,vulnerable,True,accepted,16,202,0.811306
gen-access_control-021,access_control,generated,root-flipping,open-root,patched,True,accepted,16,201,0.811622
gen-access_control-022,access_control,generated,root-preserving,root-stutter,vulnerable,True,accepted,19,235,0.794024
gen-access_control-022,access_control,generated,root-preserving,alpha-unused,vulnerable,True,accepted,19,273,0.790231
gen-access_control-022,access_control,generated,root-preserving,swap-independent,vulnerable,True,accepted,19,261,0.764738
gen-access_control-022,access_control,generated,root-preserving,root-stutter,patched,True,accepted,19,229,0.926874
gen-access_control-022,access_control,generated,root-preserving,alpha-unused,patched,True,accepted,19,267,0.910446
gen-access_control-022,access_control,generated,root-preserving,swap-independent,patched,True,accepted,19,255,0.87452
gen-access_control-022,access_control,generated,root-preserving,guard-dual,patched,True,accepted,19,225,0.89695
gen-access_control-022,access_control,generated,root-flipping,close-root,vulnerable,True,accepted,16,202,0.818808
gen-access_control-022,access_control,generated,root-flipping,open-root,patched,True,accepted,16,201,0.804673
gen-access_control-023,access_control,generated,root-preserving,root-stutter,vulnerable,True,accepted,19,235,0.867574
gen-access_control-023,access_control,generated,root-preserving,alpha-unused,vulnerable,True,accepted,19,273,0.793164
gen-access_control-023,access_control,generated,root-preserving,swap-independent,vulnerable,True,accepted,19,261,0.769238
gen-access_control-023,access_control,generated,root-preserving,root-stutter,patched,True,accepted,19,229,0.907888
gen-access_control-023,access_control,generated,root-preserving,alpha-unused,patched,True,accepted,19,267,0.905679
gen-access_control-023,access_control,generated,root-preserving,swap-independent,patched,True,accepted,19,255,0.947583
gen-access_control-023,access_control,generated,root-preserving,guard-dual,patched,True,accepted,19,225,0.897253
gen-access_control-023,access_control,generated,root-flipping,close-root,vulnerable,True,accepted,16,202,0.811922
gen-access_control-023,access_control,generated,root-flipping,open-root,patched,True,accepted,16,201,0.795474
gen-access_control-024,access_control,generated,root-preserving,root-stutter,vulnerable,True,accepted,19,235,0.876252
gen-access_control-024,access_control,generated,root-preserving,alpha-unused,vulnerable,True,accepted,19,273,0.816556
gen-access_control-024,access_control,generated,root-preserving,swap-independent,vulnerable,True,accepted,19,261,0.801711
gen-access_control-024,access_control,generated,root-preserving,root-stutter,patched,True,accepted,19,229,0.91157
gen-access_control-024,access_control,generated,root-preserving,alpha-unused,patched,True,accepted,19,267,0.906421
gen-access_control-024,access_control,generated,root-preserving,swap-independent,patched,True,accepted,19,255,0.886971
gen-access_control-024,access_control,generated,root-preserving,guard-dual,patched,True,accepted,19,225,0.910099
gen-access_control-024,access_control,generated,root-flipping,close-root,vulnerable,True,accepted,16,202,0.812332
gen-access_control-024,access_control,generated,root-flipping,open-root,patched,True,accepted,16,201,0.784172
gen-access_control-025,access_control,generated,root-preserving,root-stutter,vulnerable,True,accepted,19,235,0.804944
gen-access_control-025,access_control,generated,root-preserving,alpha-unused,vulnerable,True,accepted,19,273,0.805568
gen-access_control-025,access_control,generated,root-preserving,swap-independent,vulnerable,True,accepted,19,261,0.783142
gen-access_control-025,access_control,generated,root-preserving,root-stutter,patched,True,accepted,19,229,0.913655
gen-access_control-025,access_control,generated,root-preserving,alpha-unused,patched,True,accepted,19,267,0.910795
gen-access_control-025,access_control,generated,root-preserving,swap-independent,patched,True,accepted,19,255,0.943996
gen-access_control-025,access_control,generated,root-preserving,guard-dual,patched,True,accepted,19,225,0.899645
gen-access_control-025,access_control,generated,root-flipping,close-root,vulnerable,True,accepted,16,202,0.820988
gen-access_control-025,access_control,generated,root-flipping,open-root,patched,True,accepted,16,201,0.817277
gen-access_control-026,access_control,generated,root-preserving,root-stutter,vulnerable,True,accepted,19,235,0.796803
gen-access_control-026,access_control,generated,root-preserving,alpha-unused,vulnerable,True,accepted,19,273,0.781282
gen-access_control-026,access_control,generated,root-preserving,swap-independent,vulnerable,True,accepted,19,261,0.773258
gen-access_control-026,access_control,generated,root-preserving,root-stutter,patched,True,accepted,19,229,0.892063
gen-access_control-026,access_control,generated,root-preserving,alpha-unused,patched,True,accepted,19,267,0.905251
gen-access_control-026,access_control,generated,root-preserving,swap-independent,patched,True,accepted,19,255,0.900247
gen-access_control-026,access_control,generated,root-preserving,guard-dual,patched,True,accepted,19,225,0.898099
gen-access_control-026,access_control,generated,root-flipping,close-root,vulnerable,True,accepted,16,202,0.809552
gen-access_control-026,access_control,generated,root-flipping,open-root,patched,True,accepted,16,201,0.814823
gen-access_control-027,access_control,generated,root-preserving,root-stutter,vulnerable,True,accepted,19,235,0.799024
gen-access_control-027,access_control,generated,root-preserving,alpha-unused,vulnerable,True,accepted,19,273,0.802774
gen-access_control-027,access_control,generated,root-preserving,swap-independent,vulnerable,True,accepted,19,261,0.838545
gen-access_control-027,access_control,generated,root-preserving,root-stutter,patched,True,accepted,19,229,0.936466
gen-access_control-027,access_control,generated,root-preserving,alpha-unused,patched,True,accepted,19,267,0.955162
gen-access_control-027,access_control,generated,root-preserving,swap-independent,patched,True,accepted,19,255,0.868686
gen-access_control-027,access_control,generated,root-preserving,guard-dual,patched,True,accepted,19,225,0.886087
gen-access_control-027,access_control,generated,root-flipping,close-root,vulnerable,True,accepted,16,202,0.823942
gen-access_control-027,access_control,generated,root-flipping,open-root,patched,True,accepted,16,201,0.804623
gen-access_control-028,access_control,generated,root-preserving,root-stutter,vulnerable,True,accepted,19,235,0.791964
gen-access_control-028,access_control,generated,root-preserving,alpha-unused,vulnerable,True,accepted,19,273,0.806405
gen-access_control-028,access_control,generated,root-preserving,swap-independent,vulnerable,True,accepted,19,261,0.791771
gen-access_control-028,access_control,generated,root-preserving,root-stutter,patched,True,accepted,19,229,0.904557
gen-access_control-028,access_control,generated,root-preserving,alpha-unused,patched,True,accepted,19,267,0.935148
gen-access_control-028,access_control,generated,root-preserving,swap-independent,patched,True,accepted,19,255,1.129192
gen-access_control-028,access_control,generated,root-preserving,guard-dual,patched,True,accepted,19,225,0.900725
gen-access_control-028,access_control,generated,root-flipping,close-root,vulnerable,True,accepted,16,202,0.89771
gen-access_control-028,access_control,generated,root-flipping,open-root,patched,True,accepted,16,201,0.83557
gen-access_control-029,access_control,generated,root-preserving,root-stutter,vulnerable,True,accepted,19,235,0.787577
gen-access_control-029,access_control,generated,root-preserving,alpha-unused,vulnerable,True,accepted,19,273,0.79495
gen-access_control-029,access_control,generated,root-preserving,swap-independent,vulnerable,True,accepted,19,261,0.786382
gen-access_control-029,access_control,generated,root-preserving,root-stutter,patched,True,accepted,19,229,0.900235
gen-access_control-029,access_control,generated,root-preserving,alpha-unused,patched,True,accepted,19,267,0.895401
gen-access_control-029,access_control,generated,root-preserving,swap-independent,patched,True,accepted,19,255,0.889178
gen-access_control-029,access_control,generated,root-preserving,guard-dual,patched,True,accepted,19,225,0.891824
gen-access_control-029,access_control,generated,root-flipping,close-root,vulnerable,True,accepted,16,202,0.809058
gen-access_control-029,access_control,generated,root-flipping,open-root,patched,True,accepted,16,201,0.811008
gen-access_control-030,access_control,generated,root-preserving,root-stutter,vulnerable,True,accepted,19,235,0.804714
gen-access_control-030,access_control,generated,root-preserving,alpha-unused,vulnerable,True,accepted,19,273,0.773045
gen-access_control-030,access_control,generated,root-preserving,swap-independent,vulnerable,True,accepted,19,261,0.767468
gen-access_control-030,access_control,generated,root-preserving,root-stutter,patched,True,accepted,19,229,0.992668
gen-access_control-030,access_control,generated,root-preserving,alpha-unused,patched,True,accepted,19,267,0.906173
gen-access_control-030,access_control,generated,root-preserving,swap-independent,patched,True,accepted,19,255,0.891807
gen-access_control-030,access_control,generated,root-preserving,guard-dual,patched,True,accepted,19,225,0.894373
gen-access_control-030,access_control,generated,root-flipping,close-root,vulnerable,True,accepted,16,202,0.810375
gen-access_control-030,access_control,generated,root-flipping,open-root,patched,True,accepted,16,201,0.79908
gen-access_control-031,access_control,generated,root-preserving,root-stutter,vulnerable,True,accepted,19,235,0.810169
gen-access_control-031,access_control,generated,root-preserving,alpha-unused,vulnerable,True,accepted,19,273,0.790268
gen-access_control-031,access_control,generated,root-preserving,swap-independent,vulnerable,True,accepted,19,261,0.764398
gen-access_control-031,access_control,generated,root-preserving,root-stutter,patched,True,accepted,19,229,0.906622
gen-access_control-031,access_control,generated,root-preserving,alpha-unused,patched,True,accepted,19,267,0.895256
gen-access_control-031,access_control,generated,root-preserving,swap-independent,patched,True,accepted,19,255,0.88718
gen-access_control-031,access_control,generated,root-preserving,guard-dual,patched,True,accepted,19,225,0.908827
gen-access_control-031,access_control,generated,root-flipping,close-root,vulnerable,True,accepted,16,202,0.824017
gen-access_control-031,access_control,generated,root-flipping,open-root,patched,True,accepted,16,201,0.830924
gen-access_control-032,access_control,generated,root-preserving,root-stutter,vulnerable,True,accepted,19,235,0.86526
gen-access_control-032,access_control,generated,root-preserving,alpha-unused,vulnerable,True,accepted,19,273,0.81689
gen-access_control-032,access_control,generated,root-preserving,swap-independent,vulnerable,True,accepted,19,261,0.809703
gen-access_control-032,access_control,generated,root-preserving,root-stutter,patched,True,accepted,19,229,0.92517
gen-access_control-032,access_control,generated,root-preserving,alpha-unused,patched,True,accepted,19,267,0.908057
gen-access_control-032,access_control,generated,root-preserving,swap-independent,patched,True,accepted,19,255,0.874426
gen-access_control-032,access_control,generated,root-preserving,guard-dual,patched,True,accepted,19,225,0.87647
gen-access_control-032,access_control,generated,root-flipping,close-root,vulnerable,True,accepted,16,202,0.815101
gen-access_control-032,access_control,generated,root-flipping,open-root,patched,True,accepted,16,201,0.801164
gen-access_control-033,access_control,generated,root-preserving,root-stutter,vulnerable,True,accepted,19,235,0.800727
gen-access_control-033,access_control,generated,root-preserving,alpha-unused,vulnerable,True,accepted,19,273,0.795295
gen-access_control-033,access_control,generated,root-preserving,swap-independent,vulnerable,True,accepted,19,261,0.76897
gen-access_control-033,access_control,generated,root-preserving,root-stutter,patched,True,accepted,19,229,0.909393
gen-access_control-033,access_control,generated,root-preserving,alpha-unused,patched,True,accepted,19,267,1.011497
gen-access_control-033,access_control,generated,root-preserving,swap-independent,patched,True,accepted,19,255,0.886518
gen-access_control-033,access_control,generated,root-preserving,guard-dual,patched,True,accepted,19,225,0.887589
gen-access_control-033,access_control,generated,root-flipping,close-root,vulnerable,True,accepted,16,202,0.802833
gen-access_control-033,access_control,generated,root-flipping,open-root,patched,True,accepted,16,201,0.807498
gen-access_control-034,access_control,generated,root-preserving,root-stutter,vulnerable,True,accepted,19,235,0.788641
gen-access_control-034,access_control,generated,root-preserving,alpha-unused,vulnerable,True,accepted,19,273,0.781419
gen-access_control-034,access_control,generated,root-preserving,swap-independent,vulnerable,True,accepted,19,261,0.780136
gen-access_control-034,access_control,generated,root-preserving,root-stutter,patched,True,accepted,19,229,0.903636
gen-access_control-034,access_control,generated,root-preserving,alpha-unused,patched,True,accepted,19,267,0.905144
gen-access_control-034,access_control,generated,root-preserving,swap-independent,patched,True,accepted,19,255,0.884343
gen-access_control-034,access_control,generated,root-preserving,guard-dual,patched,True,accepted,19,225,0.904708
gen-access_control-034,access_control,generated,root-flipping,close-root,vulnerable,True,accepted,16,202,0.804337
gen-access_control-034,access_control,generated,root-flipping,open-root,patched,True,accepted,16,201,0.788402
gen-access_control-035,access_control,generated,root-preserving,root-stutter,vulnerable,True,accepted,19,235,0.801505
gen-access_control-035,access_control,generated,root-preserving,alpha-unused,vulnerable,True,accepted,19,273,0.86209
gen-access_control-035,access_control,generated,root-preserving,swap-independent,vulnerable,True,accepted,19,261,0.82873
gen-access_control-035,access_control,generated,root-preserving,root-stutter,patched,True,accepted,19,229,0.929766
gen-access_control-035,access_control,generated,root-preserving,alpha-unused,patched,True,accepted,19,267,0.912453
gen-access_control-035,access_control,generated,root-preserving,swap-independent,patched,True,accepted,19,255,0.909674
gen-access_control-035,access_control,generated,root-preserving,guard-dual,patched,True,accepted,19,225,0.895973
gen-access_control-035,access_control,generated,root-flipping,close-root,vulnerable,True,accepted,16,202,0.81197
gen-access_control-035,access_control,generated,root-flipping,open-root,patched,True,accepted,16,201,0.806044
gen-access_control-036,access_control,generated,root-preserving,root-stutter,vulnerable,True,accepted,19,235,0.791754
gen-access_control-036,access_control,generated,root-preserving,alpha-unused,vulnerable,True,accepted,19,273,0.776679
gen-access_control-036,access_control,generated,root-preserving,swap-independent,vulnerable,True,accepted,19,261,0.777415
gen-access_control-036,access_control,generated,root-preserving,root-stutter,patched,True,accepted,19,229,0.91516
gen-access_control-036,access_control,generated,root-preserving,alpha-unused,patched,True,accepted,19,267,0.892747
gen-access_control-036,access_control,generated,root-preserving,swap-independent,patched,True,accepted,19,255,0.88663
gen-access_control-036,access_control,generated,root-preserving,guard-dual,patched,True,accepted,19,225,0.963011
gen-access_control-036,access_control,generated,root-flipping,close-root,vulnerable,True,accepted,16,202,0.820533
gen-access_control-036,access_control,generated,root-flipping,open-root,patched,True,accepted,16,201,0.810397
gen-access_control-037,access_control,generated,root-preserving,root-stutter,vulnerable,True,accepted,19,235,0.795467
gen-access_control-037,access_control,generated,root-preserving,alpha-unused,vulnerable,True,accepted,19,273,0.775428
gen-access_control-037,access_control,generated,root-preserving,swap-independent,vulnerable,True,accepted,19,261,0.773124
gen-access_control-037,access_control,generated,root-preserving,root-stutter,patched,True,accepted,19,229,0.944689
gen-access_control-037,access_control,generated,root-preserving,alpha-unused,patched,True,accepted,19,267,0.904195
gen-access_control-037,access_control,generated,root-preserving,swap-independent,patched,True,accepted,19,255,0.871494
gen-access_control-037,access_control,generated,root-preserving,guard-dual,patched,True,accepted,19,225,0.887994
gen-access_control-037,access_control,generated,root-flipping,close-root,vulnerable,True,accepted,16,202,0.822452
gen-access_control-037,access_control,generated,root-flipping,open-root,patched,True,accepted,16,201,0.817382
gen-access_control-038,access_control,generated,root-preserving,root-stutter,vulnerable,True,accepted,19,235,0.859522
gen-access_control-038,access_control,generated,root-preserving,alpha-unused,vulnerable,True,accepted,19,273,0.797188
gen-access_control-038,access_control,generated,root-preserving,swap-independent,vulnerable,True,accepted,19,261,0.77578
gen-access_control-038,access_control,generated,root-preserving,root-stutter,patched,True,accepted,19,229,1.171564
gen-access_control-038,access_control,generated,root-preserving,alpha-unused,patched,True,accepted,19,267,0.91027
gen-access_control-038,access_control,generated,root-preserving,swap-independent,patched,True,accepted,19,255,0.896756
gen-access_control-038,access_control,generated,root-preserving,guard-dual,patched,True,accepted,19,225,0.924991
gen-access_control-038,access_control,generated,root-flipping,close-root,vulnerable,True,accepted,16,202,0.804875
gen-access_control-038,access_control,generated,root-flipping,open-root,patched,True,accepted,16,201,0.806223
gen-access_control-039,access_control,generated,root-preserving,root-stutter,vulnerable,True,accepted,19,235,0.821327
gen-access_control-039,access_control,generated,root-preserving,alpha-unused,vulnerable,True,accepted,19,273,0.794697
gen-access_control-039,access_control,generated,root-preserving,swap-independent,vulnerable,True,accepted,19,261,0.771621
gen-access_control-039,access_control,generated,root-preserving,root-stutter,patched,True,accepted,19,229,0.91571
gen-access_control-039,access_control,generated,root-preserving,alpha-unused,patched,True,accepted,19,267,0.89501
gen-access_control-039,access_control,generated,root-preserving,swap-independent,patched,True,accepted,19,255,0.885415
gen-access_control-039,access_control,generated,root-preserving,guard-dual,patched,True,accepted,19,225,0.900866
gen-access_control-039,access_control,generated,root-flipping,close-root,vulnerable,True,accepted,16,202,0.808539
gen-access_control-039,access_control,generated,root-flipping,open-root,patched,True,accepted,16,201,0.855176
pub-access_control-00,access_control,synthetic-reference-tagged,root-preserving,root-stutter,vulnerable,True,accepted,19,233,0.820613
pub-access_control-00,access_control,synthetic-reference-tagged,root-preserving,alpha-unused,vulnerable,True,accepted,19,271,0.81267
pub-access_control-00,access_control,synthetic-reference-tagged,root-preserving,swap-independent,vulnerable,True,accepted,19,259,0.795003
pub-access_control-00,access_control,synthetic-reference-tagged,root-preserving,root-stutter,patched,True,accepted,19,227,0.965505
pub-access_control-00,access_control,synthetic-reference-tagged,root-preserving,alpha-unused,patched,True,accepted,19,265,0.9471
pub-access_control-00,access_control,synthetic-reference-tagged,root-preserving,swap-independent,patched,True,accepted,19,253,0.976996
pub-access_control-00,access_control,synthetic-reference-tagged,root-preserving,guard-dual,patched,True,accepted,19,223,0.914035
pub-access_control-00,access_control,synthetic-reference-tagged,root-flipping,close-root,vulnerable,True,accepted,16,200,0.824279
pub-access_control-00,access_control,synthetic-reference-tagged,root-flipping,open-root,patched,True,accepted,16,199,0.823115
pub-access_control-01,access_control,synthetic-reference-tagged,root-preserving,root-stutter,vulnerable,True,accepted,19,233,0.803766
pub-access_control-01,access_control,synthetic-reference-tagged,root-preserving,alpha-unused,vulnerable,True,accepted,19,271,0.81117
pub-access_control-01,access_control,synthetic-reference-tagged,root-preserving,swap-independent,vulnerable,True,accepted,19,259,0.792095
pub-access_control-01,access_control,synthetic-reference-tagged,root-preserving,root-stutter,patched,True,accepted,19,227,1.009163
pub-access_control-01,access_control,synthetic-reference-tagged,root-preserving,alpha-unused,patched,True,accepted,19,265,0.966258
pub-access_control-01,access_control,synthetic-reference-tagged,root-preserving,swap-independent,patched,True,accepted,19,253,0.912709
pub-access_control-01,access_control,synthetic-reference-tagged,root-preserving,guard-dual,patched,True,accepted,19,223,0.937968
pub-access_control-01,access_control,synthetic-reference-tagged,root-flipping,close-root,vulnerable,True,accepted,16,200,0.853003
pub-access_control-01,access_control,synthetic-reference-tagged,root-flipping,open-root,patched,True,accepted,16,199,0.823402
pub-access_control-02,access_control,synthetic-reference-tagged,root-preserving,root-stutter,vulnerable,True,accepted,19,233,0.843363
pub-access_control-02,access_control,synthetic-reference-tagged,root-preserving,alpha-unused,vulnerable,True,accepted,19,271,0.822775
pub-access_control-02,access_control,synthetic-reference-tagged,root-preserving,swap-independent,vulnerable,True,accepted,19,259,0.798604
pub-access_control-02,access_control,synthetic-reference-tagged,root-preserving,root-stutter,patched,True,accepted,19,227,0.943092
pub-access_control-02,access_control,synthetic-reference-tagged,root-preserving,alpha-unused,patched,True,accepted,19,265,0.915212
pub-access_control-02,access_control,synthetic-reference-tagged,root-preserving,swap-independent,patched,True,accepted,19,253,0.905238
pub-access_control-02,access_control,synthetic-reference-tagged,root-preserving,guard-dual,patched,True,accepted,19,223,1.087627
pub-access_control-02,access_control,synthetic-reference-tagged,root-flipping,close-root,vulnerable,True,accepted,16,200,0.835727
pub-access_control-02,access_control,synthetic-reference-tagged,root-flipping,open-root,patched,True,accepted,16,199,0.809999
gen-reentrancy-000,reentrancy,generated,root-preserving,root-stutter,vulnerable,True,accepted,13,227,0.947356
gen-reentrancy-000,reentrancy,generated,root-preserving,alpha-unused,vulnerable,True,accepted,13,265,0.855165
gen-reentrancy-000,reentrancy,generated,root-preserving,swap-independent,vulnerable,True,accepted,13,253,0.832122
gen-reentrancy-000,reentrancy,generated,root-preserving,root-stutter,patched,True,accepted,13,221,0.908277
gen-reentrancy-000,reentrancy,generated,root-preserving,alpha-unused,patched,True,accepted,13,259,0.891286
gen-reentrancy-000,reentrancy,generated,root-preserving,swap-independent,patched,True,accepted,13,247,0.871637
gen-reentrancy-000,reentrancy,generated,root-flipping,close-root,vulnerable,True,accepted,12,194,0.841384
gen-reentrancy-000,reentrancy,generated,root-flipping,open-root,patched,True,accepted,12,193,0.836017
gen-reentrancy-001,reentrancy,generated,root-preserving,root-stutter,vulnerable,True,accepted,13,227,0.830967
gen-reentrancy-001,reentrancy,generated,root-preserving,alpha-unused,vulnerable,True,accepted,13,265,0.857055
gen-reentrancy-001,reentrancy,generated,root-preserving,swap-independent,vulnerable,True,accepted,13,253,0.816645
gen-reentrancy-001,reentrancy,generated,root-preserving,root-stutter,patched,True,accepted,13,221,0.938537
gen-reentrancy-001,reentrancy,generated,root-preserving,alpha-unused,patched,True,accepted,13,259,0.907817
gen-reentrancy-001,reentrancy,generated,root-preserving,swap-independent,patched,True,accepted,13,247,0.898215
gen-reentrancy-001,reentrancy,generated,root-flipping,close-root,vulnerable,True,accepted,12,194,0.911011
gen-reentrancy-001,reentrancy,generated,root-flipping,open-root,patched,True,accepted,12,193,0.852533
gen-reentrancy-002,reentrancy,generated,root-preserving,root-stutter,vulnerable,True,accepted,13,227,0.837047
gen-reentrancy-002,reentrancy,generated,root-preserving,alpha-unused,vulnerable,True,accepted,13,265,0.833857
gen-reentrancy-002,reentrancy,generated,root-preserving,swap-independent,vulnerable,True,accepted,13,253,0.810311
gen-reentrancy-002,reentrancy,generated,root-preserving,root-stutter,patched,True,accepted,13,221,0.912099
gen-reentrancy-002,reentrancy,generated,root-preserving,alpha-unused,patched,True,accepted,13,259,0.888996
gen-reentrancy-002,reentrancy,generated,root-preserving,swap-independent,patched,True,accepted,13,247,0.873809
gen-reentrancy-002,reentrancy,generated,root-flipping,close-root,vulnerable,True,accepted,12,194,0.837933
gen-reentrancy-002,reentrancy,generated,root-flipping,open-root,patched,True,accepted,12,193,0.840126
gen-reentrancy-003,reentrancy,generated,root-preserving,root-stutter,vulnerable,True,accepted,13,227,0.831142
gen-reentrancy-003,reentrancy,generated,root-preserving,alpha-unused,vulnerable,True,accepted,13,265,0.822801
gen-reentrancy-003,reentrancy,generated,root-preserving,swap-independent,vulnerable,True,accepted,13,253,0.820213
gen-reentrancy-003,reentrancy,generated,root-preserving,root-stutter,patched,True,accepted,13,221,0.922865
gen-reentrancy-003,reentrancy,generated,root-preserving,alpha-unused,patched,True,accepted,13,259,0.97672
gen-reentrancy-003,reentrancy,generated,root-preserving,swap-independent,patched,True,accepted,13,247,0.921768
gen-reentrancy-003,reentrancy,generated,root-flipping,close-root,vulnerable,True,accepted,12,194,0.850753
gen-reentrancy-003,reentrancy,generated,root-flipping,open-root,patched,True,accepted,12,193,0.826039
gen-reentrancy-004,reentrancy,generated,root-preserving,root-stutter,vulnerable,True,accepted,13,227,0.820414
gen-reentrancy-004,reentrancy,generated,root-preserving,alpha-unused,vulnerable,True,accepted,13,265,0.846315
gen-reentrancy-004,reentrancy,generated,root-preserving,swap-independent,vulnerable,True,accepted,13,253,0.814205
gen-reentrancy-004,reentrancy,generated,root-preserving,root-stutter,patched,True,accepted,13,221,0.903581
gen-reentrancy-004,reentrancy,generated,root-preserving,alpha-unused,patched,True,accepted,13,259,0.899357
gen-reentrancy-004,reentrancy,generated,root-preserving,swap-independent,patched,True,accepted,13,247,0.879682
gen-reentrancy-004,reentrancy,generated,root-flipping,close-root,vulnerable,True,accepted,12,194,0.827545
gen-reentrancy-004,reentrancy,generated,root-flipping,open-root,patched,True,accepted,12,193,0.835195
gen-reentrancy-005,reentrancy,generated,root-preserving,root-stutter,vulnerable,True,accepted,13,227,0.862432
gen-reentrancy-005,reentrancy,generated,root-preserving,alpha-unused,vulnerable,True,accepted,13,265,0.839157
gen-reentrancy-005,reentrancy,generated,root-preserving,swap-independent,vulnerable,True,accepted,13,253,0.875447
gen-reentrancy-005,reentrancy,generated,root-preserving,root-stutter,patched,True,accepted,13,221,0.935066
gen-reentrancy-005,reentrancy,generated,root-preserving,alpha-unused,patched,True,accepted,13,259,0.907674
gen-reentrancy-005,reentrancy,generated,root-preserving,swap-independent,patched,True,accepted,13,247,0.892052
gen-reentrancy-005,reentrancy,generated,root-flipping,close-root,vulnerable,True,accepted,12,194,0.831191
gen-reentrancy-005,reentrancy,generated,root-flipping,open-root,patched,True,accepted,12,193,0.856885
gen-reentrancy-006,reentrancy,generated,root-preserving,root-stutter,vulnerable,True,accepted,13,227,0.829311
gen-reentrancy-006,reentrancy,generated,root-preserving,alpha-unused,vulnerable,True,accepted,13,265,0.835317
gen-reentrancy-006,reentrancy,generated,root-preserving,swap-independent,vulnerable,True,accepted,13,253,0.804045
gen-reentrancy-006,reentrancy,generated,root-preserving,root-stutter,patched,True,accepted,13,221,0.90114
gen-reentrancy-006,reentrancy,generated,root-preserving,alpha-unused,patched,True,accepted,13,259,0.964902
gen-reentrancy-006,reentrancy,generated,root-preserving,swap-independent,patched,True,accepted,13,247,0.902923
gen-reentrancy-006,reentrancy,generated,root-flipping,close-root,vulnerable,True,accepted,12,194,0.848813
gen-reentrancy-006,reentrancy,generated,root-flipping,open-root,patched,True,accepted,12,193,0.848277
gen-reentrancy-007,reentrancy,generated,root-preserving,root-stutter,vulnerable,True,accepted,13,227,0.91735
gen-reentrancy-007,reentrancy,generated,root-preserving,alpha-unused,vulnerable,True,accepted,13,265,0.855139
gen-reentrancy-007,reentrancy,generated,root-preserving,swap-independent,vulnerable,True,accepted,13,253,0.810179
gen-reentrancy-007,reentrancy,generated,root-preserving,root-stutter,patched,True,accepted,13,221,0.957756
gen-reentrancy-007,reentrancy,generated,root-preserving,alpha-unused,patched,True,accepted,13,259,0.923665
gen-reentrancy-007,reentrancy,generated,root-preserving,swap-independent,patched,True,accepted,13,247,0.881362
gen-reentrancy-007,reentrancy,generated,root-flipping,close-root,vulnerable,True,accepted,12,194,0.845862
gen-reentrancy-007,reentrancy,generated,root-flipping,open-root,patched,True,accepted,12,193,0.83138
gen-reentrancy-008,reentrancy,generated,root-preserving,root-stutter,vulnerable,True,accepted,13,227,0.835593
gen-reentrancy-008,reentrancy,generated,root-preserving,alpha-unused,vulnerable,True,accepted,13,265,0.840516
gen-reentrancy-008,reentrancy,generated,root-preserving,swap-independent,vulnerable,True,accepted,13,253,0.813866
gen-reentrancy-008,reentrancy,generated,root-preserving,root-stutter,patched,True,accepted,13,221,0.931329
gen-reentrancy-008,reentrancy,generated,root-preserving,alpha-unused,patched,True,accepted,13,259,0.921455
gen-reentrancy-008,reentrancy,generated,root-preserving,swap-independent,patched,True,accepted,13,247,0.928277
gen-reentrancy-008,reentrancy,generated,root-flipping,close-root,vulnerable,True,accepted,12,194,0.922789
gen-reentrancy-008,reentrancy,generated,root-flipping,open-root,patched,True,accepted,12,193,0.844374
gen-reentrancy-009,reentrancy,generated,root-preserving,root-stutter,vulnerable,True,accepted,13,227,0.840252
gen-reentrancy-009,reentrancy,generated,root-preserving,alpha-unused,vulnerable,True,accepted,13,265,0.821502
gen-reentrancy-009,reentrancy,generated,root-preserving,swap-independent,vulnerable,True,accepted,13,253,0.816393
gen-reentrancy-009,reentrancy,generated,root-preserving,root-stutter,patched,True,accepted,13,221,0.897325
gen-reentrancy-009,reentrancy,generated,root-preserving,alpha-unused,patched,True,accepted,13,259,0.907957
gen-reentrancy-009,reentrancy,generated,root-preserving,swap-independent,patched,True,accepted,13,247,0.884481
gen-reentrancy-009,reentrancy,generated,root-flipping,close-root,vulnerable,True,accepted,12,194,0.842083
gen-reentrancy-009,reentrancy,generated,root-flipping,open-root,patched,True,accepted,12,193,0.824709
gen-reentrancy-010,reentrancy,generated,root-preserving,root-stutter,vulnerable,True,accepted,13,227,0.839739
gen-reentrancy-010,reentrancy,generated,root-preserving,alpha-unused,vulnerable,True,accepted,13,265,0.837342
gen-reentrancy-010,reentrancy,generated,root-preserving,swap-independent,vulnerable,True,accepted,13,253,0.843291
gen-reentrancy-010,reentrancy,generated,root-preserving,root-stutter,patched,True,accepted,13,221,0.922189
gen-reentrancy-010,reentrancy,generated,root-preserving,alpha-unused,patched,True,accepted,13,259,0.98107
gen-reentrancy-010,reentrancy,generated,root-preserving,swap-independent,patched,True,accepted,13,247,0.917684
gen-reentrancy-010,reentrancy,generated,root-flipping,close-root,vulnerable,True,accepted,12,194,0.847853
gen-reentrancy-010,reentrancy,generated,root-flipping,open-root,patched,True,accepted,12,193,0.824592
gen-reentrancy-011,reentrancy,generated,root-preserving,root-stutter,vulnerable,True,accepted,13,227,0.829302
gen-reentrancy-011,reentrancy,generated,root-preserving,alpha-unused,vulnerable,True,accepted,13,265,0.836303
gen-reentrancy-011,reentrancy,generated,root-preserving,swap-independent,vulnerable,True,accepted,13,253,0.805668
gen-reentrancy-011,reentrancy,generated,root-preserving,root-stutter,patched,True,accepted,13,221,1.086527
gen-reentrancy-011,reentrancy,generated,root-preserving,alpha-unused,patched,True,accepted,13,259,0.922653
gen-reentrancy-011,reentrancy,generated,root-preserving,swap-independent,patched,True,accepted,13,247,0.89172
gen-reentrancy-011,reentrancy,generated,root-flipping,close-root,vulnerable,True,accepted,12,194,0.866372
gen-reentrancy-011,reentrancy,generated,root-flipping,open-root,patched,True,accepted,12,193,0.840675
gen-reentrancy-012,reentrancy,generated,root-preserving,root-stutter,vulnerable,True,accepted,13,227,0.84176
gen-reentrancy-012,reentrancy,generated,root-preserving,alpha-unused,vulnerable,True,accepted,13,265,0.848311
gen-reentrancy-012,reentrancy,generated,root-preserving,swap-independent,vulnerable,True,accepted,13,253,0.885695
gen-reentrancy-012,reentrancy,generated,root-preserving,root-stutter,patched,True,accepted,13,221,0.912111
gen-reentrancy-012,reentrancy,generated,root-preserving,alpha-unused,patched,True,accepted,13,259,0.902291
gen-reentrancy-012,reentrancy,generated,root-preserving,swap-independent,patched,True,accepted,13,247,0.89824
gen-reentrancy-012,reentrancy,generated,root-flipping,close-root,vulnerable,True,accepted,12,194,0.831323
gen-reentrancy-012,reentrancy,generated,root-flipping,open-root,patched,True,accepted,12,193,0.816694
gen-reentrancy-013,reentrancy,generated,root-preserving,root-stutter,vulnerable,True,accepted,13,227,0.819187
gen-reentrancy-013,reentrancy,generated,root-preserving,alpha-unused,vulnerable,True,accepted,13,265,0.850155
gen-reentrancy-013,reentrancy,generated,root-preserving,swap-independent,vulnerable,True,accepted,13,253,0.815846
gen-reentrancy-013,reentrancy,generated,root-preserving,root-stutter,patched,True,accepted,13,221,0.903627
gen-reentrancy-013,reentrancy,generated,root-preserving,alpha-unused,patched,True,accepted,13,259,0.8947
gen-reentrancy-013,reentrancy,generated,root-preserving,swap-independent,patched,True,accepted,13,247,0.90405
gen-reentrancy-013,reentrancy,generated,root-flipping,close-root,vulnerable,True,accepted,12,194,0.853839
gen-reentrancy-013,reentrancy,generated,root-flipping,open-root,patched,True,accepted,12,193,0.840817
gen-reentrancy-014,reentrancy,generated,root-preserving,root-stutter,vulnerable,True,accepted,13,227,0.914481
gen-reentrancy-014,reentrancy,generated,root-preserving,alpha-unused,vulnerable,True,accepted,13,265,0.837282
gen-reentrancy-014,reentrancy,generated,root-preserving,swap-independent,vulnerable,True,accepted,13,253,0.805279
gen-reentrancy-014,reentrancy,generated,root-preserving,root-stutter,patched,True,accepted,13,221,0.922888
gen-reentrancy-014,reentrancy,generated,root-preserving,alpha-unused,patched,True,accepted,13,259,0.899264
gen-reentrancy-014,reentrancy,generated,root-preserving,swap-independent,patched,True,accepted,13,247,0.873171
gen-reentrancy-014,reentrancy,generated,root-flipping,close-root,vulnerable,True,accepted,12,194,0.873127
gen-reentrancy-014,reentrancy,generated,root-flipping,open-root,patched,True,accepted,12,193,0.826833
gen-reentrancy-015,reentrancy,generated,root-preserving,root-stutter,vulnerable,True,accepted,13,227,0.835069
gen-reentrancy-015,reentrancy,generated,root-preserving,alpha-unused,vulnerable,True,accepted,13,265,0.838106
gen-reentrancy-015,reentrancy,generated,root-preserving,swap-independent,vulnerable,True,accepted,13,253,0.809847
gen-reentrancy-015,reentrancy,generated,root-preserving,root-stutter,patched,True,accepted,13,221,0.907909
gen-reentrancy-015,reentrancy,generated,root-preserving,alpha-unused,patched,True,accepted,13,259,0.916317
gen-reentrancy-015,reentrancy,generated,root-preserving,swap-independent,patched,True,accepted,13,247,0.894403
gen-reentrancy-015,reentrancy,generated,root-flipping,close-root,vulnerable,True,accepted,12,194,1.054048
gen-reentrancy-015,reentrancy,generated,root-flipping,open-root,patched,True,accepted,12,193,0.880147
gen-reentrancy-016,reentrancy,generated,root-preserving,root-stutter,vulnerable,True,accepted,13,227,0.84446
gen-reentrancy-016,reentrancy,generated,root-preserving,alpha-unused,vulnerable,True,accepted,13,265,0.842133
gen-reentrancy-016,reentrancy,generated,root-preserving,swap-independent,vulnerable,True,accepted,13,253,0.814264
gen-reentrancy-016,reentrancy,generated,root-preserving,root-stutter,patched,True,accepted,13,221,0.89926
gen-reentrancy-016,reentrancy,generated,root-preserving,alpha-unused,patched,True,accepted,13,259,0.884561
gen-reentrancy-016,reentrancy,generated,root-preserving,swap-independent,patched,True,accepted,13,247,0.89222
gen-reentrancy-016,reentrancy,generated,root-flipping,close-root,vulnerable,True,accepted,12,194,0.839073
gen-reentrancy-016,reentrancy,generated,root-flipping,open-root,patched,True,accepted,12,193,0.828927
gen-reentrancy-017,reentrancy,generated,root-preserving,root-stutter,vulnerable,True,accepted,13,227,0.825234
gen-reentrancy-017,reentrancy,generated,root-preserving,alpha-unused,vulnerable,True,accepted,13,265,0.837448
gen-reentrancy-017,reentrancy,generated,root-preserving,swap-independent,vulnerable,True,accepted,13,253,0.818095
gen-reentrancy-017,reentrancy,generated,root-preserving,root-stutter,patched,True,accepted,13,221,0.909083
gen-reentrancy-017,reentrancy,generated,root-preserving,alpha-unused,patched,True,accepted,13,259,0.978086
gen-reentrancy-017,reentrancy,generated,root-preserving,swap-independent,patched,True,accepted,13,247,0.891889
gen-reentrancy-017,reentrancy,generated,root-flipping,close-root,vulnerable,True,accepted,12,194,0.846701
gen-reentrancy-017,reentrancy,generated,root-flipping,open-root,patched,True,accepted,12,193,0.825719
gen-reentrancy-018,reentrancy,generated,root-preserving,root-stutter,vulnerable,True,accepted,13,227,0.820351
gen-reentrancy-018,reentrancy,generated,root-preserving,alpha-unused,vulnerable,True,accepted,13,265,0.835814
gen-reentrancy-018,reentrancy,generated,root-preserving,swap-independent,vulnerable,True,accepted,13,253,0.811643
gen-reentrancy-018,reentrancy,generated,root-preserving,root-stutter,patched,True,accepted,13,221,0.895354
gen-reentrancy-018,reentrancy,generated,root-preserving,alpha-unused,patched,True,accepted,13,259,0.891994
gen-reentrancy-018,reentrancy,generated,root-preserving,swap-independent,patched,True,accepted,13,247,0.888581
gen-reentrancy-018,reentrancy,generated,root-flipping,close-root,vulnerable,True,accepted,12,194,0.83015
gen-reentrancy-018,reentrancy,generated,root-flipping,open-root,patched,True,accepted,12,193,0.830024
gen-reentrancy-019,reentrancy,generated,root-preserving,root-stutter,vulnerable,True,accepted,13,227,0.852538
gen-reentrancy-019,reentrancy,generated,root-preserving,alpha-unused,vulnerable,True,accepted,13,265,0.858937
gen-reentrancy-019,reentrancy,generated,root-preserving,swap-independent,vulnerable,True,accepted,13,253,0.87977
gen-reentrancy-019,reentrancy,generated,root-preserving,root-stutter,patched,True,accepted,13,221,0.936867
gen-reentrancy-019,reentrancy,generated,root-preserving,alpha-unused,patched,True,accepted,13,259,0.89998
gen-reentrancy-019,reentrancy,generated,root-preserving,swap-independent,patched,True,accepted,13,247,0.895097
gen-reentrancy-019,reentrancy,generated,root-flipping,close-root,vulnerable,True,accepted,12,194,0.83425
gen-reentrancy-019,reentrancy,generated,root-flipping,open-root,patched,True,accepted,12,193,0.830594
gen-reentrancy-020,reentrancy,generated,root-preserving,root-stutter,vulnerable,True,accepted,13,227,0.823449
gen-reentrancy-020,reentrancy,generated,root-preserving,alpha-unused,vulnerable,True,accepted,13,265,0.834425
gen-reentrancy-020,reentrancy,generated,root-preserving,swap-independent,vulnerable,True,accepted,13,253,0.809416
gen-reentrancy-020,reentrancy,generated,root-preserving,root-stutter,patched,True,accepted,13,221,0.89634
gen-reentrancy-020,reentrancy,generated,root-preserving,alpha-unused,patched,True,accepted,13,259,0.904175
gen-reentrancy-020,reentrancy,generated,root-preserving,swap-independent,patched,True,accepted,13,247,0.87856
gen-reentrancy-020,reentrancy,generated,root-flipping,close-root,vulnerable,True,accepted,12,194,0.838306
gen-reentrancy-020,reentrancy,generated,root-flipping,open-root,patched,True,accepted,12,193,0.837036
gen-reentrancy-021,reentrancy,generated,root-preserving,root-stutter,vulnerable,True,accepted,13,227,0.916451
gen-reentrancy-021,reentrancy,generated,root-preserving,alpha-unused,vulnerable,True,accepted,13,265,0.847746
gen-reentrancy-021,reentrancy,generated,root-preserving,swap-independent,vulnerable,True,accepted,13,253,0.833409
gen-reentrancy-021,reentrancy,generated,root-preserving,root-stutter,patched,True,accepted,13,221,0.926328
gen-reentrancy-021,reentrancy,generated,root-preserving,alpha-unused,patched,True,accepted,13,259,0.909084
gen-reentrancy-021,reentrancy,generated,root-preserving,swap-independent,patched,True,accepted,13,247,0.885075
gen-reentrancy-021,reentrancy,generated,root-flipping,close-root,vulnerable,True,accepted,12,194,0.844196
gen-reentrancy-021,reentrancy,generated,root-flipping,open-root,patched,True,accepted,12,193,0.831396
gen-reentrancy-022,reentrancy,generated,root-preserving,root-stutter,vulnerable,True,accepted,13,227,0.824805
gen-reentrancy-022,reentrancy,generated,root-preserving,alpha-unused,vulnerable,True,accepted,13,265,0.825425
gen-reentrancy-022,reentrancy,generated,root-preserving,swap-independent,vulnerable,True,accepted,13,253,0.805238
gen-reentrancy-022,reentrancy,generated,root-preserving,root-stutter,patched,True,accepted,13,221,0.933546
gen-reentrancy-022,reentrancy,generated,root-preserving,alpha-unused,patched,True,accepted,13,259,0.914626
gen-reentrancy-022,reentrancy,generated,root-preserving,swap-independent,patched,True,accepted,13,247,0.879749
gen-reentrancy-022,reentrancy,generated,root-flipping,close-root,vulnerable,True,accepted,12,194,0.890468
gen-reentrancy-022,reentrancy,generated,root-flipping,open-root,patched,True,accepted,12,193,0.869228
gen-reentrancy-023,reentrancy,generated,root-preserving,root-stutter,vulnerable,True,accepted,13,227,0.896881
gen-reentrancy-023,reentrancy,generated,root-preserving,alpha-unused,vulnerable,True,accepted,13,265,0.847845
gen-reentrancy-023,reentrancy,generated,root-preserving,swap-independent,vulnerable,True,accepted,13,253,0.815505
gen-reentrancy-023,reentrancy,generated,root-preserving,root-stutter,patched,True,accepted,13,221,0.893353
gen-reentrancy-023,reentrancy,generated,root-preserving,alpha-unused,patched,True,accepted,13,259,0.899325
gen-reentrancy-023,reentrancy,generated,root-preserving,swap-independent,patched,True,accepted,13,247,0.900991
gen-reentrancy-023,reentrancy,generated,root-flipping,close-root,vulnerable,True,accepted,12,194,0.832143
gen-reentrancy-023,reentrancy,generated,root-flipping,open-root,patched,True,accepted,12,193,0.825258
gen-reentrancy-024,reentrancy,generated,root-preserving,root-stutter,vulnerable,True,accepted,13,227,0.840197
gen-reentrancy-024,reentrancy,generated,root-preserving,alpha-unused,vulnerable,True,accepted,13,265,0.829436
gen-reentrancy-024,reentrancy,generated,root-preserving,swap-independent,vulnerable,True,accepted,13,253,0.809584
gen-reentrancy-024,reentrancy,generated,root-preserving,root-stutter,patched,True,accepted,13,221,0.920354
gen-reentrancy-024,reentrancy,generated,root-preserving,alpha-unused,patched,True,accepted,13,259,0.98454
gen-reentrancy-024,reentrancy,generated,root-preserving,swap-independent,patched,True,accepted,13,247,0.893431
gen-reentrancy-024,reentrancy,generated,root-flipping,close-root,vulnerable,True,accepted,12,194,0.853016
gen-reentrancy-024,reentrancy,generated,root-flipping,open-root,patched,True,accepted,12,193,0.833126
gen-reentrancy-025,reentrancy,generated,root-preserving,root-stutter,vulnerable,True,accepted,13,227,0.833173
gen-reentrancy-025,reentrancy,generated,root-preserving,alpha-unused,vulnerable,True,accepted,13,265,0.828352
gen-reentrancy-025,reentrancy,generated,root-preserving,swap-independent,vulnerable,True,accepted,13,253,0.816463
gen-reentrancy-025,reentrancy,generated,root-preserving,root-stutter,patched,True,accepted,13,221,0.889051
gen-reentrancy-025,reentrancy,generated,root-preserving,alpha-unused,patched,True,accepted,13,259,0.888265
gen-reentrancy-025,reentrancy,generated,root-preserving,swap-independent,patched,True,accepted,13,247,0.876576
gen-reentrancy-025,reentrancy,generated,root-flipping,close-root,vulnerable,True,accepted,12,194,0.822939
gen-reentrancy-025,reentrancy,generated,root-flipping,open-root,patched,True,accepted,12,193,0.818965
gen-reentrancy-026,reentrancy,generated,root-preserving,root-stutter,vulnerable,True,accepted,13,227,0.83048
gen-reentrancy-026,reentrancy,generated,root-preserving,alpha-unused,vulnerable,True,accepted,13,265,0.841597
gen-reentrancy-026,reentrancy,generated,root-preserving,swap-independent,vulnerable,True,accepted,13,253,0.880112
gen-reentrancy-026,reentrancy,generated,root-preserving,root-stutter,patched,True,accepted,13,221,0.922845
gen-reentrancy-026,reentrancy,generated,root-preserving,alpha-unused,patched,True,accepted,13,259,0.917175
gen-reentrancy-026,reentrancy,generated,root-preserving,swap-independent,patched,True,accepted,13,247,0.891788
gen-reentrancy-026,reentrancy,generated,root-flipping,close-root,vulnerable,True,accepted,12,194,0.855188
gen-reentrancy-026,reentrancy,generated,root-flipping,open-root,patched,True,accepted,12,193,0.832114
gen-reentrancy-027,reentrancy,generated,root-preserving,root-stutter,vulnerable,True,accepted,13,227,0.847052
gen-reentrancy-027,reentrancy,generated,root-preserving,alpha-unused,vulnerable,True,accepted,13,265,0.842826
gen-reentrancy-027,reentrancy,generated,root-preserving,swap-independent,vulnerable,True,accepted,13,253,0.801422
gen-reentrancy-027,reentrancy,generated,root-preserving,root-stutter,patched,True,accepted,13,221,0.894906
gen-reentrancy-027,reentrancy,generated,root-preserving,alpha-unused,patched,True,accepted,13,259,0.90358
gen-reentrancy-027,reentrancy,generated,root-preserving,swap-independent,patched,True,accepted,13,247,0.891417
gen-reentrancy-027,reentrancy,generated,root-flipping,close-root,vulnerable,True,accepted,12,194,0.84146
gen-reentrancy-027,reentrancy,generated,root-flipping,open-root,patched,True,accepted,12,193,0.83143
gen-reentrancy-028,reentrancy,generated,root-preserving,root-stutter,vulnerable,True,accepted,13,227,0.922989
gen-reentrancy-028,reentrancy,generated,root-preserving,alpha-unused,vulnerable,True,accepted,13,265,0.852178
gen-reentrancy-028,reentrancy,generated,root-preserving,swap-independent,vulnerable,True,accepted,13,253,0.819301
gen-reentrancy-028,reentrancy,generated,root-preserving,root-stutter,patched,True,accepted,13,221,0.914425
gen-reentrancy-028,reentrancy,generated,root-preserving,alpha-unused,patched,True,accepted,13,259,0.898213
gen-reentrancy-028,reentrancy,generated,root-preserving,swap-independent,patched,True,accepted,13,247,0.884734
gen-reentrancy-028,reentrancy,generated,root-flipping,close-root,vulnerable,True,accepted,12,194,0.839092
gen-reentrancy-028,reentrancy,generated,root-flipping,open-root,patched,True,accepted,12,193,0.823268
gen-reentrancy-029,reentrancy,generated,root-preserving,root-stutter,vulnerable,True,accepted,13,227,0.816383
gen-reentrancy-029,reentrancy,generated,root-preserving,alpha-unused,vulnerable,True,accepted,13,265,0.84513
gen-reentrancy-029,reentrancy,generated,root-preserving,swap-independent,vulnerable,True,accepted,13,253,0.820014
gen-reentrancy-029,reentrancy,generated,root-preserving,root-stutter,patched,True,accepted,13,221,0.987015
gen-reentrancy-029,reentrancy,generated,root-preserving,alpha-unused,patched,True,accepted,13,259,1.172419
gen-reentrancy-029,reentrancy,generated,root-preserving,swap-independent,patched,True,accepted,13,247,0.895614
gen-reentrancy-029,reentrancy,generated,root-flipping,close-root,vulnerable,True,accepted,12,194,0.920271
gen-reentrancy-029,reentrancy,generated,root-flipping,open-root,patched,True,accepted,12,193,0.865646
gen-reentrancy-030,reentrancy,generated,root-preserving,root-stutter,vulnerable,True,accepted,13,227,0.835547
gen-reentrancy-030,reentrancy,generated,root-preserving,alpha-unused,vulnerable,True,accepted,13,265,0.845892
gen-reentrancy-030,reentrancy,generated,root-preserving,swap-independent,vulnerable,True,accepted,13,253,0.856629
gen-reentrancy-030,reentrancy,generated,root-preserving,root-stutter,patched,True,accepted,13,221,0.937934
gen-reentrancy-030,reentrancy,generated,root-preserving,alpha-unused,patched,True,accepted,13,259,0.899553
gen-reentrancy-030,reentrancy,generated,root-preserving,swap-independent,patched,True,accepted,13,247,0.89251
gen-reentrancy-030,reentrancy,generated,root-flipping,close-root,vulnerable,True,accepted,12,194,0.839975
gen-reentrancy-030,reentrancy,generated,root-flipping,open-root,patched,True,accepted,12,193,0.848439
gen-reentrancy-031,reentrancy,generated,root-preserving,root-stutter,vulnerable,True,accepted,13,227,0.83674
gen-reentrancy-031,reentrancy,generated,root-preserving,alpha-unused,vulnerable,True,accepted,13,265,0.827203
gen-reentrancy-031,reentrancy,generated,root-preserving,swap-independent,vulnerable,True,accepted,13,253,0.825211
gen-reentrancy-031,reentrancy,generated,root-preserving,root-stutter,patched,True,accepted,13,221,0.923376
gen-reentrancy-031,reentrancy,generated,root-preserving,alpha-unused,patched,True,accepted,13,259,1.033123
gen-reentrancy-031,reentrancy,generated,root-preserving,swap-independent,patched,True,accepted,13,247,0.93016
gen-reentrancy-031,reentrancy,generated,root-flipping,close-root,vulnerable,True,accepted,12,194,0.84712
gen-reentrancy-031,reentrancy,generated,root-flipping,open-root,patched,True,accepted,12,193,0.848084
gen-reentrancy-032,reentrancy,generated,root-preserving,root-stutter,vulnerable,True,accepted,13,227,0.993077
gen-reentrancy-032,reentrancy,generated,root-preserving,alpha-unused,vulnerable,True,accepted,13,265,0.847229
gen-reentrancy-032,reentrancy,generated,root-preserving,swap-independent,vulnerable,True,accepted,13,253,0.824499
gen-reentrancy-032,reentrancy,generated,root-preserving,root-stutter,patched,True,accepted,13,221,0.893688
gen-reentrancy-032,reentrancy,generated,root-preserving,alpha-unused,patched,True,accepted,13,259,0.907872
gen-reentrancy-032,reentrancy,generated,root-preserving,swap-independent,patched,True,accepted,13,247,0.933139
gen-reentrancy-032,reentrancy,generated,root-flipping,close-root,vulnerable,True,accepted,12,194,0.841168
gen-reentrancy-032,reentrancy,generated,root-flipping,open-root,patched,True,accepted,12,193,0.834789
gen-reentrancy-033,reentrancy,generated,root-preserving,root-stutter,vulnerable,True,accepted,13,227,0.840759
gen-reentrancy-033,reentrancy,generated,root-preserving,alpha-unused,vulnerable,True,accepted,13,265,0.87141
gen-reentrancy-033,reentrancy,generated,root-preserving,swap-independent,vulnerable,True,accepted,13,253,1.006423
gen-reentrancy-033,reentrancy,generated,root-preserving,root-stutter,patched,True,accepted,13,221,0.909898
gen-reentrancy-033,reentrancy,generated,root-preserving,alpha-unused,patched,True,accepted,13,259,0.911861
gen-reentrancy-033,reentrancy,generated,root-preserving,swap-independent,patched,True,accepted,13,247,0.885037
gen-reentrancy-033,reentrancy,generated,root-flipping,close-root,vulnerable,True,accepted,12,194,0.831571
gen-reentrancy-033,reentrancy,generated,root-flipping,open-root,patched,True,accepted,12,193,0.819899
gen-reentrancy-034,reentrancy,generated,root-preserving,root-stutter,vulnerable,True,accepted,13,227,0.835754
gen-reentrancy-034,reentrancy,generated,root-preserving,alpha-unused,vulnerable,True,accepted,13,265,0.82335
gen-reentrancy-034,reentrancy,generated,root-preserving,swap-independent,vulnerable,True,accepted,13,253,0.808842
gen-reentrancy-034,reentrancy,generated,root-preserving,root-stutter,patched,True,accepted,13,221,0.91424
gen-reentrancy-034,reentrancy,generated,root-preserving,alpha-unused,patched,True,accepted,13,259,0.959316
gen-reentrancy-034,reentrancy,generated,root-preserving,swap-independent,patched,True,accepted,13,247,0.898896
gen-reentrancy-034,reentrancy,generated,root-flipping,close-root,vulnerable,True,accepted,12,194,0.85089
gen-reentrancy-034,reentrancy,generated,root-flipping,open-root,patched,True,accepted,12,193,0.839958
gen-reentrancy-035,reentrancy,generated,root-preserving,root-stutter,vulnerable,True,accepted,13,227,0.913706
gen-reentrancy-035,reentrancy,generated,root-preserving,alpha-unused,vulnerable,True,accepted,13,265,0.863199
gen-reentrancy-035,reentrancy,generated,root-preserving,swap-independent,vulnerable,True,accepted,13,253,0.819236
gen-reentrancy-035,reentrancy,generated,root-preserving,root-stutter,patched,True,accepted,13,221,0.956892
gen-reentrancy-035,reentrancy,generated,root-preserving,alpha-unused,patched,True,accepted,13,259,0.930027
gen-reentrancy-035,reentrancy,generated,root-preserving,swap-independent,patched,True,accepted,13,247,0.889034
gen-reentrancy-035,reentrancy,generated,root-flipping,close-root,vulnerable,True,accepted,12,194,0.832883
gen-reentrancy-035,reentrancy,generated,root-flipping,open-root,patched,True,accepted,12,193,0.836597
gen-reentrancy-036,reentrancy,generated,root-preserving,root-stutter,vulnerable,True,accepted,13,227,0.839752
gen-reentrancy-036,reentrancy,generated,root-preserving,alpha-unused,vulnerable,True,accepted,13,265,0.83751
gen-reentrancy-036,reentrancy,generated,root-preserving,swap-independent,vulnerable,True,accepted,13,253,0.818381
gen-reentrancy-036,reentrancy,generated,root-preserving,root-stutter,patched,True,accepted,13,221,0.90881
gen-reentrancy-036,reentrancy,generated,root-preserving,alpha-unused,patched,True,accepted,13,259,0.917386
gen-reentrancy-036,reentrancy,generated,root-preserving,swap-independent,patched,True,accepted,13,247,0.897052
gen-reentrancy-036,reentrancy,generated,root-flipping,close-root,vulnerable,True,accepted,12,194,1.033599
gen-reentrancy-036,reentrancy,generated,root-flipping,open-root,patched,True,accepted,12,193,0.888189
gen-reentrancy-037,reentrancy,generated,root-preserving,root-stutter,vulnerable,True,accepted,13,227,0.834951
gen-reentrancy-037,reentrancy,generated,root-preserving,alpha-unused,vulnerable,True,accepted,13,265,0.829751
gen-reentrancy-037,reentrancy,generated,root-preserving,swap-independent,vulnerable,True,accepted,13,253,0.80159
gen-reentrancy-037,reentrancy,generated,root-preserving,root-stutter,patched,True,accepted,13,221,0.913304
gen-reentrancy-037,reentrancy,generated,root-preserving,alpha-unused,patched,True,accepted,13,259,0.897193
gen-reentrancy-037,reentrancy,generated,root-preserving,swap-independent,patched,True,accepted,13,247,0.869021
gen-reentrancy-037,reentrancy,generated,root-flipping,close-root,vulnerable,True,accepted,12,194,0.830429
gen-reentrancy-037,reentrancy,generated,root-flipping,open-root,patched,True,accepted,12,193,0.870417
gen-reentrancy-038,reentrancy,generated,root-preserving,root-stutter,vulnerable,True,accepted,13,227,1.418347
gen-reentrancy-038,reentrancy,generated,root-preserving,alpha-unused,vulnerable,True,accepted,13,265,0.892909
gen-reentrancy-038,reentrancy,generated,root-preserving,swap-independent,vulnerable,True,accepted,13,253,0.841103
gen-reentrancy-038,reentrancy,generated,root-preserving,root-stutter,patched,True,accepted,13,221,0.913522
gen-reentrancy-038,reentrancy,generated,root-preserving,alpha-unused,patched,True,accepted,13,259,0.995099
gen-reentrancy-038,reentrancy,generated,root-preserving,swap-independent,patched,True,accepted,13,247,0.924692
gen-reentrancy-038,reentrancy,generated,root-flipping,close-root,vulnerable,True,accepted,12,194,0.846341
gen-reentrancy-038,reentrancy,generated,root-flipping,open-root,patched,True,accepted,12,193,0.840691
gen-reentrancy-039,reentrancy,generated,root-preserving,root-stutter,vulnerable,True,accepted,13,227,0.828848
gen-reentrancy-039,reentrancy,generated,root-preserving,alpha-unused,vulnerable,True,accepted,13,265,0.823354
gen-reentrancy-039,reentrancy,generated,root-preserving,swap-independent,vulnerable,True,accepted,13,253,0.811539
gen-reentrancy-039,reentrancy,generated,root-preserving,root-stutter,patched,True,accepted,13,221,0.910644
gen-reentrancy-039,reentrancy,generated,root-preserving,alpha-unused,patched,True,accepted,13,259,0.905787
gen-reentrancy-039,reentrancy,generated,root-preserving,swap-independent,patched,True,accepted,13,247,0.885303
gen-reentrancy-039,reentrancy,generated,root-flipping,close-root,vulnerable,True,accepted,12,194,0.83335
gen-reentrancy-039,reentrancy,generated,root-flipping,open-root,patched,True,accepted,12,193,0.83965
pub-reentrancy-00,reentrancy,synthetic-reference-tagged,root-preserving,root-stutter,vulnerable,True,accepted,13,225,0.873293
pub-reentrancy-00,reentrancy,synthetic-reference-tagged,root-preserving,alpha-unused,vulnerable,True,accepted,13,263,0.839115
pub-reentrancy-00,reentrancy,synthetic-reference-tagged,root-preserving,swap-independent,vulnerable,True,accepted,13,251,0.88946
pub-reentrancy-00,reentrancy,synthetic-reference-tagged,root-preserving,root-stutter,patched,True,accepted,13,219,0.940797
pub-reentrancy-00,reentrancy,synthetic-reference-tagged,root-preserving,alpha-unused,patched,True,accepted,13,257,0.924456
pub-reentrancy-00,reentrancy,synthetic-reference-tagged,root-preserving,swap-independent,patched,True,accepted,13,245,0.898321
pub-reentrancy-00,reentrancy,synthetic-reference-tagged,root-flipping,close-root,vulnerable,True,accepted,12,192,0.84208
pub-reentrancy-00,reentrancy,synthetic-reference-tagged,root-flipping,open-root,patched,True,accepted,12,191,0.847041
pub-reentrancy-01,reentrancy,synthetic-reference-tagged,root-preserving,root-stutter,vulnerable,True,accepted,13,225,0.844175
pub-reentrancy-01,reentrancy,synthetic-reference-tagged,root-preserving,alpha-unused,vulnerable,True,accepted,13,263,0.844868
pub-reentrancy-01,reentrancy,synthetic-reference-tagged,root-preserving,swap-independent,vulnerable,True,accepted,13,251,0.856068
pub-reentrancy-01,reentrancy,synthetic-reference-tagged,root-preserving,root-stutter,patched,True,accepted,13,219,0.909797
pub-reentrancy-01,reentrancy,synthetic-reference-tagged,root-preserving,alpha-unused,patched,True,accepted,13,257,0.924931
pub-reentrancy-01,reentrancy,synthetic-reference-tagged,root-preserving,swap-independent,patched,True,accepted,13,245,0.89524
pub-reentrancy-01,reentrancy,synthetic-reference-tagged,root-flipping,close-root,vulnerable,True,accepted,12,192,0.845241
pub-reentrancy-01,reentrancy,synthetic-reference-tagged,root-flipping,open-root,patched,True,accepted,12,191,0.844717
pub-reentrancy-02,reentrancy,synthetic-reference-tagged,root-preserving,root-stutter,vulnerable,True,accepted,13,225,0.911633
pub-reentrancy-02,reentrancy,synthetic-reference-tagged,root-preserving,alpha-unused,vulnerable,True,accepted,13,263,0.846616
pub-reentrancy-02,reentrancy,synthetic-reference-tagged,root-preserving,swap-independent,vulnerable,True,accepted,13,251,0.812518
pub-reentrancy-02,reentrancy,synthetic-reference-tagged,root-preserving,root-stutter,patched,True,accepted,13,219,0.933762
pub-reentrancy-02,reentrancy,synthetic-reference-tagged,root-preserving,alpha-unused,patched,True,accepted,13,257,0.908092
pub-reentrancy-02,reentrancy,synthetic-reference-tagged,root-preserving,swap-independent,patched,True,accepted,13,245,0.891119
pub-reentrancy-02,reentrancy,synthetic-reference-tagged,root-flipping,close-root,vulnerable,True,accepted,12,192,0.855471
pub-reentrancy-02,reentrancy,synthetic-reference-tagged,root-flipping,open-root,patched,True,accepted,12,191,0.837216
gen-unchecked_call-000,unchecked_call,generated,root-preserving,root-stutter,vulnerable,True,accepted,13,235,0.658308
gen-unchecked_call-000,unchecked_call,generated,root-preserving,alpha-unused,vulnerable,True,accepted,13,273,0.658864
gen-unchecked_call-000,unchecked_call,generated,root-preserving,swap-independent,vulnerable,True,accepted,13,261,0.617436
gen-unchecked_call-000,unchecked_call,generated,root-preserving,root-stutter,patched,True,accepted,13,229,0.660424
gen-unchecked_call-000,unchecked_call,generated,root-preserving,alpha-unused,patched,True,accepted,13,267,0.671208
gen-unchecked_call-000,unchecked_call,generated,root-preserving,swap-independent,patched,True,accepted,13,255,0.649257
gen-unchecked_call-000,unchecked_call,generated,root-flipping,close-root,vulnerable,True,accepted,12,202,0.700669
gen-unchecked_call-000,unchecked_call,generated,root-flipping,open-root,patched,True,accepted,12,201,0.656725
gen-unchecked_call-001,unchecked_call,generated,root-preserving,root-stutter,vulnerable,True,accepted,13,235,0.652434
gen-unchecked_call-001,unchecked_call,generated,root-preserving,alpha-unused,vulnerable,True,accepted,13,273,0.644916
gen-unchecked_call-001,unchecked_call,generated,root-preserving,swap-independent,vulnerable,True,accepted,13,261,0.653186
gen-unchecked_call-001,unchecked_call,generated,root-preserving,root-stutter,patched,True,accepted,13,229,0.670179
gen-unchecked_call-001,unchecked_call,generated,root-preserving,alpha-unused,patched,True,accepted,13,267,0.65279
gen-unchecked_call-001,unchecked_call,generated,root-preserving,swap-independent,patched,True,accepted,13,255,0.631638
gen-unchecked_call-001,unchecked_call,generated,root-flipping,close-root,vulnerable,True,accepted,12,202,0.633157
gen-unchecked_call-001,unchecked_call,generated,root-flipping,open-root,patched,True,accepted,12,201,0.610548
gen-unchecked_call-002,unchecked_call,generated,root-preserving,root-stutter,vulnerable,True,accepted,13,235,0.644504
gen-unchecked_call-002,unchecked_call,generated,root-preserving,alpha-unused,vulnerable,True,accepted,13,273,0.644213
gen-unchecked_call-002,unchecked_call,generated,root-preserving,swap-independent,vulnerable,True,accepted,13,261,0.637073
gen-unchecked_call-002,unchecked_call,generated,root-preserving,root-stutter,patched,True,accepted,13,229,0.657806
gen-unchecked_call-002,unchecked_call,generated,root-preserving,alpha-unused,patched,True,accepted,13,267,0.730241
gen-unchecked_call-002,unchecked_call,generated,root-preserving,swap-independent,patched,True,accepted,13,255,0.674737
gen-unchecked_call-002,unchecked_call,generated,root-flipping,close-root,vulnerable,True,accepted,12,202,0.624492
gen-unchecked_call-002,unchecked_call,generated,root-flipping,open-root,patched,True,accepted,12,201,0.621186
gen-unchecked_call-003,unchecked_call,generated,root-preserving,root-stutter,vulnerable,True,accepted,13,235,0.661368
gen-unchecked_call-003,unchecked_call,generated,root-preserving,alpha-unused,vulnerable,True,accepted,13,273,0.644343
gen-unchecked_call-003,unchecked_call,generated,root-preserving,swap-independent,vulnerable,True,accepted,13,261,0.621258
gen-unchecked_call-003,unchecked_call,generated,root-preserving,root-stutter,patched,True,accepted,13,229,0.653333
gen-unchecked_call-003,unchecked_call,generated,root-preserving,alpha-unused,patched,True,accepted,13,267,0.679951
gen-unchecked_call-003,unchecked_call,generated,root-preserving,swap-independent,patched,True,accepted,13,255,0.634341
gen-unchecked_call-003,unchecked_call,generated,root-flipping,close-root,vulnerable,True,accepted,12,202,0.627357
gen-unchecked_call-003,unchecked_call,generated,root-flipping,open-root,patched,True,accepted,12,201,0.627942
gen-unchecked_call-004,unchecked_call,generated,root-preserving,root-stutter,vulnerable,True,accepted,13,235,0.672456
gen-unchecked_call-004,unchecked_call,generated,root-preserving,alpha-unused,vulnerable,True,accepted,13,273,0.643195
gen-unchecked_call-004,unchecked_call,generated,root-preserving,swap-independent,vulnerable,True,accepted,13,261,0.633915
gen-unchecked_call-004,unchecked_call,generated,root-preserving,root-stutter,patched,True,accepted,13,229,0.72973
gen-unchecked_call-004,unchecked_call,generated,root-preserving,alpha-unused,patched,True,accepted,13,267,0.657469
gen-unchecked_call-004,unchecked_call,generated,root-preserving,swap-independent,patched,True,accepted,13,255,0.652224
gen-unchecked_call-004,unchecked_call,generated,root-flipping,close-root,vulnerable,True,accepted,12,202,0.643725
gen-unchecked_call-004,unchecked_call,generated,root-flipping,open-root,patched,True,accepted,12,201,0.609152
gen-unchecked_call-005,unchecked_call,generated,root-preserving,root-stutter,vulnerable,True,accepted,13,235,0.633827
gen-unchecked_call-005,unchecked_call,generated,root-preserving,alpha-unused,vulnerable,True,accepted,13,273,0.63521
gen-unchecked_call-005,unchecked_call,generated,root-preserving,swap-independent,vulnerable,True,accepted,13,261,0.60989
gen-unchecked_call-005,unchecked_call,generated,root-preserving,root-stutter,patched,True,accepted,13,229,0.657358
gen-unchecked_call-005,unchecked_call,generated,root-preserving,alpha-unused,patched,True,accepted,13,267,0.650186
gen-unchecked_call-005,unchecked_call,generated,root-preserving,swap-independent,patched,True,accepted,13,255,0.636401
gen-unchecked_call-005,unchecked_call,generated,root-flipping,close-root,vulnerable,True,accepted,12,202,0.612929
gen-unchecked_call-005,unchecked_call,generated,root-flipping,open-root,patched,True,accepted,12,201,0.630772
gen-unchecked_call-006,unchecked_call,generated,root-preserving,root-stutter,vulnerable,True,accepted,13,235,0.666808
gen-unchecked_call-006,unchecked_call,generated,root-preserving,alpha-unused,vulnerable,True,accepted,13,273,0.636791
gen-unchecked_call-006,unchecked_call,generated,root-preserving,swap-independent,vulnerable,True,accepted,13,261,0.686597
gen-unchecked_call-006,unchecked_call,generated,root-preserving,root-stutter,patched,True,accepted,13,229,0.686155
gen-unchecked_call-006,unchecked_call,generated,root-preserving,alpha-unused,patched,True,accepted,13,267,0.665817
gen-unchecked_call-006,unchecked_call,generated,root-preserving,swap-independent,patched,True,accepted,13,255,0.669768
gen-unchecked_call-006,unchecked_call,generated,root-flipping,close-root,vulnerable,True,accepted,12,202,0.641435
gen-unchecked_call-006,unchecked_call,generated,root-flipping,open-root,patched,True,accepted,12,201,0.621546
gen-unchecked_call-007,unchecked_call,generated,root-preserving,root-stutter,vulnerable,True,accepted,13,235,0.642033
gen-unchecked_call-007,unchecked_call,generated,root-preserving,alpha-unused,vulnerable,True,accepted,13,273,0.640273
gen-unchecked_call-007,unchecked_call,generated,root-preserving,swap-independent,vulnerable,True,accepted,13,261,0.620419
gen-unchecked_call-007,unchecked_call,generated,root-preserving,root-stutter,patched,True,accepted,13,229,0.644972
gen-unchecked_call-007,unchecked_call,generated,root-preserving,alpha-unused,patched,True,accepted,13,267,0.659147
gen-unchecked_call-007,unchecked_call,generated,root-preserving,swap-independent,patched,True,accepted,13,255,0.640066
gen-unchecked_call-007,unchecked_call,generated,root-flipping,close-root,vulnerable,True,accepted,12,202,0.611451
gen-unchecked_call-007,unchecked_call,generated,root-flipping,open-root,patched,True,accepted,12,201,0.61723
gen-unchecked_call-008,unchecked_call,generated,root-preserving,root-stutter,vulnerable,True,accepted,13,235,0.659289
gen-unchecked_call-008,unchecked_call,generated,root-preserving,alpha-unused,vulnerable,True,accepted,13,273,0.659557
gen-unchecked_call-008,unchecked_call,generated,root-preserving,swap-independent,vulnerable,True,accepted,13,261,0.622277
gen-unchecked_call-008,unchecked_call,generated,root-preserving,root-stutter,patched,True,accepted,13,229,0.676126
gen-unchecked_call-008,unchecked_call,generated,root-preserving,alpha-unused,patched,True,accepted,13,267,0.656383
gen-unchecked_call-008,unchecked_call,generated,root-preserving,swap-independent,patched,True,accepted,13,255,0.6364
gen-unchecked_call-008,unchecked_call,generated,root-flipping,close-root,vulnerable,True,accepted,12,202,0.632631
gen-unchecked_call-008,unchecked_call,generated,root-flipping,open-root,patched,True,accepted,12,201,0.632125
gen-unchecked_call-009,unchecked_call,generated,root-preserving,root-stutter,vulnerable,True,accepted,13,235,0.645024
gen-unchecked_call-009,unchecked_call,generated,root-preserving,alpha-unused,vulnerable,True,accepted,13,273,0.639754
gen-unchecked_call-009,unchecked_call,generated,root-preserving,swap-independent,vulnerable,True,accepted,13,261,0.628353
gen-unchecked_call-009,unchecked_call,generated,root-preserving,root-stutter,patched,True,accepted,13,229,0.682835
gen-unchecked_call-009,unchecked_call,generated,root-preserving,alpha-unused,patched,True,accepted,13,267,0.654306
gen-unchecked_call-009,unchecked_call,generated,root-preserving,swap-independent,patched,True,accepted,13,255,0.651122
gen-unchecked_call-009,unchecked_call,generated,root-flipping,close-root,vulnerable,True,accepted,12,202,0.64356
gen-unchecked_call-009,unchecked_call,generated,root-flipping,open-root,patched,True,accepted,12,201,0.62405
gen-unchecked_call-010,unchecked_call,generated,root-preserving,root-stutter,vulnerable,True,accepted,13,235,0.728647
gen-unchecked_call-010,unchecked_call,generated,root-preserving,alpha-unused,vulnerable,True,accepted,13,273,0.66838
gen-unchecked_call-010,unchecked_call,generated,root-preserving,swap-independent,vulnerable,True,accepted,13,261,0.637394
gen-unchecked_call-010,unchecked_call,generated,root-preserving,root-stutter,patched,True,accepted,13,229,0.650752
gen-unchecked_call-010,unchecked_call,generated,root-preserving,alpha-unused,patched,True,accepted,13,267,0.667646
gen-unchecked_call-010,unchecked_call,generated,root-preserving,swap-independent,patched,True,accepted,13,255,0.683968
gen-unchecked_call-010,unchecked_call,generated,root-flipping,close-root,vulnerable,True,accepted,12,202,1.12241
gen-unchecked_call-010,unchecked_call,generated,root-flipping,open-root,patched,True,accepted,12,201,0.67815
gen-unchecked_call-011,unchecked_call,generated,root-preserving,root-stutter,vulnerable,True,accepted,13,235,0.664506
gen-unchecked_call-011,unchecked_call,generated,root-preserving,alpha-unused,vulnerable,True,accepted,13,273,0.699316
gen-unchecked_call-011,unchecked_call,generated,root-preserving,swap-independent,vulnerable,True,accepted,13,261,0.639847
gen-unchecked_call-011,unchecked_call,generated,root-preserving,root-stutter,patched,True,accepted,13,229,0.68082
gen-unchecked_call-011,unchecked_call,generated,root-preserving,alpha-unused,patched,True,accepted,13,267,0.658432
gen-unchecked_call-011,unchecked_call,generated,root-preserving,swap-independent,patched,True,accepted,13,255,0.649852
gen-unchecked_call-011,unchecked_call,generated,root-flipping,close-root,vulnerable,True,accepted,12,202,0.715241
gen-unchecked_call-011,unchecked_call,generated,root-flipping,open-root,patched,True,accepted,12,201,0.642818
gen-unchecked_call-012,unchecked_call,generated,root-preserving,root-stutter,vulnerable,True,accepted,13,235,0.65429
gen-unchecked_call-012,unchecked_call,generated,root-preserving,alpha-unused,vulnerable,True,accepted,13,273,0.670497
gen-unchecked_call-012,unchecked_call,generated,root-preserving,swap-independent,vulnerable,True,accepted,13,261,0.646214
gen-unchecked_call-012,unchecked_call,generated,root-preserving,root-stutter,patched,True,accepted,13,229,0.653898
gen-unchecked_call-012,unchecked_call,generated,root-preserving,alpha-unused,patched,True,accepted,13,267,0.654781
gen-unchecked_call-012,unchecked_call,generated,root-preserving,swap-independent,patched,True,accepted,13,255,0.671881
gen-unchecked_call-012,unchecked_call,generated,root-flipping,close-root,vulnerable,True,accepted,12,202,0.634212
gen-unchecked_call-012,unchecked_call,generated,root-flipping,open-root,patched,True,accepted,12,201,0.630208
gen-unchecked_call-013,unchecked_call,generated,root-preserving,root-stutter,vulnerable,True,accepted,13,235,0.649581
gen-unchecked_call-013,unchecked_call,generated,root-preserving,alpha-unused,vulnerable,True,accepted,13,273,0.6487
gen-unchecked_call-013,unchecked_call,generated,root-preserving,swap-independent,vulnerable,True,accepted,13,261,0.619042
gen-unchecked_call-013,unchecked_call,generated,root-preserving,root-stutter,patched,True,accepted,13,229,0.657775
gen-unchecked_call-013,unchecked_call,generated,root-preserving,alpha-unused,patched,True,accepted,13,267,0.726765
gen-unchecked_call-013,unchecked_call,generated,root-preserving,swap-independent,patched,True,accepted,13,255,0.671023
gen-unchecked_call-013,unchecked_call,generated,root-flipping,close-root,vulnerable,True,accepted,12,202,0.640459
gen-unchecked_call-013,unchecked_call,generated,root-flipping,open-root,patched,True,accepted,12,201,0.621191
gen-unchecked_call-014,unchecked_call,generated,root-preserving,root-stutter,vulnerable,True,accepted,13,235,0.667529
gen-unchecked_call-014,unchecked_call,generated,root-preserving,alpha-unused,vulnerable,True,accepted,13,273,0.631703
gen-unchecked_call-014,unchecked_call,generated,root-preserving,swap-independent,vulnerable,True,accepted,13,261,0.625774
gen-unchecked_call-014,unchecked_call,generated,root-preserving,root-stutter,patched,True,accepted,13,229,0.655499
gen-unchecked_call-014,unchecked_call,generated,root-preserving,alpha-unused,patched,True,accepted,13,267,0.642295
gen-unchecked_call-014,unchecked_call,generated,root-preserving,swap-independent,patched,True,accepted,13,255,0.665728
gen-unchecked_call-014,unchecked_call,generated,root-flipping,close-root,vulnerable,True,accepted,12,202,0.626499
gen-unchecked_call-014,unchecked_call,generated,root-flipping,open-root,patched,True,accepted,12,201,0.612219
gen-unchecked_call-015,unchecked_call,generated,root-preserving,root-stutter,vulnerable,True,accepted,13,235,0.655828
gen-unchecked_call-015,unchecked_call,generated,root-preserving,alpha-unused,vulnerable,True,accepted,13,273,0.668746
gen-unchecked_call-015,unchecked_call,generated,root-preserving,swap-independent,vulnerable,True,accepted,13,261,0.626118
gen-unchecked_call-015,unchecked_call,generated,root-preserving,root-stutter,patched,True,accepted,13,229,0.878591
gen-unchecked_call-015,unchecked_call,generated,root-preserving,alpha-unused,patched,True,accepted,13,267,0.700436
gen-unchecked_call-015,unchecked_call,generated,root-preserving,swap-independent,patched,True,accepted,13,255,0.666974
gen-unchecked_call-015,unchecked_call,generated,root-flipping,close-root,vulnerable,True,accepted,12,202,0.65222
gen-unchecked_call-015,unchecked_call,generated,root-flipping,open-root,patched,True,accepted,12,201,0.619168
gen-unchecked_call-016,unchecked_call,generated,root-preserving,root-stutter,vulnerable,True,accepted,13,235,0.648803
gen-unchecked_call-016,unchecked_call,generated,root-preserving,alpha-unused,vulnerable,True,accepted,13,273,0.648256
gen-unchecked_call-016,unchecked_call,generated,root-preserving,swap-independent,vulnerable,True,accepted,13,261,0.610952
gen-unchecked_call-016,unchecked_call,generated,root-preserving,root-stutter,patched,True,accepted,13,229,0.659993
gen-unchecked_call-016,unchecked_call,generated,root-preserving,alpha-unused,patched,True,accepted,13,267,0.64514
gen-unchecked_call-016,unchecked_call,generated,root-preserving,swap-independent,patched,True,accepted,13,255,0.627828
gen-unchecked_call-016,unchecked_call,generated,root-flipping,close-root,vulnerable,True,accepted,12,202,0.634002
gen-unchecked_call-016,unchecked_call,generated,root-flipping,open-root,patched,True,accepted,12,201,0.61991
gen-unchecked_call-017,unchecked_call,generated,root-preserving,root-stutter,vulnerable,True,accepted,13,235,0.64857
gen-unchecked_call-017,unchecked_call,generated,root-preserving,alpha-unused,vulnerable,True,accepted,13,273,0.790153
gen-unchecked_call-017,unchecked_call,generated,root-preserving,swap-independent,vulnerable,True,accepted,13,261,0.717362
gen-unchecked_call-017,unchecked_call,generated,root-preserving,root-stutter,patched,True,accepted,13,229,0.673668
gen-unchecked_call-017,unchecked_call,generated,root-preserving,alpha-unused,patched,True,accepted,13,267,0.674404
gen-unchecked_call-017,unchecked_call,generated,root-preserving,swap-independent,patched,True,accepted,13,255,0.638246
gen-unchecked_call-017,unchecked_call,generated,root-flipping,close-root,vulnerable,True,accepted,12,202,0.679547
gen-unchecked_call-017,unchecked_call,generated,root-flipping,open-root,patched,True,accepted,12,201,0.624927
gen-unchecked_call-018,unchecked_call,generated,root-preserving,root-stutter,vulnerable,True,accepted,13,235,0.650209
gen-unchecked_call-018,unchecked_call,generated,root-preserving,alpha-unused,vulnerable,True,accepted,13,273,0.642859
gen-unchecked_call-018,unchecked_call,generated,root-preserving,swap-independent,vulnerable,True,accepted,13,261,0.617441
gen-unchecked_call-018,unchecked_call,generated,root-preserving,root-stutter,patched,True,accepted,13,229,0.655462
gen-unchecked_call-018,unchecked_call,generated,root-preserving,alpha-unused,patched,True,accepted,13,267,0.644228
gen-unchecked_call-018,unchecked_call,generated,root-preserving,swap-independent,patched,True,accepted,13,255,0.654956
gen-unchecked_call-018,unchecked_call,generated,root-flipping,close-root,vulnerable,True,accepted,12,202,0.624796
gen-unchecked_call-018,unchecked_call,generated,root-flipping,open-root,patched,True,accepted,12,201,0.620287
gen-unchecked_call-019,unchecked_call,generated,root-preserving,root-stutter,vulnerable,True,accepted,13,235,0.665497
gen-unchecked_call-019,unchecked_call,generated,root-preserving,alpha-unused,vulnerable,True,accepted,13,273,0.670343
gen-unchecked_call-019,unchecked_call,generated,root-preserving,swap-independent,vulnerable,True,accepted,13,261,0.624913
gen-unchecked_call-019,unchecked_call,generated,root-preserving,root-stutter,patched,True,accepted,13,229,0.689372
gen-unchecked_call-019,unchecked_call,generated,root-preserving,alpha-unused,patched,True,accepted,13,267,0.671598
gen-unchecked_call-019,unchecked_call,generated,root-preserving,swap-independent,patched,True,accepted,13,255,0.650052
gen-unchecked_call-019,unchecked_call,generated,root-flipping,close-root,vulnerable,True,accepted,12,202,0.631554
gen-unchecked_call-019,unchecked_call,generated,root-flipping,open-root,patched,True,accepted,12,201,0.623676
gen-unchecked_call-020,unchecked_call,generated,root-preserving,root-stutter,vulnerable,True,accepted,13,235,0.639452
gen-unchecked_call-020,unchecked_call,generated,root-preserving,alpha-unused,vulnerable,True,accepted,13,273,0.629971
gen-unchecked_call-020,unchecked_call,generated,root-preserving,swap-independent,vulnerable,True,accepted,13,261,0.624673
gen-unchecked_call-020,unchecked_call,generated,root-preserving,root-stutter,patched,True,accepted,13,229,0.664021
gen-unchecked_call-020,unchecked_call,generated,root-preserving,alpha-unused,patched,True,accepted,13,267,0.647003
gen-unchecked_call-020,unchecked_call,generated,root-preserving,swap-independent,patched,True,accepted,13,255,0.644545
gen-unchecked_call-020,unchecked_call,generated,root-flipping,close-root,vulnerable,True,accepted,12,202,0.627127
gen-unchecked_call-020,unchecked_call,generated,root-flipping,open-root,patched,True,accepted,12,201,0.624074
gen-unchecked_call-021,unchecked_call,generated,root-preserving,root-stutter,vulnerable,True,accepted,13,235,0.718449
gen-unchecked_call-021,unchecked_call,generated,root-preserving,alpha-unused,vulnerable,True,accepted,13,273,0.668312
gen-unchecked_call-021,unchecked_call,generated,root-preserving,swap-independent,vulnerable,True,accepted,13,261,0.647822
gen-unchecked_call-021,unchecked_call,generated,root-preserving,root-stutter,patched,True,accepted,13,229,0.657814
gen-unchecked_call-021,unchecked_call,generated,root-preserving,alpha-unused,patched,True,accepted,13,267,0.659276
gen-unchecked_call-021,unchecked_call,generated,root-preserving,swap-independent,patched,True,accepted,13,255,0.651157
gen-unchecked_call-021,unchecked_call,generated,root-flipping,close-root,vulnerable,True,accepted,12,202,0.623914
gen-unchecked_call-021,unchecked_call,generated,root-flipping,open-root,patched,True,accepted,12,201,0.618652
gen-unchecked_call-022,unchecked_call,generated,root-preserving,root-stutter,vulnerable,True,accepted,13,235,0.644875
gen-unchecked_call-022,unchecked_call,generated,root-preserving,alpha-unused,vulnerable,True,accepted,13,273,0.641558
gen-unchecked_call-022,unchecked_call,generated,root-preserving,swap-independent,vulnerable,True,accepted,13,261,0.613042
gen-unchecked_call-022,unchecked_call,generated,root-preserving,root-stutter,patched,True,accepted,13,229,0.664329
gen-unchecked_call-022,unchecked_call,generated,root-preserving,alpha-unused,patched,True,accepted,13,267,0.654479
gen-unchecked_call-022,unchecked_call,generated,root-preserving,swap-independent,patched,True,accepted,13,255,0.637503
gen-unchecked_call-022,unchecked_call,generated,root-flipping,close-root,vulnerable,True,accepted,12,202,0.692637
gen-unchecked_call-022,unchecked_call,generated,root-flipping,open-root,patched,True,accepted,12,201,0.633179
gen-unchecked_call-023,unchecked_call,generated,root-preserving,root-stutter,vulnerable,True,accepted,13,235,0.652561
gen-unchecked_call-023,unchecked_call,generated,root-preserving,alpha-unused,vulnerable,True,accepted,13,273,0.654093
gen-unchecked_call-023,unchecked_call,generated,root-preserving,swap-independent,vulnerable,True,accepted,13,261,0.631277
gen-unchecked_call-023,unchecked_call,generated,root-preserving,root-stutter,patched,True,accepted,13,229,0.682376
gen-unchecked_call-023,unchecked_call,generated,root-preserving,alpha-unused,patched,True,accepted,13,267,0.647205
gen-unchecked_call-023,unchecked_call,generated,root-preserving,swap-independent,patched,True,accepted,13,255,0.643058
gen-unchecked_call-023,unchecked_call,generated,root-flipping,close-root,vulnerable,True,accepted,12,202,0.673427
gen-unchecked_call-023,unchecked_call,generated,root-flipping,open-root,patched,True,accepted,12,201,0.607586
gen-unchecked_call-024,unchecked_call,generated,root-preserving,root-stutter,vulnerable,True,accepted,13,235,0.695509
gen-unchecked_call-024,unchecked_call,generated,root-preserving,alpha-unused,vulnerable,True,accepted,13,273,0.66678
gen-unchecked_call-024,unchecked_call,generated,root-preserving,swap-independent,vulnerable,True,accepted,13,261,0.627151
gen-unchecked_call-024,unchecked_call,generated,root-preserving,root-stutter,patched,True,accepted,13,229,0.674482
gen-unchecked_call-024,unchecked_call,generated,root-preserving,alpha-unused,patched,True,accepted,13,267,0.746366
gen-unchecked_call-024,unchecked_call,generated,root-preserving,swap-independent,patched,True,accepted,13,255,0.683158
gen-unchecked_call-024,unchecked_call,generated,root-flipping,close-root,vulnerable,True,accepted,12,202,0.637974
gen-unchecked_call-024,unchecked_call,generated,root-flipping,open-root,patched,True,accepted,12,201,0.643242
gen-unchecked_call-025,unchecked_call,generated,root-preserving,root-stutter,vulnerable,True,accepted,13,235,0.649927
gen-unchecked_call-025,unchecked_call,generated,root-preserving,alpha-unused,vulnerable,True,accepted,13,273,0.642181
gen-unchecked_call-025,unchecked_call,generated,root-preserving,swap-independent,vulnerable,True,accepted,13,261,0.617678
gen-unchecked_call-025,unchecked_call,generated,root-preserving,root-stutter,patched,True,accepted,13,229,0.723537
gen-unchecked_call-025,unchecked_call,generated,root-preserving,alpha-unused,patched,True,accepted,13,267,0.656366
gen-unchecked_call-025,unchecked_call,generated,root-preserving,swap-independent,patched,True,accepted,13,255,0.665229
gen-unchecked_call-025,unchecked_call,generated,root-flipping,close-root,vulnerable,True,accepted,12,202,0.632711
gen-unchecked_call-025,unchecked_call,generated,root-flipping,open-root,patched,True,accepted,12,201,0.625694
gen-unchecked_call-026,unchecked_call,generated,root-preserving,root-stutter,vulnerable,True,accepted,13,235,0.649327
gen-unchecked_call-026,unchecked_call,generated,root-preserving,alpha-unused,vulnerable,True,accepted,13,273,0.640973
gen-unchecked_call-026,unchecked_call,generated,root-preserving,swap-independent,vulnerable,True,accepted,13,261,0.65851
gen-unchecked_call-026,unchecked_call,generated,root-preserving,root-stutter,patched,True,accepted,13,229,0.809682
gen-unchecked_call-026,unchecked_call,generated,root-preserving,alpha-unused,patched,True,accepted,13,267,0.694276
gen-unchecked_call-026,unchecked_call,generated,root-preserving,swap-independent,patched,True,accepted,13,255,0.646474
gen-unchecked_call-026,unchecked_call,generated,root-flipping,close-root,vulnerable,True,accepted,12,202,0.657404
gen-unchecked_call-026,unchecked_call,generated,root-flipping,open-root,patched,True,accepted,12,201,0.631649
gen-unchecked_call-027,unchecked_call,generated,root-preserving,root-stutter,vulnerable,True,accepted,13,235,0.643869
gen-unchecked_call-027,unchecked_call,generated,root-preserving,alpha-unused,vulnerable,True,accepted,13,273,0.637387
gen-unchecked_call-027,unchecked_call,generated,root-preserving,swap-independent,vulnerable,True,accepted,13,261,0.622523
gen-unchecked_call-027,unchecked_call,generated,root-preserving,root-stutter,patched,True,accepted,13,229,0.640193
gen-unchecked_call-027,unchecked_call,generated,root-preserving,alpha-unused,patched,True,accepted,13,267,0.655526
gen-unchecked_call-027,unchecked_call,generated,root-preserving,swap-independent,patched,True,accepted,13,255,0.645179
gen-unchecked_call-027,unchecked_call,generated,root-flipping,close-root,vulnerable,True,accepted,12,202,0.622305
gen-unchecked_call-027,unchecked_call,generated,root-flipping,open-root,patched,True,accepted,12,201,0.639856
gen-unchecked_call-028,unchecked_call,generated,root-preserving,root-stutter,vulnerable,True,accepted,13,235,0.6458
gen-unchecked_call-028,unchecked_call,generated,root-preserving,alpha-unused,vulnerable,True,accepted,13,273,0.681179
gen-unchecked_call-028,unchecked_call,generated,root-preserving,swap-independent,vulnerable,True,accepted,13,261,0.707767
gen-unchecked_call-028,unchecked_call,generated,root-preserving,root-stutter,patched,True,accepted,13,229,0.677127
gen-unchecked_call-028,unchecked_call,generated,root-preserving,alpha-unused,patched,True,accepted,13,267,0.680407
gen-unchecked_call-028,unchecked_call,generated,root-preserving,swap-independent,patched,True,accepted,13,255,0.64971
gen-unchecked_call-028,unchecked_call,generated,root-flipping,close-root,vulnerable,True,accepted,12,202,0.665456
gen-unchecked_call-028,unchecked_call,generated,root-flipping,open-root,patched,True,accepted,12,201,0.635653
gen-unchecked_call-029,unchecked_call,generated,root-preserving,root-stutter,vulnerable,True,accepted,13,235,0.643825
gen-unchecked_call-029,unchecked_call,generated,root-preserving,alpha-unused,vulnerable,True,accepted,13,273,0.632014
gen-unchecked_call-029,unchecked_call,generated,root-preserving,swap-independent,vulnerable,True,accepted,13,261,0.620435
gen-unchecked_call-029,unchecked_call,generated,root-preserving,root-stutter,patched,True,accepted,13,229,0.656876
gen-unchecked_call-029,unchecked_call,generated,root-preserving,alpha-unused,patched,True,accepted,13,267,0.646266
gen-unchecked_call-029,unchecked_call,generated,root-preserving,swap-independent,patched,True,accepted,13,255,0.63644
gen-unchecked_call-029,unchecked_call,generated,root-flipping,close-root,vulnerable,True,accepted,12,202,0.619819
gen-unchecked_call-029,unchecked_call,generated,root-flipping,open-root,patched,True,accepted,12,201,0.60297
gen-unchecked_call-030,unchecked_call,generated,root-preserving,root-stutter,vulnerable,True,accepted,13,235,0.667272
gen-unchecked_call-030,unchecked_call,generated,root-preserving,alpha-unused,vulnerable,True,accepted,13,273,0.653607
gen-unchecked_call-030,unchecked_call,generated,root-preserving,swap-independent,vulnerable,True,accepted,13,261,0.630944
gen-unchecked_call-030,unchecked_call,generated,root-preserving,root-stutter,patched,True,accepted,13,229,0.650349
gen-unchecked_call-030,unchecked_call,generated,root-preserving,alpha-unused,patched,True,accepted,13,267,0.669175
gen-unchecked_call-030,unchecked_call,generated,root-preserving,swap-independent,patched,True,accepted,13,255,0.682833
gen-unchecked_call-030,unchecked_call,generated,root-flipping,close-root,vulnerable,True,accepted,12,202,0.619854
gen-unchecked_call-030,unchecked_call,generated,root-flipping,open-root,patched,True,accepted,12,201,0.618642
gen-unchecked_call-031,unchecked_call,generated,root-preserving,root-stutter,vulnerable,True,accepted,13,235,0.652279
gen-unchecked_call-031,unchecked_call,generated,root-preserving,alpha-unused,vulnerable,True,accepted,13,273,0.788677
gen-unchecked_call-031,unchecked_call,generated,root-preserving,swap-independent,vulnerable,True,accepted,13,261,0.614215
gen-unchecked_call-031,unchecked_call,generated,root-preserving,root-stutter,patched,True,accepted,13,229,0.676483
gen-unchecked_call-031,unchecked_call,generated,root-preserving,alpha-unused,patched,True,accepted,13,267,0.667866
gen-unchecked_call-031,unchecked_call,generated,root-preserving,swap-independent,patched,True,accepted,13,255,0.635919
gen-unchecked_call-031,unchecked_call,generated,root-flipping,close-root,vulnerable,True,accepted,12,202,0.634817
gen-unchecked_call-031,unchecked_call,generated,root-flipping,open-root,patched,True,accepted,12,201,0.651146
gen-unchecked_call-032,unchecked_call,generated,root-preserving,root-stutter,vulnerable,True,accepted,13,235,0.652355
gen-unchecked_call-032,unchecked_call,generated,root-preserving,alpha-unused,vulnerable,True,accepted,13,273,0.660093
gen-unchecked_call-032,unchecked_call,generated,root-preserving,swap-independent,vulnerable,True,accepted,13,261,0.643226
gen-unchecked_call-032,unchecked_call,generated,root-preserving,root-stutter,patched,True,accepted,13,229,0.667265
gen-unchecked_call-032,unchecked_call,generated,root-preserving,alpha-unused,patched,True,accepted,13,267,0.652329
gen-unchecked_call-032,unchecked_call,generated,root-preserving,swap-independent,patched,True,accepted,13,255,0.66134
gen-unchecked_call-032,unchecked_call,generated,root-flipping,close-root,vulnerable,True,accepted,12,202,0.634899
gen-unchecked_call-032,unchecked_call,generated,root-flipping,open-root,patched,True,accepted,12,201,0.615448
gen-unchecked_call-033,unchecked_call,generated,root-preserving,root-stutter,vulnerable,True,accepted,13,235,0.640034
gen-unchecked_call-033,unchecked_call,generated,root-preserving,alpha-unused,vulnerable,True,accepted,13,273,0.647491
gen-unchecked_call-033,unchecked_call,generated,root-preserving,swap-independent,vulnerable,True,accepted,13,261,0.625138
gen-unchecked_call-033,unchecked_call,generated,root-preserving,root-stutter,patched,True,accepted,13,229,0.679022
gen-unchecked_call-033,unchecked_call,generated,root-preserving,alpha-unused,patched,True,accepted,13,267,0.796413
gen-unchecked_call-033,unchecked_call,generated,root-preserving,swap-independent,patched,True,accepted,13,255,0.731591
gen-unchecked_call-033,unchecked_call,generated,root-flipping,close-root,vulnerable,True,accepted,12,202,0.638835
gen-unchecked_call-033,unchecked_call,generated,root-flipping,open-root,patched,True,accepted,12,201,0.623811
gen-unchecked_call-034,unchecked_call,generated,root-preserving,root-stutter,vulnerable,True,accepted,13,235,0.654592
gen-unchecked_call-034,unchecked_call,generated,root-preserving,alpha-unused,vulnerable,True,accepted,13,273,0.646354
gen-unchecked_call-034,unchecked_call,generated,root-preserving,swap-independent,vulnerable,True,accepted,13,261,0.617189
gen-unchecked_call-034,unchecked_call,generated,root-preserving,root-stutter,patched,True,accepted,13,229,0.654004
gen-unchecked_call-034,unchecked_call,generated,root-preserving,alpha-unused,patched,True,accepted,13,267,0.658821
gen-unchecked_call-034,unchecked_call,generated,root-preserving,swap-independent,patched,True,accepted,13,255,0.639741
gen-unchecked_call-034,unchecked_call,generated,root-flipping,close-root,vulnerable,True,accepted,12,202,0.633108
gen-unchecked_call-034,unchecked_call,generated,root-flipping,open-root,patched,True,accepted,12,201,0.619212
gen-unchecked_call-035,unchecked_call,generated,root-preserving,root-stutter,vulnerable,True,accepted,13,235,0.649699
gen-unchecked_call-035,unchecked_call,generated,root-preserving,alpha-unused,vulnerable,True,accepted,13,273,0.62974
gen-unchecked_call-035,unchecked_call,generated,root-preserving,swap-independent,vulnerable,True,accepted,13,261,0.646187
gen-unchecked_call-035,unchecked_call,generated,root-preserving,root-stutter,patched,True,accepted,13,229,0.685933
gen-unchecked_call-035,unchecked_call,generated,root-preserving,alpha-unused,patched,True,accepted,13,267,0.717137
gen-unchecked_call-035,unchecked_call,generated,root-preserving,swap-independent,patched,True,accepted,13,255,0.656963
gen-unchecked_call-035,unchecked_call,generated,root-flipping,close-root,vulnerable,True,accepted,12,202,0.646649
gen-unchecked_call-035,unchecked_call,generated,root-flipping,open-root,patched,True,accepted,12,201,0.612743
gen-unchecked_call-036,unchecked_call,generated,root-preserving,root-stutter,vulnerable,True,accepted,13,235,0.64395
gen-unchecked_call-036,unchecked_call,generated,root-preserving,alpha-unused,vulnerable,True,accepted,13,273,0.649485
gen-unchecked_call-036,unchecked_call,generated,root-preserving,swap-independent,vulnerable,True,accepted,13,261,0.631145
gen-unchecked_call-036,unchecked_call,generated,root-preserving,root-stutter,patched,True,accepted,13,229,0.646326
gen-unchecked_call-036,unchecked_call,generated,root-preserving,alpha-unused,patched,True,accepted,13,267,0.661074
gen-unchecked_call-036,unchecked_call,generated,root-preserving,swap-independent,patched,True,accepted,13,255,0.645815
gen-unchecked_call-036,unchecked_call,generated,root-flipping,close-root,vulnerable,True,accepted,12,202,0.626962
gen-unchecked_call-036,unchecked_call,generated,root-flipping,open-root,patched,True,accepted,12,201,0.623071
gen-unchecked_call-037,unchecked_call,generated,root-preserving,root-stutter,vulnerable,True,accepted,13,235,0.667696
gen-unchecked_call-037,unchecked_call,generated,root-preserving,alpha-unused,vulnerable,True,accepted,13,273,0.658858
gen-unchecked_call-037,unchecked_call,generated,root-preserving,swap-independent,vulnerable,True,accepted,13,261,0.633093
gen-unchecked_call-037,unchecked_call,generated,root-preserving,root-stutter,patched,True,accepted,13,229,0.867501
gen-unchecked_call-037,unchecked_call,generated,root-preserving,alpha-unused,patched,True,accepted,13,267,0.706164
gen-unchecked_call-037,unchecked_call,generated,root-preserving,swap-independent,patched,True,accepted,13,255,0.659625
gen-unchecked_call-037,unchecked_call,generated,root-flipping,close-root,vulnerable,True,accepted,12,202,0.628667
gen-unchecked_call-037,unchecked_call,generated,root-flipping,open-root,patched,True,accepted,12,201,0.634412
gen-unchecked_call-038,unchecked_call,generated,root-preserving,root-stutter,vulnerable,True,accepted,13,235,0.654485
gen-unchecked_call-038,unchecked_call,generated,root-preserving,alpha-unused,vulnerable,True,accepted,13,273,0.631109
gen-unchecked_call-038,unchecked_call,generated,root-preserving,swap-independent,vulnerable,True,accepted,13,261,0.631606
gen-unchecked_call-038,unchecked_call,generated,root-preserving,root-stutter,patched,True,accepted,13,229,0.696126
gen-unchecked_call-038,unchecked_call,generated,root-preserving,alpha-unused,patched,True,accepted,13,267,0.659877
gen-unchecked_call-038,unchecked_call,generated,root-preserving,swap-independent,patched,True,accepted,13,255,0.624631
gen-unchecked_call-038,unchecked_call,generated,root-flipping,close-root,vulnerable,True,accepted,12,202,0.626995
gen-unchecked_call-038,unchecked_call,generated,root-flipping,open-root,patched,True,accepted,12,201,0.618059
gen-unchecked_call-039,unchecked_call,generated,root-preserving,root-stutter,vulnerable,True,accepted,13,235,0.647929
gen-unchecked_call-039,unchecked_call,generated,root-preserving,alpha-unused,vulnerable,True,accepted,13,273,0.641681
gen-unchecked_call-039,unchecked_call,generated,root-preserving,swap-independent,vulnerable,True,accepted,13,261,0.698352
gen-unchecked_call-039,unchecked_call,generated,root-preserving,root-stutter,patched,True,accepted,13,229,0.684807
gen-unchecked_call-039,unchecked_call,generated,root-preserving,alpha-unused,patched,True,accepted,13,267,0.666768
gen-unchecked_call-039,unchecked_call,generated,root-preserving,swap-independent,patched,True,accepted,13,255,0.656118
gen-unchecked_call-039,unchecked_call,generated,root-flipping,close-root,vulnerable,True,accepted,12,202,0.636076
gen-unchecked_call-039,unchecked_call,generated,root-flipping,open-root,patched,True,accepted,12,201,0.616472
pub-unchecked_call-00,unchecked_call,synthetic-reference-tagged,root-preserving,root-stutter,vulnerable,True,accepted,13,233,0.668102
pub-unchecked_call-00,unchecked_call,synthetic-reference-tagged,root-preserving,alpha-unused,vulnerable,True,accepted,13,271,0.652542
pub-unchecked_call-00,unchecked_call,synthetic-reference-tagged,root-preserving,swap-independent,vulnerable,True,accepted,13,259,0.679512
pub-unchecked_call-00,unchecked_call,synthetic-reference-tagged,root-preserving,root-stutter,patched,True,accepted,13,227,0.682274
pub-unchecked_call-00,unchecked_call,synthetic-reference-tagged,root-preserving,alpha-unused,patched,True,accepted,13,265,0.672911
pub-unchecked_call-00,unchecked_call,synthetic-reference-tagged,root-preserving,swap-independent,patched,True,accepted,13,253,0.662867
pub-unchecked_call-00,unchecked_call,synthetic-reference-tagged,root-flipping,close-root,vulnerable,True,accepted,12,200,0.642819
pub-unchecked_call-00,unchecked_call,synthetic-reference-tagged,root-flipping,open-root,patched,True,accepted,12,199,0.64031
pub-unchecked_call-01,unchecked_call,synthetic-reference-tagged,root-preserving,root-stutter,vulnerable,True,accepted,13,233,0.72701
pub-unchecked_call-01,unchecked_call,synthetic-reference-tagged,root-preserving,alpha-unused,vulnerable,True,accepted,13,271,0.688044
pub-unchecked_call-01,unchecked_call,synthetic-reference-tagged,root-preserving,swap-independent,vulnerable,True,accepted,13,259,0.649709
pub-unchecked_call-01,unchecked_call,synthetic-reference-tagged,root-preserving,root-stutter,patched,True,accepted,13,227,0.683224
pub-unchecked_call-01,unchecked_call,synthetic-reference-tagged,root-preserving,alpha-unused,patched,True,accepted,13,265,0.678595
pub-unchecked_call-01,unchecked_call,synthetic-reference-tagged,root-preserving,swap-independent,patched,True,accepted,13,253,0.645345
pub-unchecked_call-01,unchecked_call,synthetic-reference-tagged,root-flipping,close-root,vulnerable,True,accepted,12,200,0.640391
pub-unchecked_call-01,unchecked_call,synthetic-reference-tagged,root-flipping,open-root,patched,True,accepted,12,199,0.623797
pub-unchecked_call-02,unchecked_call,synthetic-reference-tagged,root-preserving,root-stutter,vulnerable,True,accepted,13,233,0.654442
pub-unchecked_call-02,unchecked_call,synthetic-reference-tagged,root-preserving,alpha-unused,vulnerable,True,accepted,13,271,0.657112
pub-unchecked_call-02,unchecked_call,synthetic-reference-tagged,root-preserving,swap-independent,vulnerable,True,accepted,13,259,0.638258
pub-unchecked_call-02,unchecked_call,synthetic-reference-tagged,root-preserving,root-stutter,patched,True,accepted,13,227,0.666258
pub-unchecked_call-02,unchecked_call,synthetic-reference-tagged,root-preserving,alpha-unused,patched,True,accepted,13,265,0.657598
pub-unchecked_call-02,unchecked_call,synthetic-reference-tagged,root-preserving,swap-independent,patched,True,accepted,13,253,0.66718
pub-unchecked_call-02,unchecked_call,synthetic-reference-tagged,root-flipping,close-root,vulnerable,True,accepted,12,200,0.64936
pub-unchecked_call-02,unchecked_call,synthetic-reference-tagged,root-flipping,open-root,patched,True,accepted,12,199,0.69591
