case,root_input,context_input,defined,declared_monitor,v_violation,p_violation,monitor_consistent,patched_closed,safe_observations_equal,root_invariant,reference_comparisons,reference_mismatches
bounds_write-wrapper-0,"{""idx"":-1,""value"":0}","{""noise_0"":0,""noise_1"":0,""noise_2"":0,""noise_3"":0}",True,OOB_WRITE,OOB_WRITE,,True,True,True,True,2,0
bounds_write-wrapper-0,"{""idx"":-1,""value"":1}","{""noise_0"":0,""noise_1"":0,""noise_2"":0,""noise_3"":0}",True,OOB_WRITE,OOB_WRITE,,True,True,True,True,2,0
bounds_write-wrapper-0,"{""idx"":0,""value"":0}","{""noise_0"":0,""noise_1"":0,""noise_2"":0,""noise_3"":0}",True,OOB_WRITE,,,True,True,True,True,2,0
bounds_write-wrapper-0,"{""idx"":0,""value"":1}","{""noise_0"":0,""noise_1"":0,""noise_2"":0,""noise_3"":0}",True,OOB_WRITE,,,True,True,True,True,2,0
bounds_write-wrapper-0,"{""idx"":1,""value"":0}","{""noise_0"":0,""noise_1"":0,""noise_2"":0,""noise_3"":0}",True,OOB_WRITE,,,True,True,True,True,2,0
bounds_write-wrapper-0,"{""idx"":1,""value"":1}","{""noise_0"":0,""noise_1"":0,""noise_2"":0,""noise_3"":0}",True,OOB_WRITE,,,True,True,True,True,2,0
bounds_write-wrapper-0,"{""idx"":2,""value"":0}","{""noise_0"":0,""noise_1"":0,""noise_2"":0,""noise_3"":0}",True,OOB_WRITE,OOB_WRITE,,True,True,True,True,2,0
bounds_write-wrapper-0,"{""idx"":2,""value"":1}","{""noise_0"":0,""noise_1"":0,""noise_2"":0,""noise_3"":0}",True,OOB_WRITE,OOB_WRITE,,True,True,True,True,2,0
bounds_write-wrapper-0,"{""idx"":-1,""value"":0}","{""noise_0"":0,""noise_1"":0,""noise_2"":0,""noise_3"":1}",True,OOB_WRITE,OOB_WRITE,,True,True,True,True,2,0
bounds_write-wrapper-0,"{""idx"":-1,""value"":1}","{""noise_0"":0,""noise_1"":0,""noise_2"":0,""noise_3"":1}",True,OOB_WRITE,OOB_WRITE,,True,True,True,True,2,0
bounds_write-wrapper-0,"{""idx"":0,""value"":0}","{""noise_0"":0,""noise_1"":0,""noise_2"":0,""noise_3"":1}",True,OOB_WRITE,,,True,True,True,True,2,0
bounds_write-wrapper-0,"{""idx"":0,""value"":1}","{""noise_0"":0,""noise_1"":0,""noise_2"":0,""noise_3"":1}",True,OOB_WRITE,,,True,True,True,True,2,0
bounds_write-wrapper-0,"{""idx"":1,""value"":0}","{""noise_0"":0,""noise_1"":0,""noise_2"":0,""noise_3"":1}",True,OOB_WRITE,,,True,True,True,True,2,0
bounds_write-wrapper-0,"{""idx"":1,""value"":1}","{""noise_0"":0,""noise_1"":0,""noise_2"":0,""noise_3"":1}",True,OOB_WRITE,,,True,True,True,True,2,0
bounds_write-wrapper-0,"{""idx"":2,""value"":0}","{""noise_0"":0,""noise_1"":0,""noise_2"":0,""noise_3"":1}",True,OOB_WRITE,OOB_WRITE,,True,True,True,True,2,0
bounds_write-wrapper-0,"{""idx"":2,""value"":1}","{""noise_0"":0,""noise_1"":0,""noise_2"":0,""noise_3"":1}",True,OOB_WRITE,OOB_WRITE,,True,True,True,True,2,0
bounds_write-wrapper-0,"{""idx"":-1,""value"":0}","{""noise_0"":0,""noise_1"":0,""noise_2"":1,""noise_3"":0}",True,OOB_WRITE,OOB_WRITE,,True,True,True,True,2,0
bounds_write-wrapper-0,"{""idx"":-1,""value"":1}","{""noise_0"":0,""noise_1"":0,""noise_2"":1,""noise_3"":0}",True,OOB_WRITE,OOB_WRITE,,True,True,True,True,2,0
bounds_write-wrapper-0,"{""idx"":0,""value"":0}","{""noise_0"":0,""noise_1"":0,""noise_2"":1,""noise_3"":0}",True,OOB_WRITE,,,True,True,True,True,2,0
bounds_write-wrapper-0,"{""idx"":0,""value"":1}","{""noise_0"":0,""noise_1"":0,""noise_2"":1,""noise_3"":0}",True,OOB_WRITE,,,True,True,True,True,2,0
bounds_write-wrapper-0,"{""idx"":1,""value"":0}","{""noise_0"":0,""noise_1"":0,""noise_2"":1,""noise_3"":0}",True,OOB_WRITE,,,True,True,True,True,2,0
bounds_write-wrapper-0,"{""idx"":1,""value"":1}","{""noise_0"":0,""noise_1"":0,""noise_2"":1,""noise_3"":0}",True,OOB_WRITE,,,True,True,True,True,2,0
bounds_write-wrapper-0,"{""idx"":2,""value"":0}","{""noise_0"":0,""noise_1"":0,""noise_2"":1,""noise_3"":0}",True,OOB_WRITE,OOB_WRITE,,True,True,True,True,2,0
bounds_write-wrapper-0,"{""idx"":2,""value"":1}","{""noise_0"":0,""noise_1"":0,""noise_2"":1,""noise_3"":0}",True,OOB_WRITE,OOB_WRITE,,True,True,True,True,2,0
bounds_write-wrapper-0,"{""idx"":-1,""value"":0}","{""noise_0"":0,""noise_1"":0,""noise_2"":1,""noise_3"":1}",True,OOB_WRITE,OOB_WRITE,,True,True,True,True,2,0
bounds_write-wrapper-0,"{""idx"":-1,""value"":1}","{""noise_0"":0,""noise_1"":0,""noise_2"":1,""noise_3"":1}",True,OOB_WRITE,OOB_WRITE,,True,True,True,True,2,0
bounds_write-wrapper-0,"{""idx"":0,""value"":0}","{""noise_0"":0,""noise_1"":0,""noise_2"":1,""noise_3"":1}",True,OOB_WRITE,,,True,True,True,True,2,0
bounds_write-wrapper-0,"{""idx"":0,""value"":1}","{""noise_0"":0,""noise_1"":0,""noise_2"":1,""noise_3"":1}",True,OOB_WRITE,,,True,True,True,True,2,0
bounds_write-wrapper-0,"{""idx"":1,""value"":0}","{""noise_0"":0,""noise_1"":0,""noise_2"":1,""noise_3"":1}",True,OOB_WRITE,,,True,True,True,True,2,0
bounds_write-wrapper-0,"{""idx"":1,""value"":1}","{""noise_0"":0,""noise_1"":0,""noise_2"":1,""noise_3"":1}",True,OOB_WRITE,,,True,True,True,True,2,0
bounds_write-wrapper-0,"{""idx"":2,""value"":0}","{""noise_0"":0,""noise_1"":0,""noise_2"":1,""noise_3"":1}",True,OOB_WRITE,OOB_WRITE,,True,True,True,True,2,0
bounds_write-wrapper-0,"{""idx"":2,""value"":1}","{""noise_0"":0,""noise_1"":0,""noise_2"":1,""noise_3"":1}",True,OOB_WRITE,OOB_WRITE,,True,True,True,True,2,0
bounds_write-wrapper-0,"{""idx"":-1,""value"":0}","{""noise_0"":0,""noise_1"":1,""noise_2"":0,""noise_3"":0}",True,OOB_WRITE,OOB_WRITE,,True,True,True,True,2,0
bounds_write-wrapper-0,"{""idx"":-1,""value"":1}","{""noise_0"":0,""noise_1"":1,""noise_2"":0,""noise_3"":0}",True,OOB_WRITE,OOB_WRITE,,True,True,True,True,2,0
bounds_write-wrapper-0,"{""idx"":0,""value"":0}","{""noise_0"":0,""noise_1"":1,""noise_2"":0,""noise_3"":0}",True,OOB_WRITE,,,True,True,True,True,2,0
bounds_write-wrapper-0,"{""idx"":0,""value"":1}","{""noise_0"":0,""noise_1"":1,""noise_2"":0,""noise_3"":0}",True,OOB_WRITE,,,True,True,True,True,2,0
bounds_write-wrapper-0,"{""idx"":1,""value"":0}","{""noise_0"":0,""noise_1"":1,""noise_2"":0,""noise_3"":0}",True,OOB_WRITE,,,True,True,True,True,2,0
bounds_write-wrapper-0,"{""idx"":1,""value"":1}","{""noise_0"":0,""noise_1"":1,""noise_2"":0,""noise_3"":0}",True,OOB_WRITE,,,True,True,True,True,2,0
bounds_write-wrapper-0,"{""idx"":2,""value"":0}","{""noise_0"":0,""noise_1"":1,""noise_2"":0,""noise_3"":0}",True,OOB_WRITE,OOB_WRITE,,True,True,True,True,2,0
bounds_write-wrapper-0,"{""idx"":2,""value"":1}","{""noise_0"":0,""noise_1"":1,""noise_2"":0,""noise_3"":0}",True,OOB_WRITE,OOB_WRITE,,True,True,True,True,2,0
bounds_write-wrapper-0,"{""idx"":-1,""value"":0}","{""noise_0"":0,""noise_1"":1,""noise_2"":0,""noise_3"":1}",True,OOB_WRITE,OOB_WRITE,,True,True,True,True,2,0
bounds_write-wrapper-0,"{""idx"":-1,""value"":1}","{""noise_0"":0,""noise_1"":1,""noise_2"":0,""noise_3"":1}",True,OOB_WRITE,OOB_WRITE,,True,True,True,True,2,0
bounds_write-wrapper-0,"{""idx"":0,""value"":0}","{""noise_0"":0,""noise_1"":1,""noise_2"":0,""noise_3"":1}",True,OOB_WRITE,,,True,True,True,True,2,0
bounds_write-wrapper-0,"{""idx"":0,""value"":1}","{""noise_0"":0,""noise_1"":1,""noise_2"":0,""noise_3"":1}",True,OOB_WRITE,,,True,True,True,True,2,0
bounds_write-wrapper-0,"{""idx"":1,""value"":0}","{""noise_0"":0,""noise_1"":1,""noise_2"":0,""noise_3"":1}",True,OOB_WRITE,,,True,True,True,True,2,0
bounds_write-wrapper-0,"{""idx"":1,""value"":1}","{""noise_0"":0,""noise_1"":1,""noise_2"":0,""noise_3"":1}",True,OOB_WRITE,,,True,True,True,True,2,0
bounds_write-wrapper-0,"{""idx"":2,""value"":0}","{""noise_0"":0,""noise_1"":1,""noise_2"":0,""noise_3"":1}",True,OOB_WRITE,OOB_WRITE,,True,True,True,True,2,0
bounds_write-wrapper-0,"{""idx"":2,""value"":1}","{""noise_0"":0,""noise_1"":1,""noise_2"":0,""noise_3"":1}",True,OOB_WRITE,OOB_WRITE,,True,True,True,True,2,0
bounds_write-wrapper-0,"{""idx"":-1,""value"":0}","{""noise_0"":0,""noise_1"":1,""noise_2"":1,""noise_3"":0}",True,OOB_WRITE,OOB_WRITE,,True,True,True,True,2,0
bounds_write-wrapper-0,"{""idx"":-1,""value"":1}","{""noise_0"":0,""noise_1"":1,""noise_2"":1,""noise_3"":0}",True,OOB_WRITE,OOB_WRITE,,True,True,True,True,2,0
bounds_write-wrapper-0,"{""idx"":0,""value"":0}","{""noise_0"":0,""noise_1"":1,""noise_2"":1,""noise_3"":0}",True,OOB_WRITE,,,True,True,True,True,2,0
bounds_write-wrapper-0,"{""idx"":0,""value"":1}","{""noise_0"":0,""noise_1"":1,""noise_2"":1,""noise_3"":0}",True,OOB_WRITE,,,True,True,True,True,2,0
bounds_write-wrapper-0,"{""idx"":1,""value"":0}","{""noise_0"":0,""noise_1"":1,""noise_2"":1,""noise_3"":0}",True,OOB_WRITE,,,True,True,True,True,2,0
bounds_write-wrapper-0,"{""idx"":1,""value"":1}","{""noise_0"":0,""noise_1"":1,""noise_2"":1,""noise_3"":0}",True,OOB_WRITE,,,True,True,True,True,2,0
bounds_write-wrapper-0,"{""idx"":2,""value"":0}","{""noise_0"":0,""noise_1"":1,""noise_2"":1,""noise_3"":0}",True,OOB_WRITE,OOB_WRITE,,True,True,True,True,2,0
bounds_write-wrapper-0,"{""idx"":2,""value"":1}","{""noise_0"":0,""noise_1"":1,""noise_2"":1,""noise_3"":0}",True,OOB_WRITE,OOB_WRITE,,True,True,True,True,2,0
bounds_write-wrapper-0,"{""idx"":-1,""value"":0}","{""noise_0"":0,""noise_1"":1,""noise_2"":1,""noise_3"":1}",True,OOB_WRITE,OOB_WRITE,,True,True,True,True,2,0
bounds_write-wrapper-0,"{""idx"":-1,""value"":1}","{""noise_0"":0,""noise_1"":1,""noise_2"":1,""noise_3"":1}",True,OOB_WRITE,OOB_WRITE,,True,True,True,True,2,0
bounds_write-wrapper-0,"{""idx"":0,""value"":0}","{""noise_0"":0,""noise_1"":1,""noise_2"":1,""noise_3"":1}",True,OOB_WRITE,,,True,True,True,True,2,0
bounds_write-wrapper-0,"{""idx"":0,""value"":1}","{""noise_0"":0,""noise_1"":1,""noise_2"":1,""noise_3"":1}",True,OOB_WRITE,,,True,True,True,True,2,0
bounds_write-wrapper-0,"{""idx"":1,""value"":0}","{""noise_0"":0,""noise_1"":1,""noise_2"":1,""noise_3"":1}",True,OOB_WRITE,,,True,True,True,True,2,0
bounds_write-wrapper-0,"{""idx"":1,""value"":1}","{""noise_0"":0,""noise_1"":1,""noise_2"":1,""noise_3"":1}",True,OOB_WRITE,,,True,True,True,True,2,0
bounds_write-wrapper-0,"{""idx"":2,""value"":0}","{""noise_0"":0,""noise_1"":1,""noise_2"":1,""noise_3"":1}",True,OOB_WRITE,OOB_WRITE,,True,True,True,True,2,0
bounds_write-wrapper-0,"{""idx"":2,""value"":1}","{""noise_0"":0,""noise_1"":1,""noise_2"":1,""noise_3"":1}",True,OOB_WRITE,OOB_WRITE,,True,True,True,True,2,0
bounds_write-wrapper-0,"{""idx"":-1,""value"":0}","{""noise_0"":1,""noise_1"":0,""noise_2"":0,""noise_3"":0}",True,OOB_WRITE,OOB_WRITE,,True,True,True,True,2,0
bounds_write-wrapper-0,"{""idx"":-1,""value"":1}","{""noise_0"":1,""noise_1"":0,""noise_2"":0,""noise_3"":0}",True,OOB_WRITE,OOB_WRITE,,True,True,True,True,2,0
bounds_write-wrapper-0,"{""idx"":0,""value"":0}","{""noise_0"":1,""noise_1"":0,""noise_2"":0,""noise_3"":0}",True,OOB_WRITE,,,True,True,True,True,2,0
bounds_write-wrapper-0,"{""idx"":0,""value"":1}","{""noise_0"":1,""noise_1"":0,""noise_2"":0,""noise_3"":0}",True,OOB_WRITE,,,True,True,True,True,2,0
bounds_write-wrapper-0,"{""idx"":1,""value"":0}","{""noise_0"":1,""noise_1"":0,""noise_2"":0,""noise_3"":0}",True,OOB_WRITE,,,True,True,True,True,2,0
bounds_write-wrapper-0,"{""idx"":1,""value"":1}","{""noise_0"":1,""noise_1"":0,""noise_2"":0,""noise_3"":0}",True,OOB_WRITE,,,True,True,True,True,2,0
bounds_write-wrapper-0,"{""idx"":2,""value"":0}","{""noise_0"":1,""noise_1"":0,""noise_2"":0,""noise_3"":0}",True,OOB_WRITE,OOB_WRITE,,True,True,True,True,2,0
bounds_write-wrapper-0,"{""idx"":2,""value"":1}","{""noise_0"":1,""noise_1"":0,""noise_2"":0,""noise_3"":0}",True,OOB_WRITE,OOB_WRITE,,True,True,True,True,2,0
bounds_write-wrapper-0,"{""idx"":-1,""value"":0}","{""noise_0"":1,""noise_1"":0,""noise_2"":0,""noise_3"":1}",True,OOB_WRITE,OOB_WRITE,,True,True,True,True,2,0
bounds_write-wrapper-0,"{""idx"":-1,""value"":1}","{""noise_0"":1,""noise_1"":0,""noise_2"":0,""noise_3"":1}",True,OOB_WRITE,OOB_WRITE,,True,True,True,True,2,0
bounds_write-wrapper-0,"{""idx"":0,""value"":0}","{""noise_0"":1,""noise_1"":0,""noise_2"":0,""noise_3"":1}",True,OOB_WRITE,,,True,True,True,True,2,0
bounds_write-wrapper-0,"{""idx"":0,""value"":1}","{""noise_0"":1,""noise_1"":0,""noise_2"":0,""noise_3"":1}",True,OOB_WRITE,,,True,True,True,True,2,0
bounds_write-wrapper-0,"{""idx"":1,""value"":0}","{""noise_0"":1,""noise_1"":0,""noise_2"":0,""noise_3"":1}",True,OOB_WRITE,,,True,True,True,True,2,0
bounds_write-wrapper-0,"{""idx"":1,""value"":1}","{""noise_0"":1,""noise_1"":0,""noise_2"":0,""noise_3"":1}",True,OOB_WRITE,,,True,True,True,True,2,0
bounds_write-wrapper-0,"{""idx"":2,""value"":0}","{""noise_0"":1,""noise_1"":0,""noise_2"":0,""noise_3"":1}",True,OOB_WRITE,OOB_WRITE,,True,True,True,True,2,0
bounds_write-wrapper-0,"{""idx"":2,""value"":1}","{""noise_0"":1,""noise_1"":0,""noise_2"":0,""noise_3"":1}",True,OOB_WRITE,OOB_WRITE,,True,True,True,True,2,0
bounds_write-wrapper-0,"{""idx"":-1,""value"":0}","{""noise_0"":1,""noise_1"":0,""noise_2"":1,""noise_3"":0}",True,OOB_WRITE,OOB_WRITE,,True,True,True,True,2,0
bounds_write-wrapper-0,"{""idx"":-1,""value"":1}","{""noise_0"":1,""noise_1"":0,""noise_2"":1,""noise_3"":0}",True,OOB_WRITE,OOB_WRITE,,True,True,True,True,2,0
bounds_write-wrapper-0,"{""idx"":0,""value"":0}","{""noise_0"":1,""noise_1"":0,""noise_2"":1,""noise_3"":0}",True,OOB_WRITE,,,True,True,True,True,2,0
bounds_write-wrapper-0,"{""idx"":0,""value"":1}","{""noise_0"":1,""noise_1"":0,""noise_2"":1,""noise_3"":0}",True,OOB_WRITE,,,True,True,True,True,2,0
bounds_write-wrapper-0,"{""idx"":1,""value"":0}","{""noise_0"":1,""noise_1"":0,""noise_2"":1,""noise_3"":0}",True,OOB_WRITE,,,True,True,True,True,2,0
bounds_write-wrapper-0,"{""idx"":1,""value"":1}","{""noise_0"":1,""noise_1"":0,""noise_2"":1,""noise_3"":0}",True,OOB_WRITE,,,True,True,True,True,2,0
bounds_write-wrapper-0,"{""idx"":2,""value"":0}","{""noise_0"":1,""noise_1"":0,""noise_2"":1,""noise_3"":0}",True,OOB_WRITE,OOB_WRITE,,True,True,True,True,2,0
bounds_write-wrapper-0,"{""idx"":2,""value"":1}","{""noise_0"":1,""noise_1"":0,""noise_2"":1,""noise_3"":0}",True,OOB_WRITE,OOB_WRITE,,True,True,True,True,2,0
bounds_write-wrapper-0,"{""idx"":-1,""value"":0}","{""noise_0"":1,""noise_1"":0,""noise_2"":1,""noise_3"":1}",True,OOB_WRITE,OOB_WRITE,,True,True,True,True,2,0
bounds_write-wrapper-0,"{""idx"":-1,""value"":1}","{""noise_0"":1,""noise_1"":0,""noise_2"":1,""noise_3"":1}",True,OOB_WRITE,OOB_WRITE,,True,True,True,True,2,0
bounds_write-wrapper-0,"{""idx"":0,""value"":0}","{""noise_0"":1,""noise_1"":0,""noise_2"":1,""noise_3"":1}",True,OOB_WRITE,,,True,True,True,True,2,0
bounds_write-wrapper-0,"{""idx"":0,""value"":1}","{""noise_0"":1,""noise_1"":0,""noise_2"":1,""noise_3"":1}",True,OOB_WRITE,,,True,True,True,True,2,0
bounds_write-wrapper-0,"{""idx"":1,""value"":0}","{""noise_0"":1,""noise_1"":0,""noise_2"":1,""noise_3"":1}",True,OOB_WRITE,,,True,True,True,True,2,0
bounds_write-wrapper-0,"{""idx"":1,""value"":1}","{""noise_0"":1,""noise_1"":0,""noise_2"":1,""noise_3"":1}",True,OOB_WRITE,,,True,True,True,True,2,0
bounds_write-wrapper-0,"{""idx"":2,""value"":0}","{""noise_0"":1,""noise_1"":0,""noise_2"":1,""noise_3"":1}",True,OOB_WRITE,OOB_WRITE,,True,True,True,True,2,0
bounds_write-wrapper-0,"{""idx"":2,""value"":1}","{""noise_0"":1,""noise_1"":0,""noise_2"":1,""noise_3"":1}",True,OOB_WRITE,OOB_WRITE,,True,True,True,True,2,0
bounds_write-wrapper-0,"{""idx"":-1,""value"":0}","{""noise_0"":1,""noise_1"":1,""noise_2"":0,""noise_3"":0}",True,OOB_WRITE,OOB_WRITE,,True,True,True,True,2,0
bounds_write-wrapper-0,"{""idx"":-1,""value"":1}","{""noise_0"":1,""noise_1"":1,""noise_2"":0,""noise_3"":0}",True,OOB_WRITE,OOB_WRITE,,True,True,True,True,2,0
bounds_write-wrapper-0,"{""idx"":0,""value"":0}","{""noise_0"":1,""noise_1"":1,""noise_2"":0,""noise_3"":0}",True,OOB_WRITE,,,True,True,True,True,2,0
bounds_write-wrapper-0,"{""idx"":0,""value"":1}","{""noise_0"":1,""noise_1"":1,""noise_2"":0,""noise_3"":0}",True,OOB_WRITE,,,True,True,True,True,2,0
bounds_write-wrapper-0,"{""idx"":1,""value"":0}","{""noise_0"":1,""noise_1"":1,""noise_2"":0,""noise_3"":0}",True,OOB_WRITE,,,True,True,True,True,2,0
bounds_write-wrapper-0,"{""idx"":1,""value"":1}","{""noise_0"":1,""noise_1"":1,""noise_2"":0,""noise_3"":0}",True,OOB_WRITE,,,True,True,True,True,2,0
bounds_write-wrapper-0,"{""idx"":2,""value"":0}","{""noise_0"":1,""noise_1"":1,""noise_2"":0,""noise_3"":0}",True,OOB_WRITE,OOB_WRITE,,True,True,True,True,2,0
bounds_write-wrapper-0,"{""idx"":2,""value"":1}","{""noise_0"":1,""noise_1"":1,""noise_2"":0,""noise_3"":0}",True,OOB_WRITE,OOB_WRITE,,True,True,True,True,2,0
bounds_write-wrapper-0,"{""idx"":-1,""value"":0}","{""noise_0"":1,""noise_1"":1,""noise_2"":0,""noise_3"":1}",True,OOB_WRITE,OOB_WRITE,,True,True,True,True,2,0
bounds_write-wrapper-0,"{""idx"":-1,""value"":1}","{""noise_0"":1,""noise_1"":1,""noise_2"":0,""noise_3"":1}",True,OOB_WRITE,OOB_WRITE,,True,True,True,True,2,0
bounds_write-wrapper-0,"{""idx"":0,""value"":0}","{""noise_0"":1,""noise_1"":1,""noise_2"":0,""noise_3"":1}",True,OOB_WRITE,,,True,True,True,True,2,0
bounds_write-wrapper-0,"{""idx"":0,""value"":1}","{""noise_0"":1,""noise_1"":1,""noise_2"":0,""noise_3"":1}",True,OOB_WRITE,,,True,True,True,True,2,0
bounds_write-wrapper-0,"{""idx"":1,""value"":0}","{""noise_0"":1,""noise_1"":1,""noise_2"":0,""noise_3"":1}",True,OOB_WRITE,,,True,True,True,True,2,0
bounds_write-wrapper-0,"{""idx"":1,""value"":1}","{""noise_0"":1,""noise_1"":1,""noise_2"":0,""noise_3"":1}",True,OOB_WRITE,,,True,True,True,True,2,0
bounds_write-wrapper-0,"{""idx"":2,""value"":0}","{""noise_0"":1,""noise_1"":1,""noise_2"":0,""noise_3"":1}",True,OOB_WRITE,OOB_WRITE,,True,True,True,True,2,0
bounds_write-wrapper-0,"{""idx"":2,""value"":1}","{""noise_0"":1,""noise_1"":1,""noise_2"":0,""noise_3"":1}",True,OOB_WRITE,OOB_WRITE,,True,True,True,True,2,0
bounds_write-wrapper-0,"{""idx"":-1,""value"":0}","{""noise_0"":1,""noise_1"":1,""noise_2"":1,""noise_3"":0}",True,OOB_WRITE,OOB_WRITE,,True,True,True,True,2,0
bounds_write-wrapper-0,"{""idx"":-1,""value"":1}","{""noise_0"":1,""noise_1"":1,""noise_2"":1,""noise_3"":0}",True,OOB_WRITE,OOB_WRITE,,True,True,True,True,2,0
bounds_write-wrapper-0,"{""idx"":0,""value"":0}","{""noise_0"":1,""noise_1"":1,""noise_2"":1,""noise_3"":0}",True,OOB_WRITE,,,True,True,True,True,2,0
bounds_write-wrapper-0,"{""idx"":0,""value"":1}","{""noise_0"":1,""noise_1"":1,""noise_2"":1,""noise_3"":0}",True,OOB_WRITE,,,True,True,True,True,2,0
bounds_write-wrapper-0,"{""idx"":1,""value"":0}","{""noise_0"":1,""noise_1"":1,""noise_2"":1,""noise_3"":0}",True,OOB_WRITE,,,True,True,True,True,2,0
bounds_write-wrapper-0,"{""idx"":1,""value"":1}","{""noise_0"":1,""noise_1"":1,""noise_2"":1,""noise_3"":0}",True,OOB_WRITE,,,True,True,True,True,2,0
bounds_write-wrapper-0,"{""idx"":2,""value"":0}","{""noise_0"":1,""noise_1"":1,""noise_2"":1,""noise_3"":0}",True,OOB_WRITE,OOB_WRITE,,True,True,True,True,2,0
bounds_write-wrapper-0,"{""idx"":2,""value"":1}","{""noise_0"":1,""noise_1"":1,""noise_2"":1,""noise_3"":0}",True,OOB_WRITE,OOB_WRITE,,True,True,True,True,2,0
bounds_write-wrapper-0,"{""idx"":-1,""value"":0}","{""noise_0"":1,""noise_1"":1,""noise_2"":1,""noise_3"":1}",True,OOB_WRITE,OOB_WRITE,,True,True,True,True,2,0
bounds_write-wrapper-0,"{""idx"":-1,""value"":1}","{""noise_0"":1,""noise_1"":1,""noise_2"":1,""noise_3"":1}",True,OOB_WRITE,OOB_WRITE,,True,True,True,True,2,0
bounds_write-wrapper-0,"{""idx"":0,""value"":0}","{""noise_0"":1,""noise_1"":1,""noise_2"":1,""noise_3"":1}",True,OOB_WRITE,,,True,True,True,True,2,0
bounds_write-wrapper-0,"{""idx"":0,""value"":1}","{""noise_0"":1,""noise_1"":1,""noise_2"":1,""noise_3"":1}",True,OOB_WRITE,,,True,True,True,True,2,0
bounds_write-wrapper-0,"{""idx"":1,""value"":0}","{""noise_0"":1,""noise_1"":1,""noise_2"":1,""noise_3"":1}",True,OOB_WRITE,,,True,True,True,True,2,0
bounds_write-wrapper-0,"{""idx"":1,""value"":1}","{""noise_0"":1,""noise_1"":1,""noise_2"":1,""noise_3"":1}",True,OOB_WRITE,,,True,True,True,True,2,0
bounds_write-wrapper-0,"{""idx"":2,""value"":0}","{""noise_0"":1,""noise_1"":1,""noise_2"":1,""noise_3"":1}",True,OOB_WRITE,OOB_WRITE,,True,True,True,True,2,0
bounds_write-wrapper-0,"{""idx"":2,""value"":1}","{""noise_0"":1,""noise_1"":1,""noise_2"":1,""noise_3"":1}",True,OOB_WRITE,OOB_WRITE,,True,True,True,True,2,0
bounds_write-wrapper-1,"{""idx"":-1,""value"":0}","{""noise_0"":0,""noise_1"":0,""noise_2"":0,""noise_3"":0}",True,OOB_WRITE,OOB_WRITE,,True,True,True,True,2,0
bounds_write-wrapper-1,"{""idx"":-1,""value"":1}","{""noise_0"":0,""noise_1"":0,""noise_2"":0,""noise_3"":0}",True,OOB_WRITE,OOB_WRITE,,True,True,True,True,2,0
bounds_write-wrapper-1,"{""idx"":0,""value"":0}","{""noise_0"":0,""noise_1"":0,""noise_2"":0,""noise_3"":0}",True,OOB_WRITE,,,True,True,True,True,2,0
bounds_write-wrapper-1,"{""idx"":0,""value"":1}","{""noise_0"":0,""noise_1"":0,""noise_2"":0,""noise_3"":0}",True,OOB_WRITE,,,True,True,True,True,2,0
bounds_write-wrapper-1,"{""idx"":1,""value"":0}","{""noise_0"":0,""noise_1"":0,""noise_2"":0,""noise_3"":0}",True,OOB_WRITE,,,True,True,True,True,2,0
bounds_write-wrapper-1,"{""idx"":1,""value"":1}","{""noise_0"":0,""noise_1"":0,""noise_2"":0,""noise_3"":0}",True,OOB_WRITE,,,True,True,True,True,2,0
bounds_write-wrapper-1,"{""idx"":2,""value"":0}","{""noise_0"":0,""noise_1"":0,""noise_2"":0,""noise_3"":0}",True,OOB_WRITE,OOB_WRITE,,True,True,True,True,2,0
bounds_write-wrapper-1,"{""idx"":2,""value"":1}","{""noise_0"":0,""noise_1"":0,""noise_2"":0,""noise_3"":0}",True,OOB_WRITE,OOB_WRITE,,True,True,True,True,2,0
bounds_write-wrapper-1,"{""idx"":-1,""value"":0}","{""noise_0"":0,""noise_1"":0,""noise_2"":0,""noise_3"":1}",True,OOB_WRITE,OOB_WRITE,,True,True,True,True,2,0
bounds_write-wrapper-1,"{""idx"":-1,""value"":1}","{""noise_0"":0,""noise_1"":0,""noise_2"":0,""noise_3"":1}",True,OOB_WRITE,OOB_WRITE,,True,True,True,True,2,0
bounds_write-wrapper-1,"{""idx"":0,""value"":0}","{""noise_0"":0,""noise_1"":0,""noise_2"":0,""noise_3"":1}",True,OOB_WRITE,,,True,True,True,True,2,0
bounds_write-wrapper-1,"{""idx"":0,""value"":1}","{""noise_0"":0,""noise_1"":0,""noise_2"":0,""noise_3"":1}",True,OOB_WRITE,,,True,True,True,True,2,0
bounds_write-wrapper-1,"{""idx"":1,""value"":0}","{""noise_0"":0,""noise_1"":0,""noise_2"":0,""noise_3"":1}",True,OOB_WRITE,,,True,True,True,True,2,0
bounds_write-wrapper-1,"{""idx"":1,""value"":1}","{""noise_0"":0,""noise_1"":0,""noise_2"":0,""noise_3"":1}",True,OOB_WRITE,,,True,True,True,True,2,0
bounds_write-wrapper-1,"{""idx"":2,""value"":0}","{""noise_0"":0,""noise_1"":0,""noise_2"":0,""noise_3"":1}",True,OOB_WRITE,OOB_WRITE,,True,True,True,True,2,0
bounds_write-wrapper-1,"{""idx"":2,""value"":1}","{""noise_0"":0,""noise_1"":0,""noise_2"":0,""noise_3"":1}",True,OOB_WRITE,OOB_WRITE,,True,True,True,True,2,0
bounds_write-wrapper-1,"{""idx"":-1,""value"":0}","{""noise_0"":0,""noise_1"":0,""noise_2"":1,""noise_3"":0}",True,OOB_WRITE,OOB_WRITE,,True,True,True,True,2,0
bounds_write-wrapper-1,"{""idx"":-1,""value"":1}","{""noise_0"":0,""noise_1"":0,""noise_2"":1,""noise_3"":0}",True,OOB_WRITE,OOB_WRITE,,True,True,True,True,2,0
bounds_write-wrapper-1,"{""idx"":0,""value"":0}","{""noise_0"":0,""noise_1"":0,""noise_2"":1,""noise_3"":0}",True,OOB_WRITE,,,True,True,True,True,2,0
bounds_write-wrapper-1,"{""idx"":0,""value"":1}","{""noise_0"":0,""noise_1"":0,""noise_2"":1,""noise_3"":0}",True,OOB_WRITE,,,True,True,True,True,2,0
bounds_write-wrapper-1,"{""idx"":1,""value"":0}","{""noise_0"":0,""noise_1"":0,""noise_2"":1,""noise_3"":0}",True,OOB_WRITE,,,True,True,True,True,2,0
bounds_write-wrapper-1,"{""idx"":1,""value"":1}","{""noise_0"":0,""noise_1"":0,""noise_2"":1,""noise_3"":0}",True,OOB_WRITE,,,True,True,True,True,2,0
bounds_write-wrapper-1,"{""idx"":2,""value"":0}","{""noise_0"":0,""noise_1"":0,""noise_2"":1,""noise_3"":0}",True,OOB_WRITE,OOB_WRITE,,True,True,True,True,2,0
bounds_write-wrapper-1,"{""idx"":2,""value"":1}","{""noise_0"":0,""noise_1"":0,""noise_2"":1,""noise_3"":0}",True,OOB_WRITE,OOB_WRITE,,True,True,True,True,2,0
bounds_write-wrapper-1,"{""idx"":-1,""value"":0}","{""noise_0"":0,""noise_1"":0,""noise_2"":1,""noise_3"":1}",True,OOB_WRITE,OOB_WRITE,,True,True,True,True,2,0
bounds_write-wrapper-1,"{""idx"":-1,""value"":1}","{""noise_0"":0,""noise_1"":0,""noise_2"":1,""noise_3"":1}",True,OOB_WRITE,OOB_WRITE,,True,True,True,True,2,0
bounds_write-wrapper-1,"{""idx"":0,""value"":0}","{""noise_0"":0,""noise_1"":0,""noise_2"":1,""noise_3"":1}",True,OOB_WRITE,,,True,True,True,True,2,0
bounds_write-wrapper-1,"{""idx"":0,""value"":1}","{""noise_0"":0,""noise_1"":0,""noise_2"":1,""noise_3"":1}",True,OOB_WRITE,,,True,True,True,True,2,0
bounds_write-wrapper-1,"{""idx"":1,""value"":0}","{""noise_0"":0,""noise_1"":0,""noise_2"":1,""noise_3"":1}",True,OOB_WRITE,,,True,True,True,True,2,0
bounds_write-wrapper-1,"{""idx"":1,""value"":1}","{""noise_0"":0,""noise_1"":0,""noise_2"":1,""noise_3"":1}",True,OOB_WRITE,,,True,True,True,True,2,0
bounds_write-wrapper-1,"{""idx"":2,""value"":0}","{""noise_0"":0,""noise_1"":0,""noise_2"":1,""noise_3"":1}",True,OOB_WRITE,OOB_WRITE,,True,True,True,True,2,0
bounds_write-wrapper-1,"{""idx"":2,""value"":1}","{""noise_0"":0,""noise_1"":0,""noise_2"":1,""noise_3"":1}",True,OOB_WRITE,OOB_WRITE,,True,True,True,True,2,0
bounds_write-wrapper-1,"{""idx"":-1,""value"":0}","{""noise_0"":0,""noise_1"":1,""noise_2"":0,""noise_3"":0}",True,OOB_WRITE,OOB_WRITE,,True,True,True,True,2,0
bounds_write-wrapper-1,"{""idx"":-1,""value"":1}","{""noise_0"":0,""noise_1"":1,""noise_2"":0,""noise_3"":0}",True,OOB_WRITE,OOB_WRITE,,True,True,True,True,2,0
bounds_write-wrapper-1,"{""idx"":0,""value"":0}","{""noise_0"":0,""noise_1"":1,""noise_2"":0,""noise_3"":0}",True,OOB_WRITE,,,True,True,True,True,2,0
bounds_write-wrapper-1,"{""idx"":0,""value"":1}","{""noise_0"":0,""noise_1"":1,""noise_2"":0,""noise_3"":0}",True,OOB_WRITE,,,True,True,True,True,2,0
bounds_write-wrapper-1,"{""idx"":1,""value"":0}","{""noise_0"":0,""noise_1"":1,""noise_2"":0,""noise_3"":0}",True,OOB_WRITE,,,True,True,True,True,2,0
bounds_write-wrapper-1,"{""idx"":1,""value"":1}","{""noise_0"":0,""noise_1"":1,""noise_2"":0,""noise_3"":0}",True,OOB_WRITE,,,True,True,True,True,2,0
bounds_write-wrapper-1,"{""idx"":2,""value"":0}","{""noise_0"":0,""noise_1"":1,""noise_2"":0,""noise_3"":0}",True,OOB_WRITE,OOB_WRITE,,True,True,True,True,2,0
bounds_write-wrapper-1,"{""idx"":2,""value"":1}","{""noise_0"":0,""noise_1"":1,""noise_2"":0,""noise_3"":0}",True,OOB_WRITE,OOB_WRITE,,True,True,True,True,2,0
bounds_write-wrapper-1,"{""idx"":-1,""value"":0}","{""noise_0"":0,""noise_1"":1,""noise_2"":0,""noise_3"":1}",True,OOB_WRITE,OOB_WRITE,,True,True,True,True,2,0
bounds_write-wrapper-1,"{""idx"":-1,""value"":1}","{""noise_0"":0,""noise_1"":1,""noise_2"":0,""noise_3"":1}",True,OOB_WRITE,OOB_WRITE,,True,True,True,True,2,0
bounds_write-wrapper-1,"{""idx"":0,""value"":0}","{""noise_0"":0,""noise_1"":1,""noise_2"":0,""noise_3"":1}",True,OOB_WRITE,,,True,True,True,True,2,0
bounds_write-wrapper-1,"{""idx"":0,""value"":1}","{""noise_0"":0,""noise_1"":1,""noise_2"":0,""noise_3"":1}",True,OOB_WRITE,,,True,True,True,True,2,0
bounds_write-wrapper-1,"{""idx"":1,""value"":0}","{""noise_0"":0,""noise_1"":1,""noise_2"":0,""noise_3"":1}",True,OOB_WRITE,,,True,True,True,True,2,0
bounds_write-wrapper-1,"{""idx"":1,""value"":1}","{""noise_0"":0,""noise_1"":1,""noise_2"":0,""noise_3"":1}",True,OOB_WRITE,,,True,True,True,True,2,0
bounds_write-wrapper-1,"{""idx"":2,""value"":0}","{""noise_0"":0,""noise_1"":1,""noise_2"":0,""noise_3"":1}",True,OOB_WRITE,OOB_WRITE,,True,True,True,True,2,0
bounds_write-wrapper-1,"{""idx"":2,""value"":1}","{""noise_0"":0,""noise_1"":1,""noise_2"":0,""noise_3"":1}",True,OOB_WRITE,OOB_WRITE,,True,True,True,True,2,0
bounds_write-wrapper-1,"{""idx"":-1,""value"":0}","{""noise_0"":0,""noise_1"":1,""noise_2"":1,""noise_3"":0}",True,OOB_WRITE,OOB_WRITE,,True,True,True,True,2,0
bounds_write-wrapper-1,"{""idx"":-1,""value"":1}","{""noise_0"":0,""noise_1"":1,""noise_2"":1,""noise_3"":0}",True,OOB_WRITE,OOB_WRITE,,True,True,True,True,2,0
bounds_write-wrapper-1,"{""idx"":0,""value"":0}","{""noise_0"":0,""noise_1"":1,""noise_2"":1,""noise_3"":0}",True,OOB_WRITE,,,True,True,True,True,2,0
bounds_write-wrapper-1,"{""idx"":0,""value"":1}","{""noise_0"":0,""noise_1"":1,""noise_2"":1,""noise_3"":0}",True,OOB_WRITE,,,True,True,True,True,2,0
bounds_write-wrapper-1,"{""idx"":1,""value"":0}","{""noise_0"":0,""noise_1"":1,""noise_2"":1,""noise_3"":0}",True,OOB_WRITE,,,True,True,True,True,2,0
bounds_write-wrapper-1,"{""idx"":1,""value"":1}","{""noise_0"":0,""noise_1"":1,""noise_2"":1,""noise_3"":0}",True,OOB_WRITE,,,True,True,True,True,2,0
bounds_write-wrapper-1,"{""idx"":2,""value"":0}","{""noise_0"":0,""noise_1"":1,""noise_2"":1,""noise_3"":0}",True,OOB_WRITE,OOB_WRITE,,True,True,True,True,2,0
bounds_write-wrapper-1,"{""idx"":2,""value"":1}","{""noise_0"":0,""noise_1"":1,""noise_2"":1,""noise_3"":0}",True,OOB_WRITE,OOB_WRITE,,True,True,True,True,2,0
bounds_write-wrapper-1,"{""idx"":-1,""value"":0}","{""noise_0"":0,""noise_1"":1,""noise_2"":1,""noise_3"":1}",True,OOB_WRITE,OOB_WRITE,,True,True,True,True,2,0
bounds_write-wrapper-1,"{""idx"":-1,""value"":1}","{""noise_0"":0,""noise_1"":1,""noise_2"":1,""noise_3"":1}",True,OOB_WRITE,OOB_WRITE,,True,True,True,True,2,0
bounds_write-wrapper-1,"{""idx"":0,""value"":0}","{""noise_0"":0,""noise_1"":1,""noise_2"":1,""noise_3"":1}",True,OOB_WRITE,,,True,True,True,True,2,0
bounds_write-wrapper-1,"{""idx"":0,""value"":1}","{""noise_0"":0,""noise_1"":1,""noise_2"":1,""noise_3"":1}",True,OOB_WRITE,,,True,True,True,True,2,0
bounds_write-wrapper-1,"{""idx"":1,""value"":0}","{""noise_0"":0,""noise_1"":1,""noise_2"":1,""noise_3"":1}",True,OOB_WRITE,,,True,True,True,True,2,0
bounds_write-wrapper-1,"{""idx"":1,""value"":1}","{""noise_0"":0,""noise_1"":1,""noise_2"":1,""noise_3"":1}",True,OOB_WRITE,,,True,True,True,True,2,0
bounds_write-wrapper-1,"{""idx"":2,""value"":0}","{""noise_0"":0,""noise_1"":1,""noise_2"":1,""noise_3"":1}",True,OOB_WRITE,OOB_WRITE,,True,True,True,True,2,0
bounds_write-wrapper-1,"{""idx"":2,""value"":1}","{""noise_0"":0,""noise_1"":1,""noise_2"":1,""noise_3"":1}",True,OOB_WRITE,OOB_WRITE,,True,True,True,True,2,0
bounds_write-wrapper-1,"{""idx"":-1,""value"":0}","{""noise_0"":1,""noise_1"":0,""noise_2"":0,""noise_3"":0}",True,OOB_WRITE,OOB_WRITE,,True,True,True,True,2,0
bounds_write-wrapper-1,"{""idx"":-1,""value"":1}","{""noise_0"":1,""noise_1"":0,""noise_2"":0,""noise_3"":0}",True,OOB_WRITE,OOB_WRITE,,True,True,True,True,2,0
bounds_write-wrapper-1,"{""idx"":0,""value"":0}","{""noise_0"":1,""noise_1"":0,""noise_2"":0,""noise_3"":0}",True,OOB_WRITE,,,True,True,True,True,2,0
bounds_write-wrapper-1,"{""idx"":0,""value"":1}","{""noise_0"":1,""noise_1"":0,""noise_2"":0,""noise_3"":0}",True,OOB_WRITE,,,True,True,True,True,2,0
bounds_write-wrapper-1,"{""idx"":1,""value"":0}","{""noise_0"":1,""noise_1"":0,""noise_2"":0,""noise_3"":0}",True,OOB_WRITE,,,True,True,True,True,2,0
bounds_write-wrapper-1,"{""idx"":1,""value"":1}","{""noise_0"":1,""noise_1"":0,""noise_2"":0,""noise_3"":0}",True,OOB_WRITE,,,True,True,True,True,2,0
bounds_write-wrapper-1,"{""idx"":2,""value"":0}","{""noise_0"":1,""noise_1"":0,""noise_2"":0,""noise_3"":0}",True,OOB_WRITE,OOB_WRITE,,True,True,True,True,2,0
bounds_write-wrapper-1,"{""idx"":2,""value"":1}","{""noise_0"":1,""noise_1"":0,""noise_2"":0,""noise_3"":0}",True,OOB_WRITE,OOB_WRITE,,True,True,True,True,2,0
bounds_write-wrapper-1,"{""idx"":-1,""value"":0}","{""noise_0"":1,""noise_1"":0,""noise_2"":0,""noise_3"":1}",True,OOB_WRITE,OOB_WRITE,,True,True,True,True,2,0
bounds_write-wrapper-1,"{""idx"":-1,""value"":1}","{""noise_0"":1,""noise_1"":0,""noise_2"":0,""noise_3"":1}",True,OOB_WRITE,OOB_WRITE,,True,True,True,True,2,0
bounds_write-wrapper-1,"{""idx"":0,""value"":0}","{""noise_0"":1,""noise_1"":0,""noise_2"":0,""noise_3"":1}",True,OOB_WRITE,,,True,True,True,True,2,0
bounds_write-wrapper-1,"{""idx"":0,""value"":1}","{""noise_0"":1,""noise_1"":0,""noise_2"":0,""noise_3"":1}",True,OOB_WRITE,,,True,True,True,True,2,0
bounds_write-wrapper-1,"{""idx"":1,""value"":0}","{""noise_0"":1,""noise_1"":0,""noise_2"":0,""noise_3"":1}",True,OOB_WRITE,,,True,True,True,True,2,0
bounds_write-wrapper-1,"{""idx"":1,""value"":1}","{""noise_0"":1,""noise_1"":0,""noise_2"":0,""noise_3"":1}",True,OOB_WRITE,,,True,True,True,True,2,0
bounds_write-wrapper-1,"{""idx"":2,""value"":0}","{""noise_0"":1,""noise_1"":0,""noise_2"":0,""noise_3"":1}",True,OOB_WRITE,OOB_WRITE,,True,True,True,True,2,0
bounds_write-wrapper-1,"{""idx"":2,""value"":1}","{""noise_0"":1,""noise_1"":0,""noise_2"":0,""noise_3"":1}",True,OOB_WRITE,OOB_WRITE,,True,True,True,True,2,0
bounds_write-wrapper-1,"{""idx"":-1,""value"":0}","{""noise_0"":1,""noise_1"":0,""noise_2"":1,""noise_3"":0}",True,OOB_WRITE,OOB_WRITE,,True,True,True,True,2,0
bounds_write-wrapper-1,"{""idx"":-1,""value"":1}","{""noise_0"":1,""noise_1"":0,""noise_2"":1,""noise_3"":0}",True,OOB_WRITE,OOB_WRITE,,True,True,True,True,2,0
bounds_write-wrapper-1,"{""idx"":0,""value"":0}","{""noise_0"":1,""noise_1"":0,""noise_2"":1,""noise_3"":0}",True,OOB_WRITE,,,True,True,True,True,2,0
bounds_write-wrapper-1,"{""idx"":0,""value"":1}","{""noise_0"":1,""noise_1"":0,""noise_2"":1,""noise_3"":0}",True,OOB_WRITE,,,True,True,True,True,2,0
bounds_write-wrapper-1,"{""idx"":1,""value"":0}","{""noise_0"":1,""noise_1"":0,""noise_2"":1,""noise_3"":0}",True,OOB_WRITE,,,True,True,True,True,2,0
bounds_write-wrapper-1,"{""idx"":1,""value"":1}","{""noise_0"":1,""noise_1"":0,""noise_2"":1,""noise_3"":0}",True,OOB_WRITE,,,True,True,True,True,2,0
bounds_write-wrapper-1,"{""idx"":2,""value"":0}","{""noise_0"":1,""noise_1"":0,""noise_2"":1,""noise_3"":0}",True,OOB_WRITE,OOB_WRITE,,True,True,True,True,2,0
bounds_write-wrapper-1,"{""idx"":2,""value"":1}","{""noise_0"":1,""noise_1"":0,""noise_2"":1,""noise_3"":0}",True,OOB_WRITE,OOB_WRITE,,True,True,True,True,2,0
bounds_write-wrapper-1,"{""idx"":-1,""value"":0}","{""noise_0"":1,""noise_1"":0,""noise_2"":1,""noise_3"":1}",True,OOB_WRITE,OOB_WRITE,,True,True,True,True,2,0
bounds_write-wrapper-1,"{""idx"":-1,""value"":1}","{""noise_0"":1,""noise_1"":0,""noise_2"":1,""noise_3"":1}",True,OOB_WRITE,OOB_WRITE,,True,True,True,True,2,0
bounds_write-wrapper-1,"{""idx"":0,""value"":0}","{""noise_0"":1,""noise_1"":0,""noise_2"":1,""noise_3"":1}",True,OOB_WRITE,,,True,True,True,True,2,0
bounds_write-wrapper-1,"{""idx"":0,""value"":1}","{""noise_0"":1,""noise_1"":0,""noise_2"":1,""noise_3"":1}",True,OOB_WRITE,,,True,True,True,True,2,0
bounds_write-wrapper-1,"{""idx"":1,""value"":0}","{""noise_0"":1,""noise_1"":0,""noise_2"":1,""noise_3"":1}",True,OOB_WRITE,,,True,True,True,True,2,0
bounds_write-wrapper-1,"{""idx"":1,""value"":1}","{""noise_0"":1,""noise_1"":0,""noise_2"":1,""noise_3"":1}",True,OOB_WRITE,,,True,True,True,True,2,0
bounds_write-wrapper-1,"{""idx"":2,""value"":0}","{""noise_0"":1,""noise_1"":0,""noise_2"":1,""noise_3"":1}",True,OOB_WRITE,OOB_WRITE,,True,True,True,True,2,0
bounds_write-wrapper-1,"{""idx"":2,""value"":1}","{""noise_0"":1,""noise_1"":0,""noise_2"":1,""noise_3"":1}",True,OOB_WRITE,OOB_WRITE,,True,True,True,True,2,0
bounds_write-wrapper-1,"{""idx"":-1,""value"":0}","{""noise_0"":1,""noise_1"":1,""noise_2"":0,""noise_3"":0}",True,OOB_WRITE,OOB_WRITE,,True,True,True,True,2,0
bounds_write-wrapper-1,"{""idx"":-1,""value"":1}","{""noise_0"":1,""noise_1"":1,""noise_2"":0,""noise_3"":0}",True,OOB_WRITE,OOB_WRITE,,True,True,True,True,2,0
bounds_write-wrapper-1,"{""idx"":0,""value"":0}","{""noise_0"":1,""noise_1"":1,""noise_2"":0,""noise_3"":0}",True,OOB_WRITE,,,True,True,True,True,2,0
bounds_write-wrapper-1,"{""idx"":0,""value"":1}","{""noise_0"":1,""noise_1"":1,""noise_2"":0,""noise_3"":0}",True,OOB_WRITE,,,True,True,True,True,2,0
bounds_write-wrapper-1,"{""idx"":1,""value"":0}","{""noise_0"":1,""noise_1"":1,""noise_2"":0,""noise_3"":0}",True,OOB_WRITE,,,True,True,True,True,2,0
bounds_write-wrapper-1,"{""idx"":1,""value"":1}","{""noise_0"":1,""noise_1"":1,""noise_2"":0,""noise_3"":0}",True,OOB_WRITE,,,True,True,True,True,2,0
bounds_write-wrapper-1,"{""idx"":2,""value"":0}","{""noise_0"":1,""noise_1"":1,""noise_2"":0,""noise_3"":0}",True,OOB_WRITE,OOB_WRITE,,True,True,True,True,2,0
bounds_write-wrapper-1,"{""idx"":2,""value"":1}","{""noise_0"":1,""noise_1"":1,""noise_2"":0,""noise_3"":0}",True,OOB_WRITE,OOB_WRITE,,True,True,True,True,2,0
bounds_write-wrapper-1,"{""idx"":-1,""value"":0}","{""noise_0"":1,""noise_1"":1,""noise_2"":0,""noise_3"":1}",True,OOB_WRITE,OOB_WRITE,,True,True,True,True,2,0
bounds_write-wrapper-1,"{""idx"":-1,""value"":1}","{""noise_0"":1,""noise_1"":1,""noise_2"":0,""noise_3"":1}",True,OOB_WRITE,OOB_WRITE,,True,True,True,True,2,0
bounds_write-wrapper-1,"{""idx"":0,""value"":0}","{""noise_0"":1,""noise_1"":1,""noise_2"":0,""noise_3"":1}",True,OOB_WRITE,,,True,True,True,True,2,0
bounds_write-wrapper-1,"{""idx"":0,""value"":1}","{""noise_0"":1,""noise_1"":1,""noise_2"":0,""noise_3"":1}",True,OOB_WRITE,,,True,True,True,True,2,0
bounds_write-wrapper-1,"{""idx"":1,""value"":0}","{""noise_0"":1,""noise_1"":1,""noise_2"":0,""noise_3"":1}",True,OOB_WRITE,,,True,True,True,True,2,0
bounds_write-wrapper-1,"{""idx"":1,""value"":1}","{""noise_0"":1,""noise_1"":1,""noise_2"":0,""noise_3"":1}",True,OOB_WRITE,,,True,True,True,True,2,0
bounds_write-wrapper-1,"{""idx"":2,""value"":0}","{""noise_0"":1,""noise_1"":1,""noise_2"":0,""noise_3"":1}",True,OOB_WRITE,OOB_WRITE,,True,True,True,True,2,0
bounds_write-wrapper-1,"{""idx"":2,""value"":1}","{""noise_0"":1,""noise_1"":1,""noise_2"":0,""noise_3"":1}",True,OOB_WRITE,OOB_WRITE,,True,True,True,True,2,0
bounds_write-wrapper-1,"{""idx"":-1,""value"":0}","{""noise_0"":1,""noise_1"":1,""noise_2"":1,""noise_3"":0}",True,OOB_WRITE,OOB_WRITE,,True,True,True,True,2,0
bounds_write-wrapper-1,"{""idx"":-1,""value"":1}","{""noise_0"":1,""noise_1"":1,""noise_2"":1,""noise_3"":0}",True,OOB_WRITE,OOB_WRITE,,True,True,True,True,2,0
bounds_write-wrapper-1,"{""idx"":0,""value"":0}","{""noise_0"":1,""noise_1"":1,""noise_2"":1,""noise_3"":0}",True,OOB_WRITE,,,True,True,True,True,2,0
bounds_write-wrapper-1,"{""idx"":0,""value"":1}","{""noise_0"":1,""noise_1"":1,""noise_2"":1,""noise_3"":0}",True,OOB_WRITE,,,True,True,True,True,2,0
bounds_write-wrapper-1,"{""idx"":1,""value"":0}","{""noise_0"":1,""noise_1"":1,""noise_2"":1,""noise_3"":0}",True,OOB_WRITE,,,True,True,True,True,2,0
bounds_write-wrapper-1,"{""idx"":1,""value"":1}","{""noise_0"":1,""noise_1"":1,""noise_2"":1,""noise_3"":0}",True,OOB_WRITE,,,True,True,True,True,2,0
bounds_write-wrapper-1,"{""idx"":2,""value"":0}","{""noise_0"":1,""noise_1"":1,""noise_2"":1,""noise_3"":0}",True,OOB_WRITE,OOB_WRITE,,True,True,True,True,2,0
bounds_write-wrapper-1,"{""idx"":2,""value"":1}","{""noise_0"":1,""noise_1"":1,""noise_2"":1,""noise_3"":0}",True,OOB_WRITE,OOB_WRITE,,True,True,True,True,2,0
bounds_write-wrapper-1,"{""idx"":-1,""value"":0}","{""noise_0"":1,""noise_1"":1,""noise_2"":1,""noise_3"":1}",True,OOB_WRITE,OOB_WRITE,,True,True,True,True,2,0
bounds_write-wrapper-1,"{""idx"":-1,""value"":1}","{""noise_0"":1,""noise_1"":1,""noise_2"":1,""noise_3"":1}",True,OOB_WRITE,OOB_WRITE,,True,True,True,True,2,0
bounds_write-wrapper-1,"{""idx"":0,""value"":0}","{""noise_0"":1,""noise_1"":1,""noise_2"":1,""noise_3"":1}",True,OOB_WRITE,,,True,True,True,True,2,0
bounds_write-wrapper-1,"{""idx"":0,""value"":1}","{""noise_0"":1,""noise_1"":1,""noise_2"":1,""noise_3"":1}",True,OOB_WRITE,,,True,True,True,True,2,0
bounds_write-wrapper-1,"{""idx"":1,""value"":0}","{""noise_0"":1,""noise_1"":1,""noise_2"":1,""noise_3"":1}",True,OOB_WRITE,,,True,True,True,True,2,0
bounds_write-wrapper-1,"{""idx"":1,""value"":1}","{""noise_0"":1,""noise_1"":1,""noise_2"":1,""noise_3"":1}",True,OOB_WRITE,,,True,True,True,True,2,0
bounds_write-wrapper-1,"{""idx"":2,""value"":0}","{""noise_0"":1,""noise_1"":1,""noise_2"":1,""noise_3"":1}",True,OOB_WRITE,OOB_WRITE,,True,True,True,True,2,0
bounds_write-wrapper-1,"{""idx"":2,""value"":1}","{""noise_0"":1,""noise_1"":1,""noise_2"":1,""noise_3"":1}",True,OOB_WRITE,OOB_WRITE,,True,True,True,True,2,0
bounds_write-wrapper-2,"{""idx"":-1,""value"":0}","{""noise_0"":0,""noise_1"":0,""noise_2"":0,""noise_3"":0}",True,OOB_WRITE,OOB_WRITE,,True,True,True,True,2,0
bounds_write-wrapper-2,"{""idx"":-1,""value"":1}","{""noise_0"":0,""noise_1"":0,""noise_2"":0,""noise_3"":0}",True,OOB_WRITE,OOB_WRITE,,True,True,True,True,2,0
bounds_write-wrapper-2,"{""idx"":0,""value"":0}","{""noise_0"":0,""noise_1"":0,""noise_2"":0,""noise_3"":0}",True,OOB_WRITE,,,True,True,True,True,2,0
bounds_write-wrapper-2,"{""idx"":0,""value"":1}","{""noise_0"":0,""noise_1"":0,""noise_2"":0,""noise_3"":0}",True,OOB_WRITE,,,True,True,True,True,2,0
bounds_write-wrapper-2,"{""idx"":1,""value"":0}","{""noise_0"":0,""noise_1"":0,""noise_2"":0,""noise_3"":0}",True,OOB_WRITE,,,True,True,True,True,2,0
bounds_write-wrapper-2,"{""idx"":1,""value"":1}","{""noise_0"":0,""noise_1"":0,""noise_2"":0,""noise_3"":0}",True,OOB_WRITE,,,True,True,True,True,2,0
bounds_write-wrapper-2,"{""idx"":2,""value"":0}","{""noise_0"":0,""noise_1"":0,""noise_2"":0,""noise_3"":0}",True,OOB_WRITE,OOB_WRITE,,True,True,True,True,2,0
bounds_write-wrapper-2,"{""idx"":2,""value"":1}","{""noise_0"":0,""noise_1"":0,""noise_2"":0,""noise_3"":0}",True,OOB_WRITE,OOB_WRITE,,True,True,True,True,2,0
bounds_write-wrapper-2,"{""idx"":-1,""value"":0}","{""noise_0"":0,""noise_1"":0,""noise_2"":0,""noise_3"":1}",True,OOB_WRITE,OOB_WRITE,,True,True,True,True,2,0
bounds_write-wrapper-2,"{""idx"":-1,""value"":1}","{""noise_0"":0,""noise_1"":0,""noise_2"":0,""noise_3"":1}",True,OOB_WRITE,OOB_WRITE,,True,True,True,True,2,0
bounds_write-wrapper-2,"{""idx"":0,""value"":0}","{""noise_0"":0,""noise_1"":0,""noise_2"":0,""noise_3"":1}",True,OOB_WRITE,,,True,True,True,True,2,0
bounds_write-wrapper-2,"{""idx"":0,""value"":1}","{""noise_0"":0,""noise_1"":0,""noise_2"":0,""noise_3"":1}",True,OOB_WRITE,,,True,True,True,True,2,0
bounds_write-wrapper-2,"{""idx"":1,""value"":0}","{""noise_0"":0,""noise_1"":0,""noise_2"":0,""noise_3"":1}",True,OOB_WRITE,,,True,True,True,True,2,0
bounds_write-wrapper-2,"{""idx"":1,""value"":1}","{""noise_0"":0,""noise_1"":0,""noise_2"":0,""noise_3"":1}",True,OOB_WRITE,,,True,True,True,True,2,0
bounds_write-wrapper-2,"{""idx"":2,""value"":0}","{""noise_0"":0,""noise_1"":0,""noise_2"":0,""noise_3"":1}",True,OOB_WRITE,OOB_WRITE,,True,True,True,True,2,0
bounds_write-wrapper-2,"{""idx"":2,""value"":1}","{""noise_0"":0,""noise_1"":0,""noise_2"":0,""noise_3"":1}",True,OOB_WRITE,OOB_WRITE,,True,True,True,True,2,0
bounds_write-wrapper-2,"{""idx"":-1,""value"":0}","{""noise_0"":0,""noise_1"":0,""noise_2"":1,""noise_3"":0}",True,OOB_WRITE,OOB_WRITE,,True,True,True,True,2,0
bounds_write-wrapper-2,"{""idx"":-1,""value"":1}","{""noise_0"":0,""noise_1"":0,""noise_2"":1,""noise_3"":0}",True,OOB_WRITE,OOB_WRITE,,True,True,True,True,2,0
bounds_write-wrapper-2,"{""idx"":0,""value"":0}","{""noise_0"":0,""noise_1"":0,""noise_2"":1,""noise_3"":0}",True,OOB_WRITE,,,True,True,True,True,2,0
bounds_write-wrapper-2,"{""idx"":0,""value"":1}","{""noise_0"":0,""noise_1"":0,""noise_2"":1,""noise_3"":0}",True,OOB_WRITE,,,True,True,True,True,2,0
bounds_write-wrapper-2,"{""idx"":1,""value"":0}","{""noise_0"":0,""noise_1"":0,""noise_2"":1,""noise_3"":0}",True,OOB_WRITE,,,True,True,True,True,2,0
bounds_write-wrapper-2,"{""idx"":1,""value"":1}","{""noise_0"":0,""noise_1"":0,""noise_2"":1,""noise_3"":0}",True,OOB_WRITE,,,True,True,True,True,2,0
bounds_write-wrapper-2,"{""idx"":2,""value"":0}","{""noise_0"":0,""noise_1"":0,""noise_2"":1,""noise_3"":0}",True,OOB_WRITE,OOB_WRITE,,True,True,True,True,2,0
bounds_write-wrapper-2,"{""idx"":2,""value"":1}","{""noise_0"":0,""noise_1"":0,""noise_2"":1,""noise_3"":0}",True,OOB_WRITE,OOB_WRITE,,True,True,True,True,2,0
bounds_write-wrapper-2,"{""idx"":-1,""value"":0}","{""noise_0"":0,""noise_1"":0,""noise_2"":1,""noise_3"":1}",True,OOB_WRITE,OOB_WRITE,,True,True,True,True,2,0
bounds_write-wrapper-2,"{""idx"":-1,""value"":1}","{""noise_0"":0,""noise_1"":0,""noise_2"":1,""noise_3"":1}",True,OOB_WRITE,OOB_WRITE,,True,True,True,True,2,0
bounds_write-wrapper-2,"{""idx"":0,""value"":0}","{""noise_0"":0,""noise_1"":0,""noise_2"":1,""noise_3"":1}",True,OOB_WRITE,,,True,True,True,True,2,0
bounds_write-wrapper-2,"{""idx"":0,""value"":1}","{""noise_0"":0,""noise_1"":0,""noise_2"":1,""noise_3"":1}",True,OOB_WRITE,,,True,True,True,True,2,0
bounds_write-wrapper-2,"{""idx"":1,""value"":0}","{""noise_0"":0,""noise_1"":0,""noise_2"":1,""noise_3"":1}",True,OOB_WRITE,,,True,True,True,True,2,0
bounds_write-wrapper-2,"{""idx"":1,""value"":1}","{""noise_0"":0,""noise_1"":0,""noise_2"":1,""noise_3"":1}",True,OOB_WRITE,,,True,True,True,True,2,0
bounds_write-wrapper-2,"{""idx"":2,""value"":0}","{""noise_0"":0,""noise_1"":0,""noise_2"":1,""noise_3"":1}",True,OOB_WRITE,OOB_WRITE,,True,True,True,True,2,0
bounds_write-wrapper-2,"{""idx"":2,""value"":1}","{""noise_0"":0,""noise_1"":0,""noise_2"":1,""noise_3"":1}",True,OOB_WRITE,OOB_WRITE,,True,True,True,True,2,0
bounds_write-wrapper-2,"{""idx"":-1,""value"":0}","{""noise_0"":0,""noise_1"":1,""noise_2"":0,""noise_3"":0}",True,OOB_WRITE,OOB_WRITE,,True,True,True,True,2,0
bounds_write-wrapper-2,"{""idx"":-1,""value"":1}","{""noise_0"":0,""noise_1"":1,""noise_2"":0,""noise_3"":0}",True,OOB_WRITE,OOB_WRITE,,True,True,True,True,2,0
bounds_write-wrapper-2,"{""idx"":0,""value"":0}","{""noise_0"":0,""noise_1"":1,""noise_2"":0,""noise_3"":0}",True,OOB_WRITE,,,True,True,True,True,2,0
bounds_write-wrapper-2,"{""idx"":0,""value"":1}","{""noise_0"":0,""noise_1"":1,""noise_2"":0,""noise_3"":0}",True,OOB_WRITE,,,True,True,True,True,2,0
bounds_write-wrapper-2,"{""idx"":1,""value"":0}","{""noise_0"":0,""noise_1"":1,""noise_2"":0,""noise_3"":0}",True,OOB_WRITE,,,True,True,True,True,2,0
bounds_write-wrapper-2,"{""idx"":1,""value"":1}","{""noise_0"":0,""noise_1"":1,""noise_2"":0,""noise_3"":0}",True,OOB_WRITE,,,True,True,True,True,2,0
bounds_write-wrapper-2,"{""idx"":2,""value"":0}","{""noise_0"":0,""noise_1"":1,""noise_2"":0,""noise_3"":0}",True,OOB_WRITE,OOB_WRITE,,True,True,True,True,2,0
bounds_write-wrapper-2,"{""idx"":2,""value"":1}","{""noise_0"":0,""noise_1"":1,""noise_2"":0,""noise_3"":0}",True,OOB_WRITE,OOB_WRITE,,True,True,True,True,2,0
bounds_write-wrapper-2,"{""idx"":-1,""value"":0}","{""noise_0"":0,""noise_1"":1,""noise_2"":0,""noise_3"":1}",True,OOB_WRITE,OOB_WRITE,,True,True,True,True,2,0
bounds_write-wrapper-2,"{""idx"":-1,""value"":1}","{""noise_0"":0,""noise_1"":1,""noise_2"":0,""noise_3"":1}",True,OOB_WRITE,OOB_WRITE,,True,True,True,True,2,0
bounds_write-wrapper-2,"{""idx"":0,""value"":0}","{""noise_0"":0,""noise_1"":1,""noise_2"":0,""noise_3"":1}",True,OOB_WRITE,,,True,True,True,True,2,0
bounds_write-wrapper-2,"{""idx"":0,""value"":1}","{""noise_0"":0,""noise_1"":1,""noise_2"":0,""noise_3"":1}",True,OOB_WRITE,,,True,True,True,True,2,0
bounds_write-wrapper-2,"{""idx"":1,""value"":0}","{""noise_0"":0,""noise_1"":1,""noise_2"":0,""noise_3"":1}",True,OOB_WRITE,,,True,True,True,True,2,0
bounds_write-wrapper-2,"{""idx"":1,""value"":1}","{""noise_0"":0,""noise_1"":1,""noise_2"":0,""noise_3"":1}",True,OOB_WRITE,,,True,True,True,True,2,0
bounds_write-wrapper-2,"{""idx"":2,""value"":0}","{""noise_0"":0,""noise_1"":1,""noise_2"":0,""noise_3"":1}",True,OOB_WRITE,OOB_WRITE,,True,True,True,True,2,0
bounds_write-wrapper-2,"{""idx"":2,""value"":1}","{""noise_0"":0,""noise_1"":1,""noise_2"":0,""noise_3"":1}",True,OOB_WRITE,OOB_WRITE,,True,True,True,True,2,0
bounds_write-wrapper-2,"{""idx"":-1,""value"":0}","{""noise_0"":0,""noise_1"":1,""noise_2"":1,""noise_3"":0}",True,OOB_WRITE,OOB_WRITE,,True,True,True,True,2,0
bounds_write-wrapper-2,"{""idx"":-1,""value"":1}","{""noise_0"":0,""noise_1"":1,""noise_2"":1,""noise_3"":0}",True,OOB_WRITE,OOB_WRITE,,True,True,True,True,2,0
bounds_write-wrapper-2,"{""idx"":0,""value"":0}","{""noise_0"":0,""noise_1"":1,""noise_2"":1,""noise_3"":0}",True,OOB_WRITE,,,True,True,True,True,2,0
bounds_write-wrapper-2,"{""idx"":0,""value"":1}","{""noise_0"":0,""noise_1"":1,""noise_2"":1,""noise_3"":0}",True,OOB_WRITE,,,True,True,True,True,2,0
bounds_write-wrapper-2,"{""idx"":1,""value"":0}","{""noise_0"":0,""noise_1"":1,""noise_2"":1,""noise_3"":0}",True,OOB_WRITE,,,True,True,True,True,2,0
bounds_write-wrapper-2,"{""idx"":1,""value"":1}","{""noise_0"":0,""noise_1"":1,""noise_2"":1,""noise_3"":0}",True,OOB_WRITE,,,True,True,True,True,2,0
bounds_write-wrapper-2,"{""idx"":2,""value"":0}","{""noise_0"":0,""noise_1"":1,""noise_2"":1,""noise_3"":0}",True,OOB_WRITE,OOB_WRITE,,True,True,True,True,2,0
bounds_write-wrapper-2,"{""idx"":2,""value"":1}","{""noise_0"":0,""noise_1"":1,""noise_2"":1,""noise_3"":0}",True,OOB_WRITE,OOB_WRITE,,True,True,True,True,2,0
bounds_write-wrapper-2,"{""idx"":-1,""value"":0}","{""noise_0"":0,""noise_1"":1,""noise_2"":1,""noise_3"":1}",True,OOB_WRITE,OOB_WRITE,,True,True,True,True,2,0
bounds_write-wrapper-2,"{""idx"":-1,""value"":1}","{""noise_0"":0,""noise_1"":1,""noise_2"":1,""noise_3"":1}",True,OOB_WRITE,OOB_WRITE,,True,True,True,True,2,0
bounds_write-wrapper-2,"{""idx"":0,""value"":0}","{""noise_0"":0,""noise_1"":1,""noise_2"":1,""noise_3"":1}",True,OOB_WRITE,,,True,True,True,True,2,0
bounds_write-wrapper-2,"{""idx"":0,""value"":1}","{""noise_0"":0,""noise_1"":1,""noise_2"":1,""noise_3"":1}",True,OOB_WRITE,,,True,True,True,True,2,0
bounds_write-wrapper-2,"{""idx"":1,""value"":0}","{""noise_0"":0,""noise_1"":1,""noise_2"":1,""noise_3"":1}",True,OOB_WRITE,,,True,True,True,True,2,0
bounds_write-wrapper-2,"{""idx"":1,""value"":1}","{""noise_0"":0,""noise_1"":1,""noise_2"":1,""noise_3"":1}",True,OOB_WRITE,,,True,True,True,True,2,0
bounds_write-wrapper-2,"{""idx"":2,""value"":0}","{""noise_0"":0,""noise_1"":1,""noise_2"":1,""noise_3"":1}",True,OOB_WRITE,OOB_WRITE,,True,True,True,True,2,0
bounds_write-wrapper-2,"{""idx"":2,""value"":1}","{""noise_0"":0,""noise_1"":1,""noise_2"":1,""noise_3"":1}",True,OOB_WRITE,OOB_WRITE,,True,True,True,True,2,0
bounds_write-wrapper-2,"{""idx"":-1,""value"":0}","{""noise_0"":1,""noise_1"":0,""noise_2"":0,""noise_3"":0}",True,OOB_WRITE,OOB_WRITE,,True,True,True,True,2,0
bounds_write-wrapper-2,"{""idx"":-1,""value"":1}","{""noise_0"":1,""noise_1"":0,""noise_2"":0,""noise_3"":0}",True,OOB_WRITE,OOB_WRITE,,True,True,True,True,2,0
bounds_write-wrapper-2,"{""idx"":0,""value"":0}","{""noise_0"":1,""noise_1"":0,""noise_2"":0,""noise_3"":0}",True,OOB_WRITE,,,True,True,True,True,2,0
bounds_write-wrapper-2,"{""idx"":0,""value"":1}","{""noise_0"":1,""noise_1"":0,""noise_2"":0,""noise_3"":0}",True,OOB_WRITE,,,True,True,True,True,2,0
bounds_write-wrapper-2,"{""idx"":1,""value"":0}","{""noise_0"":1,""noise_1"":0,""noise_2"":0,""noise_3"":0}",True,OOB_WRITE,,,True,True,True,True,2,0
bounds_write-wrapper-2,"{""idx"":1,""value"":1}","{""noise_0"":1,""noise_1"":0,""noise_2"":0,""noise_3"":0}",True,OOB_WRITE,,,True,True,True,True,2,0
bounds_write-wrapper-2,"{""idx"":2,""value"":0}","{""noise_0"":1,""noise_1"":0,""noise_2"":0,""noise_3"":0}",True,OOB_WRITE,OOB_WRITE,,True,True,True,True,2,0
bounds_write-wrapper-2,"{""idx"":2,""value"":1}","{""noise_0"":1,""noise_1"":0,""noise_2"":0,""noise_3"":0}",True,OOB_WRITE,OOB_WRITE,,True,True,True,True,2,0
bounds_write-wrapper-2,"{""idx"":-1,""value"":0}","{""noise_0"":1,""noise_1"":0,""noise_2"":0,""noise_3"":1}",True,OOB_WRITE,OOB_WRITE,,True,True,True,True,2,0
bounds_write-wrapper-2,"{""idx"":-1,""value"":1}","{""noise_0"":1,""noise_1"":0,""noise_2"":0,""noise_3"":1}",True,OOB_WRITE,OOB_WRITE,,True,True,True,True,2,0
bounds_write-wrapper-2,"{""idx"":0,""value"":0}","{""noise_0"":1,""noise_1"":0,""noise_2"":0,""noise_3"":1}",True,OOB_WRITE,,,True,True,True,True,2,0
bounds_write-wrapper-2,"{""idx"":0,""value"":1}","{""noise_0"":1,""noise_1"":0,""noise_2"":0,""noise_3"":1}",True,OOB_WRITE,,,True,True,True,True,2,0
bounds_write-wrapper-2,"{""idx"":1,""value"":0}","{""noise_0"":1,""noise_1"":0,""noise_2"":0,""noise_3"":1}",True,OOB_WRITE,,,True,True,True,True,2,0
bounds_write-wrapper-2,"{""idx"":1,""value"":1}","{""noise_0"":1,""noise_1"":0,""noise_2"":0,""noise_3"":1}",True,OOB_WRITE,,,True,True,True,True,2,0
bounds_write-wrapper-2,"{""idx"":2,""value"":0}","{""noise_0"":1,""noise_1"":0,""noise_2"":0,""noise_3"":1}",True,OOB_WRITE,OOB_WRITE,,True,True,True,True,2,0
bounds_write-wrapper-2,"{""idx"":2,""value"":1}","{""noise_0"":1,""noise_1"":0,""noise_2"":0,""noise_3"":1}",True,OOB_WRITE,OOB_WRITE,,True,True,True,True,2,0
bounds_write-wrapper-2,"{""idx"":-1,""value"":0}","{""noise_0"":1,""noise_1"":0,""noise_2"":1,""noise_3"":0}",True,OOB_WRITE,OOB_WRITE,,True,True,True,True,2,0
bounds_write-wrapper-2,"{""idx"":-1,""value"":1}","{""noise_0"":1,""noise_1"":0,""noise_2"":1,""noise_3"":0}",True,OOB_WRITE,OOB_WRITE,,True,True,True,True,2,0
bounds_write-wrapper-2,"{""idx"":0,""value"":0}","{""noise_0"":1,""noise_1"":0,""noise_2"":1,""noise_3"":0}",True,OOB_WRITE,,,True,True,True,True,2,0
bounds_write-wrapper-2,"{""idx"":0,""value"":1}","{""noise_0"":1,""noise_1"":0,""noise_2"":1,""noise_3"":0}",True,OOB_WRITE,,,True,True,True,True,2,0
bounds_write-wrapper-2,"{""idx"":1,""value"":0}","{""noise_0"":1,""noise_1"":0,""noise_2"":1,""noise_3"":0}",True,OOB_WRITE,,,True,True,True,True,2,0
bounds_write-wrapper-2,"{""idx"":1,""value"":1}","{""noise_0"":1,""noise_1"":0,""noise_2"":1,""noise_3"":0}",True,OOB_WRITE,,,True,True,True,True,2,0
bounds_write-wrapper-2,"{""idx"":2,""value"":0}","{""noise_0"":1,""noise_1"":0,""noise_2"":1,""noise_3"":0}",True,OOB_WRITE,OOB_WRITE,,True,True,True,True,2,0
bounds_write-wrapper-2,"{""idx"":2,""value"":1}","{""noise_0"":1,""noise_1"":0,""noise_2"":1,""noise_3"":0}",True,OOB_WRITE,OOB_WRITE,,True,True,True,True,2,0
bounds_write-wrapper-2,"{""idx"":-1,""value"":0}","{""noise_0"":1,""noise_1"":0,""noise_2"":1,""noise_3"":1}",True,OOB_WRITE,OOB_WRITE,,True,True,True,True,2,0
bounds_write-wrapper-2,"{""idx"":-1,""value"":1}","{""noise_0"":1,""noise_1"":0,""noise_2"":1,""noise_3"":1}",True,OOB_WRITE,OOB_WRITE,,True,True,True,True,2,0
bounds_write-wrapper-2,"{""idx"":0,""value"":0}","{""noise_0"":1,""noise_1"":0,""noise_2"":1,""noise_3"":1}",True,OOB_WRITE,,,True,True,True,True,2,0
bounds_write-wrapper-2,"{""idx"":0,""value"":1}","{""noise_0"":1,""noise_1"":0,""noise_2"":1,""noise_3"":1}",True,OOB_WRITE,,,True,True,True,True,2,0
bounds_write-wrapper-2,"{""idx"":1,""value"":0}","{""noise_0"":1,""noise_1"":0,""noise_2"":1,""noise_3"":1}",True,OOB_WRITE,,,True,True,True,True,2,0
bounds_write-wrapper-2,"{""idx"":1,""value"":1}","{""noise_0"":1,""noise_1"":0,""noise_2"":1,""noise_3"":1}",True,OOB_WRITE,,,True,True,True,True,2,0
bounds_write-wrapper-2,"{""idx"":2,""value"":0}","{""noise_0"":1,""noise_1"":0,""noise_2"":1,""noise_3"":1}",True,OOB_WRITE,OOB_WRITE,,True,True,True,True,2,0
bounds_write-wrapper-2,"{""idx"":2,""value"":1}","{""noise_0"":1,""noise_1"":0,""noise_2"":1,""noise_3"":1}",True,OOB_WRITE,OOB_WRITE,,True,True,True,True,2,0
bounds_write-wrapper-2,"{""idx"":-1,""value"":0}","{""noise_0"":1,""noise_1"":1,""noise_2"":0,""noise_3"":0}",True,OOB_WRITE,OOB_WRITE,,True,True,True,True,2,0
bounds_write-wrapper-2,"{""idx"":-1,""value"":1}","{""noise_0"":1,""noise_1"":1,""noise_2"":0,""noise_3"":0}",True,OOB_WRITE,OOB_WRITE,,True,True,True,True,2,0
bounds_write-wrapper-2,"{""idx"":0,""value"":0}","{""noise_0"":1,""noise_1"":1,""noise_2"":0,""noise_3"":0}",True,OOB_WRITE,,,True,True,True,True,2,0
bounds_write-wrapper-2,"{""idx"":0,""value"":1}","{""noise_0"":1,""noise_1"":1,""noise_2"":0,""noise_3"":0}",True,OOB_WRITE,,,True,True,True,True,2,0
bounds_write-wrapper-2,"{""idx"":1,""value"":0}","{""noise_0"":1,""noise_1"":1,""noise_2"":0,""noise_3"":0}",True,OOB_WRITE,,,True,True,True,True,2,0
bounds_write-wrapper-2,"{""idx"":1,""value"":1}","{""noise_0"":1,""noise_1"":1,""noise_2"":0,""noise_3"":0}",True,OOB_WRITE,,,True,True,True,True,2,0
bounds_write-wrapper-2,"{""idx"":2,""value"":0}","{""noise_0"":1,""noise_1"":1,""noise_2"":0,""noise_3"":0}",True,OOB_WRITE,OOB_WRITE,,True,True,True,True,2,0
bounds_write-wrapper-2,"{""idx"":2,""value"":1}","{""noise_0"":1,""noise_1"":1,""noise_2"":0,""noise_3"":0}",True,OOB_WRITE,OOB_WRITE,,True,True,True,True,2,0
bounds_write-wrapper-2,"{""idx"":-1,""value"":0}","{""noise_0"":1,""noise_1"":1,""noise_2"":0,""noise_3"":1}",True,OOB_WRITE,OOB_WRITE,,True,True,True,True,2,0
bounds_write-wrapper-2,"{""idx"":-1,""value"":1}","{""noise_0"":1,""noise_1"":1,""noise_2"":0,""noise_3"":1}",True,OOB_WRITE,OOB_WRITE,,True,True,True,True,2,0
bounds_write-wrapper-2,"{""idx"":0,""value"":0}","{""noise_0"":1,""noise_1"":1,""noise_2"":0,""noise_3"":1}",True,OOB_WRITE,,,True,True,True,True,2,0
bounds_write-wrapper-2,"{""idx"":0,""value"":1}","{""noise_0"":1,""noise_1"":1,""noise_2"":0,""noise_3"":1}",True,OOB_WRITE,,,True,True,True,True,2,0
bounds_write-wrapper-2,"{""idx"":1,""value"":0}","{""noise_0"":1,""noise_1"":1,""noise_2"":0,""noise_3"":1}",True,OOB_WRITE,,,True,True,True,True,2,0
bounds_write-wrapper-2,"{""idx"":1,""value"":1}","{""noise_0"":1,""noise_1"":1,""noise_2"":0,""noise_3"":1}",True,OOB_WRITE,,,True,True,True,True,2,0
bounds_write-wrapper-2,"{""idx"":2,""value"":0}","{""noise_0"":1,""noise_1"":1,""noise_2"":0,""noise_3"":1}",True,OOB_WRITE,OOB_WRITE,,True,True,True,True,2,0
bounds_write-wrapper-2,"{""idx"":2,""value"":1}","{""noise_0"":1,""noise_1"":1,""noise_2"":0,""noise_3"":1}",True,OOB_WRITE,OOB_WRITE,,True,True,True,True,2,0
bounds_write-wrapper-2,"{""idx"":-1,""value"":0}","{""noise_0"":1,""noise_1"":1,""noise_2"":1,""noise_3"":0}",True,OOB_WRITE,OOB_WRITE,,True,True,True,True,2,0
bounds_write-wrapper-2,"{""idx"":-1,""value"":1}","{""noise_0"":1,""noise_1"":1,""noise_2"":1,""noise_3"":0}",True,OOB_WRITE,OOB_WRITE,,True,True,True,True,2,0
bounds_write-wrapper-2,"{""idx"":0,""value"":0}","{""noise_0"":1,""noise_1"":1,""noise_2"":1,""noise_3"":0}",True,OOB_WRITE,,,True,True,True,True,2,0
bounds_write-wrapper-2,"{""idx"":0,""value"":1}","{""noise_0"":1,""noise_1"":1,""noise_2"":1,""noise_3"":0}",True,OOB_WRITE,,,True,True,True,True,2,0
bounds_write-wrapper-2,"{""idx"":1,""value"":0}","{""noise_0"":1,""noise_1"":1,""noise_2"":1,""noise_3"":0}",True,OOB_WRITE,,,True,True,True,True,2,0
bounds_write-wrapper-2,"{""idx"":1,""value"":1}","{""noise_0"":1,""noise_1"":1,""noise_2"":1,""noise_3"":0}",True,OOB_WRITE,,,True,True,True,True,2,0
bounds_write-wrapper-2,"{""idx"":2,""value"":0}","{""noise_0"":1,""noise_1"":1,""noise_2"":1,""noise_3"":0}",True,OOB_WRITE,OOB_WRITE,,True,True,True,True,2,0
bounds_write-wrapper-2,"{""idx"":2,""value"":1}","{""noise_0"":1,""noise_1"":1,""noise_2"":1,""noise_3"":0}",True,OOB_WRITE,OOB_WRITE,,True,True,True,True,2,0
bounds_write-wrapper-2,"{""idx"":-1,""value"":0}","{""noise_0"":1,""noise_1"":1,""noise_2"":1,""noise_3"":1}",True,OOB_WRITE,OOB_WRITE,,True,True,True,True,2,0
bounds_write-wrapper-2,"{""idx"":-1,""value"":1}","{""noise_0"":1,""noise_1"":1,""noise_2"":1,""noise_3"":1}",True,OOB_WRITE,OOB_WRITE,,True,True,True,True,2,0
bounds_write-wrapper-2,"{""idx"":0,""value"":0}","{""noise_0"":1,""noise_1"":1,""noise_2"":1,""noise_3"":1}",True,OOB_WRITE,,,True,True,True,True,2,0
bounds_write-wrapper-2,"{""idx"":0,""value"":1}","{""noise_0"":1,""noise_1"":1,""noise_2"":1,""noise_3"":1}",True,OOB_WRITE,,,True,True,True,True,2,0
bounds_write-wrapper-2,"{""idx"":1,""value"":0}","{""noise_0"":1,""noise_1"":1,""noise_2"":1,""noise_3"":1}",True,OOB_WRITE,,,True,True,True,True,2,0
bounds_write-wrapper-2,"{""idx"":1,""value"":1}","{""noise_0"":1,""noise_1"":1,""noise_2"":1,""noise_3"":1}",True,OOB_WRITE,,,True,True,True,True,2,0
bounds_write-wrapper-2,"{""idx"":2,""value"":0}","{""noise_0"":1,""noise_1"":1,""noise_2"":1,""noise_3"":1}",True,OOB_WRITE,OOB_WRITE,,True,True,True,True,2,0
bounds_write-wrapper-2,"{""idx"":2,""value"":1}","{""noise_0"":1,""noise_1"":1,""noise_2"":1,""noise_3"":1}",True,OOB_WRITE,OOB_WRITE,,True,True,True,True,2,0
bounds_write-wrapper-3,"{""idx"":-1,""value"":0}","{""noise_0"":0,""noise_1"":0,""noise_2"":0,""noise_3"":0}",True,OOB_WRITE,OOB_WRITE,,True,True,True,True,2,0
bounds_write-wrapper-3,"{""idx"":-1,""value"":1}","{""noise_0"":0,""noise_1"":0,""noise_2"":0,""noise_3"":0}",True,OOB_WRITE,OOB_WRITE,,True,True,True,True,2,0
bounds_write-wrapper-3,"{""idx"":0,""value"":0}","{""noise_0"":0,""noise_1"":0,""noise_2"":0,""noise_3"":0}",True,OOB_WRITE,,,True,True,True,True,2,0
bounds_write-wrapper-3,"{""idx"":0,""value"":1}","{""noise_0"":0,""noise_1"":0,""noise_2"":0,""noise_3"":0}",True,OOB_WRITE,,,True,True,True,True,2,0
bounds_write-wrapper-3,"{""idx"":1,""value"":0}","{""noise_0"":0,""noise_1"":0,""noise_2"":0,""noise_3"":0}",True,OOB_WRITE,,,True,True,True,True,2,0
bounds_write-wrapper-3,"{""idx"":1,""value"":1}","{""noise_0"":0,""noise_1"":0,""noise_2"":0,""noise_3"":0}",True,OOB_WRITE,,,True,True,True,True,2,0
bounds_write-wrapper-3,"{""idx"":2,""value"":0}","{""noise_0"":0,""noise_1"":0,""noise_2"":0,""noise_3"":0}",True,OOB_WRITE,OOB_WRITE,,True,True,True,True,2,0
bounds_write-wrapper-3,"{""idx"":2,""value"":1}","{""noise_0"":0,""noise_1"":0,""noise_2"":0,""noise_3"":0}",True,OOB_WRITE,OOB_WRITE,,True,True,True,True,2,0
bounds_write-wrapper-3,"{""idx"":-1,""value"":0}","{""noise_0"":0,""noise_1"":0,""noise_2"":0,""noise_3"":1}",True,OOB_WRITE,OOB_WRITE,,True,True,True,True,2,0
bounds_write-wrapper-3,"{""idx"":-1,""value"":1}","{""noise_0"":0,""noise_1"":0,""noise_2"":0,""noise_3"":1}",True,OOB_WRITE,OOB_WRITE,,True,True,True,True,2,0
bounds_write-wrapper-3,"{""idx"":0,""value"":0}","{""noise_0"":0,""noise_1"":0,""noise_2"":0,""noise_3"":1}",True,OOB_WRITE,,,True,True,True,True,2,0
bounds_write-wrapper-3,"{""idx"":0,""value"":1}","{""noise_0"":0,""noise_1"":0,""noise_2"":0,""noise_3"":1}",True,OOB_WRITE,,,True,True,True,True,2,0
bounds_write-wrapper-3,"{""idx"":1,""value"":0}","{""noise_0"":0,""noise_1"":0,""noise_2"":0,""noise_3"":1}",True,OOB_WRITE,,,True,True,True,True,2,0
bounds_write-wrapper-3,"{""idx"":1,""value"":1}","{""noise_0"":0,""noise_1"":0,""noise_2"":0,""noise_3"":1}",True,OOB_WRITE,,,True,True,True,True,2,0
bounds_write-wrapper-3,"{""idx"":2,""value"":0}","{""noise_0"":0,""noise_1"":0,""noise_2"":0,""noise_3"":1}",True,OOB_WRITE,OOB_WRITE,,True,True,True,True,2,0
bounds_write-wrapper-3,"{""idx"":2,""value"":1}","{""noise_0"":0,""noise_1"":0,""noise_2"":0,""noise_3"":1}",True,OOB_WRITE,OOB_WRITE,,True,True,True,True,2,0
bounds_write-wrapper-3,"{""idx"":-1,""value"":0}","{""noise_0"":0,""noise_1"":0,""noise_2"":1,""noise_3"":0}",True,OOB_WRITE,OOB_WRITE,,True,True,True,True,2,0
bounds_write-wrapper-3,"{""idx"":-1,""value"":1}","{""noise_0"":0,""noise_1"":0,""noise_2"":1,""noise_3"":0}",True,OOB_WRITE,OOB_WRITE,,True,True,True,True,2,0
bounds_write-wrapper-3,"{""idx"":0,""value"":0}","{""noise_0"":0,""noise_1"":0,""noise_2"":1,""noise_3"":0}",True,OOB_WRITE,,,True,True,True,True,2,0
bounds_write-wrapper-3,"{""idx"":0,""value"":1}","{""noise_0"":0,""noise_1"":0,""noise_2"":1,""noise_3"":0}",True,OOB_WRITE,,,True,True,True,True,2,0
bounds_write-wrapper-3,"{""idx"":1,""value"":0}","{""noise_0"":0,""noise_1"":0,""noise_2"":1,""noise_3"":0}",True,OOB_WRITE,,,True,True,True,True,2,0
bounds_write-wrapper-3,"{""idx"":1,""value"":1}","{""noise_0"":0,""noise_1"":0,""noise_2"":1,""noise_3"":0}",True,OOB_WRITE,,,True,True,True,True,2,0
bounds_write-wrapper-3,"{""idx"":2,""value"":0}","{""noise_0"":0,""noise_1"":0,""noise_2"":1,""noise_3"":0}",True,OOB_WRITE,OOB_WRITE,,True,True,True,True,2,0
bounds_write-wrapper-3,"{""idx"":2,""value"":1}","{""noise_0"":0,""noise_1"":0,""noise_2"":1,""noise_3"":0}",True,OOB_WRITE,OOB_WRITE,,True,True,True,True,2,0
bounds_write-wrapper-3,"{""idx"":-1,""value"":0}","{""noise_0"":0,""noise_1"":0,""noise_2"":1,""noise_3"":1}",True,OOB_WRITE,OOB_WRITE,,True,True,True,True,2,0
bounds_write-wrapper-3,"{""idx"":-1,""value"":1}","{""noise_0"":0,""noise_1"":0,""noise_2"":1,""noise_3"":1}",True,OOB_WRITE,OOB_WRITE,,True,True,True,True,2,0
bounds_write-wrapper-3,"{""idx"":0,""value"":0}","{""noise_0"":0,""noise_1"":0,""noise_2"":1,""noise_3"":1}",True,OOB_WRITE,,,True,True,True,True,2,0
bounds_write-wrapper-3,"{""idx"":0,""value"":1}","{""noise_0"":0,""noise_1"":0,""noise_2"":1,""noise_3"":1}",True,OOB_WRITE,,,True,True,True,True,2,0
bounds_write-wrapper-3,"{""idx"":1,""value"":0}","{""noise_0"":0,""noise_1"":0,""noise_2"":1,""noise_3"":1}",True,OOB_WRITE,,,True,True,True,True,2,0
bounds_write-wrapper-3,"{""idx"":1,""value"":1}","{""noise_0"":0,""noise_1"":0,""noise_2"":1,""noise_3"":1}",True,OOB_WRITE,,,True,True,True,True,2,0
bounds_write-wrapper-3,"{""idx"":2,""value"":0}","{""noise_0"":0,""noise_1"":0,""noise_2"":1,""noise_3"":1}",True,OOB_WRITE,OOB_WRITE,,True,True,True,True,2,0
bounds_write-wrapper-3,"{""idx"":2,""value"":1}","{""noise_0"":0,""noise_1"":0,""noise_2"":1,""noise_3"":1}",True,OOB_WRITE,OOB_WRITE,,True,True,True,True,2,0
bounds_write-wrapper-3,"{""idx"":-1,""value"":0}","{""noise_0"":0,""noise_1"":1,""noise_2"":0,""noise_3"":0}",True,OOB_WRITE,OOB_WRITE,,True,True,True,True,2,0
bounds_write-wrapper-3,"{""idx"":-1,""value"":1}","{""noise_0"":0,""noise_1"":1,""noise_2"":0,""noise_3"":0}",True,OOB_WRITE,OOB_WRITE,,True,True,True,True,2,0
bounds_write-wrapper-3,"{""idx"":0,""value"":0}","{""noise_0"":0,""noise_1"":1,""noise_2"":0,""noise_3"":0}",True,OOB_WRITE,,,True,True,True,True,2,0
bounds_write-wrapper-3,"{""idx"":0,""value"":1}","{""noise_0"":0,""noise_1"":1,""noise_2"":0,""noise_3"":0}",True,OOB_WRITE,,,True,True,True,True,2,0
bounds_write-wrapper-3,"{""idx"":1,""value"":0}","{""noise_0"":0,""noise_1"":1,""noise_2"":0,""noise_3"":0}",True,OOB_WRITE,,,True,True,True,True,2,0
bounds_write-wrapper-3,"{""idx"":1,""value"":1}","{""noise_0"":0,""noise_1"":1,""noise_2"":0,""noise_3"":0}",True,OOB_WRITE,,,True,True,True,True,2,0
bounds_write-wrapper-3,"{""idx"":2,""value"":0}","{""noise_0"":0,""noise_1"":1,""noise_2"":0,""noise_3"":0}",True,OOB_WRITE,OOB_WRITE,,True,True,True,True,2,0
bounds_write-wrapper-3,"{""idx"":2,""value"":1}","{""noise_0"":0,""noise_1"":1,""noise_2"":0,""noise_3"":0}",True,OOB_WRITE,OOB_WRITE,,True,True,True,True,2,0
bounds_write-wrapper-3,"{""idx"":-1,""value"":0}","{""noise_0"":0,""noise_1"":1,""noise_2"":0,""noise_3"":1}",True,OOB_WRITE,OOB_WRITE,,True,True,True,True,2,0
bounds_write-wrapper-3,"{""idx"":-1,""value"":1}","{""noise_0"":0,""noise_1"":1,""noise_2"":0,""noise_3"":1}",True,OOB_WRITE,OOB_WRITE,,True,True,True,True,2,0
bounds_write-wrapper-3,"{""idx"":0,""value"":0}","{""noise_0"":0,""noise_1"":1,""noise_2"":0,""noise_3"":1}",True,OOB_WRITE,,,True,True,True,True,2,0
bounds_write-wrapper-3,"{""idx"":0,""value"":1}","{""noise_0"":0,""noise_1"":1,""noise_2"":0,""noise_3"":1}",True,OOB_WRITE,,,True,True,True,True,2,0
bounds_write-wrapper-3,"{""idx"":1,""value"":0}","{""noise_0"":0,""noise_1"":1,""noise_2"":0,""noise_3"":1}",True,OOB_WRITE,,,True,True,True,True,2,0
bounds_write-wrapper-3,"{""idx"":1,""value"":1}","{""noise_0"":0,""noise_1"":1,""noise_2"":0,""noise_3"":1}",True,OOB_WRITE,,,True,True,True,True,2,0
bounds_write-wrapper-3,"{""idx"":2,""value"":0}","{""noise_0"":0,""noise_1"":1,""noise_2"":0,""noise_3"":1}",True,OOB_WRITE,OOB_WRITE,,True,True,True,True,2,0
bounds_write-wrapper-3,"{""idx"":2,""value"":1}","{""noise_0"":0,""noise_1"":1,""noise_2"":0,""noise_3"":1}",True,OOB_WRITE,OOB_WRITE,,True,True,True,True,2,0
bounds_write-wrapper-3,"{""idx"":-1,""value"":0}","{""noise_0"":0,""noise_1"":1,""noise_2"":1,""noise_3"":0}",True,OOB_WRITE,OOB_WRITE,,True,True,True,True,2,0
bounds_write-wrapper-3,"{""idx"":-1,""value"":1}","{""noise_0"":0,""noise_1"":1,""noise_2"":1,""noise_3"":0}",True,OOB_WRITE,OOB_WRITE,,True,True,True,True,2,0
bounds_write-wrapper-3,"{""idx"":0,""value"":0}","{""noise_0"":0,""noise_1"":1,""noise_2"":1,""noise_3"":0}",True,OOB_WRITE,,,True,True,True,True,2,0
bounds_write-wrapper-3,"{""idx"":0,""value"":1}","{""noise_0"":0,""noise_1"":1,""noise_2"":1,""noise_3"":0}",True,OOB_WRITE,,,True,True,True,True,2,0
bounds_write-wrapper-3,"{""idx"":1,""value"":0}","{""noise_0"":0,""noise_1"":1,""noise_2"":1,""noise_3"":0}",True,OOB_WRITE,,,True,True,True,True,2,0
bounds_write-wrapper-3,"{""idx"":1,""value"":1}","{""noise_0"":0,""noise_1"":1,""noise_2"":1,""noise_3"":0}",True,OOB_WRITE,,,True,True,True,True,2,0
bounds_write-wrapper-3,"{""idx"":2,""value"":0}","{""noise_0"":0,""noise_1"":1,""noise_2"":1,""noise_3"":0}",True,OOB_WRITE,OOB_WRITE,,True,True,True,True,2,0
bounds_write-wrapper-3,"{""idx"":2,""value"":1}","{""noise_0"":0,""noise_1"":1,""noise_2"":1,""noise_3"":0}",True,OOB_WRITE,OOB_WRITE,,True,True,True,True,2,0
bounds_write-wrapper-3,"{""idx"":-1,""value"":0}","{""noise_0"":0,""noise_1"":1,""noise_2"":1,""noise_3"":1}",True,OOB_WRITE,OOB_WRITE,,True,True,True,True,2,0
bounds_write-wrapper-3,"{""idx"":-1,""value"":1}","{""noise_0"":0,""noise_1"":1,""noise_2"":1,""noise_3"":1}",True,OOB_WRITE,OOB_WRITE,,True,True,True,True,2,0
bounds_write-wrapper-3,"{""idx"":0,""value"":0}","{""noise_0"":0,""noise_1"":1,""noise_2"":1,""noise_3"":1}",True,OOB_WRITE,,,True,True,True,True,2,0
bounds_write-wrapper-3,"{""idx"":0,""value"":1}","{""noise_0"":0,""noise_1"":1,""noise_2"":1,""noise_3"":1}",True,OOB_WRITE,,,True,True,True,True,2,0
bounds_write-wrapper-3,"{""idx"":1,""value"":0}","{""noise_0"":0,""noise_1"":1,""noise_2"":1,""noise_3"":1}",True,OOB_WRITE,,,True,True,True,True,2,0
bounds_write-wrapper-3,"{""idx"":1,""value"":1}","{""noise_0"":0,""noise_1"":1,""noise_2"":1,""noise_3"":1}",True,OOB_WRITE,,,True,True,True,True,2,0
bounds_write-wrapper-3,"{""idx"":2,""value"":0}","{""noise_0"":0,""noise_1"":1,""noise_2"":1,""noise_3"":1}",True,OOB_WRITE,OOB_WRITE,,True,True,True,True,2,0
bounds_write-wrapper-3,"{""idx"":2,""value"":1}","{""noise_0"":0,""noise_1"":1,""noise_2"":1,""noise_3"":1}",True,OOB_WRITE,OOB_WRITE,,True,True,True,True,2,0
bounds_write-wrapper-3,"{""idx"":-1,""value"":0}","{""noise_0"":1,""noise_1"":0,""noise_2"":0,""noise_3"":0}",True,OOB_WRITE,OOB_WRITE,,True,True,True,True,2,0
bounds_write-wrapper-3,"{""idx"":-1,""value"":1}","{""noise_0"":1,""noise_1"":0,""noise_2"":0,""noise_3"":0}",True,OOB_WRITE,OOB_WRITE,,True,True,True,True,2,0
bounds_write-wrapper-3,"{""idx"":0,""value"":0}","{""noise_0"":1,""noise_1"":0,""noise_2"":0,""noise_3"":0}",True,OOB_WRITE,,,True,True,True,True,2,0
bounds_write-wrapper-3,"{""idx"":0,""value"":1}","{""noise_0"":1,""noise_1"":0,""noise_2"":0,""noise_3"":0}",True,OOB_WRITE,,,True,True,True,True,2,0
bounds_write-wrapper-3,"{""idx"":1,""value"":0}","{""noise_0"":1,""noise_1"":0,""noise_2"":0,""noise_3"":0}",True,OOB_WRITE,,,True,True,True,True,2,0
bounds_write-wrapper-3,"{""idx"":1,""value"":1}","{""noise_0"":1,""noise_1"":0,""noise_2"":0,""noise_3"":0}",True,OOB_WRITE,,,True,True,True,True,2,0
bounds_write-wrapper-3,"{""idx"":2,""value"":0}","{""noise_0"":1,""noise_1"":0,""noise_2"":0,""noise_3"":0}",True,OOB_WRITE,OOB_WRITE,,True,True,True,True,2,0
bounds_write-wrapper-3,"{""idx"":2,""value"":1}","{""noise_0"":1,""noise_1"":0,""noise_2"":0,""noise_3"":0}",True,OOB_WRITE,OOB_WRITE,,True,True,True,True,2,0
bounds_write-wrapper-3,"{""idx"":-1,""value"":0}","{""noise_0"":1,""noise_1"":0,""noise_2"":0,""noise_3"":1}",True,OOB_WRITE,OOB_WRITE,,True,True,True,True,2,0
bounds_write-wrapper-3,"{""idx"":-1,""value"":1}","{""noise_0"":1,""noise_1"":0,""noise_2"":0,""noise_3"":1}",True,OOB_WRITE,OOB_WRITE,,True,True,True,True,2,0
bounds_write-wrapper-3,"{""idx"":0,""value"":0}","{""noise_0"":1,""noise_1"":0,""noise_2"":0,""noise_3"":1}",True,OOB_WRITE,,,True,True,True,True,2,0
bounds_write-wrapper-3,"{""idx"":0,""value"":1}","{""noise_0"":1,""noise_1"":0,""noise_2"":0,""noise_3"":1}",True,OOB_WRITE,,,True,True,True,True,2,0
bounds_write-wrapper-3,"{""idx"":1,""value"":0}","{""noise_0"":1,""noise_1"":0,""noise_2"":0,""noise_3"":1}",True,OOB_WRITE,,,True,True,True,True,2,0
bounds_write-wrapper-3,"{""idx"":1,""value"":1}","{""noise_0"":1,""noise_1"":0,""noise_2"":0,""noise_3"":1}",True,OOB_WRITE,,,True,True,True,True,2,0
bounds_write-wrapper-3,"{""idx"":2,""value"":0}","{""noise_0"":1,""noise_1"":0,""noise_2"":0,""noise_3"":1}",True,OOB_WRITE,OOB_WRITE,,True,True,True,True,2,0
bounds_write-wrapper-3,"{""idx"":2,""value"":1}","{""noise_0"":1,""noise_1"":0,""noise_2"":0,""noise_3"":1}",True,OOB_WRITE,OOB_WRITE,,True,True,True,True,2,0
bounds_write-wrapper-3,"{""idx"":-1,""value"":0}","{""noise_0"":1,""noise_1"":0,""noise_2"":1,""noise_3"":0}",True,OOB_WRITE,OOB_WRITE,,True,True,True,True,2,0
bounds_write-wrapper-3,"{""idx"":-1,""value"":1}","{""noise_0"":1,""noise_1"":0,""noise_2"":1,""noise_3"":0}",True,OOB_WRITE,OOB_WRITE,,True,True,True,True,2,0
bounds_write-wrapper-3,"{""idx"":0,""value"":0}","{""noise_0"":1,""noise_1"":0,""noise_2"":1,""noise_3"":0}",True,OOB_WRITE,,,True,True,True,True,2,0
bounds_write-wrapper-3,"{""idx"":0,""value"":1}","{""noise_0"":1,""noise_1"":0,""noise_2"":1,""noise_3"":0}",True,OOB_WRITE,,,True,True,True,True,2,0
bounds_write-wrapper-3,"{""idx"":1,""value"":0}","{""noise_0"":1,""noise_1"":0,""noise_2"":1,""noise_3"":0}",True,OOB_WRITE,,,True,True,True,True,2,0
bounds_write-wrapper-3,"{""idx"":1,""value"":1}","{""noise_0"":1,""noise_1"":0,""noise_2"":1,""noise_3"":0}",True,OOB_WRITE,,,True,True,True,True,2,0
bounds_write-wrapper-3,"{""idx"":2,""value"":0}","{""noise_0"":1,""noise_1"":0,""noise_2"":1,""noise_3"":0}",True,OOB_WRITE,OOB_WRITE,,True,True,True,True,2,0
bounds_write-wrapper-3,"{""idx"":2,""value"":1}","{""noise_0"":1,""noise_1"":0,""noise_2"":1,""noise_3"":0}",True,OOB_WRITE,OOB_WRITE,,True,True,True,True,2,0
bounds_write-wrapper-3,"{""idx"":-1,""value"":0}","{""noise_0"":1,""noise_1"":0,""noise_2"":1,""noise_3"":1}",True,OOB_WRITE,OOB_WRITE,,True,True,True,True,2,0
bounds_write-wrapper-3,"{""idx"":-1,""value"":1}","{""noise_0"":1,""noise_1"":0,""noise_2"":1,""noise_3"":1}",True,OOB_WRITE,OOB_WRITE,,True,True,True,True,2,0
bounds_write-wrapper-3,"{""idx"":0,""value"":0}","{""noise_0"":1,""noise_1"":0,""noise_2"":1,""noise_3"":1}",True,OOB_WRITE,,,True,True,True,True,2,0
bounds_write-wrapper-3,"{""idx"":0,""value"":1}","{""noise_0"":1,""noise_1"":0,""noise_2"":1,""noise_3"":1}",True,OOB_WRITE,,,True,True,True,True,2,0
bounds_write-wrapper-3,"{""idx"":1,""value"":0}","{""noise_0"":1,""noise_1"":0,""noise_2"":1,""noise_3"":1}",True,OOB_WRITE,,,True,True,True,True,2,0
bounds_write-wrapper-3,"{""idx"":1,""value"":1}","{""noise_0"":1,""noise_1"":0,""noise_2"":1,""noise_3"":1}",True,OOB_WRITE,,,True,True,True,True,2,0
bounds_write-wrapper-3,"{""idx"":2,""value"":0}","{""noise_0"":1,""noise_1"":0,""noise_2"":1,""noise_3"":1}",True,OOB_WRITE,OOB_WRITE,,True,True,True,True,2,0
bounds_write-wrapper-3,"{""idx"":2,""value"":1}","{""noise_0"":1,""noise_1"":0,""noise_2"":1,""noise_3"":1}",True,OOB_WRITE,OOB_WRITE,,True,True,True,True,2,0
bounds_write-wrapper-3,"{""idx"":-1,""value"":0}","{""noise_0"":1,""noise_1"":1,""noise_2"":0,""noise_3"":0}",True,OOB_WRITE,OOB_WRITE,,True,True,True,True,2,0
bounds_write-wrapper-3,"{""idx"":-1,""value"":1}","{""noise_0"":1,""noise_1"":1,""noise_2"":0,""noise_3"":0}",True,OOB_WRITE,OOB_WRITE,,True,True,True,True,2,0
bounds_write-wrapper-3,"{""idx"":0,""value"":0}","{""noise_0"":1,""noise_1"":1,""noise_2"":0,""noise_3"":0}",True,OOB_WRITE,,,True,True,True,True,2,0
bounds_write-wrapper-3,"{""idx"":0,""value"":1}","{""noise_0"":1,""noise_1"":1,""noise_2"":0,""noise_3"":0}",True,OOB_WRITE,,,True,True,True,True,2,0
bounds_write-wrapper-3,"{""idx"":1,""value"":0}","{""noise_0"":1,""noise_1"":1,""noise_2"":0,""noise_3"":0}",True,OOB_WRITE,,,True,True,True,True,2,0
bounds_write-wrapper-3,"{""idx"":1,""value"":1}","{""noise_0"":1,""noise_1"":1,""noise_2"":0,""noise_3"":0}",True,OOB_WRITE,,,True,True,True,True,2,0
bounds_write-wrapper-3,"{""idx"":2,""value"":0}","{""noise_0"":1,""noise_1"":1,""noise_2"":0,""noise_3"":0}",True,OOB_WRITE,OOB_WRITE,,True,True,True,True,2,0
bounds_write-wrapper-3,"{""idx"":2,""value"":1}","{""noise_0"":1,""noise_1"":1,""noise_2"":0,""noise_3"":0}",True,OOB_WRITE,OOB_WRITE,,True,True,True,True,2,0
bounds_write-wrapper-3,"{""idx"":-1,""value"":0}","{""noise_0"":1,""noise_1"":1,""noise_2"":0,""noise_3"":1}",True,OOB_WRITE,OOB_WRITE,,True,True,True,True,2,0
bounds_write-wrapper-3,"{""idx"":-1,""value"":1}","{""noise_0"":1,""noise_1"":1,""noise_2"":0,""noise_3"":1}",True,OOB_WRITE,OOB_WRITE,,True,True,True,True,2,0
bounds_write-wrapper-3,"{""idx"":0,""value"":0}","{""noise_0"":1,""noise_1"":1,""noise_2"":0,""noise_3"":1}",True,OOB_WRITE,,,True,True,True,True,2,0
bounds_write-wrapper-3,"{""idx"":0,""value"":1}","{""noise_0"":1,""noise_1"":1,""noise_2"":0,""noise_3"":1}",True,OOB_WRITE,,,True,True,True,True,2,0
bounds_write-wrapper-3,"{""idx"":1,""value"":0}","{""noise_0"":1,""noise_1"":1,""noise_2"":0,""noise_3"":1}",True,OOB_WRITE,,,True,True,True,True,2,0
bounds_write-wrapper-3,"{""idx"":1,""value"":1}","{""noise_0"":1,""noise_1"":1,""noise_2"":0,""noise_3"":1}",True,OOB_WRITE,,,True,True,True,True,2,0
bounds_write-wrapper-3,"{""idx"":2,""value"":0}","{""noise_0"":1,""noise_1"":1,""noise_2"":0,""noise_3"":1}",True,OOB_WRITE,OOB_WRITE,,True,True,True,True,2,0
bounds_write-wrapper-3,"{""idx"":2,""value"":1}","{""noise_0"":1,""noise_1"":1,""noise_2"":0,""noise_3"":1}",True,OOB_WRITE,OOB_WRITE,,True,True,True,True,2,0
bounds_write-wrapper-3,"{""idx"":-1,""value"":0}","{""noise_0"":1,""noise_1"":1,""noise_2"":1,""noise_3"":0}",True,OOB_WRITE,OOB_WRITE,,True,True,True,True,2,0
bounds_write-wrapper-3,"{""idx"":-1,""value"":1}","{""noise_0"":1,""noise_1"":1,""noise_2"":1,""noise_3"":0}",True,OOB_WRITE,OOB_WRITE,,True,True,True,True,2,0
bounds_write-wrapper-3,"{""idx"":0,""value"":0}","{""noise_0"":1,""noise_1"":1,""noise_2"":1,""noise_3"":0}",True,OOB_WRITE,,,True,True,True,True,2,0
bounds_write-wrapper-3,"{""idx"":0,""value"":1}","{""noise_0"":1,""noise_1"":1,""noise_2"":1,""noise_3"":0}",True,OOB_WRITE,,,True,True,True,True,2,0
bounds_write-wrapper-3,"{""idx"":1,""value"":0}","{""noise_0"":1,""noise_1"":1,""noise_2"":1,""noise_3"":0}",True,OOB_WRITE,,,True,True,True,True,2,0
bounds_write-wrapper-3,"{""idx"":1,""value"":1}","{""noise_0"":1,""noise_1"":1,""noise_2"":1,""noise_3"":0}",True,OOB_WRITE,,,True,True,True,True,2,0
bounds_write-wrapper-3,"{""idx"":2,""value"":0}","{""noise_0"":1,""noise_1"":1,""noise_2"":1,""noise_3"":0}",True,OOB_WRITE,OOB_WRITE,,True,True,True,True,2,0
bounds_write-wrapper-3,"{""idx"":2,""value"":1}","{""noise_0"":1,""noise_1"":1,""noise_2"":1,""noise_3"":0}",True,OOB_WRITE,OOB_WRITE,,True,True,True,True,2,0
bounds_write-wrapper-3,"{""idx"":-1,""value"":0}","{""noise_0"":1,""noise_1"":1,""noise_2"":1,""noise_3"":1}",True,OOB_WRITE,OOB_WRITE,,True,True,True,True,2,0
bounds_write-wrapper-3,"{""idx"":-1,""value"":1}","{""noise_0"":1,""noise_1"":1,""noise_2"":1,""noise_3"":1}",True,OOB_WRITE,OOB_WRITE,,True,True,True,True,2,0
bounds_write-wrapper-3,"{""idx"":0,""value"":0}","{""noise_0"":1,""noise_1"":1,""noise_2"":1,""noise_3"":1}",True,OOB_WRITE,,,True,True,True,True,2,0
bounds_write-wrapper-3,"{""idx"":0,""value"":1}","{""noise_0"":1,""noise_1"":1,""noise_2"":1,""noise_3"":1}",True,OOB_WRITE,,,True,True,True,True,2,0
bounds_write-wrapper-3,"{""idx"":1,""value"":0}","{""noise_0"":1,""noise_1"":1,""noise_2"":1,""noise_3"":1}",True,OOB_WRITE,,,True,True,True,True,2,0
bounds_write-wrapper-3,"{""idx"":1,""value"":1}","{""noise_0"":1,""noise_1"":1,""noise_2"":1,""noise_3"":1}",True,OOB_WRITE,,,True,True,True,True,2,0
bounds_write-wrapper-3,"{""idx"":2,""value"":0}","{""noise_0"":1,""noise_1"":1,""noise_2"":1,""noise_3"":1}",True,OOB_WRITE,OOB_WRITE,,True,True,True,True,2,0
bounds_write-wrapper-3,"{""idx"":2,""value"":1}","{""noise_0"":1,""noise_1"":1,""noise_2"":1,""noise_3"":1}",True,OOB_WRITE,OOB_WRITE,,True,True,True,True,2,0
bounds_write-wrapper-4,"{""idx"":-1,""value"":0}","{""noise_0"":0,""noise_1"":0,""noise_2"":0,""noise_3"":0}",True,OOB_WRITE,OOB_WRITE,,True,True,True,True,2,0
bounds_write-wrapper-4,"{""idx"":-1,""value"":1}","{""noise_0"":0,""noise_1"":0,""noise_2"":0,""noise_3"":0}",True,OOB_WRITE,OOB_WRITE,,True,True,True,True,2,0
bounds_write-wrapper-4,"{""idx"":0,""value"":0}","{""noise_0"":0,""noise_1"":0,""noise_2"":0,""noise_3"":0}",True,OOB_WRITE,,,True,True,True,True,2,0
bounds_write-wrapper-4,"{""idx"":0,""value"":1}","{""noise_0"":0,""noise_1"":0,""noise_2"":0,""noise_3"":0}",True,OOB_WRITE,,,True,True,True,True,2,0
bounds_write-wrapper-4,"{""idx"":1,""value"":0}","{""noise_0"":0,""noise_1"":0,""noise_2"":0,""noise_3"":0}",True,OOB_WRITE,,,True,True,True,True,2,0
bounds_write-wrapper-4,"{""idx"":1,""value"":1}","{""noise_0"":0,""noise_1"":0,""noise_2"":0,""noise_3"":0}",True,OOB_WRITE,,,True,True,True,True,2,0
bounds_write-wrapper-4,"{""idx"":2,""value"":0}","{""noise_0"":0,""noise_1"":0,""noise_2"":0,""noise_3"":0}",True,OOB_WRITE,OOB_WRITE,,True,True,True,True,2,0
bounds_write-wrapper-4,"{""idx"":2,""value"":1}","{""noise_0"":0,""noise_1"":0,""noise_2"":0,""noise_3"":0}",True,OOB_WRITE,OOB_WRITE,,True,True,True,True,2,0
bounds_write-wrapper-4,"{""idx"":-1,""value"":0}","{""noise_0"":0,""noise_1"":0,""noise_2"":0,""noise_3"":1}",True,OOB_WRITE,OOB_WRITE,,True,True,True,True,2,0
bounds_write-wrapper-4,"{""idx"":-1,""value"":1}","{""noise_0"":0,""noise_1"":0,""noise_2"":0,""noise_3"":1}",True,OOB_WRITE,OOB_WRITE,,True,True,True,True,2,0
bounds_write-wrapper-4,"{""idx"":0,""value"":0}","{""noise_0"":0,""noise_1"":0,""noise_2"":0,""noise_3"":1}",True,OOB_WRITE,,,True,True,True,True,2,0
bounds_write-wrapper-4,"{""idx"":0,""value"":1}","{""noise_0"":0,""noise_1"":0,""noise_2"":0,""noise_3"":1}",True,OOB_WRITE,,,True,True,True,True,2,0
bounds_write-wrapper-4,"{""idx"":1,""value"":0}","{""noise_0"":0,""noise_1"":0,""noise_2"":0,""noise_3"":1}",True,OOB_WRITE,,,True,True,True,True,2,0
bounds_write-wrapper-4,"{""idx"":1,""value"":1}","{""noise_0"":0,""noise_1"":0,""noise_2"":0,""noise_3"":1}",True,OOB_WRITE,,,True,True,True,True,2,0
bounds_write-wrapper-4,"{""idx"":2,""value"":0}","{""noise_0"":0,""noise_1"":0,""noise_2"":0,""noise_3"":1}",True,OOB_WRITE,OOB_WRITE,,True,True,True,True,2,0
bounds_write-wrapper-4,"{""idx"":2,""value"":1}","{""noise_0"":0,""noise_1"":0,""noise_2"":0,""noise_3"":1}",True,OOB_WRITE,OOB_WRITE,,True,True,True,True,2,0
bounds_write-wrapper-4,"{""idx"":-1,""value"":0}","{""noise_0"":0,""noise_1"":0,""noise_2"":1,""noise_3"":0}",True,OOB_WRITE,OOB_WRITE,,True,True,True,True,2,0
bounds_write-wrapper-4,"{""idx"":-1,""value"":1}","{""noise_0"":0,""noise_1"":0,""noise_2"":1,""noise_3"":0}",True,OOB_WRITE,OOB_WRITE,,True,True,True,True,2,0
bounds_write-wrapper-4,"{""idx"":0,""value"":0}","{""noise_0"":0,""noise_1"":0,""noise_2"":1,""noise_3"":0}",True,OOB_WRITE,,,True,True,True,True,2,0
bounds_write-wrapper-4,"{""idx"":0,""value"":1}","{""noise_0"":0,""noise_1"":0,""noise_2"":1,""noise_3"":0}",True,OOB_WRITE,,,True,True,True,True,2,0
bounds_write-wrapper-4,"{""idx"":1,""value"":0}","{""noise_0"":0,""noise_1"":0,""noise_2"":1,""noise_3"":0}",True,OOB_WRITE,,,True,True,True,True,2,0
bounds_write-wrapper-4,"{""idx"":1,""value"":1}","{""noise_0"":0,""noise_1"":0,""noise_2"":1,""noise_3"":0}",True,OOB_WRITE,,,True,True,True,True,2,0
bounds_write-wrapper-4,"{""idx"":2,""value"":0}","{""noise_0"":0,""noise_1"":0,""noise_2"":1,""noise_3"":0}",True,OOB_WRITE,OOB_WRITE,,True,True,True,True,2,0
bounds_write-wrapper-4,"{""idx"":2,""value"":1}","{""noise_0"":0,""noise_1"":0,""noise_2"":1,""noise_3"":0}",True,OOB_WRITE,OOB_WRITE,,True,True,True,True,2,0
bounds_write-wrapper-4,"{""idx"":-1,""value"":0}","{""noise_0"":0,""noise_1"":0,""noise_2"":1,""noise_3"":1}",True,OOB_WRITE,OOB_WRITE,,True,True,True,True,2,0
bounds_write-wrapper-4,"{""idx"":-1,""value"":1}","{""noise_0"":0,""noise_1"":0,""noise_2"":1,""noise_3"":1}",True,OOB_WRITE,OOB_WRITE,,True,True,True,True,2,0
bounds_write-wrapper-4,"{""idx"":0,""value"":0}","{""noise_0"":0,""noise_1"":0,""noise_2"":1,""noise_3"":1}",True,OOB_WRITE,,,True,True,True,True,2,0
bounds_write-wrapper-4,"{""idx"":0,""value"":1}","{""noise_0"":0,""noise_1"":0,""noise_2"":1,""noise_3"":1}",True,OOB_WRITE,,,True,True,True,True,2,0
bounds_write-wrapper-4,"{""idx"":1,""value"":0}","{""noise_0"":0,""noise_1"":0,""noise_2"":1,""noise_3"":1}",True,OOB_WRITE,,,True,True,True,True,2,0
bounds_write-wrapper-4,"{""idx"":1,""value"":1}","{""noise_0"":0,""noise_1"":0,""noise_2"":1,""noise_3"":1}",True,OOB_WRITE,,,True,True,True,True,2,0
bounds_write-wrapper-4,"{""idx"":2,""value"":0}","{""noise_0"":0,""noise_1"":0,""noise_2"":1,""noise_3"":1}",True,OOB_WRITE,OOB_WRITE,,True,True,True,True,2,0
bounds_write-wrapper-4,"{""idx"":2,""value"":1}","{""noise_0"":0,""noise_1"":0,""noise_2"":1,""noise_3"":1}",True,OOB_WRITE,OOB_WRITE,,True,True,True,True,2,0
bounds_write-wrapper-4,"{""idx"":-1,""value"":0}","{""noise_0"":0,""noise_1"":1,""noise_2"":0,""noise_3"":0}",True,OOB_WRITE,OOB_WRITE,,True,True,True,True,2,0
bounds_write-wrapper-4,"{""idx"":-1,""value"":1}","{""noise_0"":0,""noise_1"":1,""noise_2"":0,""noise_3"":0}",True,OOB_WRITE,OOB_WRITE,,True,True,True,True,2,0
bounds_write-wrapper-4,"{""idx"":0,""value"":0}","{""noise_0"":0,""noise_1"":1,""noise_2"":0,""noise_3"":0}",True,OOB_WRITE,,,True,True,True,True,2,0
bounds_write-wrapper-4,"{""idx"":0,""value"":1}","{""noise_0"":0,""noise_1"":1,""noise_2"":0,""noise_3"":0}",True,OOB_WRITE,,,True,True,True,True,2,0
bounds_write-wrapper-4,"{""idx"":1,""value"":0}","{""noise_0"":0,""noise_1"":1,""noise_2"":0,""noise_3"":0}",True,OOB_WRITE,,,True,True,True,True,2,0
bounds_write-wrapper-4,"{""idx"":1,""value"":1}","{""noise_0"":0,""noise_1"":1,""noise_2"":0,""noise_3"":0}",True,OOB_WRITE,,,True,True,True,True,2,0
bounds_write-wrapper-4,"{""idx"":2,""value"":0}","{""noise_0"":0,""noise_1"":1,""noise_2"":0,""noise_3"":0}",True,OOB_WRITE,OOB_WRITE,,True,True,True,True,2,0
bounds_write-wrapper-4,"{""idx"":2,""value"":1}","{""noise_0"":0,""noise_1"":1,""noise_2"":0,""noise_3"":0}",True,OOB_WRITE,OOB_WRITE,,True,True,True,True,2,0
bounds_write-wrapper-4,"{""idx"":-1,""value"":0}","{""noise_0"":0,""noise_1"":1,""noise_2"":0,""noise_3"":1}",True,OOB_WRITE,OOB_WRITE,,True,True,True,True,2,0
bounds_write-wrapper-4,"{""idx"":-1,""value"":1}","{""noise_0"":0,""noise_1"":1,""noise_2"":0,""noise_3"":1}",True,OOB_WRITE,OOB_WRITE,,True,True,True,True,2,0
bounds_write-wrapper-4,"{""idx"":0,""value"":0}","{""noise_0"":0,""noise_1"":1,""noise_2"":0,""noise_3"":1}",True,OOB_WRITE,,,True,True,True,True,2,0
bounds_write-wrapper-4,"{""idx"":0,""value"":1}","{""noise_0"":0,""noise_1"":1,""noise_2"":0,""noise_3"":1}",True,OOB_WRITE,,,True,True,True,True,2,0
bounds_write-wrapper-4,"{""idx"":1,""value"":0}","{""noise_0"":0,""noise_1"":1,""noise_2"":0,""noise_3"":1}",True,OOB_WRITE,,,True,True,True,True,2,0
bounds_write-wrapper-4,"{""idx"":1,""value"":1}","{""noise_0"":0,""noise_1"":1,""noise_2"":0,""noise_3"":1}",True,OOB_WRITE,,,True,True,True,True,2,0
bounds_write-wrapper-4,"{""idx"":2,""value"":0}","{""noise_0"":0,""noise_1"":1,""noise_2"":0,""noise_3"":1}",True,OOB_WRITE,OOB_WRITE,,True,True,True,True,2,0
bounds_write-wrapper-4,"{""idx"":2,""value"":1}","{""noise_0"":0,""noise_1"":1,""noise_2"":0,""noise_3"":1}",True,OOB_WRITE,OOB_WRITE,,True,True,True,True,2,0
bounds_write-wrapper-4,"{""idx"":-1,""value"":0}","{""noise_0"":0,""noise_1"":1,""noise_2"":1,""noise_3"":0}",True,OOB_WRITE,OOB_WRITE,,True,True,True,True,2,0
bounds_write-wrapper-4,"{""idx"":-1,""value"":1}","{""noise_0"":0,""noise_1"":1,""noise_2"":1,""noise_3"":0}",True,OOB_WRITE,OOB_WRITE,,True,True,True,True,2,0
bounds_write-wrapper-4,"{""idx"":0,""value"":0}","{""noise_0"":0,""noise_1"":1,""noise_2"":1,""noise_3"":0}",True,OOB_WRITE,,,True,True,True,True,2,0
bounds_write-wrapper-4,"{""idx"":0,""value"":1}","{""noise_0"":0,""noise_1"":1,""noise_2"":1,""noise_3"":0}",True,OOB_WRITE,,,True,True,True,True,2,0
bounds_write-wrapper-4,"{""idx"":1,""value"":0}","{""noise_0"":0,""noise_1"":1,""noise_2"":1,""noise_3"":0}",True,OOB_WRITE,,,True,True,True,True,2,0
bounds_write-wrapper-4,"{""idx"":1,""value"":1}","{""noise_0"":0,""noise_1"":1,""noise_2"":1,""noise_3"":0}",True,OOB_WRITE,,,True,True,True,True,2,0
bounds_write-wrapper-4,"{""idx"":2,""value"":0}","{""noise_0"":0,""noise_1"":1,""noise_2"":1,""noise_3"":0}",True,OOB_WRITE,OOB_WRITE,,True,True,True,True,2,0
bounds_write-wrapper-4,"{""idx"":2,""value"":1}","{""noise_0"":0,""noise_1"":1,""noise_2"":1,""noise_3"":0}",True,OOB_WRITE,OOB_WRITE,,True,True,True,True,2,0
bounds_write-wrapper-4,"{""idx"":-1,""value"":0}","{""noise_0"":0,""noise_1"":1,""noise_2"":1,""noise_3"":1}",True,OOB_WRITE,OOB_WRITE,,True,True,True,True,2,0
bounds_write-wrapper-4,"{""idx"":-1,""value"":1}","{""noise_0"":0,""noise_1"":1,""noise_2"":1,""noise_3"":1}",True,OOB_WRITE,OOB_WRITE,,True,True,True,True,2,0
bounds_write-wrapper-4,"{""idx"":0,""value"":0}","{""noise_0"":0,""noise_1"":1,""noise_2"":1,""noise_3"":1}",True,OOB_WRITE,,,True,True,True,True,2,0
bounds_write-wrapper-4,"{""idx"":0,""value"":1}","{""noise_0"":0,""noise_1"":1,""noise_2"":1,""noise_3"":1}",True,OOB_WRITE,,,True,True,True,True,2,0
bounds_write-wrapper-4,"{""idx"":1,""value"":0}","{""noise_0"":0,""noise_1"":1,""noise_2"":1,""noise_3"":1}",True,OOB_WRITE,,,True,True,True,True,2,0
bounds_write-wrapper-4,"{""idx"":1,""value"":1}","{""noise_0"":0,""noise_1"":1,""noise_2"":1,""noise_3"":1}",True,OOB_WRITE,,,True,True,True,True,2,0
bounds_write-wrapper-4,"{""idx"":2,""value"":0}","{""noise_0"":0,""noise_1"":1,""noise_2"":1,""noise_3"":1}",True,OOB_WRITE,OOB_WRITE,,True,True,True,True,2,0
bounds_write-wrapper-4,"{""idx"":2,""value"":1}","{""noise_0"":0,""noise_1"":1,""noise_2"":1,""noise_3"":1}",True,OOB_WRITE,OOB_WRITE,,True,True,True,True,2,0
bounds_write-wrapper-4,"{""idx"":-1,""value"":0}","{""noise_0"":1,""noise_1"":0,""noise_2"":0,""noise_3"":0}",True,OOB_WRITE,OOB_WRITE,,True,True,True,True,2,0
bounds_write-wrapper-4,"{""idx"":-1,""value"":1}","{""noise_0"":1,""noise_1"":0,""noise_2"":0,""noise_3"":0}",True,OOB_WRITE,OOB_WRITE,,True,True,True,True,2,0
bounds_write-wrapper-4,"{""idx"":0,""value"":0}","{""noise_0"":1,""noise_1"":0,""noise_2"":0,""noise_3"":0}",True,OOB_WRITE,,,True,True,True,True,2,0
bounds_write-wrapper-4,"{""idx"":0,""value"":1}","{""noise_0"":1,""noise_1"":0,""noise_2"":0,""noise_3"":0}",True,OOB_WRITE,,,True,True,True,True,2,0
bounds_write-wrapper-4,"{""idx"":1,""value"":0}","{""noise_0"":1,""noise_1"":0,""noise_2"":0,""noise_3"":0}",True,OOB_WRITE,,,True,True,True,True,2,0
bounds_write-wrapper-4,"{""idx"":1,""value"":1}","{""noise_0"":1,""noise_1"":0,""noise_2"":0,""noise_3"":0}",True,OOB_WRITE,,,True,True,True,True,2,0
bounds_write-wrapper-4,"{""idx"":2,""value"":0}","{""noise_0"":1,""noise_1"":0,""noise_2"":0,""noise_3"":0}",True,OOB_WRITE,OOB_WRITE,,True,True,True,True,2,0
bounds_write-wrapper-4,"{""idx"":2,""value"":1}","{""noise_0"":1,""noise_1"":0,""noise_2"":0,""noise_3"":0}",True,OOB_WRITE,OOB_WRITE,,True,True,True,True,2,0
bounds_write-wrapper-4,"{""idx"":-1,""value"":0}","{""noise_0"":1,""noise_1"":0,""noise_2"":0,""noise_3"":1}",True,OOB_WRITE,OOB_WRITE,,True,True,True,True,2,0
bounds_write-wrapper-4,"{""idx"":-1,""value"":1}","{""noise_0"":1,""noise_1"":0,""noise_2"":0,""noise_3"":1}",True,OOB_WRITE,OOB_WRITE,,True,True,True,True,2,0
bounds_write-wrapper-4,"{""idx"":0,""value"":0}","{""noise_0"":1,""noise_1"":0,""noise_2"":0,""noise_3"":1}",True,OOB_WRITE,,,True,True,True,True,2,0
bounds_write-wrapper-4,"{""idx"":0,""value"":1}","{""noise_0"":1,""noise_1"":0,""noise_2"":0,""noise_3"":1}",True,OOB_WRITE,,,True,True,True,True,2,0
bounds_write-wrapper-4,"{""idx"":1,""value"":0}","{""noise_0"":1,""noise_1"":0,""noise_2"":0,""noise_3"":1}",True,OOB_WRITE,,,True,True,True,True,2,0
bounds_write-wrapper-4,"{""idx"":1,""value"":1}","{""noise_0"":1,""noise_1"":0,""noise_2"":0,""noise_3"":1}",True,OOB_WRITE,,,True,True,True,True,2,0
bounds_write-wrapper-4,"{""idx"":2,""value"":0}","{""noise_0"":1,""noise_1"":0,""noise_2"":0,""noise_3"":1}",True,OOB_WRITE,OOB_WRITE,,True,True,True,True,2,0
bounds_write-wrapper-4,"{""idx"":2,""value"":1}","{""noise_0"":1,""noise_1"":0,""noise_2"":0,""noise_3"":1}",True,OOB_WRITE,OOB_WRITE,,True,True,True,True,2,0
bounds_write-wrapper-4,"{""idx"":-1,""value"":0}","{""noise_0"":1,""noise_1"":0,""noise_2"":1,""noise_3"":0}",True,OOB_WRITE,OOB_WRITE,,True,True,True,True,2,0
bounds_write-wrapper-4,"{""idx"":-1,""value"":1}","{""noise_0"":1,""noise_1"":0,""noise_2"":1,""noise_3"":0}",True,OOB_WRITE,OOB_WRITE,,True,True,True,True,2,0
bounds_write-wrapper-4,"{""idx"":0,""value"":0}","{""noise_0"":1,""noise_1"":0,""noise_2"":1,""noise_3"":0}",True,OOB_WRITE,,,True,True,True,True,2,0
bounds_write-wrapper-4,"{""idx"":0,""value"":1}","{""noise_0"":1,""noise_1"":0,""noise_2"":1,""noise_3"":0}",True,OOB_WRITE,,,True,True,True,True,2,0
bounds_write-wrapper-4,"{""idx"":1,""value"":0}","{""noise_0"":1,""noise_1"":0,""noise_2"":1,""noise_3"":0}",True,OOB_WRITE,,,True,True,True,True,2,0
bounds_write-wrapper-4,"{""idx"":1,""value"":1}","{""noise_0"":1,""noise_1"":0,""noise_2"":1,""noise_3"":0}",True,OOB_WRITE,,,True,True,True,True,2,0
bounds_write-wrapper-4,"{""idx"":2,""value"":0}","{""noise_0"":1,""noise_1"":0,""noise_2"":1,""noise_3"":0}",True,OOB_WRITE,OOB_WRITE,,True,True,True,True,2,0
bounds_write-wrapper-4,"{""idx"":2,""value"":1}","{""noise_0"":1,""noise_1"":0,""noise_2"":1,""noise_3"":0}",True,OOB_WRITE,OOB_WRITE,,True,True,True,True,2,0
bounds_write-wrapper-4,"{""idx"":-1,""value"":0}","{""noise_0"":1,""noise_1"":0,""noise_2"":1,""noise_3"":1}",True,OOB_WRITE,OOB_WRITE,,True,True,True,True,2,0
bounds_write-wrapper-4,"{""idx"":-1,""value"":1}","{""noise_0"":1,""noise_1"":0,""noise_2"":1,""noise_3"":1}",True,OOB_WRITE,OOB_WRITE,,True,True,True,True,2,0
bounds_write-wrapper-4,"{""idx"":0,""value"":0}","{""noise_0"":1,""noise_1"":0,""noise_2"":1,""noise_3"":1}",True,OOB_WRITE,,,True,True,True,True,2,0
bounds_write-wrapper-4,"{""idx"":0,""value"":1}","{""noise_0"":1,""noise_1"":0,""noise_2"":1,""noise_3"":1}",True,OOB_WRITE,,,True,True,True,True,2,0
bounds_write-wrapper-4,"{""idx"":1,""value"":0}","{""noise_0"":1,""noise_1"":0,""noise_2"":1,""noise_3"":1}",True,OOB_WRITE,,,True,True,True,True,2,0
bounds_write-wrapper-4,"{""idx"":1,""value"":1}","{""noise_0"":1,""noise_1"":0,""noise_2"":1,""noise_3"":1}",True,OOB_WRITE,,,True,True,True,True,2,0
bounds_write-wrapper-4,"{""idx"":2,""value"":0}","{""noise_0"":1,""noise_1"":0,""noise_2"":1,""noise_3"":1}",True,OOB_WRITE,OOB_WRITE,,True,True,True,True,2,0
bounds_write-wrapper-4,"{""idx"":2,""value"":1}","{""noise_0"":1,""noise_1"":0,""noise_2"":1,""noise_3"":1}",True,OOB_WRITE,OOB_WRITE,,True,True,True,True,2,0
bounds_write-wrapper-4,"{""idx"":-1,""value"":0}","{""noise_0"":1,""noise_1"":1,""noise_2"":0,""noise_3"":0}",True,OOB_WRITE,OOB_WRITE,,True,True,True,True,2,0
bounds_write-wrapper-4,"{""idx"":-1,""value"":1}","{""noise_0"":1,""noise_1"":1,""noise_2"":0,""noise_3"":0}",True,OOB_WRITE,OOB_WRITE,,True,True,True,True,2,0
bounds_write-wrapper-4,"{""idx"":0,""value"":0}","{""noise_0"":1,""noise_1"":1,""noise_2"":0,""noise_3"":0}",True,OOB_WRITE,,,True,True,True,True,2,0
bounds_write-wrapper-4,"{""idx"":0,""value"":1}","{""noise_0"":1,""noise_1"":1,""noise_2"":0,""noise_3"":0}",True,OOB_WRITE,,,True,True,True,True,2,0
bounds_write-wrapper-4,"{""idx"":1,""value"":0}","{""noise_0"":1,""noise_1"":1,""noise_2"":0,""noise_3"":0}",True,OOB_WRITE,,,True,True,True,True,2,0
bounds_write-wrapper-4,"{""idx"":1,""value"":1}","{""noise_0"":1,""noise_1"":1,""noise_2"":0,""noise_3"":0}",True,OOB_WRITE,,,True,True,True,True,2,0
bounds_write-wrapper-4,"{""idx"":2,""value"":0}","{""noise_0"":1,""noise_1"":1,""noise_2"":0,""noise_3"":0}",True,OOB_WRITE,OOB_WRITE,,True,True,True,True,2,0
bounds_write-wrapper-4,"{""idx"":2,""value"":1}","{""noise_0"":1,""noise_1"":1,""noise_2"":0,""noise_3"":0}",True,OOB_WRITE,OOB_WRITE,,True,True,True,True,2,0
bounds_write-wrapper-4,"{""idx"":-1,""value"":0}","{""noise_0"":1,""noise_1"":1,""noise_2"":0,""noise_3"":1}",True,OOB_WRITE,OOB_WRITE,,True,True,True,True,2,0
bounds_write-wrapper-4,"{""idx"":-1,""value"":1}","{""noise_0"":1,""noise_1"":1,""noise_2"":0,""noise_3"":1}",True,OOB_WRITE,OOB_WRITE,,True,True,True,True,2,0
bounds_write-wrapper-4,"{""idx"":0,""value"":0}","{""noise_0"":1,""noise_1"":1,""noise_2"":0,""noise_3"":1}",True,OOB_WRITE,,,True,True,True,True,2,0
bounds_write-wrapper-4,"{""idx"":0,""value"":1}","{""noise_0"":1,""noise_1"":1,""noise_2"":0,""noise_3"":1}",True,OOB_WRITE,,,True,True,True,True,2,0
bounds_write-wrapper-4,"{""idx"":1,""value"":0}","{""noise_0"":1,""noise_1"":1,""noise_2"":0,""noise_3"":1}",True,OOB_WRITE,,,True,True,True,True,2,0
bounds_write-wrapper-4,"{""idx"":1,""value"":1}","{""noise_0"":1,""noise_1"":1,""noise_2"":0,""noise_3"":1}",True,OOB_WRITE,,,True,True,True,True,2,0
bounds_write-wrapper-4,"{""idx"":2,""value"":0}","{""noise_0"":1,""noise_1"":1,""noise_2"":0,""noise_3"":1}",True,OOB_WRITE,OOB_WRITE,,True,True,True,True,2,0
bounds_write-wrapper-4,"{""idx"":2,""value"":1}","{""noise_0"":1,""noise_1"":1,""noise_2"":0,""noise_3"":1}",True,OOB_WRITE,OOB_WRITE,,True,True,True,True,2,0
bounds_write-wrapper-4,"{""idx"":-1,""value"":0}","{""noise_0"":1,""noise_1"":1,""noise_2"":1,""noise_3"":0}",True,OOB_WRITE,OOB_WRITE,,True,True,True,True,2,0
bounds_write-wrapper-4,"{""idx"":-1,""value"":1}","{""noise_0"":1,""noise_1"":1,""noise_2"":1,""noise_3"":0}",True,OOB_WRITE,OOB_WRITE,,True,True,True,True,2,0
bounds_write-wrapper-4,"{""idx"":0,""value"":0}","{""noise_0"":1,""noise_1"":1,""noise_2"":1,""noise_3"":0}",True,OOB_WRITE,,,True,True,True,True,2,0
bounds_write-wrapper-4,"{""idx"":0,""value"":1}","{""noise_0"":1,""noise_1"":1,""noise_2"":1,""noise_3"":0}",True,OOB_WRITE,,,True,True,True,True,2,0
bounds_write-wrapper-4,"{""idx"":1,""value"":0}","{""noise_0"":1,""noise_1"":1,""noise_2"":1,""noise_3"":0}",True,OOB_WRITE,,,True,True,True,True,2,0
bounds_write-wrapper-4,"{""idx"":1,""value"":1}","{""noise_0"":1,""noise_1"":1,""noise_2"":1,""noise_3"":0}",True,OOB_WRITE,,,True,True,True,True,2,0
bounds_write-wrapper-4,"{""idx"":2,""value"":0}","{""noise_0"":1,""noise_1"":1,""noise_2"":1,""noise_3"":0}",True,OOB_WRITE,OOB_WRITE,,True,True,True,True,2,0
bounds_write-wrapper-4,"{""idx"":2,""value"":1}","{""noise_0"":1,""noise_1"":1,""noise_2"":1,""noise_3"":0}",True,OOB_WRITE,OOB_WRITE,,True,True,True,True,2,0
bounds_write-wrapper-4,"{""idx"":-1,""value"":0}","{""noise_0"":1,""noise_1"":1,""noise_2"":1,""noise_3"":1}",True,OOB_WRITE,OOB_WRITE,,True,True,True,True,2,0
bounds_write-wrapper-4,"{""idx"":-1,""value"":1}","{""noise_0"":1,""noise_1"":1,""noise_2"":1,""noise_3"":1}",True,OOB_WRITE,OOB_WRITE,,True,True,True,True,2,0
bounds_write-wrapper-4,"{""idx"":0,""value"":0}","{""noise_0"":1,""noise_1"":1,""noise_2"":1,""noise_3"":1}",True,OOB_WRITE,,,True,True,True,True,2,0
bounds_write-wrapper-4,"{""idx"":0,""value"":1}","{""noise_0"":1,""noise_1"":1,""noise_2"":1,""noise_3"":1}",True,OOB_WRITE,,,True,True,True,True,2,0
bounds_write-wrapper-4,"{""idx"":1,""value"":0}","{""noise_0"":1,""noise_1"":1,""noise_2"":1,""noise_3"":1}",True,OOB_WRITE,,,True,True,True,True,2,0
bounds_write-wrapper-4,"{""idx"":1,""value"":1}","{""noise_0"":1,""noise_1"":1,""noise_2"":1,""noise_3"":1}",True,OOB_WRITE,,,True,True,True,True,2,0
bounds_write-wrapper-4,"{""idx"":2,""value"":0}","{""noise_0"":1,""noise_1"":1,""noise_2"":1,""noise_3"":1}",True,OOB_WRITE,OOB_WRITE,,True,True,True,True,2,0
bounds_write-wrapper-4,"{""idx"":2,""value"":1}","{""noise_0"":1,""noise_1"":1,""noise_2"":1,""noise_3"":1}",True,OOB_WRITE,OOB_WRITE,,True,True,True,True,2,0
bounds_write-wrapper-5,"{""idx"":-1,""value"":0}","{""noise_0"":0,""noise_1"":0,""noise_2"":0,""noise_3"":0}",True,OOB_WRITE,OOB_WRITE,,True,True,True,True,2,0
bounds_write-wrapper-5,"{""idx"":-1,""value"":1}","{""noise_0"":0,""noise_1"":0,""noise_2"":0,""noise_3"":0}",True,OOB_WRITE,OOB_WRITE,,True,True,True,True,2,0
bounds_write-wrapper-5,"{""idx"":0,""value"":0}","{""noise_0"":0,""noise_1"":0,""noise_2"":0,""noise_3"":0}",True,OOB_WRITE,,,True,True,True,True,2,0
bounds_write-wrapper-5,"{""idx"":0,""value"":1}","{""noise_0"":0,""noise_1"":0,""noise_2"":0,""noise_3"":0}",True,OOB_WRITE,,,True,True,True,True,2,0
bounds_write-wrapper-5,"{""idx"":1,""value"":0}","{""noise_0"":0,""noise_1"":0,""noise_2"":0,""noise_3"":0}",True,OOB_WRITE,,,True,True,True,True,2,0
bounds_write-wrapper-5,"{""idx"":1,""value"":1}","{""noise_0"":0,""noise_1"":0,""noise_2"":0,""noise_3"":0}",True,OOB_WRITE,,,True,True,True,True,2,0
bounds_write-wrapper-5,"{""idx"":2,""value"":0}","{""noise_0"":0,""noise_1"":0,""noise_2"":0,""noise_3"":0}",True,OOB_WRITE,OOB_WRITE,,True,True,True,True,2,0
bounds_write-wrapper-5,"{""idx"":2,""value"":1}","{""noise_0"":0,""noise_1"":0,""noise_2"":0,""noise_3"":0}",True,OOB_WRITE,OOB_WRITE,,True,True,True,True,2,0
bounds_write-wrapper-5,"{""idx"":-1,""value"":0}","{""noise_0"":0,""noise_1"":0,""noise_2"":0,""noise_3"":1}",True,OOB_WRITE,OOB_WRITE,,True,True,True,True,2,0
bounds_write-wrapper-5,"{""idx"":-1,""value"":1}","{""noise_0"":0,""noise_1"":0,""noise_2"":0,""noise_3"":1}",True,OOB_WRITE,OOB_WRITE,,True,True,True,True,2,0
bounds_write-wrapper-5,"{""idx"":0,""value"":0}","{""noise_0"":0,""noise_1"":0,""noise_2"":0,""noise_3"":1}",True,OOB_WRITE,,,True,True,True,True,2,0
bounds_write-wrapper-5,"{""idx"":0,""value"":1}","{""noise_0"":0,""noise_1"":0,""noise_2"":0,""noise_3"":1}",True,OOB_WRITE,,,True,True,True,True,2,0
bounds_write-wrapper-5,"{""idx"":1,""value"":0}","{""noise_0"":0,""noise_1"":0,""noise_2"":0,""noise_3"":1}",True,OOB_WRITE,,,True,True,True,True,2,0
bounds_write-wrapper-5,"{""idx"":1,""value"":1}","{""noise_0"":0,""noise_1"":0,""noise_2"":0,""noise_3"":1}",True,OOB_WRITE,,,True,True,True,True,2,0
bounds_write-wrapper-5,"{""idx"":2,""value"":0}","{""noise_0"":0,""noise_1"":0,""noise_2"":0,""noise_3"":1}",True,OOB_WRITE,OOB_WRITE,,True,True,True,True,2,0
bounds_write-wrapper-5,"{""idx"":2,""value"":1}","{""noise_0"":0,""noise_1"":0,""noise_2"":0,""noise_3"":1}",True,OOB_WRITE,OOB_WRITE,,True,True,True,True,2,0
bounds_write-wrapper-5,"{""idx"":-1,""value"":0}","{""noise_0"":0,""noise_1"":0,""noise_2"":1,""noise_3"":0}",True,OOB_WRITE,OOB_WRITE,,True,True,True,True,2,0
bounds_write-wrapper-5,"{""idx"":-1,""value"":1}","{""noise_0"":0,""noise_1"":0,""noise_2"":1,""noise_3"":0}",True,OOB_WRITE,OOB_WRITE,,True,True,True,True,2,0
bounds_write-wrapper-5,"{""idx"":0,""value"":0}","{""noise_0"":0,""noise_1"":0,""noise_2"":1,""noise_3"":0}",True,OOB_WRITE,,,True,True,True,True,2,0
bounds_write-wrapper-5,"{""idx"":0,""value"":1}","{""noise_0"":0,""noise_1"":0,""noise_2"":1,""noise_3"":0}",True,OOB_WRITE,,,True,True,True,True,2,0
bounds_write-wrapper-5,"{""idx"":1,""value"":0}","{""noise_0"":0,""noise_1"":0,""noise_2"":1,""noise_3"":0}",True,OOB_WRITE,,,True,True,True,True,2,0
bounds_write-wrapper-5,"{""idx"":1,""value"":1}","{""noise_0"":0,""noise_1"":0,""noise_2"":1,""noise_3"":0}",True,OOB_WRITE,,,True,True,True,True,2,0
bounds_write-wrapper-5,"{""idx"":2,""value"":0}","{""noise_0"":0,""noise_1"":0,""noise_2"":1,""noise_3"":0}",True,OOB_WRITE,OOB_WRITE,,True,True,True,True,2,0
bounds_write-wrapper-5,"{""idx"":2,""value"":1}","{""noise_0"":0,""noise_1"":0,""noise_2"":1,""noise_3"":0}",True,OOB_WRITE,OOB_WRITE,,True,True,True,True,2,0
bounds_write-wrapper-5,"{""idx"":-1,""value"":0}","{""noise_0"":0,""noise_1"":0,""noise_2"":1,""noise_3"":1}",True,OOB_WRITE,OOB_WRITE,,True,True,True,True,2,0
bounds_write-wrapper-5,"{""idx"":-1,""value"":1}","{""noise_0"":0,""noise_1"":0,""noise_2"":1,""noise_3"":1}",True,OOB_WRITE,OOB_WRITE,,True,True,True,True,2,0
bounds_write-wrapper-5,"{""idx"":0,""value"":0}","{""noise_0"":0,""noise_1"":0,""noise_2"":1,""noise_3"":1}",True,OOB_WRITE,,,True,True,True,True,2,0
bounds_write-wrapper-5,"{""idx"":0,""value"":1}","{""noise_0"":0,""noise_1"":0,""noise_2"":1,""noise_3"":1}",True,OOB_WRITE,,,True,True,True,True,2,0
bounds_write-wrapper-5,"{""idx"":1,""value"":0}","{""noise_0"":0,""noise_1"":0,""noise_2"":1,""noise_3"":1}",True,OOB_WRITE,,,True,True,True,True,2,0
bounds_write-wrapper-5,"{""idx"":1,""value"":1}","{""noise_0"":0,""noise_1"":0,""noise_2"":1,""noise_3"":1}",True,OOB_WRITE,,,True,True,True,True,2,0
bounds_write-wrapper-5,"{""idx"":2,""value"":0}","{""noise_0"":0,""noise_1"":0,""noise_2"":1,""noise_3"":1}",True,OOB_WRITE,OOB_WRITE,,True,True,True,True,2,0
bounds_write-wrapper-5,"{""idx"":2,""value"":1}","{""noise_0"":0,""noise_1"":0,""noise_2"":1,""noise_3"":1}",True,OOB_WRITE,OOB_WRITE,,True,True,True,True,2,0
bounds_write-wrapper-5,"{""idx"":-1,""value"":0}","{""noise_0"":0,""noise_1"":1,""noise_2"":0,""noise_3"":0}",True,OOB_WRITE,OOB_WRITE,,True,True,True,True,2,0
bounds_write-wrapper-5,"{""idx"":-1,""value"":1}","{""noise_0"":0,""noise_1"":1,""noise_2"":0,""noise_3"":0}",True,OOB_WRITE,OOB_WRITE,,True,True,True,True,2,0
bounds_write-wrapper-5,"{""idx"":0,""value"":0}","{""noise_0"":0,""noise_1"":1,""noise_2"":0,""noise_3"":0}",True,OOB_WRITE,,,True,True,True,True,2,0
bounds_write-wrapper-5,"{""idx"":0,""value"":1}","{""noise_0"":0,""noise_1"":1,""noise_2"":0,""noise_3"":0}",True,OOB_WRITE,,,True,True,True,True,2,0
bounds_write-wrapper-5,"{""idx"":1,""value"":0}","{""noise_0"":0,""noise_1"":1,""noise_2"":0,""noise_3"":0}",True,OOB_WRITE,,,True,True,True,True,2,0
bounds_write-wrapper-5,"{""idx"":1,""value"":1}","{""noise_0"":0,""noise_1"":1,""noise_2"":0,""noise_3"":0}",True,OOB_WRITE,,,True,True,True,True,2,0
bounds_write-wrapper-5,"{""idx"":2,""value"":0}","{""noise_0"":0,""noise_1"":1,""noise_2"":0,""noise_3"":0}",True,OOB_WRITE,OOB_WRITE,,True,True,True,True,2,0
bounds_write-wrapper-5,"{""idx"":2,""value"":1}","{""noise_0"":0,""noise_1"":1,""noise_2"":0,""noise_3"":0}",True,OOB_WRITE,OOB_WRITE,,True,True,True,True,2,0
bounds_write-wrapper-5,"{""idx"":-1,""value"":0}","{""noise_0"":0,""noise_1"":1,""noise_2"":0,""noise_3"":1}",True,OOB_WRITE,OOB_WRITE,,True,True,True,True,2,0
bounds_write-wrapper-5,"{""idx"":-1,""value"":1}","{""noise_0"":0,""noise_1"":1,""noise_2"":0,""noise_3"":1}",True,OOB_WRITE,OOB_WRITE,,True,True,True,True,2,0
bounds_write-wrapper-5,"{""idx"":0,""value"":0}","{""noise_0"":0,""noise_1"":1,""noise_2"":0,""noise_3"":1}",True,OOB_WRITE,,,True,True,True,True,2,0
bounds_write-wrapper-5,"{""idx"":0,""value"":1}","{""noise_0"":0,""noise_1"":1,""noise_2"":0,""noise_3"":1}",True,OOB_WRITE,,,True,True,True,True,2,0
bounds_write-wrapper-5,"{""idx"":1,""value"":0}","{""noise_0"":0,""noise_1"":1,""noise_2"":0,""noise_3"":1}",True,OOB_WRITE,,,True,True,True,True,2,0
bounds_write-wrapper-5,"{""idx"":1,""value"":1}","{""noise_0"":0,""noise_1"":1,""noise_2"":0,""noise_3"":1}",True,OOB_WRITE,,,True,True,True,True,2,0
bounds_write-wrapper-5,"{""idx"":2,""value"":0}","{""noise_0"":0,""noise_1"":1,""noise_2"":0,""noise_3"":1}",True,OOB_WRITE,OOB_WRITE,,True,True,True,True,2,0
bounds_write-wrapper-5,"{""idx"":2,""value"":1}","{""noise_0"":0,""noise_1"":1,""noise_2"":0,""noise_3"":1}",True,OOB_WRITE,OOB_WRITE,,True,True,True,True,2,0
bounds_write-wrapper-5,"{""idx"":-1,""value"":0}","{""noise_0"":0,""noise_1"":1,""noise_2"":1,""noise_3"":0}",True,OOB_WRITE,OOB_WRITE,,True,True,True,True,2,0
bounds_write-wrapper-5,"{""idx"":-1,""value"":1}","{""noise_0"":0,""noise_1"":1,""noise_2"":1,""noise_3"":0}",True,OOB_WRITE,OOB_WRITE,,True,True,True,True,2,0
bounds_write-wrapper-5,"{""idx"":0,""value"":0}","{""noise_0"":0,""noise_1"":1,""noise_2"":1,""noise_3"":0}",True,OOB_WRITE,,,True,True,True,True,2,0
bounds_write-wrapper-5,"{""idx"":0,""value"":1}","{""noise_0"":0,""noise_1"":1,""noise_2"":1,""noise_3"":0}",True,OOB_WRITE,,,True,True,True,True,2,0
bounds_write-wrapper-5,"{""idx"":1,""value"":0}","{""noise_0"":0,""noise_1"":1,""noise_2"":1,""noise_3"":0}",True,OOB_WRITE,,,True,True,True,True,2,0
bounds_write-wrapper-5,"{""idx"":1,""value"":1}","{""noise_0"":0,""noise_1"":1,""noise_2"":1,""noise_3"":0}",True,OOB_WRITE,,,True,True,True,True,2,0
bounds_write-wrapper-5,"{""idx"":2,""value"":0}","{""noise_0"":0,""noise_1"":1,""noise_2"":1,""noise_3"":0}",True,OOB_WRITE,OOB_WRITE,,True,True,True,True,2,0
bounds_write-wrapper-5,"{""idx"":2,""value"":1}","{""noise_0"":0,""noise_1"":1,""noise_2"":1,""noise_3"":0}",True,OOB_WRITE,OOB_WRITE,,True,True,True,True,2,0
bounds_write-wrapper-5,"{""idx"":-1,""value"":0}","{""noise_0"":0,""noise_1"":1,""noise_2"":1,""noise_3"":1}",True,OOB_WRITE,OOB_WRITE,,True,True,True,True,2,0
bounds_write-wrapper-5,"{""idx"":-1,""value"":1}","{""noise_0"":0,""noise_1"":1,""noise_2"":1,""noise_3"":1}",True,OOB_WRITE,OOB_WRITE,,True,True,True,True,2,0
bounds_write-wrapper-5,"{""idx"":0,""value"":0}","{""noise_0"":0,""noise_1"":1,""noise_2"":1,""noise_3"":1}",True,OOB_WRITE,,,True,True,True,True,2,0
bounds_write-wrapper-5,"{""idx"":0,""value"":1}","{""noise_0"":0,""noise_1"":1,""noise_2"":1,""noise_3"":1}",True,OOB_WRITE,,,True,True,True,True,2,0
bounds_write-wrapper-5,"{""idx"":1,""value"":0}","{""noise_0"":0,""noise_1"":1,""noise_2"":1,""noise_3"":1}",True,OOB_WRITE,,,True,True,True,True,2,0
bounds_write-wrapper-5,"{""idx"":1,""value"":1}","{""noise_0"":0,""noise_1"":1,""noise_2"":1,""noise_3"":1}",True,OOB_WRITE,,,True,True,True,True,2,0
bounds_write-wrapper-5,"{""idx"":2,""value"":0}","{""noise_0"":0,""noise_1"":1,""noise_2"":1,""noise_3"":1}",True,OOB_WRITE,OOB_WRITE,,True,True,True,True,2,0
bounds_write-wrapper-5,"{""idx"":2,""value"":1}","{""noise_0"":0,""noise_1"":1,""noise_2"":1,""noise_3"":1}",True,OOB_WRITE,OOB_WRITE,,True,True,True,True,2,0
bounds_write-wrapper-5,"{""idx"":-1,""value"":0}","{""noise_0"":1,""noise_1"":0,""noise_2"":0,""noise_3"":0}",True,OOB_WRITE,OOB_WRITE,,True,True,True,True,2,0
bounds_write-wrapper-5,"{""idx"":-1,""value"":1}","{""noise_0"":1,""noise_1"":0,""noise_2"":0,""noise_3"":0}",True,OOB_WRITE,OOB_WRITE,,True,True,True,True,2,0
bounds_write-wrapper-5,"{""idx"":0,""value"":0}","{""noise_0"":1,""noise_1"":0,""noise_2"":0,""noise_3"":0}",True,OOB_WRITE,,,True,True,True,True,2,0
bounds_write-wrapper-5,"{""idx"":0,""value"":1}","{""noise_0"":1,""noise_1"":0,""noise_2"":0,""noise_3"":0}",True,OOB_WRITE,,,True,True,True,True,2,0
bounds_write-wrapper-5,"{""idx"":1,""value"":0}","{""noise_0"":1,""noise_1"":0,""noise_2"":0,""noise_3"":0}",True,OOB_WRITE,,,True,True,True,True,2,0
bounds_write-wrapper-5,"{""idx"":1,""value"":1}","{""noise_0"":1,""noise_1"":0,""noise_2"":0,""noise_3"":0}",True,OOB_WRITE,,,True,True,True,True,2,0
bounds_write-wrapper-5,"{""idx"":2,""value"":0}","{""noise_0"":1,""noise_1"":0,""noise_2"":0,""noise_3"":0}",True,OOB_WRITE,OOB_WRITE,,True,True,True,True,2,0
bounds_write-wrapper-5,"{""idx"":2,""value"":1}","{""noise_0"":1,""noise_1"":0,""noise_2"":0,""noise_3"":0}",True,OOB_WRITE,OOB_WRITE,,True,True,True,True,2,0
bounds_write-wrapper-5,"{""idx"":-1,""value"":0}","{""noise_0"":1,""noise_1"":0,""noise_2"":0,""noise_3"":1}",True,OOB_WRITE,OOB_WRITE,,True,True,True,True,2,0
bounds_write-wrapper-5,"{""idx"":-1,""value"":1}","{""noise_0"":1,""noise_1"":0,""noise_2"":0,""noise_3"":1}",True,OOB_WRITE,OOB_WRITE,,True,True,True,True,2,0
bounds_write-wrapper-5,"{""idx"":0,""value"":0}","{""noise_0"":1,""noise_1"":0,""noise_2"":0,""noise_3"":1}",True,OOB_WRITE,,,True,True,True,True,2,0
bounds_write-wrapper-5,"{""idx"":0,""value"":1}","{""noise_0"":1,""noise_1"":0,""noise_2"":0,""noise_3"":1}",True,OOB_WRITE,,,True,True,True,True,2,0
bounds_write-wrapper-5,"{""idx"":1,""value"":0}","{""noise_0"":1,""noise_1"":0,""noise_2"":0,""noise_3"":1}",True,OOB_WRITE,,,True,True,True,True,2,0
bounds_write-wrapper-5,"{""idx"":1,""value"":1}","{""noise_0"":1,""noise_1"":0,""noise_2"":0,""noise_3"":1}",True,OOB_WRITE,,,True,True,True,True,2,0
bounds_write-wrapper-5,"{""idx"":2,""value"":0}","{""noise_0"":1,""noise_1"":0,""noise_2"":0,""noise_3"":1}",True,OOB_WRITE,OOB_WRITE,,True,True,True,True,2,0
bounds_write-wrapper-5,"{""idx"":2,""value"":1}","{""noise_0"":1,""noise_1"":0,""noise_2"":0,""noise_3"":1}",True,OOB_WRITE,OOB_WRITE,,True,True,True,True,2,0
bounds_write-wrapper-5,"{""idx"":-1,""value"":0}","{""noise_0"":1,""noise_1"":0,""noise_2"":1,""noise_3"":0}",True,OOB_WRITE,OOB_WRITE,,True,True,True,True,2,0
bounds_write-wrapper-5,"{""idx"":-1,""value"":1}","{""noise_0"":1,""noise_1"":0,""noise_2"":1,""noise_3"":0}",True,OOB_WRITE,OOB_WRITE,,True,True,True,True,2,0
bounds_write-wrapper-5,"{""idx"":0,""value"":0}","{""noise_0"":1,""noise_1"":0,""noise_2"":1,""noise_3"":0}",True,OOB_WRITE,,,True,True,True,True,2,0
bounds_write-wrapper-5,"{""idx"":0,""value"":1}","{""noise_0"":1,""noise_1"":0,""noise_2"":1,""noise_3"":0}",True,OOB_WRITE,,,True,True,True,True,2,0
bounds_write-wrapper-5,"{""idx"":1,""value"":0}","{""noise_0"":1,""noise_1"":0,""noise_2"":1,""noise_3"":0}",True,OOB_WRITE,,,True,True,True,True,2,0
bounds_write-wrapper-5,"{""idx"":1,""value"":1}","{""noise_0"":1,""noise_1"":0,""noise_2"":1,""noise_3"":0}",True,OOB_WRITE,,,True,True,True,True,2,0
bounds_write-wrapper-5,"{""idx"":2,""value"":0}","{""noise_0"":1,""noise_1"":0,""noise_2"":1,""noise_3"":0}",True,OOB_WRITE,OOB_WRITE,,True,True,True,True,2,0
bounds_write-wrapper-5,"{""idx"":2,""value"":1}","{""noise_0"":1,""noise_1"":0,""noise_2"":1,""noise_3"":0}",True,OOB_WRITE,OOB_WRITE,,True,True,True,True,2,0
bounds_write-wrapper-5,"{""idx"":-1,""value"":0}","{""noise_0"":1,""noise_1"":0,""noise_2"":1,""noise_3"":1}",True,OOB_WRITE,OOB_WRITE,,True,True,True,True,2,0
bounds_write-wrapper-5,"{""idx"":-1,""value"":1}","{""noise_0"":1,""noise_1"":0,""noise_2"":1,""noise_3"":1}",True,OOB_WRITE,OOB_WRITE,,True,True,True,True,2,0
bounds_write-wrapper-5,"{""idx"":0,""value"":0}","{""noise_0"":1,""noise_1"":0,""noise_2"":1,""noise_3"":1}",True,OOB_WRITE,,,True,True,True,True,2,0
bounds_write-wrapper-5,"{""idx"":0,""value"":1}","{""noise_0"":1,""noise_1"":0,""noise_2"":1,""noise_3"":1}",True,OOB_WRITE,,,True,True,True,True,2,0
bounds_write-wrapper-5,"{""idx"":1,""value"":0}","{""noise_0"":1,""noise_1"":0,""noise_2"":1,""noise_3"":1}",True,OOB_WRITE,,,True,True,True,True,2,0
bounds_write-wrapper-5,"{""idx"":1,""value"":1}","{""noise_0"":1,""noise_1"":0,""noise_2"":1,""noise_3"":1}",True,OOB_WRITE,,,True,True,True,True,2,0
bounds_write-wrapper-5,"{""idx"":2,""value"":0}","{""noise_0"":1,""noise_1"":0,""noise_2"":1,""noise_3"":1}",True,OOB_WRITE,OOB_WRITE,,True,True,True,True,2,0
bounds_write-wrapper-5,"{""idx"":2,""value"":1}","{""noise_0"":1,""noise_1"":0,""noise_2"":1,""noise_3"":1}",True,OOB_WRITE,OOB_WRITE,,True,True,True,True,2,0
bounds_write-wrapper-5,"{""idx"":-1,""value"":0}","{""noise_0"":1,""noise_1"":1,""noise_2"":0,""noise_3"":0}",True,OOB_WRITE,OOB_WRITE,,True,True,True,True,2,0
bounds_write-wrapper-5,"{""idx"":-1,""value"":1}","{""noise_0"":1,""noise_1"":1,""noise_2"":0,""noise_3"":0}",True,OOB_WRITE,OOB_WRITE,,True,True,True,True,2,0
bounds_write-wrapper-5,"{""idx"":0,""value"":0}","{""noise_0"":1,""noise_1"":1,""noise_2"":0,""noise_3"":0}",True,OOB_WRITE,,,True,True,True,True,2,0
bounds_write-wrapper-5,"{""idx"":0,""value"":1}","{""noise_0"":1,""noise_1"":1,""noise_2"":0,""noise_3"":0}",True,OOB_WRITE,,,True,True,True,True,2,0
bounds_write-wrapper-5,"{""idx"":1,""value"":0}","{""noise_0"":1,""noise_1"":1,""noise_2"":0,""noise_3"":0}",True,OOB_WRITE,,,True,True,True,True,2,0
bounds_write-wrapper-5,"{""idx"":1,""value"":1}","{""noise_0"":1,""noise_1"":1,""noise_2"":0,""noise_3"":0}",True,OOB_WRITE,,,True,True,True,True,2,0
bounds_write-wrapper-5,"{""idx"":2,""value"":0}","{""noise_0"":1,""noise_1"":1,""noise_2"":0,""noise_3"":0}",True,OOB_WRITE,OOB_WRITE,,True,True,True,True,2,0
bounds_write-wrapper-5,"{""idx"":2,""value"":1}","{""noise_0"":1,""noise_1"":1,""noise_2"":0,""noise_3"":0}",True,OOB_WRITE,OOB_WRITE,,True,True,True,True,2,0
bounds_write-wrapper-5,"{""idx"":-1,""value"":0}","{""noise_0"":1,""noise_1"":1,""noise_2"":0,""noise_3"":1}",True,OOB_WRITE,OOB_WRITE,,True,True,True,True,2,0
bounds_write-wrapper-5,"{""idx"":-1,""value"":1}","{""noise_0"":1,""noise_1"":1,""noise_2"":0,""noise_3"":1}",True,OOB_WRITE,OOB_WRITE,,True,True,True,True,2,0
bounds_write-wrapper-5,"{""idx"":0,""value"":0}","{""noise_0"":1,""noise_1"":1,""noise_2"":0,""noise_3"":1}",True,OOB_WRITE,,,True,True,True,True,2,0
bounds_write-wrapper-5,"{""idx"":0,""value"":1}","{""noise_0"":1,""noise_1"":1,""noise_2"":0,""noise_3"":1}",True,OOB_WRITE,,,True,True,True,True,2,0
bounds_write-wrapper-5,"{""idx"":1,""value"":0}","{""noise_0"":1,""noise_1"":1,""noise_2"":0,""noise_3"":1}",True,OOB_WRITE,,,True,True,True,True,2,0
bounds_write-wrapper-5,"{""idx"":1,""value"":1}","{""noise_0"":1,""noise_1"":1,""noise_2"":0,""noise_3"":1}",True,OOB_WRITE,,,True,True,True,True,2,0
bounds_write-wrapper-5,"{""idx"":2,""value"":0}","{""noise_0"":1,""noise_1"":1,""noise_2"":0,""noise_3"":1}",True,OOB_WRITE,OOB_WRITE,,True,True,True,True,2,0
bounds_write-wrapper-5,"{""idx"":2,""value"":1}","{""noise_0"":1,""noise_1"":1,""noise_2"":0,""noise_3"":1}",True,OOB_WRITE,OOB_WRITE,,True,True,True,True,2,0
bounds_write-wrapper-5,"{""idx"":-1,""value"":0}","{""noise_0"":1,""noise_1"":1,""noise_2"":1,""noise_3"":0}",True,OOB_WRITE,OOB_WRITE,,True,True,True,True,2,0
bounds_write-wrapper-5,"{""idx"":-1,""value"":1}","{""noise_0"":1,""noise_1"":1,""noise_2"":1,""noise_3"":0}",True,OOB_WRITE,OOB_WRITE,,True,True,True,True,2,0
bounds_write-wrapper-5,"{""idx"":0,""value"":0}","{""noise_0"":1,""noise_1"":1,""noise_2"":1,""noise_3"":0}",True,OOB_WRITE,,,True,True,True,True,2,0
bounds_write-wrapper-5,"{""idx"":0,""value"":1}","{""noise_0"":1,""noise_1"":1,""noise_2"":1,""noise_3"":0}",True,OOB_WRITE,,,True,True,True,True,2,0
bounds_write-wrapper-5,"{""idx"":1,""value"":0}","{""noise_0"":1,""noise_1"":1,""noise_2"":1,""noise_3"":0}",True,OOB_WRITE,,,True,True,True,True,2,0
bounds_write-wrapper-5,"{""idx"":1,""value"":1}","{""noise_0"":1,""noise_1"":1,""noise_2"":1,""noise_3"":0}",True,OOB_WRITE,,,True,True,True,True,2,0
bounds_write-wrapper-5,"{""idx"":2,""value"":0}","{""noise_0"":1,""noise_1"":1,""noise_2"":1,""noise_3"":0}",True,OOB_WRITE,OOB_WRITE,,True,True,True,True,2,0
bounds_write-wrapper-5,"{""idx"":2,""value"":1}","{""noise_0"":1,""noise_1"":1,""noise_2"":1,""noise_3"":0}",True,OOB_WRITE,OOB_WRITE,,True,True,True,True,2,0
bounds_write-wrapper-5,"{""idx"":-1,""value"":0}","{""noise_0"":1,""noise_1"":1,""noise_2"":1,""noise_3"":1}",True,OOB_WRITE,OOB_WRITE,,True,True,True,True,2,0
bounds_write-wrapper-5,"{""idx"":-1,""value"":1}","{""noise_0"":1,""noise_1"":1,""noise_2"":1,""noise_3"":1}",True,OOB_WRITE,OOB_WRITE,,True,True,True,True,2,0
bounds_write-wrapper-5,"{""idx"":0,""value"":0}","{""noise_0"":1,""noise_1"":1,""noise_2"":1,""noise_3"":1}",True,OOB_WRITE,,,True,True,True,True,2,0
bounds_write-wrapper-5,"{""idx"":0,""value"":1}","{""noise_0"":1,""noise_1"":1,""noise_2"":1,""noise_3"":1}",True,OOB_WRITE,,,True,True,True,True,2,0
bounds_write-wrapper-5,"{""idx"":1,""value"":0}","{""noise_0"":1,""noise_1"":1,""noise_2"":1,""noise_3"":1}",True,OOB_WRITE,,,True,True,True,True,2,0
bounds_write-wrapper-5,"{""idx"":1,""value"":1}","{""noise_0"":1,""noise_1"":1,""noise_2"":1,""noise_3"":1}",True,OOB_WRITE,,,True,True,True,True,2,0
bounds_write-wrapper-5,"{""idx"":2,""value"":0}","{""noise_0"":1,""noise_1"":1,""noise_2"":1,""noise_3"":1}",True,OOB_WRITE,OOB_WRITE,,True,True,True,True,2,0
bounds_write-wrapper-5,"{""idx"":2,""value"":1}","{""noise_0"":1,""noise_1"":1,""noise_2"":1,""noise_3"":1}",True,OOB_WRITE,OOB_WRITE,,True,True,True,True,2,0
divide_zero-wrapper-0,"{""denominator"":-1,""numerator"":-2}","{""noise_0"":0,""noise_1"":0,""noise_2"":0,""noise_3"":0}",True,DIVIDE_BY_ZERO,,,True,True,True,True,2,0
divide_zero-wrapper-0,"{""denominator"":-1,""numerator"":0}","{""noise_0"":0,""noise_1"":0,""noise_2"":0,""noise_3"":0}",True,DIVIDE_BY_ZERO,,,True,True,True,True,2,0
divide_zero-wrapper-0,"{""denominator"":-1,""numerator"":3}","{""noise_0"":0,""noise_1"":0,""noise_2"":0,""noise_3"":0}",True,DIVIDE_BY_ZERO,,,True,True,True,True,2,0
divide_zero-wrapper-0,"{""denominator"":0,""numerator"":-2}","{""noise_0"":0,""noise_1"":0,""noise_2"":0,""noise_3"":0}",True,DIVIDE_BY_ZERO,DIVIDE_BY_ZERO,,True,True,True,True,2,0
divide_zero-wrapper-0,"{""denominator"":0,""numerator"":0}","{""noise_0"":0,""noise_1"":0,""noise_2"":0,""noise_3"":0}",True,DIVIDE_BY_ZERO,DIVIDE_BY_ZERO,,True,True,True,True,2,0
divide_zero-wrapper-0,"{""denominator"":0,""numerator"":3}","{""noise_0"":0,""noise_1"":0,""noise_2"":0,""noise_3"":0}",True,DIVIDE_BY_ZERO,DIVIDE_BY_ZERO,,True,True,True,True,2,0
divide_zero-wrapper-0,"{""denominator"":1,""numerator"":-2}","{""noise_0"":0,""noise_1"":0,""noise_2"":0,""noise_3"":0}",True,DIVIDE_BY_ZERO,,,True,True,True,True,2,0
divide_zero-wrapper-0,"{""denominator"":1,""numerator"":0}","{""noise_0"":0,""noise_1"":0,""noise_2"":0,""noise_3"":0}",True,DIVIDE_BY_ZERO,,,True,True,True,True,2,0
divide_zero-wrapper-0,"{""denominator"":1,""numerator"":3}","{""noise_0"":0,""noise_1"":0,""noise_2"":0,""noise_3"":0}",True,DIVIDE_BY_ZERO,,,True,True,True,True,2,0
divide_zero-wrapper-0,"{""denominator"":2,""numerator"":-2}","{""noise_0"":0,""noise_1"":0,""noise_2"":0,""noise_3"":0}",True,DIVIDE_BY_ZERO,,,True,True,True,True,2,0
divide_zero-wrapper-0,"{""denominator"":2,""numerator"":0}","{""noise_0"":0,""noise_1"":0,""noise_2"":0,""noise_3"":0}",True,DIVIDE_BY_ZERO,,,True,True,True,True,2,0
divide_zero-wrapper-0,"{""denominator"":2,""numerator"":3}","{""noise_0"":0,""noise_1"":0,""noise_2"":0,""noise_3"":0}",True,DIVIDE_BY_ZERO,,,True,True,True,True,2,0
divide_zero-wrapper-0,"{""denominator"":-1,""numerator"":-2}","{""noise_0"":0,""noise_1"":0,""noise_2"":0,""noise_3"":1}",True,DIVIDE_BY_ZERO,,,True,True,True,True,2,0
divide_zero-wrapper-0,"{""denominator"":-1,""numerator"":0}","{""noise_0"":0,""noise_1"":0,""noise_2"":0,""noise_3"":1}",True,DIVIDE_BY_ZERO,,,True,True,True,True,2,0
divide_zero-wrapper-0,"{""denominator"":-1,""numerator"":3}","{""noise_0"":0,""noise_1"":0,""noise_2"":0,""noise_3"":1}",True,DIVIDE_BY_ZERO,,,True,True,True,True,2,0
divide_zero-wrapper-0,"{""denominator"":0,""numerator"":-2}","{""noise_0"":0,""noise_1"":0,""noise_2"":0,""noise_3"":1}",True,DIVIDE_BY_ZERO,DIVIDE_BY_ZERO,,True,True,True,True,2,0
divide_zero-wrapper-0,"{""denominator"":0,""numerator"":0}","{""noise_0"":0,""noise_1"":0,""noise_2"":0,""noise_3"":1}",True,DIVIDE_BY_ZERO,DIVIDE_BY_ZERO,,True,True,True,True,2,0
divide_zero-wrapper-0,"{""denominator"":0,""numerator"":3}","{""noise_0"":0,""noise_1"":0,""noise_2"":0,""noise_3"":1}",True,DIVIDE_BY_ZERO,DIVIDE_BY_ZERO,,True,True,True,True,2,0
divide_zero-wrapper-0,"{""denominator"":1,""numerator"":-2}","{""noise_0"":0,""noise_1"":0,""noise_2"":0,""noise_3"":1}",True,DIVIDE_BY_ZERO,,,True,True,True,True,2,0
divide_zero-wrapper-0,"{""denominator"":1,""numerator"":0}","{""noise_0"":0,""noise_1"":0,""noise_2"":0,""noise_3"":1}",True,DIVIDE_BY_ZERO,,,True,True,True,True,2,0
divide_zero-wrapper-0,"{""denominator"":1,""numerator"":3}","{""noise_0"":0,""noise_1"":0,""noise_2"":0,""noise_3"":1}",True,DIVIDE_BY_ZERO,,,True,True,True,True,2,0
divide_zero-wrapper-0,"{""denominator"":2,""numerator"":-2}","{""noise_0"":0,""noise_1"":0,""noise_2"":0,""noise_3"":1}",True,DIVIDE_BY_ZERO,,,True,True,True,True,2,0
divide_zero-wrapper-0,"{""denominator"":2,""numerator"":0}","{""noise_0"":0,""noise_1"":0,""noise_2"":0,""noise_3"":1}",True,DIVIDE_BY_ZERO,,,True,True,True,True,2,0
divide_zero-wrapper-0,"{""denominator"":2,""numerator"":3}","{""noise_0"":0,""noise_1"":0,""noise_2"":0,""noise_3"":1}",True,DIVIDE_BY_ZERO,,,True,True,True,True,2,0
divide_zero-wrapper-0,"{""denominator"":-1,""numerator"":-2}","{""noise_0"":0,""noise_1"":0,""noise_2"":1,""noise_3"":0}",True,DIVIDE_BY_ZERO,,,True,True,True,True,2,0
divide_zero-wrapper-0,"{""denominator"":-1,""numerator"":0}","{""noise_0"":0,""noise_1"":0,""noise_2"":1,""noise_3"":0}",True,DIVIDE_BY_ZERO,,,True,True,True,True,2,0
divide_zero-wrapper-0,"{""denominator"":-1,""numerator"":3}","{""noise_0"":0,""noise_1"":0,""noise_2"":1,""noise_3"":0}",True,DIVIDE_BY_ZERO,,,True,True,True,True,2,0
divide_zero-wrapper-0,"{""denominator"":0,""numerator"":-2}","{""noise_0"":0,""noise_1"":0,""noise_2"":1,""noise_3"":0}",True,DIVIDE_BY_ZERO,DIVIDE_BY_ZERO,,True,True,True,True,2,0
divide_zero-wrapper-0,"{""denominator"":0,""numerator"":0}","{""noise_0"":0,""noise_1"":0,""noise_2"":1,""noise_3"":0}",True,DIVIDE_BY_ZERO,DIVIDE_BY_ZERO,,True,True,True,True,2,0
divide_zero-wrapper-0,"{""denominator"":0,""numerator"":3}","{""noise_0"":0,""noise_1"":0,""noise_2"":1,""noise_3"":0}",True,DIVIDE_BY_ZERO,DIVIDE_BY_ZERO,,True,True,True,True,2,0
divide_zero-wrapper-0,"{""denominator"":1,""numerator"":-2}","{""noise_0"":0,""noise_1"":0,""noise_2"":1,""noise_3"":0}",True,DIVIDE_BY_ZERO,,,True,True,True,True,2,0
divide_zero-wrapper-0,"{""denominator"":1,""numerator"":0}","{""noise_0"":0,""noise_1"":0,""noise_2"":1,""noise_3"":0}",True,DIVIDE_BY_ZERO,,,True,True,True,True,2,0
divide_zero-wrapper-0,"{""denominator"":1,""numerator"":3}","{""noise_0"":0,""noise_1"":0,""noise_2"":1,""noise_3"":0}",True,DIVIDE_BY_ZERO,,,True,True,True,True,2,0
divide_zero-wrapper-0,"{""denominator"":2,""numerator"":-2}","{""noise_0"":0,""noise_1"":0,""noise_2"":1,""noise_3"":0}",True,DIVIDE_BY_ZERO,,,True,True,True,True,2,0
divide_zero-wrapper-0,"{""denominator"":2,""numerator"":0}","{""noise_0"":0,""noise_1"":0,""noise_2"":1,""noise_3"":0}",True,DIVIDE_BY_ZERO,,,True,True,True,True,2,0
divide_zero-wrapper-0,"{""denominator"":2,""numerator"":3}","{""noise_0"":0,""noise_1"":0,""noise_2"":1,""noise_3"":0}",True,DIVIDE_BY_ZERO,,,True,True,True,True,2,0
divide_zero-wrapper-0,"{""denominator"":-1,""numerator"":-2}","{""noise_0"":0,""noise_1"":0,""noise_2"":1,""noise_3"":1}",True,DIVIDE_BY_ZERO,,,True,True,True,True,2,0
divide_zero-wrapper-0,"{""denominator"":-1,""numerator"":0}","{""noise_0"":0,""noise_1"":0,""noise_2"":1,""noise_3"":1}",True,DIVIDE_BY_ZERO,,,True,True,True,True,2,0
divide_zero-wrapper-0,"{""denominator"":-1,""numerator"":3}","{""noise_0"":0,""noise_1"":0,""noise_2"":1,""noise_3"":1}",True,DIVIDE_BY_ZERO,,,True,True,True,True,2,0
divide_zero-wrapper-0,"{""denominator"":0,""numerator"":-2}","{""noise_0"":0,""noise_1"":0,""noise_2"":1,""noise_3"":1}",True,DIVIDE_BY_ZERO,DIVIDE_BY_ZERO,,True,True,True,True,2,0
divide_zero-wrapper-0,"{""denominator"":0,""numerator"":0}","{""noise_0"":0,""noise_1"":0,""noise_2"":1,""noise_3"":1}",True,DIVIDE_BY_ZERO,DIVIDE_BY_ZERO,,True,True,True,True,2,0
divide_zero-wrapper-0,"{""denominator"":0,""numerator"":3}","{""noise_0"":0,""noise_1"":0,""noise_2"":1,""noise_3"":1}",True,DIVIDE_BY_ZERO,DIVIDE_BY_ZERO,,True,True,True,True,2,0
divide_zero-wrapper-0,"{""denominator"":1,""numerator"":-2}","{""noise_0"":0,""noise_1"":0,""noise_2"":1,""noise_3"":1}",True,DIVIDE_BY_ZERO,,,True,True,True,True,2,0
divide_zero-wrapper-0,"{""denominator"":1,""numerator"":0}","{""noise_0"":0,""noise_1"":0,""noise_2"":1,""noise_3"":1}",True,DIVIDE_BY_ZERO,,,True,True,True,True,2,0
divide_zero-wrapper-0,"{""denominator"":1,""numerator"":3}","{""noise_0"":0,""noise_1"":0,""noise_2"":1,""noise_3"":1}",True,DIVIDE_BY_ZERO,,,True,True,True,True,2,0
divide_zero-wrapper-0,"{""denominator"":2,""numerator"":-2}","{""noise_0"":0,""noise_1"":0,""noise_2"":1,""noise_3"":1}",True,DIVIDE_BY_ZERO,,,True,True,True,True,2,0
divide_zero-wrapper-0,"{""denominator"":2,""numerator"":0}","{""noise_0"":0,""noise_1"":0,""noise_2"":1,""noise_3"":1}",True,DIVIDE_BY_ZERO,,,True,True,True,True,2,0
divide_zero-wrapper-0,"{""denominator"":2,""numerator"":3}","{""noise_0"":0,""noise_1"":0,""noise_2"":1,""noise_3"":1}",True,DIVIDE_BY_ZERO,,,True,True,True,True,2,0
divide_zero-wrapper-0,"{""denominator"":-1,""numerator"":-2}","{""noise_0"":0,""noise_1"":1,""noise_2"":0,""noise_3"":0}",True,DIVIDE_BY_ZERO,,,True,True,True,True,2,0
divide_zero-wrapper-0,"{""denominator"":-1,""numerator"":0}","{""noise_0"":0,""noise_1"":1,""noise_2"":0,""noise_3"":0}",True,DIVIDE_BY_ZERO,,,True,True,True,True,2,0
divide_zero-wrapper-0,"{""denominator"":-1,""numerator"":3}","{""noise_0"":0,""noise_1"":1,""noise_2"":0,""noise_3"":0}",True,DIVIDE_BY_ZERO,,,True,True,True,True,2,0
divide_zero-wrapper-0,"{""denominator"":0,""numerator"":-2}","{""noise_0"":0,""noise_1"":1,""noise_2"":0,""noise_3"":0}",True,DIVIDE_BY_ZERO,DIVIDE_BY_ZERO,,True,True,True,True,2,0
divide_zero-wrapper-0,"{""denominator"":0,""numerator"":0}","{""noise_0"":0,""noise_1"":1,""noise_2"":0,""noise_3"":0}",True,DIVIDE_BY_ZERO,DIVIDE_BY_ZERO,,True,True,True,True,2,0
divide_zero-wrapper-0,"{""denominator"":0,""numerator"":3}","{""noise_0"":0,""noise_1"":1,""noise_2"":0,""noise_3"":0}",True,DIVIDE_BY_ZERO,DIVIDE_BY_ZERO,,True,True,True,True,2,0
divide_zero-wrapper-0,"{""denominator"":1,""numerator"":-2}","{""noise_0"":0,""noise_1"":1,""noise_2"":0,""noise_3"":0}",True,DIVIDE_BY_ZERO,,,True,True,True,True,2,0
divide_zero-wrapper-0,"{""denominator"":1,""numerator"":0}","{""noise_0"":0,""noise_1"":1,""noise_2"":0,""noise_3"":0}",True,DIVIDE_BY_ZERO,,,True,True,True,True,2,0
divide_zero-wrapper-0,"{""denominator"":1,""numerator"":3}","{""noise_0"":0,""noise_1"":1,""noise_2"":0,""noise_3"":0}",True,DIVIDE_BY_ZERO,,,True,True,True,True,2,0
divide_zero-wrapper-0,"{""denominator"":2,""numerator"":-2}","{""noise_0"":0,""noise_1"":1,""noise_2"":0,""noise_3"":0}",True,DIVIDE_BY_ZERO,,,True,True,True,True,2,0
divide_zero-wrapper-0,"{""denominator"":2,""numerator"":0}","{""noise_0"":0,""noise_1"":1,""noise_2"":0,""noise_3"":0}",True,DIVIDE_BY_ZERO,,,True,True,True,True,2,0
divide_zero-wrapper-0,"{""denominator"":2,""numerator"":3}","{""noise_0"":0,""noise_1"":1,""noise_2"":0,""noise_3"":0}",True,DIVIDE_BY_ZERO,,,True,True,True,True,2,0
divide_zero-wrapper-0,"{""denominator"":-1,""numerator"":-2}","{""noise_0"":0,""noise_1"":1,""noise_2"":0,""noise_3"":1}",True,DIVIDE_BY_ZERO,,,True,True,True,True,2,0
divide_zero-wrapper-0,"{""denominator"":-1,""numerator"":0}","{""noise_0"":0,""noise_1"":1,""noise_2"":0,""noise_3"":1}",True,DIVIDE_BY_ZERO,,,True,True,True,True,2,0
divide_zero-wrapper-0,"{""denominator"":-1,""numerator"":3}","{""noise_0"":0,""noise_1"":1,""noise_2"":0,""noise_3"":1}",True,DIVIDE_BY_ZERO,,,True,True,True,True,2,0
divide_zero-wrapper-0,"{""denominator"":0,""numerator"":-2}","{""noise_0"":0,""noise_1"":1,""noise_2"":0,""noise_3"":1}",True,DIVIDE_BY_ZERO,DIVIDE_BY_ZERO,,True,True,True,True,2,0
divide_zero-wrapper-0,"{""denominator"":0,""numerator"":0}","{""noise_0"":0,""noise_1"":1,""noise_2"":0,""noise_3"":1}",True,DIVIDE_BY_ZERO,DIVIDE_BY_ZERO,,True,True,True,True,2,0
divide_zero-wrapper-0,"{""denominator"":0,""numerator"":3}","{""noise_0"":0,""noise_1"":1,""noise_2"":0,""noise_3"":1}",True,DIVIDE_BY_ZERO,DIVIDE_BY_ZERO,,True,True,True,True,2,0
divide_zero-wrapper-0,"{""denominator"":1,""numerator"":-2}","{""noise_0"":0,""noise_1"":1,""noise_2"":0,""noise_3"":1}",True,DIVIDE_BY_ZERO,,,True,True,True,True,2,0
divide_zero-wrapper-0,"{""denominator"":1,""numerator"":0}","{""noise_0"":0,""noise_1"":1,""noise_2"":0,""noise_3"":1}",True,DIVIDE_BY_ZERO,,,True,True,True,True,2,0
divide_zero-wrapper-0,"{""denominator"":1,""numerator"":3}","{""noise_0"":0,""noise_1"":1,""noise_2"":0,""noise_3"":1}",True,DIVIDE_BY_ZERO,,,True,True,True,True,2,0
divide_zero-wrapper-0,"{""denominator"":2,""numerator"":-2}","{""noise_0"":0,""noise_1"":1,""noise_2"":0,""noise_3"":1}",True,DIVIDE_BY_ZERO,,,True,True,True,True,2,0
divide_zero-wrapper-0,"{""denominator"":2,""numerator"":0}","{""noise_0"":0,""noise_1"":1,""noise_2"":0,""noise_3"":1}",True,DIVIDE_BY_ZERO,,,True,True,True,True,2,0
divide_zero-wrapper-0,"{""denominator"":2,""numerator"":3}","{""noise_0"":0,""noise_1"":1,""noise_2"":0,""noise_3"":1}",True,DIVIDE_BY_ZERO,,,True,True,True,True,2,0
divide_zero-wrapper-0,"{""denominator"":-1,""numerator"":-2}","{""noise_0"":0,""noise_1"":1,""noise_2"":1,""noise_3"":0}",True,DIVIDE_BY_ZERO,,,True,True,True,True,2,0
divide_zero-wrapper-0,"{""denominator"":-1,""numerator"":0}","{""noise_0"":0,""noise_1"":1,""noise_2"":1,""noise_3"":0}",True,DIVIDE_BY_ZERO,,,True,True,True,True,2,0
divide_zero-wrapper-0,"{""denominator"":-1,""numerator"":3}","{""noise_0"":0,""noise_1"":1,""noise_2"":1,""noise_3"":0}",True,DIVIDE_BY_ZERO,,,True,True,True,True,2,0
divide_zero-wrapper-0,"{""denominator"":0,""numerator"":-2}","{""noise_0"":0,""noise_1"":1,""noise_2"":1,""noise_3"":0}",True,DIVIDE_BY_ZERO,DIVIDE_BY_ZERO,,True,True,True,True,2,0
divide_zero-wrapper-0,"{""denominator"":0,""numerator"":0}","{""noise_0"":0,""noise_1"":1,""noise_2"":1,""noise_3"":0}",True,DIVIDE_BY_ZERO,DIVIDE_BY_ZERO,,True,True,True,True,2,0
divide_zero-wrapper-0,"{""denominator"":0,""numerator"":3}","{""noise_0"":0,""noise_1"":1,""noise_2"":1,""noise_3"":0}",True,DIVIDE_BY_ZERO,DIVIDE_BY_ZERO,,True,True,True,True,2,0
divide_zero-wrapper-0,"{""denominator"":1,""numerator"":-2}","{""noise_0"":0,""noise_1"":1,""noise_2"":1,""noise_3"":0}",True,DIVIDE_BY_ZERO,,,True,True,True,True,2,0
divide_zero-wrapper-0,"{""denominator"":1,""numerator"":0}","{""noise_0"":0,""noise_1"":1,""noise_2"":1,""noise_3"":0}",True,DIVIDE_BY_ZERO,,,True,True,True,True,2,0
divide_zero-wrapper-0,"{""denominator"":1,""numerator"":3}","{""noise_0"":0,""noise_1"":1,""noise_2"":1,""noise_3"":0}",True,DIVIDE_BY_ZERO,,,True,True,True,True,2,0
divide_zero-wrapper-0,"{""denominator"":2,""numerator"":-2}","{""noise_0"":0,""noise_1"":1,""noise_2"":1,""noise_3"":0}",True,DIVIDE_BY_ZERO,,,True,True,True,True,2,0
divide_zero-wrapper-0,"{""denominator"":2,""numerator"":0}","{""noise_0"":0,""noise_1"":1,""noise_2"":1,""noise_3"":0}",True,DIVIDE_BY_ZERO,,,True,True,True,True,2,0
divide_zero-wrapper-0,"{""denominator"":2,""numerator"":3}","{""noise_0"":0,""noise_1"":1,""noise_2"":1,""noise_3"":0}",True,DIVIDE_BY_ZERO,,,True,True,True,True,2,0
divide_zero-wrapper-0,"{""denominator"":-1,""numerator"":-2}","{""noise_0"":0,""noise_1"":1,""noise_2"":1,""noise_3"":1}",True,DIVIDE_BY_ZERO,,,True,True,True,True,2,0
divide_zero-wrapper-0,"{""denominator"":-1,""numerator"":0}","{""noise_0"":0,""noise_1"":1,""noise_2"":1,""noise_3"":1}",True,DIVIDE_BY_ZERO,,,True,True,True,True,2,0
divide_zero-wrapper-0,"{""denominator"":-1,""numerator"":3}","{""noise_0"":0,""noise_1"":1,""noise_2"":1,""noise_3"":1}",True,DIVIDE_BY_ZERO,,,True,True,True,True,2,0
divide_zero-wrapper-0,"{""denominator"":0,""numerator"":-2}","{""noise_0"":0,""noise_1"":1,""noise_2"":1,""noise_3"":1}",True,DIVIDE_BY_ZERO,DIVIDE_BY_ZERO,,True,True,True,True,2,0
divide_zero-wrapper-0,"{""denominator"":0,""numerator"":0}","{""noise_0"":0,""noise_1"":1,""noise_2"":1,""noise_3"":1}",True,DIVIDE_BY_ZERO,DIVIDE_BY_ZERO,,True,True,True,True,2,0
divide_zero-wrapper-0,"{""denominator"":0,""numerator"":3}","{""noise_0"":0,""noise_1"":1,""noise_2"":1,""noise_3"":1}",True,DIVIDE_BY_ZERO,DIVIDE_BY_ZERO,,True,True,True,True,2,0
divide_zero-wrapper-0,"{""denominator"":1,""numerator"":-2}","{""noise_0"":0,""noise_1"":1,""noise_2"":1,""noise_3"":1}",True,DIVIDE_BY_ZERO,,,True,True,True,True,2,0
divide_zero-wrapper-0,"{""denominator"":1,""numerator"":0}","{""noise_0"":0,""noise_1"":1,""noise_2"":1,""noise_3"":1}",True,DIVIDE_BY_ZERO,,,True,True,True,True,2,0
divide_zero-wrapper-0,"{""denominator"":1,""numerator"":3}","{""noise_0"":0,""noise_1"":1,""noise_2"":1,""noise_3"":1}",True,DIVIDE_BY_ZERO,,,True,True,True,True,2,0
divide_zero-wrapper-0,"{""denominator"":2,""numerator"":-2}","{""noise_0"":0,""noise_1"":1,""noise_2"":1,""noise_3"":1}",True,DIVIDE_BY_ZERO,,,True,True,True,True,2,0
divide_zero-wrapper-0,"{""denominator"":2,""numerator"":0}","{""noise_0"":0,""noise_1"":1,""noise_2"":1,""noise_3"":1}",True,DIVIDE_BY_ZERO,,,True,True,True,True,2,0
divide_zero-wrapper-0,"{""denominator"":2,""numerator"":3}","{""noise_0"":0,""noise_1"":1,""noise_2"":1,""noise_3"":1}",True,DIVIDE_BY_ZERO,,,True,True,True,True,2,0
divide_zero-wrapper-0,"{""denominator"":-1,""numerator"":-2}","{""noise_0"":1,""noise_1"":0,""noise_2"":0,""noise_3"":0}",True,DIVIDE_BY_ZERO,,,True,True,True,True,2,0
divide_zero-wrapper-0,"{""denominator"":-1,""numerator"":0}","{""noise_0"":1,""noise_1"":0,""noise_2"":0,""noise_3"":0}",True,DIVIDE_BY_ZERO,,,True,True,True,True,2,0
divide_zero-wrapper-0,"{""denominator"":-1,""numerator"":3}","{""noise_0"":1,""noise_1"":0,""noise_2"":0,""noise_3"":0}",True,DIVIDE_BY_ZERO,,,True,True,True,True,2,0
divide_zero-wrapper-0,"{""denominator"":0,""numerator"":-2}","{""noise_0"":1,""noise_1"":0,""noise_2"":0,""noise_3"":0}",True,DIVIDE_BY_ZERO,DIVIDE_BY_ZERO,,True,True,True,True,2,0
divide_zero-wrapper-0,"{""denominator"":0,""numerator"":0}","{""noise_0"":1,""noise_1"":0,""noise_2"":0,""noise_3"":0}",True,DIVIDE_BY_ZERO,DIVIDE_BY_ZERO,,True,True,True,True,2,0
divide_zero-wrapper-0,"{""denominator"":0,""numerator"":3}","{""noise_0"":1,""noise_1"":0,""noise_2"":0,""noise_3"":0}",True,DIVIDE_BY_ZERO,DIVIDE_BY_ZERO,,True,True,True,True,2,0
divide_zero-wrapper-0,"{""denominator"":1,""numerator"":-2}","{""noise_0"":1,""noise_1"":0,""noise_2"":0,""noise_3"":0}",True,DIVIDE_BY_ZERO,,,True,True,True,True,2,0
divide_zero-wrapper-0,"{""denominator"":1,""numerator"":0}","{""noise_0"":1,""noise_1"":0,""noise_2"":0,""noise_3"":0}",True,DIVIDE_BY_ZERO,,,True,True,True,True,2,0
divide_zero-wrapper-0,"{""denominator"":1,""numerator"":3}","{""noise_0"":1,""noise_1"":0,""noise_2"":0,""noise_3"":0}",True,DIVIDE_BY_ZERO,,,True,True,True,True,2,0
divide_zero-wrapper-0,"{""denominator"":2,""numerator"":-2}","{""noise_0"":1,""noise_1"":0,""noise_2"":0,""noise_3"":0}",True,DIVIDE_BY_ZERO,,,True,True,True,True,2,0
divide_zero-wrapper-0,"{""denominator"":2,""numerator"":0}","{""noise_0"":1,""noise_1"":0,""noise_2"":0,""noise_3"":0}",True,DIVIDE_BY_ZERO,,,True,True,True,True,2,0
divide_zero-wrapper-0,"{""denominator"":2,""numerator"":3}","{""noise_0"":1,""noise_1"":0,""noise_2"":0,""noise_3"":0}",True,DIVIDE_BY_ZERO,,,True,True,True,True,2,0
divide_zero-wrapper-0,"{""denominator"":-1,""numerator"":-2}","{""noise_0"":1,""noise_1"":0,""noise_2"":0,""noise_3"":1}",True,DIVIDE_BY_ZERO,,,True,True,True,True,2,0
divide_zero-wrapper-0,"{""denominator"":-1,""numerator"":0}","{""noise_0"":1,""noise_1"":0,""noise_2"":0,""noise_3"":1}",True,DIVIDE_BY_ZERO,,,True,True,True,True,2,0
divide_zero-wrapper-0,"{""denominator"":-1,""numerator"":3}","{""noise_0"":1,""noise_1"":0,""noise_2"":0,""noise_3"":1}",True,DIVIDE_BY_ZERO,,,True,True,True,True,2,0
divide_zero-wrapper-0,"{""denominator"":0,""numerator"":-2}","{""noise_0"":1,""noise_1"":0,""noise_2"":0,""noise_3"":1}",True,DIVIDE_BY_ZERO,DIVIDE_BY_ZERO,,True,True,True,True,2,0
divide_zero-wrapper-0,"{""denominator"":0,""numerator"":0}","{""noise_0"":1,""noise_1"":0,""noise_2"":0,""noise_3"":1}",True,DIVIDE_BY_ZERO,DIVIDE_BY_ZERO,,True,True,True,True,2,0
divide_zero-wrapper-0,"{""denominator"":0,""numerator"":3}","{""noise_0"":1,""noise_1"":0,""noise_2"":0,""noise_3"":1}",True,DIVIDE_BY_ZERO,DIVIDE_BY_ZERO,,True,True,True,True,2,0
divide_zero-wrapper-0,"{""denominator"":1,""numerator"":-2}","{""noise_0"":1,""noise_1"":0,""noise_2"":0,""noise_3"":1}",True,DIVIDE_BY_ZERO,,,True,True,True,True,2,0
divide_zero-wrapper-0,"{""denominator"":1,""numerator"":0}","{""noise_0"":1,""noise_1"":0,""noise_2"":0,""noise_3"":1}",True,DIVIDE_BY_ZERO,,,True,True,True,True,2,0
divide_zero-wrapper-0,"{""denominator"":1,""numerator"":3}","{""noise_0"":1,""noise_1"":0,""noise_2"":0,""noise_3"":1}",True,DIVIDE_BY_ZERO,,,True,True,True,True,2,0
divide_zero-wrapper-0,"{""denominator"":2,""numerator"":-2}","{""noise_0"":1,""noise_1"":0,""noise_2"":0,""noise_3"":1}",True,DIVIDE_BY_ZERO,,,True,True,True,True,2,0
divide_zero-wrapper-0,"{""denominator"":2,""numerator"":0}","{""noise_0"":1,""noise_1"":0,""noise_2"":0,""noise_3"":1}",True,DIVIDE_BY_ZERO,,,True,True,True,True,2,0
divide_zero-wrapper-0,"{""denominator"":2,""numerator"":3}","{""noise_0"":1,""noise_1"":0,""noise_2"":0,""noise_3"":1}",True,DIVIDE_BY_ZERO,,,True,True,True,True,2,0
divide_zero-wrapper-0,"{""denominator"":-1,""numerator"":-2}","{""noise_0"":1,""noise_1"":0,""noise_2"":1,""noise_3"":0}",True,DIVIDE_BY_ZERO,,,True,True,True,True,2,0
divide_zero-wrapper-0,"{""denominator"":-1,""numerator"":0}","{""noise_0"":1,""noise_1"":0,""noise_2"":1,""noise_3"":0}",True,DIVIDE_BY_ZERO,,,True,True,True,True,2,0
divide_zero-wrapper-0,"{""denominator"":-1,""numerator"":3}","{""noise_0"":1,""noise_1"":0,""noise_2"":1,""noise_3"":0}",True,DIVIDE_BY_ZERO,,,True,True,True,True,2,0
divide_zero-wrapper-0,"{""denominator"":0,""numerator"":-2}","{""noise_0"":1,""noise_1"":0,""noise_2"":1,""noise_3"":0}",True,DIVIDE_BY_ZERO,DIVIDE_BY_ZERO,,True,True,True,True,2,0
divide_zero-wrapper-0,"{""denominator"":0,""numerator"":0}","{""noise_0"":1,""noise_1"":0,""noise_2"":1,""noise_3"":0}",True,DIVIDE_BY_ZERO,DIVIDE_BY_ZERO,,True,True,True,True,2,0
divide_zero-wrapper-0,"{""denominator"":0,""numerator"":3}","{""noise_0"":1,""noise_1"":0,""noise_2"":1,""noise_3"":0}",True,DIVIDE_BY_ZERO,DIVIDE_BY_ZERO,,True,True,True,True,2,0
divide_zero-wrapper-0,"{""denominator"":1,""numerator"":-2}","{""noise_0"":1,""noise_1"":0,""noise_2"":1,""noise_3"":0}",True,DIVIDE_BY_ZERO,,,True,True,True,True,2,0
divide_zero-wrapper-0,"{""denominator"":1,""numerator"":0}","{""noise_0"":1,""noise_1"":0,""noise_2"":1,""noise_3"":0}",True,DIVIDE_BY_ZERO,,,True,True,True,True,2,0
divide_zero-wrapper-0,"{""denominator"":1,""numerator"":3}","{""noise_0"":1,""noise_1"":0,""noise_2"":1,""noise_3"":0}",True,DIVIDE_BY_ZERO,,,True,True,True,True,2,0
divide_zero-wrapper-0,"{""denominator"":2,""numerator"":-2}","{""noise_0"":1,""noise_1"":0,""noise_2"":1,""noise_3"":0}",True,DIVIDE_BY_ZERO,,,True,True,True,True,2,0
divide_zero-wrapper-0,"{""denominator"":2,""numerator"":0}","{""noise_0"":1,""noise_1"":0,""noise_2"":1,""noise_3"":0}",True,DIVIDE_BY_ZERO,,,True,True,True,True,2,0
divide_zero-wrapper-0,"{""denominator"":2,""numerator"":3}","{""noise_0"":1,""noise_1"":0,""noise_2"":1,""noise_3"":0}",True,DIVIDE_BY_ZERO,,,True,True,True,True,2,0
divide_zero-wrapper-0,"{""denominator"":-1,""numerator"":-2}","{""noise_0"":1,""noise_1"":0,""noise_2"":1,""noise_3"":1}",True,DIVIDE_BY_ZERO,,,True,True,True,True,2,0
divide_zero-wrapper-0,"{""denominator"":-1,""numerator"":0}","{""noise_0"":1,""noise_1"":0,""noise_2"":1,""noise_3"":1}",True,DIVIDE_BY_ZERO,,,True,True,True,True,2,0
divide_zero-wrapper-0,"{""denominator"":-1,""numerator"":3}","{""noise_0"":1,""noise_1"":0,""noise_2"":1,""noise_3"":1}",True,DIVIDE_BY_ZERO,,,True,True,True,True,2,0
divide_zero-wrapper-0,"{""denominator"":0,""numerator"":-2}","{""noise_0"":1,""noise_1"":0,""noise_2"":1,""noise_3"":1}",True,DIVIDE_BY_ZERO,DIVIDE_BY_ZERO,,True,True,True,True,2,0
divide_zero-wrapper-0,"{""denominator"":0,""numerator"":0}","{""noise_0"":1,""noise_1"":0,""noise_2"":1,""noise_3"":1}",True,DIVIDE_BY_ZERO,DIVIDE_BY_ZERO,,True,True,True,True,2,0
divide_zero-wrapper-0,"{""denominator"":0,""numerator"":3}","{""noise_0"":1,""noise_1"":0,""noise_2"":1,""noise_3"":1}",True,DIVIDE_BY_ZERO,DIVIDE_BY_ZERO,,True,True,True,True,2,0
divide_zero-wrapper-0,"{""denominator"":1,""numerator"":-2}","{""noise_0"":1,""noise_1"":0,""noise_2"":1,""noise_3"":1}",True,DIVIDE_BY_ZERO,,,True,True,True,True,2,0
divide_zero-wrapper-0,"{""denominator"":1,""numerator"":0}","{""noise_0"":1,""noise_1"":0,""noise_2"":1,""noise_3"":1}",True,DIVIDE_BY_ZERO,,,True,True,True,True,2,0
divide_zero-wrapper-0,"{""denominator"":1,""numerator"":3}","{""noise_0"":1,""noise_1"":0,""noise_2"":1,""noise_3"":1}",True,DIVIDE_BY_ZERO,,,True,True,True,True,2,0
divide_zero-wrapper-0,"{""denominator"":2,""numerator"":-2}","{""noise_0"":1,""noise_1"":0,""noise_2"":1,""noise_3"":1}",True,DIVIDE_BY_ZERO,,,True,True,True,True,2,0
divide_zero-wrapper-0,"{""denominator"":2,""numerator"":0}","{""noise_0"":1,""noise_1"":0,""noise_2"":1,""noise_3"":1}",True,DIVIDE_BY_ZERO,,,True,True,True,True,2,0
divide_zero-wrapper-0,"{""denominator"":2,""numerator"":3}","{""noise_0"":1,""noise_1"":0,""noise_2"":1,""noise_3"":1}",True,DIVIDE_BY_ZERO,,,True,True,True,True,2,0
divide_zero-wrapper-0,"{""denominator"":-1,""numerator"":-2}","{""noise_0"":1,""noise_1"":1,""noise_2"":0,""noise_3"":0}",True,DIVIDE_BY_ZERO,,,True,True,True,True,2,0
divide_zero-wrapper-0,"{""denominator"":-1,""numerator"":0}","{""noise_0"":1,""noise_1"":1,""noise_2"":0,""noise_3"":0}",True,DIVIDE_BY_ZERO,,,True,True,True,True,2,0
divide_zero-wrapper-0,"{""denominator"":-1,""numerator"":3}","{""noise_0"":1,""noise_1"":1,""noise_2"":0,""noise_3"":0}",True,DIVIDE_BY_ZERO,,,True,True,True,True,2,0
divide_zero-wrapper-0,"{""denominator"":0,""numerator"":-2}","{""noise_0"":1,""noise_1"":1,""noise_2"":0,""noise_3"":0}",True,DIVIDE_BY_ZERO,DIVIDE_BY_ZERO,,True,True,True,True,2,0
divide_zero-wrapper-0,"{""denominator"":0,""numerator"":0}","{""noise_0"":1,""noise_1"":1,""noise_2"":0,""noise_3"":0}",True,DIVIDE_BY_ZERO,DIVIDE_BY_ZERO,,True,True,True,True,2,0
divide_zero-wrapper-0,"{""denominator"":0,""numerator"":3}","{""noise_0"":1,""noise_1"":1,""noise_2"":0,""noise_3"":0}",True,DIVIDE_BY_ZERO,DIVIDE_BY_ZERO,,True,True,True,True,2,0
divide_zero-wrapper-0,"{""denominator"":1,""numerator"":-2}","{""noise_0"":1,""noise_1"":1,""noise_2"":0,""noise_3"":0}",True,DIVIDE_BY_ZERO,,,True,True,True,True,2,0
divide_zero-wrapper-0,"{""denominator"":1,""numerator"":0}","{""noise_0"":1,""noise_1"":1,""noise_2"":0,""noise_3"":0}",True,DIVIDE_BY_ZERO,,,True,True,True,True,2,0
divide_zero-wrapper-0,"{""denominator"":1,""numerator"":3}","{""noise_0"":1,""noise_1"":1,""noise_2"":0,""noise_3"":0}",True,DIVIDE_BY_ZERO,,,True,True,True,True,2,0
divide_zero-wrapper-0,"{""denominator"":2,""numerator"":-2}","{""noise_0"":1,""noise_1"":1,""noise_2"":0,""noise_3"":0}",True,DIVIDE_BY_ZERO,,,True,True,True,True,2,0
divide_zero-wrapper-0,"{""denominator"":2,""numerator"":0}","{""noise_0"":1,""noise_1"":1,""noise_2"":0,""noise_3"":0}",True,DIVIDE_BY_ZERO,,,True,True,True,True,2,0
divide_zero-wrapper-0,"{""denominator"":2,""numerator"":3}","{""noise_0"":1,""noise_1"":1,""noise_2"":0,""noise_3"":0}",True,DIVIDE_BY_ZERO,,,True,True,True,True,2,0
divide_zero-wrapper-0,"{""denominator"":-1,""numerator"":-2}","{""noise_0"":1,""noise_1"":1,""noise_2"":0,""noise_3"":1}",True,DIVIDE_BY_ZERO,,,True,True,True,True,2,0
divide_zero-wrapper-0,"{""denominator"":-1,""numerator"":0}","{""noise_0"":1,""noise_1"":1,""noise_2"":0,""noise_3"":1}",True,DIVIDE_BY_ZERO,,,True,True,True,True,2,0
divide_zero-wrapper-0,"{""denominator"":-1,""numerator"":3}","{""noise_0"":1,""noise_1"":1,""noise_2"":0,""noise_3"":1}",True,DIVIDE_BY_ZERO,,,True,True,True,True,2,0
divide_zero-wrapper-0,"{""denominator"":0,""numerator"":-2}","{""noise_0"":1,""noise_1"":1,""noise_2"":0,""noise_3"":1}",True,DIVIDE_BY_ZERO,DIVIDE_BY_ZERO,,True,True,True,True,2,0
divide_zero-wrapper-0,"{""denominator"":0,""numerator"":0}","{""noise_0"":1,""noise_1"":1,""noise_2"":0,""noise_3"":1}",True,DIVIDE_BY_ZERO,DIVIDE_BY_ZERO,,True,True,True,True,2,0
divide_zero-wrapper-0,"{""denominator"":0,""numerator"":3}","{""noise_0"":1,""noise_1"":1,""noise_2"":0,""noise_3"":1}",True,DIVIDE_BY_ZERO,DIVIDE_BY_ZERO,,True,True,True,True,2,0
divide_zero-wrapper-0,"{""denominator"":1,""numerator"":-2}","{""noise_0"":1,""noise_1"":1,""noise_2"":0,""noise_3"":1}",True,DIVIDE_BY_ZERO,,,True,True,True,True,2,0
divide_zero-wrapper-0,"{""denominator"":1,""numerator"":0}","{""noise_0"":1,""noise_1"":1,""noise_2"":0,""noise_3"":1}",True,DIVIDE_BY_ZERO,,,True,True,True,True,2,0
divide_zero-wrapper-0,"{""denominator"":1,""numerator"":3}","{""noise_0"":1,""noise_1"":1,""noise_2"":0,""noise_3"":1}",True,DIVIDE_BY_ZERO,,,True,True,True,True,2,0
divide_zero-wrapper-0,"{""denominator"":2,""numerator"":-2}","{""noise_0"":1,""noise_1"":1,""noise_2"":0,""noise_3"":1}",True,DIVIDE_BY_ZERO,,,True,True,True,True,2,0
divide_zero-wrapper-0,"{""denominator"":2,""numerator"":0}","{""noise_0"":1,""noise_1"":1,""noise_2"":0,""noise_3"":1}",True,DIVIDE_BY_ZERO,,,True,True,True,True,2,0
divide_zero-wrapper-0,"{""denominator"":2,""numerator"":3}","{""noise_0"":1,""noise_1"":1,""noise_2"":0,""noise_3"":1}",True,DIVIDE_BY_ZERO,,,True,True,True,True,2,0
divide_zero-wrapper-0,"{""denominator"":-1,""numerator"":-2}","{""noise_0"":1,""noise_1"":1,""noise_2"":1,""noise_3"":0}",True,DIVIDE_BY_ZERO,,,True,True,True,True,2,0
divide_zero-wrapper-0,"{""denominator"":-1,""numerator"":0}","{""noise_0"":1,""noise_1"":1,""noise_2"":1,""noise_3"":0}",True,DIVIDE_BY_ZERO,,,True,True,True,True,2,0
divide_zero-wrapper-0,"{""denominator"":-1,""numerator"":3}","{""noise_0"":1,""noise_1"":1,""noise_2"":1,""noise_3"":0}",True,DIVIDE_BY_ZERO,,,True,True,True,True,2,0
divide_zero-wrapper-0,"{""denominator"":0,""numerator"":-2}","{""noise_0"":1,""noise_1"":1,""noise_2"":1,""noise_3"":0}",True,DIVIDE_BY_ZERO,DIVIDE_BY_ZERO,,True,True,True,True,2,0
divide_zero-wrapper-0,"{""denominator"":0,""numerator"":0}","{""noise_0"":1,""noise_1"":1,""noise_2"":1,""noise_3"":0}",True,DIVIDE_BY_ZERO,DIVIDE_BY_ZERO,,True,True,True,True,2,0
divide_zero-wrapper-0,"{""denominator"":0,""numerator"":3}","{""noise_0"":1,""noise_1"":1,""noise_2"":1,""noise_3"":0}",True,DIVIDE_BY_ZERO,DIVIDE_BY_ZERO,,True,True,True,True,2,0
divide_zero-wrapper-0,"{""denominator"":1,""numerator"":-2}","{""noise_0"":1,""noise_1"":1,""noise_2"":1,""noise_3"":0}",True,DIVIDE_BY_ZERO,,,True,True,True,True,2,0
divide_zero-wrapper-0,"{""denominator"":1,""numerator"":0}","{""noise_0"":1,""noise_1"":1,""noise_2"":1,""noise_3"":0}",True,DIVIDE_BY_ZERO,,,True,True,True,True,2,0
divide_zero-wrapper-0,"{""denominator"":1,""numerator"":3}","{""noise_0"":1,""noise_1"":1,""noise_2"":1,""noise_3"":0}",True,DIVIDE_BY_ZERO,,,True,True,True,True,2,0
divide_zero-wrapper-0,"{""denominator"":2,""numerator"":-2}","{""noise_0"":1,""noise_1"":1,""noise_2"":1,""noise_3"":0}",True,DIVIDE_BY_ZERO,,,True,True,True,True,2,0
divide_zero-wrapper-0,"{""denominator"":2,""numerator"":0}","{""noise_0"":1,""noise_1"":1,""noise_2"":1,""noise_3"":0}",True,DIVIDE_BY_ZERO,,,True,True,True,True,2,0
divide_zero-wrapper-0,"{""denominator"":2,""numerator"":3}","{""noise_0"":1,""noise_1"":1,""noise_2"":1,""noise_3"":0}",True,DIVIDE_BY_ZERO,,,True,True,True,True,2,0
divide_zero-wrapper-0,"{""denominator"":-1,""numerator"":-2}","{""noise_0"":1,""noise_1"":1,""noise_2"":1,""noise_3"":1}",True,DIVIDE_BY_ZERO,,,True,True,True,True,2,0
divide_zero-wrapper-0,"{""denominator"":-1,""numerator"":0}","{""noise_0"":1,""noise_1"":1,""noise_2"":1,""noise_3"":1}",True,DIVIDE_BY_ZERO,,,True,True,True,True,2,0
divide_zero-wrapper-0,"{""denominator"":-1,""numerator"":3}","{""noise_0"":1,""noise_1"":1,""noise_2"":1,""noise_3"":1}",True,DIVIDE_BY_ZERO,,,True,True,True,True,2,0
divide_zero-wrapper-0,"{""denominator"":0,""numerator"":-2}","{""noise_0"":1,""noise_1"":1,""noise_2"":1,""noise_3"":1}",True,DIVIDE_BY_ZERO,DIVIDE_BY_ZERO,,True,True,True,True,2,0
divide_zero-wrapper-0,"{""denominator"":0,""numerator"":0}","{""noise_0"":1,""noise_1"":1,""noise_2"":1,""noise_3"":1}",True,DIVIDE_BY_ZERO,DIVIDE_BY_ZERO,,True,True,True,True,2,0
divide_zero-wrapper-0,"{""denominator"":0,""numerator"":3}","{""noise_0"":1,""noise_1"":1,""noise_2"":1,""noise_3"":1}",True,DIVIDE_BY_ZERO,DIVIDE_BY_ZERO,,True,True,True,True,2,0
divide_zero-wrapper-0,"{""denominator"":1,""numerator"":-2}","{""noise_0"":1,""noise_1"":1,""noise_2"":1,""noise_3"":1}",True,DIVIDE_BY_ZERO,,,True,True,True,True,2,0
divide_zero-wrapper-0,"{""denominator"":1,""numerator"":0}","{""noise_0"":1,""noise_1"":1,""noise_2"":1,""noise_3"":1}",True,DIVIDE_BY_ZERO,,,True,True,True,True,2,0
divide_zero-wrapper-0,"{""denominator"":1,""numerator"":3}","{""noise_0"":1,""noise_1"":1,""noise_2"":1,""noise_3"":1}",True,DIVIDE_BY_ZERO,,,True,True,True,True,2,0
divide_zero-wrapper-0,"{""denominator"":2,""numerator"":-2}","{""noise_0"":1,""noise_1"":1,""noise_2"":1,""noise_3"":1}",True,DIVIDE_BY_ZERO,,,True,True,True,True,2,0
divide_zero-wrapper-0,"{""denominator"":2,""numerator"":0}","{""noise_0"":1,""noise_1"":1,""noise_2"":1,""noise_3"":1}",True,DIVIDE_BY_ZERO,,,True,True,True,True,2,0
divide_zero-wrapper-0,"{""denominator"":2,""numerator"":3}","{""noise_0"":1,""noise_1"":1,""noise_2"":1,""noise_3"":1}",True,DIVIDE_BY_ZERO,,,True,True,True,True,2,0
divide_zero-wrapper-1,"{""denominator"":-1,""numerator"":-2}","{""noise_0"":0,""noise_1"":0,""noise_2"":0,""noise_3"":0}",True,DIVIDE_BY_ZERO,,,True,True,True,True,2,0
divide_zero-wrapper-1,"{""denominator"":-1,""numerator"":0}","{""noise_0"":0,""noise_1"":0,""noise_2"":0,""noise_3"":0}",True,DIVIDE_BY_ZERO,,,True,True,True,True,2,0
divide_zero-wrapper-1,"{""denominator"":-1,""numerator"":3}","{""noise_0"":0,""noise_1"":0,""noise_2"":0,""noise_3"":0}",True,DIVIDE_BY_ZERO,,,True,True,True,True,2,0
divide_zero-wrapper-1,"{""denominator"":0,""numerator"":-2}","{""noise_0"":0,""noise_1"":0,""noise_2"":0,""noise_3"":0}",True,DIVIDE_BY_ZERO,DIVIDE_BY_ZERO,,True,True,True,True,2,0
divide_zero-wrapper-1,"{""denominator"":0,""numerator"":0}","{""noise_0"":0,""noise_1"":0,""noise_2"":0,""noise_3"":0}",True,DIVIDE_BY_ZERO,DIVIDE_BY_ZERO,,True,True,True,True,2,0
divide_zero-wrapper-1,"{""denominator"":0,""numerator"":3}","{""noise_0"":0,""noise_1"":0,""noise_2"":0,""noise_3"":0}",True,DIVIDE_BY_ZERO,DIVIDE_BY_ZERO,,True,True,True,True,2,0
divide_zero-wrapper-1,"{""denominator"":1,""numerator"":-2}","{""noise_0"":0,""noise_1"":0,""noise_2"":0,""noise_3"":0}",True,DIVIDE_BY_ZERO,,,True,True,True,True,2,0
divide_zero-wrapper-1,"{""denominator"":1,""numerator"":0}","{""noise_0"":0,""noise_1"":0,""noise_2"":0,""noise_3"":0}",True,DIVIDE_BY_ZERO,,,True,True,True,True,2,0
divide_zero-wrapper-1,"{""denominator"":1,""numerator"":3}","{""noise_0"":0,""noise_1"":0,""noise_2"":0,""noise_3"":0}",True,DIVIDE_BY_ZERO,,,True,True,True,True,2,0
divide_zero-wrapper-1,"{""denominator"":2,""numerator"":-2}","{""noise_0"":0,""noise_1"":0,""noise_2"":0,""noise_3"":0}",True,DIVIDE_BY_ZERO,,,True,True,True,True,2,0
divide_zero-wrapper-1,"{""denominator"":2,""numerator"":0}","{""noise_0"":0,""noise_1"":0,""noise_2"":0,""noise_3"":0}",True,DIVIDE_BY_ZERO,,,True,True,True,True,2,0
divide_zero-wrapper-1,"{""denominator"":2,""numerator"":3}","{""noise_0"":0,""noise_1"":0,""noise_2"":0,""noise_3"":0}",True,DIVIDE_BY_ZERO,,,True,True,True,True,2,0
divide_zero-wrapper-1,"{""denominator"":-1,""numerator"":-2}","{""noise_0"":0,""noise_1"":0,""noise_2"":0,""noise_3"":1}",True,DIVIDE_BY_ZERO,,,True,True,True,True,2,0
divide_zero-wrapper-1,"{""denominator"":-1,""numerator"":0}","{""noise_0"":0,""noise_1"":0,""noise_2"":0,""noise_3"":1}",True,DIVIDE_BY_ZERO,,,True,True,True,True,2,0
divide_zero-wrapper-1,"{""denominator"":-1,""numerator"":3}","{""noise_0"":0,""noise_1"":0,""noise_2"":0,""noise_3"":1}",True,DIVIDE_BY_ZERO,,,True,True,True,True,2,0
divide_zero-wrapper-1,"{""denominator"":0,""numerator"":-2}","{""noise_0"":0,""noise_1"":0,""noise_2"":0,""noise_3"":1}",True,DIVIDE_BY_ZERO,DIVIDE_BY_ZERO,,True,True,True,True,2,0
divide_zero-wrapper-1,"{""denominator"":0,""numerator"":0}","{""noise_0"":0,""noise_1"":0,""noise_2"":0,""noise_3"":1}",True,DIVIDE_BY_ZERO,DIVIDE_BY_ZERO,,True,True,True,True,2,0
divide_zero-wrapper-1,"{""denominator"":0,""numerator"":3}","{""noise_0"":0,""noise_1"":0,""noise_2"":0,""noise_3"":1}",True,DIVIDE_BY_ZERO,DIVIDE_BY_ZERO,,True,True,True,True,2,0
divide_zero-wrapper-1,"{""denominator"":1,""numerator"":-2}","{""noise_0"":0,""noise_1"":0,""noise_2"":0,""noise_3"":1}",True,DIVIDE_BY_ZERO,,,True,True,True,True,2,0
divide_zero-wrapper-1,"{""denominator"":1,""numerator"":0}","{""noise_0"":0,""noise_1"":0,""noise_2"":0,""noise_3"":1}",True,DIVIDE_BY_ZERO,,,True,True,True,True,2,0
divide_zero-wrapper-1,"{""denominator"":1,""numerator"":3}","{""noise_0"":0,""noise_1"":0,""noise_2"":0,""noise_3"":1}",True,DIVIDE_BY_ZERO,,,True,True,True,True,2,0
divide_zero-wrapper-1,"{""denominator"":2,""numerator"":-2}","{""noise_0"":0,""noise_1"":0,""noise_2"":0,""noise_3"":1}",True,DIVIDE_BY_ZERO,,,True,True,True,True,2,0
divide_zero-wrapper-1,"{""denominator"":2,""numerator"":0}","{""noise_0"":0,""noise_1"":0,""noise_2"":0,""noise_3"":1}",True,DIVIDE_BY_ZERO,,,True,True,True,True,2,0
divide_zero-wrapper-1,"{""denominator"":2,""numerator"":3}","{""noise_0"":0,""noise_1"":0,""noise_2"":0,""noise_3"":1}",True,DIVIDE_BY_ZERO,,,True,True,True,True,2,0
divide_zero-wrapper-1,"{""denominator"":-1,""numerator"":-2}","{""noise_0"":0,""noise_1"":0,""noise_2"":1,""noise_3"":0}",True,DIVIDE_BY_ZERO,,,True,True,True,True,2,0
divide_zero-wrapper-1,"{""denominator"":-1,""numerator"":0}","{""noise_0"":0,""noise_1"":0,""noise_2"":1,""noise_3"":0}",True,DIVIDE_BY_ZERO,,,True,True,True,True,2,0
divide_zero-wrapper-1,"{""denominator"":-1,""numerator"":3}","{""noise_0"":0,""noise_1"":0,""noise_2"":1,""noise_3"":0}",True,DIVIDE_BY_ZERO,,,True,True,True,True,2,0
divide_zero-wrapper-1,"{""denominator"":0,""numerator"":-2}","{""noise_0"":0,""noise_1"":0,""noise_2"":1,""noise_3"":0}",True,DIVIDE_BY_ZERO,DIVIDE_BY_ZERO,,True,True,True,True,2,0
divide_zero-wrapper-1,"{""denominator"":0,""numerator"":0}","{""noise_0"":0,""noise_1"":0,""noise_2"":1,""noise_3"":0}",True,DIVIDE_BY_ZERO,DIVIDE_BY_ZERO,,True,True,True,True,2,0
divide_zero-wrapper-1,"{""denominator"":0,""numerator"":3}","{""noise_0"":0,""noise_1"":0,""noise_2"":1,""noise_3"":0}",True,DIVIDE_BY_ZERO,DIVIDE_BY_ZERO,,True,True,True,True,2,0
divide_zero-wrapper-1,"{""denominator"":1,""numerator"":-2}","{""noise_0"":0,""noise_1"":0,""noise_2"":1,""noise_3"":0}",True,DIVIDE_BY_ZERO,,,True,True,True,True,2,0
divide_zero-wrapper-1,"{""denominator"":1,""numerator"":0}","{""noise_0"":0,""noise_1"":0,""noise_2"":1,""noise_3"":0}",True,DIVIDE_BY_ZERO,,,True,True,True,True,2,0
divide_zero-wrapper-1,"{""denominator"":1,""numerator"":3}","{""noise_0"":0,""noise_1"":0,""noise_2"":1,""noise_3"":0}",True,DIVIDE_BY_ZERO,,,True,True,True,True,2,0
divide_zero-wrapper-1,"{""denominator"":2,""numerator"":-2}","{""noise_0"":0,""noise_1"":0,""noise_2"":1,""noise_3"":0}",True,DIVIDE_BY_ZERO,,,True,True,True,True,2,0
divide_zero-wrapper-1,"{""denominator"":2,""numerator"":0}","{""noise_0"":0,""noise_1"":0,""noise_2"":1,""noise_3"":0}",True,DIVIDE_BY_ZERO,,,True,True,True,True,2,0
divide_zero-wrapper-1,"{""denominator"":2,""numerator"":3}","{""noise_0"":0,""noise_1"":0,""noise_2"":1,""noise_3"":0}",True,DIVIDE_BY_ZERO,,,True,True,True,True,2,0
divide_zero-wrapper-1,"{""denominator"":-1,""numerator"":-2}","{""noise_0"":0,""noise_1"":0,""noise_2"":1,""noise_3"":1}",True,DIVIDE_BY_ZERO,,,True,True,True,True,2,0
divide_zero-wrapper-1,"{""denominator"":-1,""numerator"":0}","{""noise_0"":0,""noise_1"":0,""noise_2"":1,""noise_3"":1}",True,DIVIDE_BY_ZERO,,,True,True,True,True,2,0
divide_zero-wrapper-1,"{""denominator"":-1,""numerator"":3}","{""noise_0"":0,""noise_1"":0,""noise_2"":1,""noise_3"":1}",True,DIVIDE_BY_ZERO,,,True,True,True,True,2,0
divide_zero-wrapper-1,"{""denominator"":0,""numerator"":-2}","{""noise_0"":0,""noise_1"":0,""noise_2"":1,""noise_3"":1}",True,DIVIDE_BY_ZERO,DIVIDE_BY_ZERO,,True,True,True,True,2,0
divide_zero-wrapper-1,"{""denominator"":0,""numerator"":0}","{""noise_0"":0,""noise_1"":0,""noise_2"":1,""noise_3"":1}",True,DIVIDE_BY_ZERO,DIVIDE_BY_ZERO,,True,True,True,True,2,0
divide_zero-wrapper-1,"{""denominator"":0,""numerator"":3}","{""noise_0"":0,""noise_1"":0,""noise_2"":1,""noise_3"":1}",True,DIVIDE_BY_ZERO,DIVIDE_BY_ZERO,,True,True,True,True,2,0
divide_zero-wrapper-1,"{""denominator"":1,""numerator"":-2}","{""noise_0"":0,""noise_1"":0,""noise_2"":1,""noise_3"":1}",True,DIVIDE_BY_ZERO,,,True,True,True,True,2,0
divide_zero-wrapper-1,"{""denominator"":1,""numerator"":0}","{""noise_0"":0,""noise_1"":0,""noise_2"":1,""noise_3"":1}",True,DIVIDE_BY_ZERO,,,True,True,True,True,2,0
divide_zero-wrapper-1,"{""denominator"":1,""numerator"":3}","{""noise_0"":0,""noise_1"":0,""noise_2"":1,""noise_3"":1}",True,DIVIDE_BY_ZERO,,,True,True,True,True,2,0
divide_zero-wrapper-1,"{""denominator"":2,""numerator"":-2}","{""noise_0"":0,""noise_1"":0,""noise_2"":1,""noise_3"":1}",True,DIVIDE_BY_ZERO,,,True,True,True,True,2,0
divide_zero-wrapper-1,"{""denominator"":2,""numerator"":0}","{""noise_0"":0,""noise_1"":0,""noise_2"":1,""noise_3"":1}",True,DIVIDE_BY_ZERO,,,True,True,True,True,2,0
divide_zero-wrapper-1,"{""denominator"":2,""numerator"":3}","{""noise_0"":0,""noise_1"":0,""noise_2"":1,""noise_3"":1}",True,DIVIDE_BY_ZERO,,,True,True,True,True,2,0
divide_zero-wrapper-1,"{""denominator"":-1,""numerator"":-2}","{""noise_0"":0,""noise_1"":1,""noise_2"":0,""noise_3"":0}",True,DIVIDE_BY_ZERO,,,True,True,True,True,2,0
divide_zero-wrapper-1,"{""denominator"":-1,""numerator"":0}","{""noise_0"":0,""noise_1"":1,""noise_2"":0,""noise_3"":0}",True,DIVIDE_BY_ZERO,,,True,True,True,True,2,0
divide_zero-wrapper-1,"{""denominator"":-1,""numerator"":3}","{""noise_0"":0,""noise_1"":1,""noise_2"":0,""noise_3"":0}",True,DIVIDE_BY_ZERO,,,True,True,True,True,2,0
divide_zero-wrapper-1,"{""denominator"":0,""numerator"":-2}","{""noise_0"":0,""noise_1"":1,""noise_2"":0,""noise_3"":0}",True,DIVIDE_BY_ZERO,DIVIDE_BY_ZERO,,True,True,True,True,2,0
divide_zero-wrapper-1,"{""denominator"":0,""numerator"":0}","{""noise_0"":0,""noise_1"":1,""noise_2"":0,""noise_3"":0}",True,DIVIDE_BY_ZERO,DIVIDE_BY_ZERO,,True,True,True,True,2,0
divide_zero-wrapper-1,"{""denominator"":0,""numerator"":3}","{""noise_0"":0,""noise_1"":1,""noise_2"":0,""noise_3"":0}",True,DIVIDE_BY_ZERO,DIVIDE_BY_ZERO,,True,True,True,True,2,0
divide_zero-wrapper-1,"{""denominator"":1,""numerator"":-2}","{""noise_0"":0,""noise_1"":1,""noise_2"":0,""noise_3"":0}",True,DIVIDE_BY_ZERO,,,True,True,True,True,2,0
divide_zero-wrapper-1,"{""denominator"":1,""numerator"":0}","{""noise_0"":0,""noise_1"":1,""noise_2"":0,""noise_3"":0}",True,DIVIDE_BY_ZERO,,,True,True,True,True,2,0
divide_zero-wrapper-1,"{""denominator"":1,""numerator"":3}","{""noise_0"":0,""noise_1"":1,""noise_2"":0,""noise_3"":0}",True,DIVIDE_BY_ZERO,,,True,True,True,True,2,0
divide_zero-wrapper-1,"{""denominator"":2,""numerator"":-2}","{""noise_0"":0,""noise_1"":1,""noise_2"":0,""noise_3"":0}",True,DIVIDE_BY_ZERO,,,True,True,True,True,2,0
divide_zero-wrapper-1,"{""denominator"":2,""numerator"":0}","{""noise_0"":0,""noise_1"":1,""noise_2"":0,""noise_3"":0}",True,DIVIDE_BY_ZERO,,,True,True,True,True,2,0
divide_zero-wrapper-1,"{""denominator"":2,""numerator"":3}","{""noise_0"":0,""noise_1"":1,""noise_2"":0,""noise_3"":0}",True,DIVIDE_BY_ZERO,,,True,True,True,True,2,0
divide_zero-wrapper-1,"{""denominator"":-1,""numerator"":-2}","{""noise_0"":0,""noise_1"":1,""noise_2"":0,""noise_3"":1}",True,DIVIDE_BY_ZERO,,,True,True,True,True,2,0
divide_zero-wrapper-1,"{""denominator"":-1,""numerator"":0}","{""noise_0"":0,""noise_1"":1,""noise_2"":0,""noise_3"":1}",True,DIVIDE_BY_ZERO,,,True,True,True,True,2,0
divide_zero-wrapper-1,"{""denominator"":-1,""numerator"":3}","{""noise_0"":0,""noise_1"":1,""noise_2"":0,""noise_3"":1}",True,DIVIDE_BY_ZERO,,,True,True,True,True,2,0
divide_zero-wrapper-1,"{""denominator"":0,""numerator"":-2}","{""noise_0"":0,""noise_1"":1,""noise_2"":0,""noise_3"":1}",True,DIVIDE_BY_ZERO,DIVIDE_BY_ZERO,,True,True,True,True,2,0
divide_zero-wrapper-1,"{""denominator"":0,""numerator"":0}","{""noise_0"":0,""noise_1"":1,""noise_2"":0,""noise_3"":1}",True,DIVIDE_BY_ZERO,DIVIDE_BY_ZERO,,True,True,True,True,2,0
divide_zero-wrapper-1,"{""denominator"":0,""numerator"":3}","{""noise_0"":0,""noise_1"":1,""noise_2"":0,""noise_3"":1}",True,DIVIDE_BY_ZERO,DIVIDE_BY_ZERO,,True,True,True,True,2,0
divide_zero-wrapper-1,"{""denominator"":1,""numerator"":-2}","{""noise_0"":0,""noise_1"":1,""noise_2"":0,""noise_3"":1}",True,DIVIDE_BY_ZERO,,,True,True,True,True,2,0
divide_zero-wrapper-1,"{""denominator"":1,""numerator"":0}","{""noise_0"":0,""noise_1"":1,""noise_2"":0,""noise_3"":1}",True,DIVIDE_BY_ZERO,,,True,True,True,True,2,0
divide_zero-wrapper-1,"{""denominator"":1,""numerator"":3}","{""noise_0"":0,""noise_1"":1,""noise_2"":0,""noise_3"":1}",True,DIVIDE_BY_ZERO,,,True,True,True,True,2,0
divide_zero-wrapper-1,"{""denominator"":2,""numerator"":-2}","{""noise_0"":0,""noise_1"":1,""noise_2"":0,""noise_3"":1}",True,DIVIDE_BY_ZERO,,,True,True,True,True,2,0
divide_zero-wrapper-1,"{""denominator"":2,""numerator"":0}","{""noise_0"":0,""noise_1"":1,""noise_2"":0,""noise_3"":1}",True,DIVIDE_BY_ZERO,,,True,True,True,True,2,0
divide_zero-wrapper-1,"{""denominator"":2,""numerator"":3}","{""noise_0"":0,""noise_1"":1,""noise_2"":0,""noise_3"":1}",True,DIVIDE_BY_ZERO,,,True,True,True,True,2,0
divide_zero-wrapper-1,"{""denominator"":-1,""numerator"":-2}","{""noise_0"":0,""noise_1"":1,""noise_2"":1,""noise_3"":0}",True,DIVIDE_BY_ZERO,,,True,True,True,True,2,0
divide_zero-wrapper-1,"{""denominator"":-1,""numerator"":0}","{""noise_0"":0,""noise_1"":1,""noise_2"":1,""noise_3"":0}",True,DIVIDE_BY_ZERO,,,True,True,True,True,2,0
divide_zero-wrapper-1,"{""denominator"":-1,""numerator"":3}","{""noise_0"":0,""noise_1"":1,""noise_2"":1,""noise_3"":0}",True,DIVIDE_BY_ZERO,,,True,True,True,True,2,0
divide_zero-wrapper-1,"{""denominator"":0,""numerator"":-2}","{""noise_0"":0,""noise_1"":1,""noise_2"":1,""noise_3"":0}",True,DIVIDE_BY_ZERO,DIVIDE_BY_ZERO,,True,True,True,True,2,0
divide_zero-wrapper-1,"{""denominator"":0,""numerator"":0}","{""noise_0"":0,""noise_1"":1,""noise_2"":1,""noise_3"":0}",True,DIVIDE_BY_ZERO,DIVIDE_BY_ZERO,,True,True,True,True,2,0
divide_zero-wrapper-1,"{""denominator"":0,""numerator"":3}","{""noise_0"":0,""noise_1"":1,""noise_2"":1,""noise_3"":0}",True,DIVIDE_BY_ZERO,DIVIDE_BY_ZERO,,True,True,True,True,2,0
divide_zero-wrapper-1,"{""denominator"":1,""numerator"":-2}","{""noise_0"":0,""noise_1"":1,""noise_2"":1,""noise_3"":0}",True,DIVIDE_BY_ZERO,,,True,True,True,True,2,0
divide_zero-wrapper-1,"{""denominator"":1,""numerator"":0}","{""noise_0"":0,""noise_1"":1,""noise_2"":1,""noise_3"":0}",True,DIVIDE_BY_ZERO,,,True,True,True,True,2,0
divide_zero-wrapper-1,"{""denominator"":1,""numerator"":3}","{""noise_0"":0,""noise_1"":1,""noise_2"":1,""noise_3"":0}",True,DIVIDE_BY_ZERO,,,True,True,True,True,2,0
divide_zero-wrapper-1,"{""denominator"":2,""numerator"":-2}","{""noise_0"":0,""noise_1"":1,""noise_2"":1,""noise_3"":0}",True,DIVIDE_BY_ZERO,,,True,True,True,True,2,0
divide_zero-wrapper-1,"{""denominator"":2,""numerator"":0}","{""noise_0"":0,""noise_1"":1,""noise_2"":1,""noise_3"":0}",True,DIVIDE_BY_ZERO,,,True,True,True,True,2,0
divide_zero-wrapper-1,"{""denominator"":2,""numerator"":3}","{""noise_0"":0,""noise_1"":1,""noise_2"":1,""noise_3"":0}",True,DIVIDE_BY_ZERO,,,True,True,True,True,2,0
divide_zero-wrapper-1,"{""denominator"":-1,""numerator"":-2}","{""noise_0"":0,""noise_1"":1,""noise_2"":1,""noise_3"":1}",True,DIVIDE_BY_ZERO,,,True,True,True,True,2,0
divide_zero-wrapper-1,"{""denominator"":-1,""numerator"":0}","{""noise_0"":0,""noise_1"":1,""noise_2"":1,""noise_3"":1}",True,DIVIDE_BY_ZERO,,,True,True,True,True,2,0
divide_zero-wrapper-1,"{""denominator"":-1,""numerator"":3}","{""noise_0"":0,""noise_1"":1,""noise_2"":1,""noise_3"":1}",True,DIVIDE_BY_ZERO,,,True,True,True,True,2,0
divide_zero-wrapper-1,"{""denominator"":0,""numerator"":-2}","{""noise_0"":0,""noise_1"":1,""noise_2"":1,""noise_3"":1}",True,DIVIDE_BY_ZERO,DIVIDE_BY_ZERO,,True,True,True,True,2,0
divide_zero-wrapper-1,"{""denominator"":0,""numerator"":0}","{""noise_0"":0,""noise_1"":1,""noise_2"":1,""noise_3"":1}",True,DIVIDE_BY_ZERO,DIVIDE_BY_ZERO,,True,True,True,True,2,0
divide_zero-wrapper-1,"{""denominator"":0,""numerator"":3}","{""noise_0"":0,""noise_1"":1,""noise_2"":1,""noise_3"":1}",True,DIVIDE_BY_ZERO,DIVIDE_BY_ZERO,,True,True,True,True,2,0
divide_zero-wrapper-1,"{""denominator"":1,""numerator"":-2}","{""noise_0"":0,""noise_1"":1,""noise_2"":1,""noise_3"":1}",True,DIVIDE_BY_ZERO,,,True,True,True,True,2,0
divide_zero-wrapper-1,"{""denominator"":1,""numerator"":0}","{""noise_0"":0,""noise_1"":1,""noise_2"":1,""noise_3"":1}",True,DIVIDE_BY_ZERO,,,True,True,True,True,2,0
divide_zero-wrapper-1,"{""denominator"":1,""numerator"":3}","{""noise_0"":0,""noise_1"":1,""noise_2"":1,""noise_3"":1}",True,DIVIDE_BY_ZERO,,,True,True,True,True,2,0
divide_zero-wrapper-1,"{""denominator"":2,""numerator"":-2}","{""noise_0"":0,""noise_1"":1,""noise_2"":1,""noise_3"":1}",True,DIVIDE_BY_ZERO,,,True,True,True,True,2,0
divide_zero-wrapper-1,"{""denominator"":2,""numerator"":0}","{""noise_0"":0,""noise_1"":1,""noise_2"":1,""noise_3"":1}",True,DIVIDE_BY_ZERO,,,True,True,True,True,2,0
divide_zero-wrapper-1,"{""denominator"":2,""numerator"":3}","{""noise_0"":0,""noise_1"":1,""noise_2"":1,""noise_3"":1}",True,DIVIDE_BY_ZERO,,,True,True,True,True,2,0
divide_zero-wrapper-1,"{""denominator"":-1,""numerator"":-2}","{""noise_0"":1,""noise_1"":0,""noise_2"":0,""noise_3"":0}",True,DIVIDE_BY_ZERO,,,True,True,True,True,2,0
divide_zero-wrapper-1,"{""denominator"":-1,""numerator"":0}","{""noise_0"":1,""noise_1"":0,""noise_2"":0,""noise_3"":0}",True,DIVIDE_BY_ZERO,,,True,True,True,True,2,0
divide_zero-wrapper-1,"{""denominator"":-1,""numerator"":3}","{""noise_0"":1,""noise_1"":0,""noise_2"":0,""noise_3"":0}",True,DIVIDE_BY_ZERO,,,True,True,True,True,2,0
divide_zero-wrapper-1,"{""denominator"":0,""numerator"":-2}","{""noise_0"":1,""noise_1"":0,""noise_2"":0,""noise_3"":0}",True,DIVIDE_BY_ZERO,DIVIDE_BY_ZERO,,True,True,True,True,2,0
divide_zero-wrapper-1,"{""denominator"":0,""numerator"":0}","{""noise_0"":1,""noise_1"":0,""noise_2"":0,""noise_3"":0}",True,DIVIDE_BY_ZERO,DIVIDE_BY_ZERO,,True,True,True,True,2,0
divide_zero-wrapper-1,"{""denominator"":0,""numerator"":3}","{""noise_0"":1,""noise_1"":0,""noise_2"":0,""noise_3"":0}",True,DIVIDE_BY_ZERO,DIVIDE_BY_ZERO,,True,True,True,True,2,0
divide_zero-wrapper-1,"{""denominator"":1,""numerator"":-2}","{""noise_0"":1,""noise_1"":0,""noise_2"":0,""noise_3"":0}",True,DIVIDE_BY_ZERO,,,True,True,True,True,2,0
divide_zero-wrapper-1,"{""denominator"":1,""numerator"":0}","{""noise_0"":1,""noise_1"":0,""noise_2"":0,""noise_3"":0}",True,DIVIDE_BY_ZERO,,,True,True,True,True,2,0
divide_zero-wrapper-1,"{""denominator"":1,""numerator"":3}","{""noise_0"":1,""noise_1"":0,""noise_2"":0,""noise_3"":0}",True,DIVIDE_BY_ZERO,,,True,True,True,True,2,0
divide_zero-wrapper-1,"{""denominator"":2,""numerator"":-2}","{""noise_0"":1,""noise_1"":0,""noise_2"":0,""noise_3"":0}",True,DIVIDE_BY_ZERO,,,True,True,True,True,2,0
divide_zero-wrapper-1,"{""denominator"":2,""numerator"":0}","{""noise_0"":1,""noise_1"":0,""noise_2"":0,""noise_3"":0}",True,DIVIDE_BY_ZERO,,,True,True,True,True,2,0
divide_zero-wrapper-1,"{""denominator"":2,""numerator"":3}","{""noise_0"":1,""noise_1"":0,""noise_2"":0,""noise_3"":0}",True,DIVIDE_BY_ZERO,,,True,True,True,True,2,0
divide_zero-wrapper-1,"{""denominator"":-1,""numerator"":-2}","{""noise_0"":1,""noise_1"":0,""noise_2"":0,""noise_3"":1}",True,DIVIDE_BY_ZERO,,,True,True,True,True,2,0
divide_zero-wrapper-1,"{""denominator"":-1,""numerator"":0}","{""noise_0"":1,""noise_1"":0,""noise_2"":0,""noise_3"":1}",True,DIVIDE_BY_ZERO,,,True,True,True,True,2,0
divide_zero-wrapper-1,"{""denominator"":-1,""numerator"":3}","{""noise_0"":1,""noise_1"":0,""noise_2"":0,""noise_3"":1}",True,DIVIDE_BY_ZERO,,,True,True,True,True,2,0
divide_zero-wrapper-1,"{""denominator"":0,""numerator"":-2}","{""noise_0"":1,""noise_1"":0,""noise_2"":0,""noise_3"":1}",True,DIVIDE_BY_ZERO,DIVIDE_BY_ZERO,,True,True,True,True,2,0
divide_zero-wrapper-1,"{""denominator"":0,""numerator"":0}","{""noise_0"":1,""noise_1"":0,""noise_2"":0,""noise_3"":1}",True,DIVIDE_BY_ZERO,DIVIDE_BY_ZERO,,True,True,True,True,2,0
divide_zero-wrapper-1,"{""denominator"":0,""numerator"":3}","{""noise_0"":1,""noise_1"":0,""noise_2"":0,""noise_3"":1}",True,DIVIDE_BY_ZERO,DIVIDE_BY_ZERO,,True,True,True,True,2,0
divide_zero-wrapper-1,"{""denominator"":1,""numerator"":-2}","{""noise_0"":1,""noise_1"":0,""noise_2"":0,""noise_3"":1}",True,DIVIDE_BY_ZERO,,,True,True,True,True,2,0
divide_zero-wrapper-1,"{""denominator"":1,""numerator"":0}","{""noise_0"":1,""noise_1"":0,""noise_2"":0,""noise_3"":1}",True,DIVIDE_BY_ZERO,,,True,True,True,True,2,0
divide_zero-wrapper-1,"{""denominator"":1,""numerator"":3}","{""noise_0"":1,""noise_1"":0,""noise_2"":0,""noise_3"":1}",True,DIVIDE_BY_ZERO,,,True,True,True,True,2,0
divide_zero-wrapper-1,"{""denominator"":2,""numerator"":-2}","{""noise_0"":1,""noise_1"":0,""noise_2"":0,""noise_3"":1}",True,DIVIDE_BY_ZERO,,,True,True,True,True,2,0
divide_zero-wrapper-1,"{""denominator"":2,""numerator"":0}","{""noise_0"":1,""noise_1"":0,""noise_2"":0,""noise_3"":1}",True,DIVIDE_BY_ZERO,,,True,True,True,True,2,0
divide_zero-wrapper-1,"{""denominator"":2,""numerator"":3}","{""noise_0"":1,""noise_1"":0,""noise_2"":0,""noise_3"":1}",True,DIVIDE_BY_ZERO,,,True,True,True,True,2,0
divide_zero-wrapper-1,"{""denominator"":-1,""numerator"":-2}","{""noise_0"":1,""noise_1"":0,""noise_2"":1,""noise_3"":0}",True,DIVIDE_BY_ZERO,,,True,True,True,True,2,0
divide_zero-wrapper-1,"{""denominator"":-1,""numerator"":0}","{""noise_0"":1,""noise_1"":0,""noise_2"":1,""noise_3"":0}",True,DIVIDE_BY_ZERO,,,True,True,True,True,2,0
divide_zero-wrapper-1,"{""denominator"":-1,""numerator"":3}","{""noise_0"":1,""noise_1"":0,""noise_2"":1,""noise_3"":0}",True,DIVIDE_BY_ZERO,,,True,True,True,True,2,0
divide_zero-wrapper-1,"{""denominator"":0,""numerator"":-2}","{""noise_0"":1,""noise_1"":0,""noise_2"":1,""noise_3"":0}",True,DIVIDE_BY_ZERO,DIVIDE_BY_ZERO,,True,True,True,True,2,0
divide_zero-wrapper-1,"{""denominator"":0,""numerator"":0}","{""noise_0"":1,""noise_1"":0,""noise_2"":1,""noise_3"":0}",True,DIVIDE_BY_ZERO,DIVIDE_BY_ZERO,,True,True,True,True,2,0
divide_zero-wrapper-1,"{""denominator"":0,""numerator"":3}","{""noise_0"":1,""noise_1"":0,""noise_2"":1,""noise_3"":0}",True,DIVIDE_BY_ZERO,DIVIDE_BY_ZERO,,True,True,True,True,2,0
divide_zero-wrapper-1,"{""denominator"":1,""numerator"":-2}","{""noise_0"":1,""noise_1"":0,""noise_2"":1,""noise_3"":0}",True,DIVIDE_BY_ZERO,,,True,True,True,True,2,0
divide_zero-wrapper-1,"{""denominator"":1,""numerator"":0}","{""noise_0"":1,""noise_1"":0,""noise_2"":1,""noise_3"":0}",True,DIVIDE_BY_ZERO,,,True,True,True,True,2,0
divide_zero-wrapper-1,"{""denominator"":1,""numerator"":3}","{""noise_0"":1,""noise_1"":0,""noise_2"":1,""noise_3"":0}",True,DIVIDE_BY_ZERO,,,True,True,True,True,2,0
divide_zero-wrapper-1,"{""denominator"":2,""numerator"":-2}","{""noise_0"":1,""noise_1"":0,""noise_2"":1,""noise_3"":0}",True,DIVIDE_BY_ZERO,,,True,True,True,True,2,0
divide_zero-wrapper-1,"{""denominator"":2,""numerator"":0}","{""noise_0"":1,""noise_1"":0,""noise_2"":1,""noise_3"":0}",True,DIVIDE_BY_ZERO,,,True,True,True,True,2,0
divide_zero-wrapper-1,"{""denominator"":2,""numerator"":3}","{""noise_0"":1,""noise_1"":0,""noise_2"":1,""noise_3"":0}",True,DIVIDE_BY_ZERO,,,True,True,True,True,2,0
divide_zero-wrapper-1,"{""denominator"":-1,""numerator"":-2}","{""noise_0"":1,""noise_1"":0,""noise_2"":1,""noise_3"":1}",True,DIVIDE_BY_ZERO,,,True,True,True,True,2,0
divide_zero-wrapper-1,"{""denominator"":-1,""numerator"":0}","{""noise_0"":1,""noise_1"":0,""noise_2"":1,""noise_3"":1}",True,DIVIDE_BY_ZERO,,,True,True,True,True,2,0
divide_zero-wrapper-1,"{""denominator"":-1,""numerator"":3}","{""noise_0"":1,""noise_1"":0,""noise_2"":1,""noise_3"":1}",True,DIVIDE_BY_ZERO,,,True,True,True,True,2,0
divide_zero-wrapper-1,"{""denominator"":0,""numerator"":-2}","{""noise_0"":1,""noise_1"":0,""noise_2"":1,""noise_3"":1}",True,DIVIDE_BY_ZERO,DIVIDE_BY_ZERO,,True,True,True,True,2,0
divide_zero-wrapper-1,"{""denominator"":0,""numerator"":0}","{""noise_0"":1,""noise_1"":0,""noise_2"":1,""noise_3"":1}",True,DIVIDE_BY_ZERO,DIVIDE_BY_ZERO,,True,True,True,True,2,0
divide_zero-wrapper-1,"{""denominator"":0,""numerator"":3}","{""noise_0"":1,""noise_1"":0,""noise_2"":1,""noise_3"":1}",True,DIVIDE_BY_ZERO,DIVIDE_BY_ZERO,,True,True,True,True,2,0
divide_zero-wrapper-1,"{""denominator"":1,""numerator"":-2}","{""noise_0"":1,""noise_1"":0,""noise_2"":1,""noise_3"":1}",True,DIVIDE_BY_ZERO,,,True,True,True,True,2,0
divide_zero-wrapper-1,"{""denominator"":1,""numerator"":0}","{""noise_0"":1,""noise_1"":0,""noise_2"":1,""noise_3"":1}",True,DIVIDE_BY_ZERO,,,True,True,True,True,2,0
divide_zero-wrapper-1,"{""denominator"":1,""numerator"":3}","{""noise_0"":1,""noise_1"":0,""noise_2"":1,""noise_3"":1}",True,DIVIDE_BY_ZERO,,,True,True,True,True,2,0
divide_zero-wrapper-1,"{""denominator"":2,""numerator"":-2}","{""noise_0"":1,""noise_1"":0,""noise_2"":1,""noise_3"":1}",True,DIVIDE_BY_ZERO,,,True,True,True,True,2,0
divide_zero-wrapper-1,"{""denominator"":2,""numerator"":0}","{""noise_0"":1,""noise_1"":0,""noise_2"":1,""noise_3"":1}",True,DIVIDE_BY_ZERO,,,True,True,True,True,2,0
divide_zero-wrapper-1,"{""denominator"":2,""numerator"":3}","{""noise_0"":1,""noise_1"":0,""noise_2"":1,""noise_3"":1}",True,DIVIDE_BY_ZERO,,,True,True,True,True,2,0
divide_zero-wrapper-1,"{""denominator"":-1,""numerator"":-2}","{""noise_0"":1,""noise_1"":1,""noise_2"":0,""noise_3"":0}",True,DIVIDE_BY_ZERO,,,True,True,True,True,2,0
divide_zero-wrapper-1,"{""denominator"":-1,""numerator"":0}","{""noise_0"":1,""noise_1"":1,""noise_2"":0,""noise_3"":0}",True,DIVIDE_BY_ZERO,,,True,True,True,True,2,0
divide_zero-wrapper-1,"{""denominator"":-1,""numerator"":3}","{""noise_0"":1,""noise_1"":1,""noise_2"":0,""noise_3"":0}",True,DIVIDE_BY_ZERO,,,True,True,True,True,2,0
divide_zero-wrapper-1,"{""denominator"":0,""numerator"":-2}","{""noise_0"":1,""noise_1"":1,""noise_2"":0,""noise_3"":0}",True,DIVIDE_BY_ZERO,DIVIDE_BY_ZERO,,True,True,True,True,2,0
divide_zero-wrapper-1,"{""denominator"":0,""numerator"":0}","{""noise_0"":1,""noise_1"":1,""noise_2"":0,""noise_3"":0}",True,DIVIDE_BY_ZERO,DIVIDE_BY_ZERO,,True,True,True,True,2,0
divide_zero-wrapper-1,"{""denominator"":0,""numerator"":3}","{""noise_0"":1,""noise_1"":1,""noise_2"":0,""noise_3"":0}",True,DIVIDE_BY_ZERO,DIVIDE_BY_ZERO,,True,True,True,True,2,0
divide_zero-wrapper-1,"{""denominator"":1,""numerator"":-2}","{""noise_0"":1,""noise_1"":1,""noise_2"":0,""noise_3"":0}",True,DIVIDE_BY_ZERO,,,True,True,True,True,2,0
divide_zero-wrapper-1,"{""denominator"":1,""numerator"":0}","{""noise_0"":1,""noise_1"":1,""noise_2"":0,""noise_3"":0}",True,DIVIDE_BY_ZERO,,,True,True,True,True,2,0
divide_zero-wrapper-1,"{""denominator"":1,""numerator"":3}","{""noise_0"":1,""noise_1"":1,""noise_2"":0,""noise_3"":0}",True,DIVIDE_BY_ZERO,,,True,True,True,True,2,0
divide_zero-wrapper-1,"{""denominator"":2,""numerator"":-2}","{""noise_0"":1,""noise_1"":1,""noise_2"":0,""noise_3"":0}",True,DIVIDE_BY_ZERO,,,True,True,True,True,2,0
divide_zero-wrapper-1,"{""denominator"":2,""numerator"":0}","{""noise_0"":1,""noise_1"":1,""noise_2"":0,""noise_3"":0}",True,DIVIDE_BY_ZERO,,,True,True,True,True,2,0
divide_zero-wrapper-1,"{""denominator"":2,""numerator"":3}","{""noise_0"":1,""noise_1"":1,""noise_2"":0,""noise_3"":0}",True,DIVIDE_BY_ZERO,,,True,True,True,True,2,0
divide_zero-wrapper-1,"{""denominator"":-1,""numerator"":-2}","{""noise_0"":1,""noise_1"":1,""noise_2"":0,""noise_3"":1}",True,DIVIDE_BY_ZERO,,,True,True,True,True,2,0
divide_zero-wrapper-1,"{""denominator"":-1,""numerator"":0}","{""noise_0"":1,""noise_1"":1,""noise_2"":0,""noise_3"":1}",True,DIVIDE_BY_ZERO,,,True,True,True,True,2,0
divide_zero-wrapper-1,"{""denominator"":-1,""numerator"":3}","{""noise_0"":1,""noise_1"":1,""noise_2"":0,""noise_3"":1}",True,DIVIDE_BY_ZERO,,,True,True,True,True,2,0
divide_zero-wrapper-1,"{""denominator"":0,""numerator"":-2}","{""noise_0"":1,""noise_1"":1,""noise_2"":0,""noise_3"":1}",True,DIVIDE_BY_ZERO,DIVIDE_BY_ZERO,,True,True,True,True,2,0
divide_zero-wrapper-1,"{""denominator"":0,""numerator"":0}","{""noise_0"":1,""noise_1"":1,""noise_2"":0,""noise_3"":1}",True,DIVIDE_BY_ZERO,DIVIDE_BY_ZERO,,True,True,True,True,2,0
divide_zero-wrapper-1,"{""denominator"":0,""numerator"":3}","{""noise_0"":1,""noise_1"":1,""noise_2"":0,""noise_3"":1}",True,DIVIDE_BY_ZERO,DIVIDE_BY_ZERO,,True,True,True,True,2,0
divide_zero-wrapper-1,"{""denominator"":1,""numerator"":-2}","{""noise_0"":1,""noise_1"":1,""noise_2"":0,""noise_3"":1}",True,DIVIDE_BY_ZERO,,,True,True,True,True,2,0
divide_zero-wrapper-1,"{""denominator"":1,""numerator"":0}","{""noise_0"":1,""noise_1"":1,""noise_2"":0,""noise_3"":1}",True,DIVIDE_BY_ZERO,,,True,True,True,True,2,0
divide_zero-wrapper-1,"{""denominator"":1,""numerator"":3}","{""noise_0"":1,""noise_1"":1,""noise_2"":0,""noise_3"":1}",True,DIVIDE_BY_ZERO,,,True,True,True,True,2,0
divide_zero-wrapper-1,"{""denominator"":2,""numerator"":-2}","{""noise_0"":1,""noise_1"":1,""noise_2"":0,""noise_3"":1}",True,DIVIDE_BY_ZERO,,,True,True,True,True,2,0
divide_zero-wrapper-1,"{""denominator"":2,""numerator"":0}","{""noise_0"":1,""noise_1"":1,""noise_2"":0,""noise_3"":1}",True,DIVIDE_BY_ZERO,,,True,True,True,True,2,0
divide_zero-wrapper-1,"{""denominator"":2,""numerator"":3}","{""noise_0"":1,""noise_1"":1,""noise_2"":0,""noise_3"":1}",True,DIVIDE_BY_ZERO,,,True,True,True,True,2,0
divide_zero-wrapper-1,"{""denominator"":-1,""numerator"":-2}","{""noise_0"":1,""noise_1"":1,""noise_2"":1,""noise_3"":0}",True,DIVIDE_BY_ZERO,,,True,True,True,True,2,0
divide_zero-wrapper-1,"{""denominator"":-1,""numerator"":0}","{""noise_0"":1,""noise_1"":1,""noise_2"":1,""noise_3"":0}",True,DIVIDE_BY_ZERO,,,True,True,True,True,2,0
divide_zero-wrapper-1,"{""denominator"":-1,""numerator"":3}","{""noise_0"":1,""noise_1"":1,""noise_2"":1,""noise_3"":0}",True,DIVIDE_BY_ZERO,,,True,True,True,True,2,0
divide_zero-wrapper-1,"{""denominator"":0,""numerator"":-2}","{""noise_0"":1,""noise_1"":1,""noise_2"":1,""noise_3"":0}",True,DIVIDE_BY_ZERO,DIVIDE_BY_ZERO,,True,True,True,True,2,0
divide_zero-wrapper-1,"{""denominator"":0,""numerator"":0}","{""noise_0"":1,""noise_1"":1,""noise_2"":1,""noise_3"":0}",True,DIVIDE_BY_ZERO,DIVIDE_BY_ZERO,,True,True,True,True,2,0
divide_zero-wrapper-1,"{""denominator"":0,""numerator"":3}","{""noise_0"":1,""noise_1"":1,""noise_2"":1,""noise_3"":0}",True,DIVIDE_BY_ZERO,DIVIDE_BY_ZERO,,True,True,True,True,2,0
divide_zero-wrapper-1,"{""denominator"":1,""numerator"":-2}","{""noise_0"":1,""noise_1"":1,""noise_2"":1,""noise_3"":0}",True,DIVIDE_BY_ZERO,,,True,True,True,True,2,0
divide_zero-wrapper-1,"{""denominator"":1,""numerator"":0}","{""noise_0"":1,""noise_1"":1,""noise_2"":1,""noise_3"":0}",True,DIVIDE_BY_ZERO,,,True,True,True,True,2,0
divide_zero-wrapper-1,"{""denominator"":1,""numerator"":3}","{""noise_0"":1,""noise_1"":1,""noise_2"":1,""noise_3"":0}",True,DIVIDE_BY_ZERO,,,True,True,True,True,2,0
divide_zero-wrapper-1,"{""denominator"":2,""numerator"":-2}","{""noise_0"":1,""noise_1"":1,""noise_2"":1,""noise_3"":0}",True,DIVIDE_BY_ZERO,,,True,True,True,True,2,0
divide_zero-wrapper-1,"{""denominator"":2,""numerator"":0}","{""noise_0"":1,""noise_1"":1,""noise_2"":1,""noise_3"":0}",True,DIVIDE_BY_ZERO,,,True,True,True,True,2,0
divide_zero-wrapper-1,"{""denominator"":2,""numerator"":3}","{""noise_0"":1,""noise_1"":1,""noise_2"":1,""noise_3"":0}",True,DIVIDE_BY_ZERO,,,True,True,True,True,2,0
divide_zero-wrapper-1,"{""denominator"":-1,""numerator"":-2}","{""noise_0"":1,""noise_1"":1,""noise_2"":1,""noise_3"":1}",True,DIVIDE_BY_ZERO,,,True,True,True,True,2,0
divide_zero-wrapper-1,"{""denominator"":-1,""numerator"":0}","{""noise_0"":1,""noise_1"":1,""noise_2"":1,""noise_3"":1}",True,DIVIDE_BY_ZERO,,,True,True,True,True,2,0
divide_zero-wrapper-1,"{""denominator"":-1,""numerator"":3}","{""noise_0"":1,""noise_1"":1,""noise_2"":1,""noise_3"":1}",True,DIVIDE_BY_ZERO,,,True,True,True,True,2,0
divide_zero-wrapper-1,"{""denominator"":0,""numerator"":-2}","{""noise_0"":1,""noise_1"":1,""noise_2"":1,""noise_3"":1}",True,DIVIDE_BY_ZERO,DIVIDE_BY_ZERO,,True,True,True,True,2,0
divide_zero-wrapper-1,"{""denominator"":0,""numerator"":0}","{""noise_0"":1,""noise_1"":1,""noise_2"":1,""noise_3"":1}",True,DIVIDE_BY_ZERO,DIVIDE_BY_ZERO,,True,True,True,True,2,0
divide_zero-wrapper-1,"{""denominator"":0,""numerator"":3}","{""noise_0"":1,""noise_1"":1,""noise_2"":1,""noise_3"":1}",True,DIVIDE_BY_ZERO,DIVIDE_BY_ZERO,,True,True,True,True,2,0
divide_zero-wrapper-1,"{""denominator"":1,""numerator"":-2}","{""noise_0"":1,""noise_1"":1,""noise_2"":1,""noise_3"":1}",True,DIVIDE_BY_ZERO,,,True,True,True,True,2,0
divide_zero-wrapper-1,"{""denominator"":1,""numerator"":0}","{""noise_0"":1,""noise_1"":1,""noise_2"":1,""noise_3"":1}",True,DIVIDE_BY_ZERO,,,True,True,True,True,2,0
divide_zero-wrapper-1,"{""denominator"":1,""numerator"":3}","{""noise_0"":1,""noise_1"":1,""noise_2"":1,""noise_3"":1}",True,DIVIDE_BY_ZERO,,,True,True,True,True,2,0
divide_zero-wrapper-1,"{""denominator"":2,""numerator"":-2}","{""noise_0"":1,""noise_1"":1,""noise_2"":1,""noise_3"":1}",True,DIVIDE_BY_ZERO,,,True,True,True,True,2,0
divide_zero-wrapper-1,"{""denominator"":2,""numerator"":0}","{""noise_0"":1,""noise_1"":1,""noise_2"":1,""noise_3"":1}",True,DIVIDE_BY_ZERO,,,True,True,True,True,2,0
divide_zero-wrapper-1,"{""denominator"":2,""numerator"":3}","{""noise_0"":1,""noise_1"":1,""noise_2"":1,""noise_3"":1}",True,DIVIDE_BY_ZERO,,,True,True,True,True,2,0
divide_zero-wrapper-2,"{""denominator"":-1,""numerator"":-2}","{""noise_0"":0,""noise_1"":0,""noise_2"":0,""noise_3"":0}",True,DIVIDE_BY_ZERO,,,True,True,True,True,2,0
divide_zero-wrapper-2,"{""denominator"":-1,""numerator"":0}","{""noise_0"":0,""noise_1"":0,""noise_2"":0,""noise_3"":0}",True,DIVIDE_BY_ZERO,,,True,True,True,True,2,0
divide_zero-wrapper-2,"{""denominator"":-1,""numerator"":3}","{""noise_0"":0,""noise_1"":0,""noise_2"":0,""noise_3"":0}",True,DIVIDE_BY_ZERO,,,True,True,True,True,2,0
divide_zero-wrapper-2,"{""denominator"":0,""numerator"":-2}","{""noise_0"":0,""noise_1"":0,""noise_2"":0,""noise_3"":0}",True,DIVIDE_BY_ZERO,DIVIDE_BY_ZERO,,True,True,True,True,2,0
divide_zero-wrapper-2,"{""denominator"":0,""numerator"":0}","{""noise_0"":0,""noise_1"":0,""noise_2"":0,""noise_3"":0}",True,DIVIDE_BY_ZERO,DIVIDE_BY_ZERO,,True,True,True,True,2,0
divide_zero-wrapper-2,"{""denominator"":0,""numerator"":3}","{""noise_0"":0,""noise_1"":0,""noise_2"":0,""noise_3"":0}",True,DIVIDE_BY_ZERO,DIVIDE_BY_ZERO,,True,True,True,True,2,0
divide_zero-wrapper-2,"{""denominator"":1,""numerator"":-2}","{""noise_0"":0,""noise_1"":0,""noise_2"":0,""noise_3"":0}",True,DIVIDE_BY_ZERO,,,True,True,True,True,2,0
divide_zero-wrapper-2,"{""denominator"":1,""numerator"":0}","{""noise_0"":0,""noise_1"":0,""noise_2"":0,""noise_3"":0}",True,DIVIDE_BY_ZERO,,,True,True,True,True,2,0
divide_zero-wrapper-2,"{""denominator"":1,""numerator"":3}","{""noise_0"":0,""noise_1"":0,""noise_2"":0,""noise_3"":0}",True,DIVIDE_BY_ZERO,,,True,True,True,True,2,0
divide_zero-wrapper-2,"{""denominator"":2,""numerator"":-2}","{""noise_0"":0,""noise_1"":0,""noise_2"":0,""noise_3"":0}",True,DIVIDE_BY_ZERO,,,True,True,True,True,2,0
divide_zero-wrapper-2,"{""denominator"":2,""numerator"":0}","{""noise_0"":0,""noise_1"":0,""noise_2"":0,""noise_3"":0}",True,DIVIDE_BY_ZERO,,,True,True,True,True,2,0
divide_zero-wrapper-2,"{""denominator"":2,""numerator"":3}","{""noise_0"":0,""noise_1"":0,""noise_2"":0,""noise_3"":0}",True,DIVIDE_BY_ZERO,,,True,True,True,True,2,0
divide_zero-wrapper-2,"{""denominator"":-1,""numerator"":-2}","{""noise_0"":0,""noise_1"":0,""noise_2"":0,""noise_3"":1}",True,DIVIDE_BY_ZERO,,,True,True,True,True,2,0
divide_zero-wrapper-2,"{""denominator"":-1,""numerator"":0}","{""noise_0"":0,""noise_1"":0,""noise_2"":0,""noise_3"":1}",True,DIVIDE_BY_ZERO,,,True,True,True,True,2,0
divide_zero-wrapper-2,"{""denominator"":-1,""numerator"":3}","{""noise_0"":0,""noise_1"":0,""noise_2"":0,""noise_3"":1}",True,DIVIDE_BY_ZERO,,,True,True,True,True,2,0
divide_zero-wrapper-2,"{""denominator"":0,""numerator"":-2}","{""noise_0"":0,""noise_1"":0,""noise_2"":0,""noise_3"":1}",True,DIVIDE_BY_ZERO,DIVIDE_BY_ZERO,,True,True,True,True,2,0
divide_zero-wrapper-2,"{""denominator"":0,""numerator"":0}","{""noise_0"":0,""noise_1"":0,""noise_2"":0,""noise_3"":1}",True,DIVIDE_BY_ZERO,DIVIDE_BY_ZERO,,True,True,True,True,2,0
divide_zero-wrapper-2,"{""denominator"":0,""numerator"":3}","{""noise_0"":0,""noise_1"":0,""noise_2"":0,""noise_3"":1}",True,DIVIDE_BY_ZERO,DIVIDE_BY_ZERO,,True,True,True,True,2,0
divide_zero-wrapper-2,"{""denominator"":1,""numerator"":-2}","{""noise_0"":0,""noise_1"":0,""noise_2"":0,""noise_3"":1}",True,DIVIDE_BY_ZERO,,,True,True,True,True,2,0
divide_zero-wrapper-2,"{""denominator"":1,""numerator"":0}","{""noise_0"":0,""noise_1"":0,""noise_2"":0,""noise_3"":1}",True,DIVIDE_BY_ZERO,,,True,True,True,True,2,0
divide_zero-wrapper-2,"{""denominator"":1,""numerator"":3}","{""noise_0"":0,""noise_1"":0,""noise_2"":0,""noise_3"":1}",True,DIVIDE_BY_ZERO,,,True,True,True,True,2,0
divide_zero-wrapper-2,"{""denominator"":2,""numerator"":-2}","{""noise_0"":0,""noise_1"":0,""noise_2"":0,""noise_3"":1}",True,DIVIDE_BY_ZERO,,,True,True,True,True,2,0
divide_zero-wrapper-2,"{""denominator"":2,""numerator"":0}","{""noise_0"":0,""noise_1"":0,""noise_2"":0,""noise_3"":1}",True,DIVIDE_BY_ZERO,,,True,True,True,True,2,0
divide_zero-wrapper-2,"{""denominator"":2,""numerator"":3}","{""noise_0"":0,""noise_1"":0,""noise_2"":0,""noise_3"":1}",True,DIVIDE_BY_ZERO,,,True,True,True,True,2,0
divide_zero-wrapper-2,"{""denominator"":-1,""numerator"":-2}","{""noise_0"":0,""noise_1"":0,""noise_2"":1,""noise_3"":0}",True,DIVIDE_BY_ZERO,,,True,True,True,True,2,0
divide_zero-wrapper-2,"{""denominator"":-1,""numerator"":0}","{""noise_0"":0,""noise_1"":0,""noise_2"":1,""noise_3"":0}",True,DIVIDE_BY_ZERO,,,True,True,True,True,2,0
divide_zero-wrapper-2,"{""denominator"":-1,""numerator"":3}","{""noise_0"":0,""noise_1"":0,""noise_2"":1,""noise_3"":0}",True,DIVIDE_BY_ZERO,,,True,True,True,True,2,0
divide_zero-wrapper-2,"{""denominator"":0,""numerator"":-2}","{""noise_0"":0,""noise_1"":0,""noise_2"":1,""noise_3"":0}",True,DIVIDE_BY_ZERO,DIVIDE_BY_ZERO,,True,True,True,True,2,0
divide_zero-wrapper-2,"{""denominator"":0,""numerator"":0}","{""noise_0"":0,""noise_1"":0,""noise_2"":1,""noise_3"":0}",True,DIVIDE_BY_ZERO,DIVIDE_BY_ZERO,,True,True,True,True,2,0
divide_zero-wrapper-2,"{""denominator"":0,""numerator"":3}","{""noise_0"":0,""noise_1"":0,""noise_2"":1,""noise_3"":0}",True,DIVIDE_BY_ZERO,DIVIDE_BY_ZERO,,True,True,True,True,2,0
divide_zero-wrapper-2,"{""denominator"":1,""numerator"":-2}","{""noise_0"":0,""noise_1"":0,""noise_2"":1,""noise_3"":0}",True,DIVIDE_BY_ZERO,,,True,True,True,True,2,0
divide_zero-wrapper-2,"{""denominator"":1,""numerator"":0}","{""noise_0"":0,""noise_1"":0,""noise_2"":1,""noise_3"":0}",True,DIVIDE_BY_ZERO,,,True,True,True,True,2,0
divide_zero-wrapper-2,"{""denominator"":1,""numerator"":3}","{""noise_0"":0,""noise_1"":0,""noise_2"":1,""noise_3"":0}",True,DIVIDE_BY_ZERO,,,True,True,True,True,2,0
divide_zero-wrapper-2,"{""denominator"":2,""numerator"":-2}","{""noise_0"":0,""noise_1"":0,""noise_2"":1,""noise_3"":0}",True,DIVIDE_BY_ZERO,,,True,True,True,True,2,0
divide_zero-wrapper-2,"{""denominator"":2,""numerator"":0}","{""noise_0"":0,""noise_1"":0,""noise_2"":1,""noise_3"":0}",True,DIVIDE_BY_ZERO,,,True,True,True,True,2,0
divide_zero-wrapper-2,"{""denominator"":2,""numerator"":3}","{""noise_0"":0,""noise_1"":0,""noise_2"":1,""noise_3"":0}",True,DIVIDE_BY_ZERO,,,True,True,True,True,2,0
divide_zero-wrapper-2,"{""denominator"":-1,""numerator"":-2}","{""noise_0"":0,""noise_1"":0,""noise_2"":1,""noise_3"":1}",True,DIVIDE_BY_ZERO,,,True,True,True,True,2,0
divide_zero-wrapper-2,"{""denominator"":-1,""numerator"":0}","{""noise_0"":0,""noise_1"":0,""noise_2"":1,""noise_3"":1}",True,DIVIDE_BY_ZERO,,,True,True,True,True,2,0
divide_zero-wrapper-2,"{""denominator"":-1,""numerator"":3}","{""noise_0"":0,""noise_1"":0,""noise_2"":1,""noise_3"":1}",True,DIVIDE_BY_ZERO,,,True,True,True,True,2,0
divide_zero-wrapper-2,"{""denominator"":0,""numerator"":-2}","{""noise_0"":0,""noise_1"":0,""noise_2"":1,""noise_3"":1}",True,DIVIDE_BY_ZERO,DIVIDE_BY_ZERO,,True,True,True,True,2,0
divide_zero-wrapper-2,"{""denominator"":0,""numerator"":0}","{""noise_0"":0,""noise_1"":0,""noise_2"":1,""noise_3"":1}",True,DIVIDE_BY_ZERO,DIVIDE_BY_ZERO,,True,True,True,True,2,0
divide_zero-wrapper-2,"{""denominator"":0,""numerator"":3}","{""noise_0"":0,""noise_1"":0,""noise_2"":1,""noise_3"":1}",True,DIVIDE_BY_ZERO,DIVIDE_BY_ZERO,,True,True,True,True,2,0
divide_zero-wrapper-2,"{""denominator"":1,""numerator"":-2}","{""noise_0"":0,""noise_1"":0,""noise_2"":1,""noise_3"":1}",True,DIVIDE_BY_ZERO,,,True,True,True,True,2,0
divide_zero-wrapper-2,"{""denominator"":1,""numerator"":0}","{""noise_0"":0,""noise_1"":0,""noise_2"":1,""noise_3"":1}",True,DIVIDE_BY_ZERO,,,True,True,True,True,2,0
divide_zero-wrapper-2,"{""denominator"":1,""numerator"":3}","{""noise_0"":0,""noise_1"":0,""noise_2"":1,""noise_3"":1}",True,DIVIDE_BY_ZERO,,,True,True,True,True,2,0
divide_zero-wrapper-2,"{""denominator"":2,""numerator"":-2}","{""noise_0"":0,""noise_1"":0,""noise_2"":1,""noise_3"":1}",True,DIVIDE_BY_ZERO,,,True,True,True,True,2,0
divide_zero-wrapper-2,"{""denominator"":2,""numerator"":0}","{""noise_0"":0,""noise_1"":0,""noise_2"":1,""noise_3"":1}",True,DIVIDE_BY_ZERO,,,True,True,True,True,2,0
divide_zero-wrapper-2,"{""denominator"":2,""numerator"":3}","{""noise_0"":0,""noise_1"":0,""noise_2"":1,""noise_3"":1}",True,DIVIDE_BY_ZERO,,,True,True,True,True,2,0
divide_zero-wrapper-2,"{""denominator"":-1,""numerator"":-2}","{""noise_0"":0,""noise_1"":1,""noise_2"":0,""noise_3"":0}",True,DIVIDE_BY_ZERO,,,True,True,True,True,2,0
divide_zero-wrapper-2,"{""denominator"":-1,""numerator"":0}","{""noise_0"":0,""noise_1"":1,""noise_2"":0,""noise_3"":0}",True,DIVIDE_BY_ZERO,,,True,True,True,True,2,0
divide_zero-wrapper-2,"{""denominator"":-1,""numerator"":3}","{""noise_0"":0,""noise_1"":1,""noise_2"":0,""noise_3"":0}",True,DIVIDE_BY_ZERO,,,True,True,True,True,2,0
divide_zero-wrapper-2,"{""denominator"":0,""numerator"":-2}","{""noise_0"":0,""noise_1"":1,""noise_2"":0,""noise_3"":0}",True,DIVIDE_BY_ZERO,DIVIDE_BY_ZERO,,True,True,True,True,2,0
divide_zero-wrapper-2,"{""denominator"":0,""numerator"":0}","{""noise_0"":0,""noise_1"":1,""noise_2"":0,""noise_3"":0}",True,DIVIDE_BY_ZERO,DIVIDE_BY_ZERO,,True,True,True,True,2,0
divide_zero-wrapper-2,"{""denominator"":0,""numerator"":3}","{""noise_0"":0,""noise_1"":1,""noise_2"":0,""noise_3"":0}",True,DIVIDE_BY_ZERO,DIVIDE_BY_ZERO,,True,True,True,True,2,0
divide_zero-wrapper-2,"{""denominator"":1,""numerator"":-2}","{""noise_0"":0,""noise_1"":1,""noise_2"":0,""noise_3"":0}",True,DIVIDE_BY_ZERO,,,True,True,True,True,2,0
divide_zero-wrapper-2,"{""denominator"":1,""numerator"":0}","{""noise_0"":0,""noise_1"":1,""noise_2"":0,""noise_3"":0}",True,DIVIDE_BY_ZERO,,,True,True,True,True,2,0
divide_zero-wrapper-2,"{""denominator"":1,""numerator"":3}","{""noise_0"":0,""noise_1"":1,""noise_2"":0,""noise_3"":0}",True,DIVIDE_BY_ZERO,,,True,True,True,True,2,0
divide_zero-wrapper-2,"{""denominator"":2,""numerator"":-2}","{""noise_0"":0,""noise_1"":1,""noise_2"":0,""noise_3"":0}",True,DIVIDE_BY_ZERO,,,True,True,True,True,2,0
divide_zero-wrapper-2,"{""denominator"":2,""numerator"":0}","{""noise_0"":0,""noise_1"":1,""noise_2"":0,""noise_3"":0}",True,DIVIDE_BY_ZERO,,,True,True,True,True,2,0
divide_zero-wrapper-2,"{""denominator"":2,""numerator"":3}","{""noise_0"":0,""noise_1"":1,""noise_2"":0,""noise_3"":0}",True,DIVIDE_BY_ZERO,,,True,True,True,True,2,0
divide_zero-wrapper-2,"{""denominator"":-1,""numerator"":-2}","{""noise_0"":0,""noise_1"":1,""noise_2"":0,""noise_3"":1}",True,DIVIDE_BY_ZERO,,,True,True,True,True,2,0
divide_zero-wrapper-2,"{""denominator"":-1,""numerator"":0}","{""noise_0"":0,""noise_1"":1,""noise_2"":0,""noise_3"":1}",True,DIVIDE_BY_ZERO,,,True,True,True,True,2,0
divide_zero-wrapper-2,"{""denominator"":-1,""numerator"":3}","{""noise_0"":0,""noise_1"":1,""noise_2"":0,""noise_3"":1}",True,DIVIDE_BY_ZERO,,,True,True,True,True,2,0
divide_zero-wrapper-2,"{""denominator"":0,""numerator"":-2}","{""noise_0"":0,""noise_1"":1,""noise_2"":0,""noise_3"":1}",True,DIVIDE_BY_ZERO,DIVIDE_BY_ZERO,,True,True,True,True,2,0
divide_zero-wrapper-2,"{""denominator"":0,""numerator"":0}","{""noise_0"":0,""noise_1"":1,""noise_2"":0,""noise_3"":1}",True,DIVIDE_BY_ZERO,DIVIDE_BY_ZERO,,True,True,True,True,2,0
divide_zero-wrapper-2,"{""denominator"":0,""numerator"":3}","{""noise_0"":0,""noise_1"":1,""noise_2"":0,""noise_3"":1}",True,DIVIDE_BY_ZERO,DIVIDE_BY_ZERO,,True,True,True,True,2,0
divide_zero-wrapper-2,"{""denominator"":1,""numerator"":-2}","{""noise_0"":0,""noise_1"":1,""noise_2"":0,""noise_3"":1}",True,DIVIDE_BY_ZERO,,,True,True,True,True,2,0
divide_zero-wrapper-2,"{""denominator"":1,""numerator"":0}","{""noise_0"":0,""noise_1"":1,""noise_2"":0,""noise_3"":1}",True,DIVIDE_BY_ZERO,,,True,True,True,True,2,0
divide_zero-wrapper-2,"{""denominator"":1,""numerator"":3}","{""noise_0"":0,""noise_1"":1,""noise_2"":0,""noise_3"":1}",True,DIVIDE_BY_ZERO,,,True,True,True,True,2,0
divide_zero-wrapper-2,"{""denominator"":2,""numerator"":-2}","{""noise_0"":0,""noise_1"":1,""noise_2"":0,""noise_3"":1}",True,DIVIDE_BY_ZERO,,,True,True,True,True,2,0
divide_zero-wrapper-2,"{""denominator"":2,""numerator"":0}","{""noise_0"":0,""noise_1"":1,""noise_2"":0,""noise_3"":1}",True,DIVIDE_BY_ZERO,,,True,True,True,True,2,0
divide_zero-wrapper-2,"{""denominator"":2,""numerator"":3}","{""noise_0"":0,""noise_1"":1,""noise_2"":0,""noise_3"":1}",True,DIVIDE_BY_ZERO,,,True,True,True,True,2,0
divide_zero-wrapper-2,"{""denominator"":-1,""numerator"":-2}","{""noise_0"":0,""noise_1"":1,""noise_2"":1,""noise_3"":0}",True,DIVIDE_BY_ZERO,,,True,True,True,True,2,0
divide_zero-wrapper-2,"{""denominator"":-1,""numerator"":0}","{""noise_0"":0,""noise_1"":1,""noise_2"":1,""noise_3"":0}",True,DIVIDE_BY_ZERO,,,True,True,True,True,2,0
divide_zero-wrapper-2,"{""denominator"":-1,""numerator"":3}","{""noise_0"":0,""noise_1"":1,""noise_2"":1,""noise_3"":0}",True,DIVIDE_BY_ZERO,,,True,True,True,True,2,0
divide_zero-wrapper-2,"{""denominator"":0,""numerator"":-2}","{""noise_0"":0,""noise_1"":1,""noise_2"":1,""noise_3"":0}",True,DIVIDE_BY_ZERO,DIVIDE_BY_ZERO,,True,True,True,True,2,0
divide_zero-wrapper-2,"{""denominator"":0,""numerator"":0}","{""noise_0"":0,""noise_1"":1,""noise_2"":1,""noise_3"":0}",True,DIVIDE_BY_ZERO,DIVIDE_BY_ZERO,,True,True,True,True,2,0
divide_zero-wrapper-2,"{""denominator"":0,""numerator"":3}","{""noise_0"":0,""noise_1"":1,""noise_2"":1,""noise_3"":0}",True,DIVIDE_BY_ZERO,DIVIDE_BY_ZERO,,True,True,True,True,2,0
divide_zero-wrapper-2,"{""denominator"":1,""numerator"":-2}","{""noise_0"":0,""noise_1"":1,""noise_2"":1,""noise_3"":0}",True,DIVIDE_BY_ZERO,,,True,True,True,True,2,0
divide_zero-wrapper-2,"{""denominator"":1,""numerator"":0}","{""noise_0"":0,""noise_1"":1,""noise_2"":1,""noise_3"":0}",True,DIVIDE_BY_ZERO,,,True,True,True,True,2,0
divide_zero-wrapper-2,"{""denominator"":1,""numerator"":3}","{""noise_0"":0,""noise_1"":1,""noise_2"":1,""noise_3"":0}",True,DIVIDE_BY_ZERO,,,True,True,True,True,2,0
divide_zero-wrapper-2,"{""denominator"":2,""numerator"":-2}","{""noise_0"":0,""noise_1"":1,""noise_2"":1,""noise_3"":0}",True,DIVIDE_BY_ZERO,,,True,True,True,True,2,0
divide_zero-wrapper-2,"{""denominator"":2,""numerator"":0}","{""noise_0"":0,""noise_1"":1,""noise_2"":1,""noise_3"":0}",True,DIVIDE_BY_ZERO,,,True,True,True,True,2,0
divide_zero-wrapper-2,"{""denominator"":2,""numerator"":3}","{""noise_0"":0,""noise_1"":1,""noise_2"":1,""noise_3"":0}",True,DIVIDE_BY_ZERO,,,True,True,True,True,2,0
divide_zero-wrapper-2,"{""denominator"":-1,""numerator"":-2}","{""noise_0"":0,""noise_1"":1,""noise_2"":1,""noise_3"":1}",True,DIVIDE_BY_ZERO,,,True,True,True,True,2,0
divide_zero-wrapper-2,"{""denominator"":-1,""numerator"":0}","{""noise_0"":0,""noise_1"":1,""noise_2"":1,""noise_3"":1}",True,DIVIDE_BY_ZERO,,,True,True,True,True,2,0
divide_zero-wrapper-2,"{""denominator"":-1,""numerator"":3}","{""noise_0"":0,""noise_1"":1,""noise_2"":1,""noise_3"":1}",True,DIVIDE_BY_ZERO,,,True,True,True,True,2,0
divide_zero-wrapper-2,"{""denominator"":0,""numerator"":-2}","{""noise_0"":0,""noise_1"":1,""noise_2"":1,""noise_3"":1}",True,DIVIDE_BY_ZERO,DIVIDE_BY_ZERO,,True,True,True,True,2,0
divide_zero-wrapper-2,"{""denominator"":0,""numerator"":0}","{""noise_0"":0,""noise_1"":1,""noise_2"":1,""noise_3"":1}",True,DIVIDE_BY_ZERO,DIVIDE_BY_ZERO,,True,True,True,True,2,0
divide_zero-wrapper-2,"{""denominator"":0,""numerator"":3}","{""noise_0"":0,""noise_1"":1,""noise_2"":1,""noise_3"":1}",True,DIVIDE_BY_ZERO,DIVIDE_BY_ZERO,,True,True,True,True,2,0
divide_zero-wrapper-2,"{""denominator"":1,""numerator"":-2}","{""noise_0"":0,""noise_1"":1,""noise_2"":1,""noise_3"":1}",True,DIVIDE_BY_ZERO,,,True,True,True,True,2,0
divide_zero-wrapper-2,"{""denominator"":1,""numerator"":0}","{""noise_0"":0,""noise_1"":1,""noise_2"":1,""noise_3"":1}",True,DIVIDE_BY_ZERO,,,True,True,True,True,2,0
divide_zero-wrapper-2,"{""denominator"":1,""numerator"":3}","{""noise_0"":0,""noise_1"":1,""noise_2"":1,""noise_3"":1}",True,DIVIDE_BY_ZERO,,,True,True,True,True,2,0
divide_zero-wrapper-2,"{""denominator"":2,""numerator"":-2}","{""noise_0"":0,""noise_1"":1,""noise_2"":1,""noise_3"":1}",True,DIVIDE_BY_ZERO,,,True,True,True,True,2,0
divide_zero-wrapper-2,"{""denominator"":2,""numerator"":0}","{""noise_0"":0,""noise_1"":1,""noise_2"":1,""noise_3"":1}",True,DIVIDE_BY_ZERO,,,True,True,True,True,2,0
divide_zero-wrapper-2,"{""denominator"":2,""numerator"":3}","{""noise_0"":0,""noise_1"":1,""noise_2"":1,""noise_3"":1}",True,DIVIDE_BY_ZERO,,,True,True,True,True,2,0
divide_zero-wrapper-2,"{""denominator"":-1,""numerator"":-2}","{""noise_0"":1,""noise_1"":0,""noise_2"":0,""noise_3"":0}",True,DIVIDE_BY_ZERO,,,True,True,True,True,2,0
divide_zero-wrapper-2,"{""denominator"":-1,""numerator"":0}","{""noise_0"":1,""noise_1"":0,""noise_2"":0,""noise_3"":0}",True,DIVIDE_BY_ZERO,,,True,True,True,True,2,0
divide_zero-wrapper-2,"{""denominator"":-1,""numerator"":3}","{""noise_0"":1,""noise_1"":0,""noise_2"":0,""noise_3"":0}",True,DIVIDE_BY_ZERO,,,True,True,True,True,2,0
divide_zero-wrapper-2,"{""denominator"":0,""numerator"":-2}","{""noise_0"":1,""noise_1"":0,""noise_2"":0,""noise_3"":0}",True,DIVIDE_BY_ZERO,DIVIDE_BY_ZERO,,True,True,True,True,2,0
divide_zero-wrapper-2,"{""denominator"":0,""numerator"":0}","{""noise_0"":1,""noise_1"":0,""noise_2"":0,""noise_3"":0}",True,DIVIDE_BY_ZERO,DIVIDE_BY_ZERO,,True,True,True,True,2,0
divide_zero-wrapper-2,"{""denominator"":0,""numerator"":3}","{""noise_0"":1,""noise_1"":0,""noise_2"":0,""noise_3"":0}",True,DIVIDE_BY_ZERO,DIVIDE_BY_ZERO,,True,True,True,True,2,0
divide_zero-wrapper-2,"{""denominator"":1,""numerator"":-2}","{""noise_0"":1,""noise_1"":0,""noise_2"":0,""noise_3"":0}",True,DIVIDE_BY_ZERO,,,True,True,True,True,2,0
divide_zero-wrapper-2,"{""denominator"":1,""numerator"":0}","{""noise_0"":1,""noise_1"":0,""noise_2"":0,""noise_3"":0}",True,DIVIDE_BY_ZERO,,,True,True,True,True,2,0
divide_zero-wrapper-2,"{""denominator"":1,""numerator"":3}","{""noise_0"":1,""noise_1"":0,""noise_2"":0,""noise_3"":0}",True,DIVIDE_BY_ZERO,,,True,True,True,True,2,0
divide_zero-wrapper-2,"{""denominator"":2,""numerator"":-2}","{""noise_0"":1,""noise_1"":0,""noise_2"":0,""noise_3"":0}",True,DIVIDE_BY_ZERO,,,True,True,True,True,2,0
divide_zero-wrapper-2,"{""denominator"":2,""numerator"":0}","{""noise_0"":1,""noise_1"":0,""noise_2"":0,""noise_3"":0}",True,DIVIDE_BY_ZERO,,,True,True,True,True,2,0
divide_zero-wrapper-2,"{""denominator"":2,""numerator"":3}","{""noise_0"":1,""noise_1"":0,""noise_2"":0,""noise_3"":0}",True,DIVIDE_BY_ZERO,,,True,True,True,True,2,0
divide_zero-wrapper-2,"{""denominator"":-1,""numerator"":-2}","{""noise_0"":1,""noise_1"":0,""noise_2"":0,""noise_3"":1}",True,DIVIDE_BY_ZERO,,,True,True,True,True,2,0
divide_zero-wrapper-2,"{""denominator"":-1,""numerator"":0}","{""noise_0"":1,""noise_1"":0,""noise_2"":0,""noise_3"":1}",True,DIVIDE_BY_ZERO,,,True,True,True,True,2,0
divide_zero-wrapper-2,"{""denominator"":-1,""numerator"":3}","{""noise_0"":1,""noise_1"":0,""noise_2"":0,""noise_3"":1}",True,DIVIDE_BY_ZERO,,,True,True,True,True,2,0
divide_zero-wrapper-2,"{""denominator"":0,""numerator"":-2}","{""noise_0"":1,""noise_1"":0,""noise_2"":0,""noise_3"":1}",True,DIVIDE_BY_ZERO,DIVIDE_BY_ZERO,,True,True,True,True,2,0
divide_zero-wrapper-2,"{""denominator"":0,""numerator"":0}","{""noise_0"":1,""noise_1"":0,""noise_2"":0,""noise_3"":1}",True,DIVIDE_BY_ZERO,DIVIDE_BY_ZERO,,True,True,True,True,2,0
divide_zero-wrapper-2,"{""denominator"":0,""numerator"":3}","{""noise_0"":1,""noise_1"":0,""noise_2"":0,""noise_3"":1}",True,DIVIDE_BY_ZERO,DIVIDE_BY_ZERO,,True,True,True,True,2,0
divide_zero-wrapper-2,"{""denominator"":1,""numerator"":-2}","{""noise_0"":1,""noise_1"":0,""noise_2"":0,""noise_3"":1}",True,DIVIDE_BY_ZERO,,,True,True,True,True,2,0
divide_zero-wrapper-2,"{""denominator"":1,""numerator"":0}","{""noise_0"":1,""noise_1"":0,""noise_2"":0,""noise_3"":1}",True,DIVIDE_BY_ZERO,,,True,True,True,True,2,0
divide_zero-wrapper-2,"{""denominator"":1,""numerator"":3}","{""noise_0"":1,""noise_1"":0,""noise_2"":0,""noise_3"":1}",True,DIVIDE_BY_ZERO,,,True,True,True,True,2,0
divide_zero-wrapper-2,"{""denominator"":2,""numerator"":-2}","{""noise_0"":1,""noise_1"":0,""noise_2"":0,""noise_3"":1}",True,DIVIDE_BY_ZERO,,,True,True,True,True,2,0
divide_zero-wrapper-2,"{""denominator"":2,""numerator"":0}","{""noise_0"":1,""noise_1"":0,""noise_2"":0,""noise_3"":1}",True,DIVIDE_BY_ZERO,,,True,True,True,True,2,0
divide_zero-wrapper-2,"{""denominator"":2,""numerator"":3}","{""noise_0"":1,""noise_1"":0,""noise_2"":0,""noise_3"":1}",True,DIVIDE_BY_ZERO,,,True,True,True,True,2,0
divide_zero-wrapper-2,"{""denominator"":-1,""numerator"":-2}","{""noise_0"":1,""noise_1"":0,""noise_2"":1,""noise_3"":0}",True,DIVIDE_BY_ZERO,,,True,True,True,True,2,0
divide_zero-wrapper-2,"{""denominator"":-1,""numerator"":0}","{""noise_0"":1,""noise_1"":0,""noise_2"":1,""noise_3"":0}",True,DIVIDE_BY_ZERO,,,True,True,True,True,2,0
divide_zero-wrapper-2,"{""denominator"":-1,""numerator"":3}","{""noise_0"":1,""noise_1"":0,""noise_2"":1,""noise_3"":0}",True,DIVIDE_BY_ZERO,,,True,True,True,True,2,0
divide_zero-wrapper-2,"{""denominator"":0,""numerator"":-2}","{""noise_0"":1,""noise_1"":0,""noise_2"":1,""noise_3"":0}",True,DIVIDE_BY_ZERO,DIVIDE_BY_ZERO,,True,True,True,True,2,0
divide_zero-wrapper-2,"{""denominator"":0,""numerator"":0}","{""noise_0"":1,""noise_1"":0,""noise_2"":1,""noise_3"":0}",True,DIVIDE_BY_ZERO,DIVIDE_BY_ZERO,,True,True,True,True,2,0
divide_zero-wrapper-2,"{""denominator"":0,""numerator"":3}","{""noise_0"":1,""noise_1"":0,""noise_2"":1,""noise_3"":0}",True,DIVIDE_BY_ZERO,DIVIDE_BY_ZERO,,True,True,True,True,2,0
divide_zero-wrapper-2,"{""denominator"":1,""numerator"":-2}","{""noise_0"":1,""noise_1"":0,""noise_2"":1,""noise_3"":0}",True,DIVIDE_BY_ZERO,,,True,True,True,True,2,0
divide_zero-wrapper-2,"{""denominator"":1,""numerator"":0}","{""noise_0"":1,""noise_1"":0,""noise_2"":1,""noise_3"":0}",True,DIVIDE_BY_ZERO,,,True,True,True,True,2,0
divide_zero-wrapper-2,"{""denominator"":1,""numerator"":3}","{""noise_0"":1,""noise_1"":0,""noise_2"":1,""noise_3"":0}",True,DIVIDE_BY_ZERO,,,True,True,True,True,2,0
divide_zero-wrapper-2,"{""denominator"":2,""numerator"":-2}","{""noise_0"":1,""noise_1"":0,""noise_2"":1,""noise_3"":0}",True,DIVIDE_BY_ZERO,,,True,True,True,True,2,0
divide_zero-wrapper-2,"{""denominator"":2,""numerator"":0}","{""noise_0"":1,""noise_1"":0,""noise_2"":1,""noise_3"":0}",True,DIVIDE_BY_ZERO,,,True,True,True,True,2,0
divide_zero-wrapper-2,"{""denominator"":2,""numerator"":3}","{""noise_0"":1,""noise_1"":0,""noise_2"":1,""noise_3"":0}",True,DIVIDE_BY_ZERO,,,True,True,True,True,2,0
divide_zero-wrapper-2,"{""denominator"":-1,""numerator"":-2}","{""noise_0"":1,""noise_1"":0,""noise_2"":1,""noise_3"":1}",True,DIVIDE_BY_ZERO,,,True,True,True,True,2,0
divide_zero-wrapper-2,"{""denominator"":-1,""numerator"":0}","{""noise_0"":1,""noise_1"":0,""noise_2"":1,""noise_3"":1}",True,DIVIDE_BY_ZERO,,,True,True,True,True,2,0
divide_zero-wrapper-2,"{""denominator"":-1,""numerator"":3}","{""noise_0"":1,""noise_1"":0,""noise_2"":1,""noise_3"":1}",True,DIVIDE_BY_ZERO,,,True,True,True,True,2,0
divide_zero-wrapper-2,"{""denominator"":0,""numerator"":-2}","{""noise_0"":1,""noise_1"":0,""noise_2"":1,""noise_3"":1}",True,DIVIDE_BY_ZERO,DIVIDE_BY_ZERO,,True,True,True,True,2,0
divide_zero-wrapper-2,"{""denominator"":0,""numerator"":0}","{""noise_0"":1,""noise_1"":0,""noise_2"":1,""noise_3"":1}",True,DIVIDE_BY_ZERO,DIVIDE_BY_ZERO,,True,True,True,True,2,0
divide_zero-wrapper-2,"{""denominator"":0,""numerator"":3}","{""noise_0"":1,""noise_1"":0,""noise_2"":1,""noise_3"":1}",True,DIVIDE_BY_ZERO,DIVIDE_BY_ZERO,,True,True,True,True,2,0
divide_zero-wrapper-2,"{""denominator"":1,""numerator"":-2}","{""noise_0"":1,""noise_1"":0,""noise_2"":1,""noise_3"":1}",True,DIVIDE_BY_ZERO,,,True,True,True,True,2,0
divide_zero-wrapper-2,"{""denominator"":1,""numerator"":0}","{""noise_0"":1,""noise_1"":0,""noise_2"":1,""noise_3"":1}",True,DIVIDE_BY_ZERO,,,True,True,True,True,2,0
divide_zero-wrapper-2,"{""denominator"":1,""numerator"":3}","{""noise_0"":1,""noise_1"":0,""noise_2"":1,""noise_3"":1}",True,DIVIDE_BY_ZERO,,,True,True,True,True,2,0
divide_zero-wrapper-2,"{""denominator"":2,""numerator"":-2}","{""noise_0"":1,""noise_1"":0,""noise_2"":1,""noise_3"":1}",True,DIVIDE_BY_ZERO,,,True,True,True,True,2,0
divide_zero-wrapper-2,"{""denominator"":2,""numerator"":0}","{""noise_0"":1,""noise_1"":0,""noise_2"":1,""noise_3"":1}",True,DIVIDE_BY_ZERO,,,True,True,True,True,2,0
divide_zero-wrapper-2,"{""denominator"":2,""numerator"":3}","{""noise_0"":1,""noise_1"":0,""noise_2"":1,""noise_3"":1}",True,DIVIDE_BY_ZERO,,,True,True,True,True,2,0
divide_zero-wrapper-2,"{""denominator"":-1,""numerator"":-2}","{""noise_0"":1,""noise_1"":1,""noise_2"":0,""noise_3"":0}",True,DIVIDE_BY_ZERO,,,True,True,True,True,2,0
divide_zero-wrapper-2,"{""denominator"":-1,""numerator"":0}","{""noise_0"":1,""noise_1"":1,""noise_2"":0,""noise_3"":0}",True,DIVIDE_BY_ZERO,,,True,True,True,True,2,0
divide_zero-wrapper-2,"{""denominator"":-1,""numerator"":3}","{""noise_0"":1,""noise_1"":1,""noise_2"":0,""noise_3"":0}",True,DIVIDE_BY_ZERO,,,True,True,True,True,2,0
divide_zero-wrapper-2,"{""denominator"":0,""numerator"":-2}","{""noise_0"":1,""noise_1"":1,""noise_2"":0,""noise_3"":0}",True,DIVIDE_BY_ZERO,DIVIDE_BY_ZERO,,True,True,True,True,2,0
divide_zero-wrapper-2,"{""denominator"":0,""numerator"":0}","{""noise_0"":1,""noise_1"":1,""noise_2"":0,""noise_3"":0}",True,DIVIDE_BY_ZERO,DIVIDE_BY_ZERO,,True,True,True,True,2,0
divide_zero-wrapper-2,"{""denominator"":0,""numerator"":3}","{""noise_0"":1,""noise_1"":1,""noise_2"":0,""noise_3"":0}",True,DIVIDE_BY_ZERO,DIVIDE_BY_ZERO,,True,True,True,True,2,0
divide_zero-wrapper-2,"{""denominator"":1,""numerator"":-2}","{""noise_0"":1,""noise_1"":1,""noise_2"":0,""noise_3"":0}",True,DIVIDE_BY_ZERO,,,True,True,True,True,2,0
divide_zero-wrapper-2,"{""denominator"":1,""numerator"":0}","{""noise_0"":1,""noise_1"":1,""noise_2"":0,""noise_3"":0}",True,DIVIDE_BY_ZERO,,,True,True,True,True,2,0
divide_zero-wrapper-2,"{""denominator"":1,""numerator"":3}","{""noise_0"":1,""noise_1"":1,""noise_2"":0,""noise_3"":0}",True,DIVIDE_BY_ZERO,,,True,True,True,True,2,0
divide_zero-wrapper-2,"{""denominator"":2,""numerator"":-2}","{""noise_0"":1,""noise_1"":1,""noise_2"":0,""noise_3"":0}",True,DIVIDE_BY_ZERO,,,True,True,True,True,2,0
divide_zero-wrapper-2,"{""denominator"":2,""numerator"":0}","{""noise_0"":1,""noise_1"":1,""noise_2"":0,""noise_3"":0}",True,DIVIDE_BY_ZERO,,,True,True,True,True,2,0
divide_zero-wrapper-2,"{""denominator"":2,""numerator"":3}","{""noise_0"":1,""noise_1"":1,""noise_2"":0,""noise_3"":0}",True,DIVIDE_BY_ZERO,,,True,True,True,True,2,0
divide_zero-wrapper-2,"{""denominator"":-1,""numerator"":-2}","{""noise_0"":1,""noise_1"":1,""noise_2"":0,""noise_3"":1}",True,DIVIDE_BY_ZERO,,,True,True,True,True,2,0
divide_zero-wrapper-2,"{""denominator"":-1,""numerator"":0}","{""noise_0"":1,""noise_1"":1,""noise_2"":0,""noise_3"":1}",True,DIVIDE_BY_ZERO,,,True,True,True,True,2,0
divide_zero-wrapper-2,"{""denominator"":-1,""numerator"":3}","{""noise_0"":1,""noise_1"":1,""noise_2"":0,""noise_3"":1}",True,DIVIDE_BY_ZERO,,,True,True,True,True,2,0
divide_zero-wrapper-2,"{""denominator"":0,""numerator"":-2}","{""noise_0"":1,""noise_1"":1,""noise_2"":0,""noise_3"":1}",True,DIVIDE_BY_ZERO,DIVIDE_BY_ZERO,,True,True,True,True,2,0
divide_zero-wrapper-2,"{""denominator"":0,""numerator"":0}","{""noise_0"":1,""noise_1"":1,""noise_2"":0,""noise_3"":1}",True,DIVIDE_BY_ZERO,DIVIDE_BY_ZERO,,True,True,True,True,2,0
divide_zero-wrapper-2,"{""denominator"":0,""numerator"":3}","{""noise_0"":1,""noise_1"":1,""noise_2"":0,""noise_3"":1}",True,DIVIDE_BY_ZERO,DIVIDE_BY_ZERO,,True,True,True,True,2,0
divide_zero-wrapper-2,"{""denominator"":1,""numerator"":-2}","{""noise_0"":1,""noise_1"":1,""noise_2"":0,""noise_3"":1}",True,DIVIDE_BY_ZERO,,,True,True,True,True,2,0
divide_zero-wrapper-2,"{""denominator"":1,""numerator"":0}","{""noise_0"":1,""noise_1"":1,""noise_2"":0,""noise_3"":1}",True,DIVIDE_BY_ZERO,,,True,True,True,True,2,0
divide_zero-wrapper-2,"{""denominator"":1,""numerator"":3}","{""noise_0"":1,""noise_1"":1,""noise_2"":0,""noise_3"":1}",True,DIVIDE_BY_ZERO,,,True,True,True,True,2,0
divide_zero-wrapper-2,"{""denominator"":2,""numerator"":-2}","{""noise_0"":1,""noise_1"":1,""noise_2"":0,""noise_3"":1}",True,DIVIDE_BY_ZERO,,,True,True,True,True,2,0
divide_zero-wrapper-2,"{""denominator"":2,""numerator"":0}","{""noise_0"":1,""noise_1"":1,""noise_2"":0,""noise_3"":1}",True,DIVIDE_BY_ZERO,,,True,True,True,True,2,0
divide_zero-wrapper-2,"{""denominator"":2,""numerator"":3}","{""noise_0"":1,""noise_1"":1,""noise_2"":0,""noise_3"":1}",True,DIVIDE_BY_ZERO,,,True,True,True,True,2,0
divide_zero-wrapper-2,"{""denominator"":-1,""numerator"":-2}","{""noise_0"":1,""noise_1"":1,""noise_2"":1,""noise_3"":0}",True,DIVIDE_BY_ZERO,,,True,True,True,True,2,0
divide_zero-wrapper-2,"{""denominator"":-1,""numerator"":0}","{""noise_0"":1,""noise_1"":1,""noise_2"":1,""noise_3"":0}",True,DIVIDE_BY_ZERO,,,True,True,True,True,2,0
divide_zero-wrapper-2,"{""denominator"":-1,""numerator"":3}","{""noise_0"":1,""noise_1"":1,""noise_2"":1,""noise_3"":0}",True,DIVIDE_BY_ZERO,,,True,True,True,True,2,0
divide_zero-wrapper-2,"{""denominator"":0,""numerator"":-2}","{""noise_0"":1,""noise_1"":1,""noise_2"":1,""noise_3"":0}",True,DIVIDE_BY_ZERO,DIVIDE_BY_ZERO,,True,True,True,True,2,0
divide_zero-wrapper-2,"{""denominator"":0,""numerator"":0}","{""noise_0"":1,""noise_1"":1,""noise_2"":1,""noise_3"":0}",True,DIVIDE_BY_ZERO,DIVIDE_BY_ZERO,,True,True,True,True,2,0
divide_zero-wrapper-2,"{""denominator"":0,""numerator"":3}","{""noise_0"":1,""noise_1"":1,""noise_2"":1,""noise_3"":0}",True,DIVIDE_BY_ZERO,DIVIDE_BY_ZERO,,True,True,True,True,2,0
divide_zero-wrapper-2,"{""denominator"":1,""numerator"":-2}","{""noise_0"":1,""noise_1"":1,""noise_2"":1,""noise_3"":0}",True,DIVIDE_BY_ZERO,,,True,True,True,True,2,0
divide_zero-wrapper-2,"{""denominator"":1,""numerator"":0}","{""noise_0"":1,""noise_1"":1,""noise_2"":1,""noise_3"":0}",True,DIVIDE_BY_ZERO,,,True,True,True,True,2,0
divide_zero-wrapper-2,"{""denominator"":1,""numerator"":3}","{""noise_0"":1,""noise_1"":1,""noise_2"":1,""noise_3"":0}",True,DIVIDE_BY_ZERO,,,True,True,True,True,2,0
divide_zero-wrapper-2,"{""denominator"":2,""numerator"":-2}","{""noise_0"":1,""noise_1"":1,""noise_2"":1,""noise_3"":0}",True,DIVIDE_BY_ZERO,,,True,True,True,True,2,0
divide_zero-wrapper-2,"{""denominator"":2,""numerator"":0}","{""noise_0"":1,""noise_1"":1,""noise_2"":1,""noise_3"":0}",True,DIVIDE_BY_ZERO,,,True,True,True,True,2,0
divide_zero-wrapper-2,"{""denominator"":2,""numerator"":3}","{""noise_0"":1,""noise_1"":1,""noise_2"":1,""noise_3"":0}",True,DIVIDE_BY_ZERO,,,True,True,True,True,2,0
divide_zero-wrapper-2,"{""denominator"":-1,""numerator"":-2}","{""noise_0"":1,""noise_1"":1,""noise_2"":1,""noise_3"":1}",True,DIVIDE_BY_ZERO,,,True,True,True,True,2,0
divide_zero-wrapper-2,"{""denominator"":-1,""numerator"":0}","{""noise_0"":1,""noise_1"":1,""noise_2"":1,""noise_3"":1}",True,DIVIDE_BY_ZERO,,,True,True,True,True,2,0
divide_zero-wrapper-2,"{""denominator"":-1,""numerator"":3}","{""noise_0"":1,""noise_1"":1,""noise_2"":1,""noise_3"":1}",True,DIVIDE_BY_ZERO,,,True,True,True,True,2,0
divide_zero-wrapper-2,"{""denominator"":0,""numerator"":-2}","{""noise_0"":1,""noise_1"":1,""noise_2"":1,""noise_3"":1}",True,DIVIDE_BY_ZERO,DIVIDE_BY_ZERO,,True,True,True,True,2,0
divide_zero-wrapper-2,"{""denominator"":0,""numerator"":0}","{""noise_0"":1,""noise_1"":1,""noise_2"":1,""noise_3"":1}",True,DIVIDE_BY_ZERO,DIVIDE_BY_ZERO,,True,True,True,True,2,0
divide_zero-wrapper-2,"{""denominator"":0,""numerator"":3}","{""noise_0"":1,""noise_1"":1,""noise_2"":1,""noise_3"":1}",True,DIVIDE_BY_ZERO,DIVIDE_BY_ZERO,,True,True,True,True,2,0
divide_zero-wrapper-2,"{""denominator"":1,""numerator"":-2}","{""noise_0"":1,""noise_1"":1,""noise_2"":1,""noise_3"":1}",True,DIVIDE_BY_ZERO,,,True,True,True,True,2,0
divide_zero-wrapper-2,"{""denominator"":1,""numerator"":0}","{""noise_0"":1,""noise_1"":1,""noise_2"":1,""noise_3"":1}",True,DIVIDE_BY_ZERO,,,True,True,True,True,2,0
divide_zero-wrapper-2,"{""denominator"":1,""numerator"":3}","{""noise_0"":1,""noise_1"":1,""noise_2"":1,""noise_3"":1}",True,DIVIDE_BY_ZERO,,,True,True,True,True,2,0
divide_zero-wrapper-2,"{""denominator"":2,""numerator"":-2}","{""noise_0"":1,""noise_1"":1,""noise_2"":1,""noise_3"":1}",True,DIVIDE_BY_ZERO,,,True,True,True,True,2,0
divide_zero-wrapper-2,"{""denominator"":2,""numerator"":0}","{""noise_0"":1,""noise_1"":1,""noise_2"":1,""noise_3"":1}",True,DIVIDE_BY_ZERO,,,True,True,True,True,2,0
divide_zero-wrapper-2,"{""denominator"":2,""numerator"":3}","{""noise_0"":1,""noise_1"":1,""noise_2"":1,""noise_3"":1}",True,DIVIDE_BY_ZERO,,,True,True,True,True,2,0
divide_zero-wrapper-3,"{""denominator"":-1,""numerator"":-2}","{""noise_0"":0,""noise_1"":0,""noise_2"":0,""noise_3"":0}",True,DIVIDE_BY_ZERO,,,True,True,True,True,2,0
divide_zero-wrapper-3,"{""denominator"":-1,""numerator"":0}","{""noise_0"":0,""noise_1"":0,""noise_2"":0,""noise_3"":0}",True,DIVIDE_BY_ZERO,,,True,True,True,True,2,0
divide_zero-wrapper-3,"{""denominator"":-1,""numerator"":3}","{""noise_0"":0,""noise_1"":0,""noise_2"":0,""noise_3"":0}",True,DIVIDE_BY_ZERO,,,True,True,True,True,2,0
divide_zero-wrapper-3,"{""denominator"":0,""numerator"":-2}","{""noise_0"":0,""noise_1"":0,""noise_2"":0,""noise_3"":0}",True,DIVIDE_BY_ZERO,DIVIDE_BY_ZERO,,True,True,True,True,2,0
divide_zero-wrapper-3,"{""denominator"":0,""numerator"":0}","{""noise_0"":0,""noise_1"":0,""noise_2"":0,""noise_3"":0}",True,DIVIDE_BY_ZERO,DIVIDE_BY_ZERO,,True,True,True,True,2,0
divide_zero-wrapper-3,"{""denominator"":0,""numerator"":3}","{""noise_0"":0,""noise_1"":0,""noise_2"":0,""noise_3"":0}",True,DIVIDE_BY_ZERO,DIVIDE_BY_ZERO,,True,True,True,True,2,0
divide_zero-wrapper-3,"{""denominator"":1,""numerator"":-2}","{""noise_0"":0,""noise_1"":0,""noise_2"":0,""noise_3"":0}",True,DIVIDE_BY_ZERO,,,True,True,True,True,2,0
divide_zero-wrapper-3,"{""denominator"":1,""numerator"":0}","{""noise_0"":0,""noise_1"":0,""noise_2"":0,""noise_3"":0}",True,DIVIDE_BY_ZERO,,,True,True,True,True,2,0
divide_zero-wrapper-3,"{""denominator"":1,""numerator"":3}","{""noise_0"":0,""noise_1"":0,""noise_2"":0,""noise_3"":0}",True,DIVIDE_BY_ZERO,,,True,True,True,True,2,0
divide_zero-wrapper-3,"{""denominator"":2,""numerator"":-2}","{""noise_0"":0,""noise_1"":0,""noise_2"":0,""noise_3"":0}",True,DIVIDE_BY_ZERO,,,True,True,True,True,2,0
divide_zero-wrapper-3,"{""denominator"":2,""numerator"":0}","{""noise_0"":0,""noise_1"":0,""noise_2"":0,""noise_3"":0}",True,DIVIDE_BY_ZERO,,,True,True,True,True,2,0
divide_zero-wrapper-3,"{""denominator"":2,""numerator"":3}","{""noise_0"":0,""noise_1"":0,""noise_2"":0,""noise_3"":0}",True,DIVIDE_BY_ZERO,,,True,True,True,True,2,0
divide_zero-wrapper-3,"{""denominator"":-1,""numerator"":-2}","{""noise_0"":0,""noise_1"":0,""noise_2"":0,""noise_3"":1}",True,DIVIDE_BY_ZERO,,,True,True,True,True,2,0
divide_zero-wrapper-3,"{""denominator"":-1,""numerator"":0}","{""noise_0"":0,""noise_1"":0,""noise_2"":0,""noise_3"":1}",True,DIVIDE_BY_ZERO,,,True,True,True,True,2,0
divide_zero-wrapper-3,"{""denominator"":-1,""numerator"":3}","{""noise_0"":0,""noise_1"":0,""noise_2"":0,""noise_3"":1}",True,DIVIDE_BY_ZERO,,,True,True,True,True,2,0
divide_zero-wrapper-3,"{""denominator"":0,""numerator"":-2}","{""noise_0"":0,""noise_1"":0,""noise_2"":0,""noise_3"":1}",True,DIVIDE_BY_ZERO,DIVIDE_BY_ZERO,,True,True,True,True,2,0
divide_zero-wrapper-3,"{""denominator"":0,""numerator"":0}","{""noise_0"":0,""noise_1"":0,""noise_2"":0,""noise_3"":1}",True,DIVIDE_BY_ZERO,DIVIDE_BY_ZERO,,True,True,True,True,2,0
divide_zero-wrapper-3,"{""denominator"":0,""numerator"":3}","{""noise_0"":0,""noise_1"":0,""noise_2"":0,""noise_3"":1}",True,DIVIDE_BY_ZERO,DIVIDE_BY_ZERO,,True,True,True,True,2,0
divide_zero-wrapper-3,"{""denominator"":1,""numerator"":-2}","{""noise_0"":0,""noise_1"":0,""noise_2"":0,""noise_3"":1}",True,DIVIDE_BY_ZERO,,,True,True,True,True,2,0
divide_zero-wrapper-3,"{""denominator"":1,""numerator"":0}","{""noise_0"":0,""noise_1"":0,""noise_2"":0,""noise_3"":1}",True,DIVIDE_BY_ZERO,,,True,True,True,True,2,0
divide_zero-wrapper-3,"{""denominator"":1,""numerator"":3}","{""noise_0"":0,""noise_1"":0,""noise_2"":0,""noise_3"":1}",True,DIVIDE_BY_ZERO,,,True,True,True,True,2,0
divide_zero-wrapper-3,"{""denominator"":2,""numerator"":-2}","{""noise_0"":0,""noise_1"":0,""noise_2"":0,""noise_3"":1}",True,DIVIDE_BY_ZERO,,,True,True,True,True,2,0
divide_zero-wrapper-3,"{""denominator"":2,""numerator"":0}","{""noise_0"":0,""noise_1"":0,""noise_2"":0,""noise_3"":1}",True,DIVIDE_BY_ZERO,,,True,True,True,True,2,0
divide_zero-wrapper-3,"{""denominator"":2,""numerator"":3}","{""noise_0"":0,""noise_1"":0,""noise_2"":0,""noise_3"":1}",True,DIVIDE_BY_ZERO,,,True,True,True,True,2,0
divide_zero-wrapper-3,"{""denominator"":-1,""numerator"":-2}","{""noise_0"":0,""noise_1"":0,""noise_2"":1,""noise_3"":0}",True,DIVIDE_BY_ZERO,,,True,True,True,True,2,0
divide_zero-wrapper-3,"{""denominator"":-1,""numerator"":0}","{""noise_0"":0,""noise_1"":0,""noise_2"":1,""noise_3"":0}",True,DIVIDE_BY_ZERO,,,True,True,True,True,2,0
divide_zero-wrapper-3,"{""denominator"":-1,""numerator"":3}","{""noise_0"":0,""noise_1"":0,""noise_2"":1,""noise_3"":0}",True,DIVIDE_BY_ZERO,,,True,True,True,True,2,0
divide_zero-wrapper-3,"{""denominator"":0,""numerator"":-2}","{""noise_0"":0,""noise_1"":0,""noise_2"":1,""noise_3"":0}",True,DIVIDE_BY_ZERO,DIVIDE_BY_ZERO,,True,True,True,True,2,0
divide_zero-wrapper-3,"{""denominator"":0,""numerator"":0}","{""noise_0"":0,""noise_1"":0,""noise_2"":1,""noise_3"":0}",True,DIVIDE_BY_ZERO,DIVIDE_BY_ZERO,,True,True,True,True,2,0
divide_zero-wrapper-3,"{""denominator"":0,""numerator"":3}","{""noise_0"":0,""noise_1"":0,""noise_2"":1,""noise_3"":0}",True,DIVIDE_BY_ZERO,DIVIDE_BY_ZERO,,True,True,True,True,2,0
divide_zero-wrapper-3,"{""denominator"":1,""numerator"":-2}","{""noise_0"":0,""noise_1"":0,""noise_2"":1,""noise_3"":0}",True,DIVIDE_BY_ZERO,,,True,True,True,True,2,0
divide_zero-wrapper-3,"{""denominator"":1,""numerator"":0}","{""noise_0"":0,""noise_1"":0,""noise_2"":1,""noise_3"":0}",True,DIVIDE_BY_ZERO,,,True,True,True,True,2,0
divide_zero-wrapper-3,"{""denominator"":1,""numerator"":3}","{""noise_0"":0,""noise_1"":0,""noise_2"":1,""noise_3"":0}",True,DIVIDE_BY_ZERO,,,True,True,True,True,2,0
divide_zero-wrapper-3,"{""denominator"":2,""numerator"":-2}","{""noise_0"":0,""noise_1"":0,""noise_2"":1,""noise_3"":0}",True,DIVIDE_BY_ZERO,,,True,True,True,True,2,0
divide_zero-wrapper-3,"{""denominator"":2,""numerator"":0}","{""noise_0"":0,""noise_1"":0,""noise_2"":1,""noise_3"":0}",True,DIVIDE_BY_ZERO,,,True,True,True,True,2,0
divide_zero-wrapper-3,"{""denominator"":2,""numerator"":3}","{""noise_0"":0,""noise_1"":0,""noise_2"":1,""noise_3"":0}",True,DIVIDE_BY_ZERO,,,True,True,True,True,2,0
divide_zero-wrapper-3,"{""denominator"":-1,""numerator"":-2}","{""noise_0"":0,""noise_1"":0,""noise_2"":1,""noise_3"":1}",True,DIVIDE_BY_ZERO,,,True,True,True,True,2,0
divide_zero-wrapper-3,"{""denominator"":-1,""numerator"":0}","{""noise_0"":0,""noise_1"":0,""noise_2"":1,""noise_3"":1}",True,DIVIDE_BY_ZERO,,,True,True,True,True,2,0
divide_zero-wrapper-3,"{""denominator"":-1,""numerator"":3}","{""noise_0"":0,""noise_1"":0,""noise_2"":1,""noise_3"":1}",True,DIVIDE_BY_ZERO,,,True,True,True,True,2,0
divide_zero-wrapper-3,"{""denominator"":0,""numerator"":-2}","{""noise_0"":0,""noise_1"":0,""noise_2"":1,""noise_3"":1}",True,DIVIDE_BY_ZERO,DIVIDE_BY_ZERO,,True,True,True,True,2,0
divide_zero-wrapper-3,"{""denominator"":0,""numerator"":0}","{""noise_0"":0,""noise_1"":0,""noise_2"":1,""noise_3"":1}",True,DIVIDE_BY_ZERO,DIVIDE_BY_ZERO,,True,True,True,True,2,0
divide_zero-wrapper-3,"{""denominator"":0,""numerator"":3}","{""noise_0"":0,""noise_1"":0,""noise_2"":1,""noise_3"":1}",True,DIVIDE_BY_ZERO,DIVIDE_BY_ZERO,,True,True,True,True,2,0
divide_zero-wrapper-3,"{""denominator"":1,""numerator"":-2}","{""noise_0"":0,""noise_1"":0,""noise_2"":1,""noise_3"":1}",True,DIVIDE_BY_ZERO,,,True,True,True,True,2,0
divide_zero-wrapper-3,"{""denominator"":1,""numerator"":0}","{""noise_0"":0,""noise_1"":0,""noise_2"":1,""noise_3"":1}",True,DIVIDE_BY_ZERO,,,True,True,True,True,2,0
divide_zero-wrapper-3,"{""denominator"":1,""numerator"":3}","{""noise_0"":0,""noise_1"":0,""noise_2"":1,""noise_3"":1}",True,DIVIDE_BY_ZERO,,,True,True,True,True,2,0
divide_zero-wrapper-3,"{""denominator"":2,""numerator"":-2}","{""noise_0"":0,""noise_1"":0,""noise_2"":1,""noise_3"":1}",True,DIVIDE_BY_ZERO,,,True,True,True,True,2,0
divide_zero-wrapper-3,"{""denominator"":2,""numerator"":0}","{""noise_0"":0,""noise_1"":0,""noise_2"":1,""noise_3"":1}",True,DIVIDE_BY_ZERO,,,True,True,True,True,2,0
divide_zero-wrapper-3,"{""denominator"":2,""numerator"":3}","{""noise_0"":0,""noise_1"":0,""noise_2"":1,""noise_3"":1}",True,DIVIDE_BY_ZERO,,,True,True,True,True,2,0
divide_zero-wrapper-3,"{""denominator"":-1,""numerator"":-2}","{""noise_0"":0,""noise_1"":1,""noise_2"":0,""noise_3"":0}",True,DIVIDE_BY_ZERO,,,True,True,True,True,2,0
divide_zero-wrapper-3,"{""denominator"":-1,""numerator"":0}","{""noise_0"":0,""noise_1"":1,""noise_2"":0,""noise_3"":0}",True,DIVIDE_BY_ZERO,,,True,True,True,True,2,0
divide_zero-wrapper-3,"{""denominator"":-1,""numerator"":3}","{""noise_0"":0,""noise_1"":1,""noise_2"":0,""noise_3"":0}",True,DIVIDE_BY_ZERO,,,True,True,True,True,2,0
divide_zero-wrapper-3,"{""denominator"":0,""numerator"":-2}","{""noise_0"":0,""noise_1"":1,""noise_2"":0,""noise_3"":0}",True,DIVIDE_BY_ZERO,DIVIDE_BY_ZERO,,True,True,True,True,2,0
divide_zero-wrapper-3,"{""denominator"":0,""numerator"":0}","{""noise_0"":0,""noise_1"":1,""noise_2"":0,""noise_3"":0}",True,DIVIDE_BY_ZERO,DIVIDE_BY_ZERO,,True,True,True,True,2,0
divide_zero-wrapper-3,"{""denominator"":0,""numerator"":3}","{""noise_0"":0,""noise_1"":1,""noise_2"":0,""noise_3"":0}",True,DIVIDE_BY_ZERO,DIVIDE_BY_ZERO,,True,True,True,True,2,0
divide_zero-wrapper-3,"{""denominator"":1,""numerator"":-2}","{""noise_0"":0,""noise_1"":1,""noise_2"":0,""noise_3"":0}",True,DIVIDE_BY_ZERO,,,True,True,True,True,2,0
divide_zero-wrapper-3,"{""denominator"":1,""numerator"":0}","{""noise_0"":0,""noise_1"":1,""noise_2"":0,""noise_3"":0}",True,DIVIDE_BY_ZERO,,,True,True,True,True,2,0
divide_zero-wrapper-3,"{""denominator"":1,""numerator"":3}","{""noise_0"":0,""noise_1"":1,""noise_2"":0,""noise_3"":0}",True,DIVIDE_BY_ZERO,,,True,True,True,True,2,0
divide_zero-wrapper-3,"{""denominator"":2,""numerator"":-2}","{""noise_0"":0,""noise_1"":1,""noise_2"":0,""noise_3"":0}",True,DIVIDE_BY_ZERO,,,True,True,True,True,2,0
divide_zero-wrapper-3,"{""denominator"":2,""numerator"":0}","{""noise_0"":0,""noise_1"":1,""noise_2"":0,""noise_3"":0}",True,DIVIDE_BY_ZERO,,,True,True,True,True,2,0
divide_zero-wrapper-3,"{""denominator"":2,""numerator"":3}","{""noise_0"":0,""noise_1"":1,""noise_2"":0,""noise_3"":0}",True,DIVIDE_BY_ZERO,,,True,True,True,True,2,0
divide_zero-wrapper-3,"{""denominator"":-1,""numerator"":-2}","{""noise_0"":0,""noise_1"":1,""noise_2"":0,""noise_3"":1}",True,DIVIDE_BY_ZERO,,,True,True,True,True,2,0
divide_zero-wrapper-3,"{""denominator"":-1,""numerator"":0}","{""noise_0"":0,""noise_1"":1,""noise_2"":0,""noise_3"":1}",True,DIVIDE_BY_ZERO,,,True,True,True,True,2,0
divide_zero-wrapper-3,"{""denominator"":-1,""numerator"":3}","{""noise_0"":0,""noise_1"":1,""noise_2"":0,""noise_3"":1}",True,DIVIDE_BY_ZERO,,,True,True,True,True,2,0
divide_zero-wrapper-3,"{""denominator"":0,""numerator"":-2}","{""noise_0"":0,""noise_1"":1,""noise_2"":0,""noise_3"":1}",True,DIVIDE_BY_ZERO,DIVIDE_BY_ZERO,,True,True,True,True,2,0
divide_zero-wrapper-3,"{""denominator"":0,""numerator"":0}","{""noise_0"":0,""noise_1"":1,""noise_2"":0,""noise_3"":1}",True,DIVIDE_BY_ZERO,DIVIDE_BY_ZERO,,True,True,True,True,2,0
divide_zero-wrapper-3,"{""denominator"":0,""numerator"":3}","{""noise_0"":0,""noise_1"":1,""noise_2"":0,""noise_3"":1}",True,DIVIDE_BY_ZERO,DIVIDE_BY_ZERO,,True,True,True,True,2,0
divide_zero-wrapper-3,"{""denominator"":1,""numerator"":-2}","{""noise_0"":0,""noise_1"":1,""noise_2"":0,""noise_3"":1}",True,DIVIDE_BY_ZERO,,,True,True,True,True,2,0
divide_zero-wrapper-3,"{""denominator"":1,""numerator"":0}","{""noise_0"":0,""noise_1"":1,""noise_2"":0,""noise_3"":1}",True,DIVIDE_BY_ZERO,,,True,True,True,True,2,0
divide_zero-wrapper-3,"{""denominator"":1,""numerator"":3}","{""noise_0"":0,""noise_1"":1,""noise_2"":0,""noise_3"":1}",True,DIVIDE_BY_ZERO,,,True,True,True,True,2,0
divide_zero-wrapper-3,"{""denominator"":2,""numerator"":-2}","{""noise_0"":0,""noise_1"":1,""noise_2"":0,""noise_3"":1}",True,DIVIDE_BY_ZERO,,,True,True,True,True,2,0
divide_zero-wrapper-3,"{""denominator"":2,""numerator"":0}","{""noise_0"":0,""noise_1"":1,""noise_2"":0,""noise_3"":1}",True,DIVIDE_BY_ZERO,,,True,True,True,True,2,0
divide_zero-wrapper-3,"{""denominator"":2,""numerator"":3}","{""noise_0"":0,""noise_1"":1,""noise_2"":0,""noise_3"":1}",True,DIVIDE_BY_ZERO,,,True,True,True,True,2,0
divide_zero-wrapper-3,"{""denominator"":-1,""numerator"":-2}","{""noise_0"":0,""noise_1"":1,""noise_2"":1,""noise_3"":0}",True,DIVIDE_BY_ZERO,,,True,True,True,True,2,0
divide_zero-wrapper-3,"{""denominator"":-1,""numerator"":0}","{""noise_0"":0,""noise_1"":1,""noise_2"":1,""noise_3"":0}",True,DIVIDE_BY_ZERO,,,True,True,True,True,2,0
divide_zero-wrapper-3,"{""denominator"":-1,""numerator"":3}","{""noise_0"":0,""noise_1"":1,""noise_2"":1,""noise_3"":0}",True,DIVIDE_BY_ZERO,,,True,True,True,True,2,0
divide_zero-wrapper-3,"{""denominator"":0,""numerator"":-2}","{""noise_0"":0,""noise_1"":1,""noise_2"":1,""noise_3"":0}",True,DIVIDE_BY_ZERO,DIVIDE_BY_ZERO,,True,True,True,True,2,0
divide_zero-wrapper-3,"{""denominator"":0,""numerator"":0}","{""noise_0"":0,""noise_1"":1,""noise_2"":1,""noise_3"":0}",True,DIVIDE_BY_ZERO,DIVIDE_BY_ZERO,,True,True,True,True,2,0
divide_zero-wrapper-3,"{""denominator"":0,""numerator"":3}","{""noise_0"":0,""noise_1"":1,""noise_2"":1,""noise_3"":0}",True,DIVIDE_BY_ZERO,DIVIDE_BY_ZERO,,True,True,True,True,2,0
divide_zero-wrapper-3,"{""denominator"":1,""numerator"":-2}","{""noise_0"":0,""noise_1"":1,""noise_2"":1,""noise_3"":0}",True,DIVIDE_BY_ZERO,,,True,True,True,True,2,0
divide_zero-wrapper-3,"{""denominator"":1,""numerator"":0}","{""noise_0"":0,""noise_1"":1,""noise_2"":1,""noise_3"":0}",True,DIVIDE_BY_ZERO,,,True,True,True,True,2,0
divide_zero-wrapper-3,"{""denominator"":1,""numerator"":3}","{""noise_0"":0,""noise_1"":1,""noise_2"":1,""noise_3"":0}",True,DIVIDE_BY_ZERO,,,True,True,True,True,2,0
divide_zero-wrapper-3,"{""denominator"":2,""numerator"":-2}","{""noise_0"":0,""noise_1"":1,""noise_2"":1,""noise_3"":0}",True,DIVIDE_BY_ZERO,,,True,True,True,True,2,0
divide_zero-wrapper-3,"{""denominator"":2,""numerator"":0}","{""noise_0"":0,""noise_1"":1,""noise_2"":1,""noise_3"":0}",True,DIVIDE_BY_ZERO,,,True,True,True,True,2,0
divide_zero-wrapper-3,"{""denominator"":2,""numerator"":3}","{""noise_0"":0,""noise_1"":1,""noise_2"":1,""noise_3"":0}",True,DIVIDE_BY_ZERO,,,True,True,True,True,2,0
divide_zero-wrapper-3,"{""denominator"":-1,""numerator"":-2}","{""noise_0"":0,""noise_1"":1,""noise_2"":1,""noise_3"":1}",True,DIVIDE_BY_ZERO,,,True,True,True,True,2,0
divide_zero-wrapper-3,"{""denominator"":-1,""numerator"":0}","{""noise_0"":0,""noise_1"":1,""noise_2"":1,""noise_3"":1}",True,DIVIDE_BY_ZERO,,,True,True,True,True,2,0
divide_zero-wrapper-3,"{""denominator"":-1,""numerator"":3}","{""noise_0"":0,""noise_1"":1,""noise_2"":1,""noise_3"":1}",True,DIVIDE_BY_ZERO,,,True,True,True,True,2,0
divide_zero-wrapper-3,"{""denominator"":0,""numerator"":-2}","{""noise_0"":0,""noise_1"":1,""noise_2"":1,""noise_3"":1}",True,DIVIDE_BY_ZERO,DIVIDE_BY_ZERO,,True,True,True,True,2,0
divide_zero-wrapper-3,"{""denominator"":0,""numerator"":0}","{""noise_0"":0,""noise_1"":1,""noise_2"":1,""noise_3"":1}",True,DIVIDE_BY_ZERO,DIVIDE_BY_ZERO,,True,True,True,True,2,0
divide_zero-wrapper-3,"{""denominator"":0,""numerator"":3}","{""noise_0"":0,""noise_1"":1,""noise_2"":1,""noise_3"":1}",True,DIVIDE_BY_ZERO,DIVIDE_BY_ZERO,,True,True,True,True,2,0
divide_zero-wrapper-3,"{""denominator"":1,""numerator"":-2}","{""noise_0"":0,""noise_1"":1,""noise_2"":1,""noise_3"":1}",True,DIVIDE_BY_ZERO,,,True,True,True,True,2,0
divide_zero-wrapper-3,"{""denominator"":1,""numerator"":0}","{""noise_0"":0,""noise_1"":1,""noise_2"":1,""noise_3"":1}",True,DIVIDE_BY_ZERO,,,True,True,True,True,2,0
divide_zero-wrapper-3,"{""denominator"":1,""numerator"":3}","{""noise_0"":0,""noise_1"":1,""noise_2"":1,""noise_3"":1}",True,DIVIDE_BY_ZERO,,,True,True,True,True,2,0
divide_zero-wrapper-3,"{""denominator"":2,""numerator"":-2}","{""noise_0"":0,""noise_1"":1,""noise_2"":1,""noise_3"":1}",True,DIVIDE_BY_ZERO,,,True,True,True,True,2,0
divide_zero-wrapper-3,"{""denominator"":2,""numerator"":0}","{""noise_0"":0,""noise_1"":1,""noise_2"":1,""noise_3"":1}",True,DIVIDE_BY_ZERO,,,True,True,True,True,2,0
divide_zero-wrapper-3,"{""denominator"":2,""numerator"":3}","{""noise_0"":0,""noise_1"":1,""noise_2"":1,""noise_3"":1}",True,DIVIDE_BY_ZERO,,,True,True,True,True,2,0
divide_zero-wrapper-3,"{""denominator"":-1,""numerator"":-2}","{""noise_0"":1,""noise_1"":0,""noise_2"":0,""noise_3"":0}",True,DIVIDE_BY_ZERO,,,True,True,True,True,2,0
divide_zero-wrapper-3,"{""denominator"":-1,""numerator"":0}","{""noise_0"":1,""noise_1"":0,""noise_2"":0,""noise_3"":0}",True,DIVIDE_BY_ZERO,,,True,True,True,True,2,0
divide_zero-wrapper-3,"{""denominator"":-1,""numerator"":3}","{""noise_0"":1,""noise_1"":0,""noise_2"":0,""noise_3"":0}",True,DIVIDE_BY_ZERO,,,True,True,True,True,2,0
divide_zero-wrapper-3,"{""denominator"":0,""numerator"":-2}","{""noise_0"":1,""noise_1"":0,""noise_2"":0,""noise_3"":0}",True,DIVIDE_BY_ZERO,DIVIDE_BY_ZERO,,True,True,True,True,2,0
divide_zero-wrapper-3,"{""denominator"":0,""numerator"":0}","{""noise_0"":1,""noise_1"":0,""noise_2"":0,""noise_3"":0}",True,DIVIDE_BY_ZERO,DIVIDE_BY_ZERO,,True,True,True,True,2,0
divide_zero-wrapper-3,"{""denominator"":0,""numerator"":3}","{""noise_0"":1,""noise_1"":0,""noise_2"":0,""noise_3"":0}",True,DIVIDE_BY_ZERO,DIVIDE_BY_ZERO,,True,True,True,True,2,0
divide_zero-wrapper-3,"{""denominator"":1,""numerator"":-2}","{""noise_0"":1,""noise_1"":0,""noise_2"":0,""noise_3"":0}",True,DIVIDE_BY_ZERO,,,True,True,True,True,2,0
divide_zero-wrapper-3,"{""denominator"":1,""numerator"":0}","{""noise_0"":1,""noise_1"":0,""noise_2"":0,""noise_3"":0}",True,DIVIDE_BY_ZERO,,,True,True,True,True,2,0
divide_zero-wrapper-3,"{""denominator"":1,""numerator"":3}","{""noise_0"":1,""noise_1"":0,""noise_2"":0,""noise_3"":0}",True,DIVIDE_BY_ZERO,,,True,True,True,True,2,0
divide_zero-wrapper-3,"{""denominator"":2,""numerator"":-2}","{""noise_0"":1,""noise_1"":0,""noise_2"":0,""noise_3"":0}",True,DIVIDE_BY_ZERO,,,True,True,True,True,2,0
divide_zero-wrapper-3,"{""denominator"":2,""numerator"":0}","{""noise_0"":1,""noise_1"":0,""noise_2"":0,""noise_3"":0}",True,DIVIDE_BY_ZERO,,,True,True,True,True,2,0
divide_zero-wrapper-3,"{""denominator"":2,""numerator"":3}","{""noise_0"":1,""noise_1"":0,""noise_2"":0,""noise_3"":0}",True,DIVIDE_BY_ZERO,,,True,True,True,True,2,0
divide_zero-wrapper-3,"{""denominator"":-1,""numerator"":-2}","{""noise_0"":1,""noise_1"":0,""noise_2"":0,""noise_3"":1}",True,DIVIDE_BY_ZERO,,,True,True,True,True,2,0
divide_zero-wrapper-3,"{""denominator"":-1,""numerator"":0}","{""noise_0"":1,""noise_1"":0,""noise_2"":0,""noise_3"":1}",True,DIVIDE_BY_ZERO,,,True,True,True,True,2,0
divide_zero-wrapper-3,"{""denominator"":-1,""numerator"":3}","{""noise_0"":1,""noise_1"":0,""noise_2"":0,""noise_3"":1}",True,DIVIDE_BY_ZERO,,,True,True,True,True,2,0
divide_zero-wrapper-3,"{""denominator"":0,""numerator"":-2}","{""noise_0"":1,""noise_1"":0,""noise_2"":0,""noise_3"":1}",True,DIVIDE_BY_ZERO,DIVIDE_BY_ZERO,,True,True,True,True,2,0
divide_zero-wrapper-3,"{""denominator"":0,""numerator"":0}","{""noise_0"":1,""noise_1"":0,""noise_2"":0,""noise_3"":1}",True,DIVIDE_BY_ZERO,DIVIDE_BY_ZERO,,True,True,True,True,2,0
divide_zero-wrapper-3,"{""denominator"":0,""numerator"":3}","{""noise_0"":1,""noise_1"":0,""noise_2"":0,""noise_3"":1}",True,DIVIDE_BY_ZERO,DIVIDE_BY_ZERO,,True,True,True,True,2,0
divide_zero-wrapper-3,"{""denominator"":1,""numerator"":-2}","{""noise_0"":1,""noise_1"":0,""noise_2"":0,""noise_3"":1}",True,DIVIDE_BY_ZERO,,,True,True,True,True,2,0
divide_zero-wrapper-3,"{""denominator"":1,""numerator"":0}","{""noise_0"":1,""noise_1"":0,""noise_2"":0,""noise_3"":1}",True,DIVIDE_BY_ZERO,,,True,True,True,True,2,0
divide_zero-wrapper-3,"{""denominator"":1,""numerator"":3}","{""noise_0"":1,""noise_1"":0,""noise_2"":0,""noise_3"":1}",True,DIVIDE_BY_ZERO,,,True,True,True,True,2,0
divide_zero-wrapper-3,"{""denominator"":2,""numerator"":-2}","{""noise_0"":1,""noise_1"":0,""noise_2"":0,""noise_3"":1}",True,DIVIDE_BY_ZERO,,,True,True,True,True,2,0
divide_zero-wrapper-3,"{""denominator"":2,""numerator"":0}","{""noise_0"":1,""noise_1"":0,""noise_2"":0,""noise_3"":1}",True,DIVIDE_BY_ZERO,,,True,True,True,True,2,0
divide_zero-wrapper-3,"{""denominator"":2,""numerator"":3}","{""noise_0"":1,""noise_1"":0,""noise_2"":0,""noise_3"":1}",True,DIVIDE_BY_ZERO,,,True,True,True,True,2,0
divide_zero-wrapper-3,"{""denominator"":-1,""numerator"":-2}","{""noise_0"":1,""noise_1"":0,""noise_2"":1,""noise_3"":0}",True,DIVIDE_BY_ZERO,,,True,True,True,True,2,0
divide_zero-wrapper-3,"{""denominator"":-1,""numerator"":0}","{""noise_0"":1,""noise_1"":0,""noise_2"":1,""noise_3"":0}",True,DIVIDE_BY_ZERO,,,True,True,True,True,2,0
divide_zero-wrapper-3,"{""denominator"":-1,""numerator"":3}","{""noise_0"":1,""noise_1"":0,""noise_2"":1,""noise_3"":0}",True,DIVIDE_BY_ZERO,,,True,True,True,True,2,0
divide_zero-wrapper-3,"{""denominator"":0,""numerator"":-2}","{""noise_0"":1,""noise_1"":0,""noise_2"":1,""noise_3"":0}",True,DIVIDE_BY_ZERO,DIVIDE_BY_ZERO,,True,True,True,True,2,0
divide_zero-wrapper-3,"{""denominator"":0,""numerator"":0}","{""noise_0"":1,""noise_1"":0,""noise_2"":1,""noise_3"":0}",True,DIVIDE_BY_ZERO,DIVIDE_BY_ZERO,,True,True,True,True,2,0
divide_zero-wrapper-3,"{""denominator"":0,""numerator"":3}","{""noise_0"":1,""noise_1"":0,""noise_2"":1,""noise_3"":0}",True,DIVIDE_BY_ZERO,DIVIDE_BY_ZERO,,True,True,True,True,2,0
divide_zero-wrapper-3,"{""denominator"":1,""numerator"":-2}","{""noise_0"":1,""noise_1"":0,""noise_2"":1,""noise_3"":0}",True,DIVIDE_BY_ZERO,,,True,True,True,True,2,0
divide_zero-wrapper-3,"{""denominator"":1,""numerator"":0}","{""noise_0"":1,""noise_1"":0,""noise_2"":1,""noise_3"":0}",True,DIVIDE_BY_ZERO,,,True,True,True,True,2,0
divide_zero-wrapper-3,"{""denominator"":1,""numerator"":3}","{""noise_0"":1,""noise_1"":0,""noise_2"":1,""noise_3"":0}",True,DIVIDE_BY_ZERO,,,True,True,True,True,2,0
divide_zero-wrapper-3,"{""denominator"":2,""numerator"":-2}","{""noise_0"":1,""noise_1"":0,""noise_2"":1,""noise_3"":0}",True,DIVIDE_BY_ZERO,,,True,True,True,True,2,0
divide_zero-wrapper-3,"{""denominator"":2,""numerator"":0}","{""noise_0"":1,""noise_1"":0,""noise_2"":1,""noise_3"":0}",True,DIVIDE_BY_ZERO,,,True,True,True,True,2,0
divide_zero-wrapper-3,"{""denominator"":2,""numerator"":3}","{""noise_0"":1,""noise_1"":0,""noise_2"":1,""noise_3"":0}",True,DIVIDE_BY_ZERO,,,True,True,True,True,2,0
divide_zero-wrapper-3,"{""denominator"":-1,""numerator"":-2}","{""noise_0"":1,""noise_1"":0,""noise_2"":1,""noise_3"":1}",True,DIVIDE_BY_ZERO,,,True,True,True,True,2,0
divide_zero-wrapper-3,"{""denominator"":-1,""numerator"":0}","{""noise_0"":1,""noise_1"":0,""noise_2"":1,""noise_3"":1}",True,DIVIDE_BY_ZERO,,,True,True,True,True,2,0
divide_zero-wrapper-3,"{""denominator"":-1,""numerator"":3}","{""noise_0"":1,""noise_1"":0,""noise_2"":1,""noise_3"":1}",True,DIVIDE_BY_ZERO,,,True,True,True,True,2,0
divide_zero-wrapper-3,"{""denominator"":0,""numerator"":-2}","{""noise_0"":1,""noise_1"":0,""noise_2"":1,""noise_3"":1}",True,DIVIDE_BY_ZERO,DIVIDE_BY_ZERO,,True,True,True,True,2,0
divide_zero-wrapper-3,"{""denominator"":0,""numerator"":0}","{""noise_0"":1,""noise_1"":0,""noise_2"":1,""noise_3"":1}",True,DIVIDE_BY_ZERO,DIVIDE_BY_ZERO,,True,True,True,True,2,0
divide_zero-wrapper-3,"{""denominator"":0,""numerator"":3}","{""noise_0"":1,""noise_1"":0,""noise_2"":1,""noise_3"":1}",True,DIVIDE_BY_ZERO,DIVIDE_BY_ZERO,,True,True,True,True,2,0
divide_zero-wrapper-3,"{""denominator"":1,""numerator"":-2}","{""noise_0"":1,""noise_1"":0,""noise_2"":1,""noise_3"":1}",True,DIVIDE_BY_ZERO,,,True,True,True,True,2,0
divide_zero-wrapper-3,"{""denominator"":1,""numerator"":0}","{""noise_0"":1,""noise_1"":0,""noise_2"":1,""noise_3"":1}",True,DIVIDE_BY_ZERO,,,True,True,True,True,2,0
divide_zero-wrapper-3,"{""denominator"":1,""numerator"":3}","{""noise_0"":1,""noise_1"":0,""noise_2"":1,""noise_3"":1}",True,DIVIDE_BY_ZERO,,,True,True,True,True,2,0
divide_zero-wrapper-3,"{""denominator"":2,""numerator"":-2}","{""noise_0"":1,""noise_1"":0,""noise_2"":1,""noise_3"":1}",True,DIVIDE_BY_ZERO,,,True,True,True,True,2,0
divide_zero-wrapper-3,"{""denominator"":2,""numerator"":0}","{""noise_0"":1,""noise_1"":0,""noise_2"":1,""noise_3"":1}",True,DIVIDE_BY_ZERO,,,True,True,True,True,2,0
divide_zero-wrapper-3,"{""denominator"":2,""numerator"":3}","{""noise_0"":1,""noise_1"":0,""noise_2"":1,""noise_3"":1}",True,DIVIDE_BY_ZERO,,,True,True,True,True,2,0
divide_zero-wrapper-3,"{""denominator"":-1,""numerator"":-2}","{""noise_0"":1,""noise_1"":1,""noise_2"":0,""noise_3"":0}",True,DIVIDE_BY_ZERO,,,True,True,True,True,2,0
divide_zero-wrapper-3,"{""denominator"":-1,""numerator"":0}","{""noise_0"":1,""noise_1"":1,""noise_2"":0,""noise_3"":0}",True,DIVIDE_BY_ZERO,,,True,True,True,True,2,0
divide_zero-wrapper-3,"{""denominator"":-1,""numerator"":3}","{""noise_0"":1,""noise_1"":1,""noise_2"":0,""noise_3"":0}",True,DIVIDE_BY_ZERO,,,True,True,True,True,2,0
divide_zero-wrapper-3,"{""denominator"":0,""numerator"":-2}","{""noise_0"":1,""noise_1"":1,""noise_2"":0,""noise_3"":0}",True,DIVIDE_BY_ZERO,DIVIDE_BY_ZERO,,True,True,True,True,2,0
divide_zero-wrapper-3,"{""denominator"":0,""numerator"":0}","{""noise_0"":1,""noise_1"":1,""noise_2"":0,""noise_3"":0}",True,DIVIDE_BY_ZERO,DIVIDE_BY_ZERO,,True,True,True,True,2,0
divide_zero-wrapper-3,"{""denominator"":0,""numerator"":3}","{""noise_0"":1,""noise_1"":1,""noise_2"":0,""noise_3"":0}",True,DIVIDE_BY_ZERO,DIVIDE_BY_ZERO,,True,True,True,True,2,0
divide_zero-wrapper-3,"{""denominator"":1,""numerator"":-2}","{""noise_0"":1,""noise_1"":1,""noise_2"":0,""noise_3"":0}",True,DIVIDE_BY_ZERO,,,True,True,True,True,2,0
divide_zero-wrapper-3,"{""denominator"":1,""numerator"":0}","{""noise_0"":1,""noise_1"":1,""noise_2"":0,""noise_3"":0}",True,DIVIDE_BY_ZERO,,,True,True,True,True,2,0
divide_zero-wrapper-3,"{""denominator"":1,""numerator"":3}","{""noise_0"":1,""noise_1"":1,""noise_2"":0,""noise_3"":0}",True,DIVIDE_BY_ZERO,,,True,True,True,True,2,0
divide_zero-wrapper-3,"{""denominator"":2,""numerator"":-2}","{""noise_0"":1,""noise_1"":1,""noise_2"":0,""noise_3"":0}",True,DIVIDE_BY_ZERO,,,True,True,True,True,2,0
divide_zero-wrapper-3,"{""denominator"":2,""numerator"":0}","{""noise_0"":1,""noise_1"":1,""noise_2"":0,""noise_3"":0}",True,DIVIDE_BY_ZERO,,,True,True,True,True,2,0
divide_zero-wrapper-3,"{""denominator"":2,""numerator"":3}","{""noise_0"":1,""noise_1"":1,""noise_2"":0,""noise_3"":0}",True,DIVIDE_BY_ZERO,,,True,True,True,True,2,0
divide_zero-wrapper-3,"{""denominator"":-1,""numerator"":-2}","{""noise_0"":1,""noise_1"":1,""noise_2"":0,""noise_3"":1}",True,DIVIDE_BY_ZERO,,,True,True,True,True,2,0
divide_zero-wrapper-3,"{""denominator"":-1,""numerator"":0}","{""noise_0"":1,""noise_1"":1,""noise_2"":0,""noise_3"":1}",True,DIVIDE_BY_ZERO,,,True,True,True,True,2,0
divide_zero-wrapper-3,"{""denominator"":-1,""numerator"":3}","{""noise_0"":1,""noise_1"":1,""noise_2"":0,""noise_3"":1}",True,DIVIDE_BY_ZERO,,,True,True,True,True,2,0
divide_zero-wrapper-3,"{""denominator"":0,""numerator"":-2}","{""noise_0"":1,""noise_1"":1,""noise_2"":0,""noise_3"":1}",True,DIVIDE_BY_ZERO,DIVIDE_BY_ZERO,,True,True,True,True,2,0
divide_zero-wrapper-3,"{""denominator"":0,""numerator"":0}","{""noise_0"":1,""noise_1"":1,""noise_2"":0,""noise_3"":1}",True,DIVIDE_BY_ZERO,DIVIDE_BY_ZERO,,True,True,True,True,2,0
divide_zero-wrapper-3,"{""denominator"":0,""numerator"":3}","{""noise_0"":1,""noise_1"":1,""noise_2"":0,""noise_3"":1}",True,DIVIDE_BY_ZERO,DIVIDE_BY_ZERO,,True,True,True,True,2,0
divide_zero-wrapper-3,"{""denominator"":1,""numerator"":-2}","{""noise_0"":1,""noise_1"":1,""noise_2"":0,""noise_3"":1}",True,DIVIDE_BY_ZERO,,,True,True,True,True,2,0
divide_zero-wrapper-3,"{""denominator"":1,""numerator"":0}","{""noise_0"":1,""noise_1"":1,""noise_2"":0,""noise_3"":1}",True,DIVIDE_BY_ZERO,,,True,True,True,True,2,0
divide_zero-wrapper-3,"{""denominator"":1,""numerator"":3}","{""noise_0"":1,""noise_1"":1,""noise_2"":0,""noise_3"":1}",True,DIVIDE_BY_ZERO,,,True,True,True,True,2,0
divide_zero-wrapper-3,"{""denominator"":2,""numerator"":-2}","{""noise_0"":1,""noise_1"":1,""noise_2"":0,""noise_3"":1}",True,DIVIDE_BY_ZERO,,,True,True,True,True,2,0
divide_zero-wrapper-3,"{""denominator"":2,""numerator"":0}","{""noise_0"":1,""noise_1"":1,""noise_2"":0,""noise_3"":1}",True,DIVIDE_BY_ZERO,,,True,True,True,True,2,0
divide_zero-wrapper-3,"{""denominator"":2,""numerator"":3}","{""noise_0"":1,""noise_1"":1,""noise_2"":0,""noise_3"":1}",True,DIVIDE_BY_ZERO,,,True,True,True,True,2,0
divide_zero-wrapper-3,"{""denominator"":-1,""numerator"":-2}","{""noise_0"":1,""noise_1"":1,""noise_2"":1,""noise_3"":0}",True,DIVIDE_BY_ZERO,,,True,True,True,True,2,0
divide_zero-wrapper-3,"{""denominator"":-1,""numerator"":0}","{""noise_0"":1,""noise_1"":1,""noise_2"":1,""noise_3"":0}",True,DIVIDE_BY_ZERO,,,True,True,True,True,2,0
divide_zero-wrapper-3,"{""denominator"":-1,""numerator"":3}","{""noise_0"":1,""noise_1"":1,""noise_2"":1,""noise_3"":0}",True,DIVIDE_BY_ZERO,,,True,True,True,True,2,0
divide_zero-wrapper-3,"{""denominator"":0,""numerator"":-2}","{""noise_0"":1,""noise_1"":1,""noise_2"":1,""noise_3"":0}",True,DIVIDE_BY_ZERO,DIVIDE_BY_ZERO,,True,True,True,True,2,0
divide_zero-wrapper-3,"{""denominator"":0,""numerator"":0}","{""noise_0"":1,""noise_1"":1,""noise_2"":1,""noise_3"":0}",True,DIVIDE_BY_ZERO,DIVIDE_BY_ZERO,,True,True,True,True,2,0
divide_zero-wrapper-3,"{""denominator"":0,""numerator"":3}","{""noise_0"":1,""noise_1"":1,""noise_2"":1,""noise_3"":0}",True,DIVIDE_BY_ZERO,DIVIDE_BY_ZERO,,True,True,True,True,2,0
divide_zero-wrapper-3,"{""denominator"":1,""numerator"":-2}","{""noise_0"":1,""noise_1"":1,""noise_2"":1,""noise_3"":0}",True,DIVIDE_BY_ZERO,,,True,True,True,True,2,0
divide_zero-wrapper-3,"{""denominator"":1,""numerator"":0}","{""noise_0"":1,""noise_1"":1,""noise_2"":1,""noise_3"":0}",True,DIVIDE_BY_ZERO,,,True,True,True,True,2,0
divide_zero-wrapper-3,"{""denominator"":1,""numerator"":3}","{""noise_0"":1,""noise_1"":1,""noise_2"":1,""noise_3"":0}",True,DIVIDE_BY_ZERO,,,True,True,True,True,2,0
divide_zero-wrapper-3,"{""denominator"":2,""numerator"":-2}","{""noise_0"":1,""noise_1"":1,""noise_2"":1,""noise_3"":0}",True,DIVIDE_BY_ZERO,,,True,True,True,True,2,0
divide_zero-wrapper-3,"{""denominator"":2,""numerator"":0}","{""noise_0"":1,""noise_1"":1,""noise_2"":1,""noise_3"":0}",True,DIVIDE_BY_ZERO,,,True,True,True,True,2,0
divide_zero-wrapper-3,"{""denominator"":2,""numerator"":3}","{""noise_0"":1,""noise_1"":1,""noise_2"":1,""noise_3"":0}",True,DIVIDE_BY_ZERO,,,True,True,True,True,2,0
divide_zero-wrapper-3,"{""denominator"":-1,""numerator"":-2}","{""noise_0"":1,""noise_1"":1,""noise_2"":1,""noise_3"":1}",True,DIVIDE_BY_ZERO,,,True,True,True,True,2,0
divide_zero-wrapper-3,"{""denominator"":-1,""numerator"":0}","{""noise_0"":1,""noise_1"":1,""noise_2"":1,""noise_3"":1}",True,DIVIDE_BY_ZERO,,,True,True,True,True,2,0
divide_zero-wrapper-3,"{""denominator"":-1,""numerator"":3}","{""noise_0"":1,""noise_1"":1,""noise_2"":1,""noise_3"":1}",True,DIVIDE_BY_ZERO,,,True,True,True,True,2,0
divide_zero-wrapper-3,"{""denominator"":0,""numerator"":-2}","{""noise_0"":1,""noise_1"":1,""noise_2"":1,""noise_3"":1}",True,DIVIDE_BY_ZERO,DIVIDE_BY_ZERO,,True,True,True,True,2,0
divide_zero-wrapper-3,"{""denominator"":0,""numerator"":0}","{""noise_0"":1,""noise_1"":1,""noise_2"":1,""noise_3"":1}",True,DIVIDE_BY_ZERO,DIVIDE_BY_ZERO,,True,True,True,True,2,0
divide_zero-wrapper-3,"{""denominator"":0,""numerator"":3}","{""noise_0"":1,""noise_1"":1,""noise_2"":1,""noise_3"":1}",True,DIVIDE_BY_ZERO,DIVIDE_BY_ZERO,,True,True,True,True,2,0
divide_zero-wrapper-3,"{""denominator"":1,""numerator"":-2}","{""noise_0"":1,""noise_1"":1,""noise_2"":1,""noise_3"":1}",True,DIVIDE_BY_ZERO,,,True,True,True,True,2,0
divide_zero-wrapper-3,"{""denominator"":1,""numerator"":0}","{""noise_0"":1,""noise_1"":1,""noise_2"":1,""noise_3"":1}",True,DIVIDE_BY_ZERO,,,True,True,True,True,2,0
divide_zero-wrapper-3,"{""denominator"":1,""numerator"":3}","{""noise_0"":1,""noise_1"":1,""noise_2"":1,""noise_3"":1}",True,DIVIDE_BY_ZERO,,,True,True,True,True,2,0
divide_zero-wrapper-3,"{""denominator"":2,""numerator"":-2}","{""noise_0"":1,""noise_1"":1,""noise_2"":1,""noise_3"":1}",True,DIVIDE_BY_ZERO,,,True,True,True,True,2,0
divide_zero-wrapper-3,"{""denominator"":2,""numerator"":0}","{""noise_0"":1,""noise_1"":1,""noise_2"":1,""noise_3"":1}",True,DIVIDE_BY_ZERO,,,True,True,True,True,2,0
divide_zero-wrapper-3,"{""denominator"":2,""numerator"":3}","{""noise_0"":1,""noise_1"":1,""noise_2"":1,""noise_3"":1}",True,DIVIDE_BY_ZERO,,,True,True,True,True,2,0
divide_zero-wrapper-4,"{""denominator"":-1,""numerator"":-2}","{""noise_0"":0,""noise_1"":0,""noise_2"":0,""noise_3"":0}",True,DIVIDE_BY_ZERO,,,True,True,True,True,2,0
divide_zero-wrapper-4,"{""denominator"":-1,""numerator"":0}","{""noise_0"":0,""noise_1"":0,""noise_2"":0,""noise_3"":0}",True,DIVIDE_BY_ZERO,,,True,True,True,True,2,0
divide_zero-wrapper-4,"{""denominator"":-1,""numerator"":3}","{""noise_0"":0,""noise_1"":0,""noise_2"":0,""noise_3"":0}",True,DIVIDE_BY_ZERO,,,True,True,True,True,2,0
divide_zero-wrapper-4,"{""denominator"":0,""numerator"":-2}","{""noise_0"":0,""noise_1"":0,""noise_2"":0,""noise_3"":0}",True,DIVIDE_BY_ZERO,DIVIDE_BY_ZERO,,True,True,True,True,2,0
divide_zero-wrapper-4,"{""denominator"":0,""numerator"":0}","{""noise_0"":0,""noise_1"":0,""noise_2"":0,""noise_3"":0}",True,DIVIDE_BY_ZERO,DIVIDE_BY_ZERO,,True,True,True,True,2,0
divide_zero-wrapper-4,"{""denominator"":0,""numerator"":3}","{""noise_0"":0,""noise_1"":0,""noise_2"":0,""noise_3"":0}",True,DIVIDE_BY_ZERO,DIVIDE_BY_ZERO,,True,True,True,True,2,0
divide_zero-wrapper-4,"{""denominator"":1,""numerator"":-2}","{""noise_0"":0,""noise_1"":0,""noise_2"":0,""noise_3"":0}",True,DIVIDE_BY_ZERO,,,True,True,True,True,2,0
divide_zero-wrapper-4,"{""denominator"":1,""numerator"":0}","{""noise_0"":0,""noise_1"":0,""noise_2"":0,""noise_3"":0}",True,DIVIDE_BY_ZERO,,,True,True,True,True,2,0
divide_zero-wrapper-4,"{""denominator"":1,""numerator"":3}","{""noise_0"":0,""noise_1"":0,""noise_2"":0,""noise_3"":0}",True,DIVIDE_BY_ZERO,,,True,True,True,True,2,0
divide_zero-wrapper-4,"{""denominator"":2,""numerator"":-2}","{""noise_0"":0,""noise_1"":0,""noise_2"":0,""noise_3"":0}",True,DIVIDE_BY_ZERO,,,True,True,True,True,2,0
divide_zero-wrapper-4,"{""denominator"":2,""numerator"":0}","{""noise_0"":0,""noise_1"":0,""noise_2"":0,""noise_3"":0}",True,DIVIDE_BY_ZERO,,,True,True,True,True,2,0
divide_zero-wrapper-4,"{""denominator"":2,""numerator"":3}","{""noise_0"":0,""noise_1"":0,""noise_2"":0,""noise_3"":0}",True,DIVIDE_BY_ZERO,,,True,True,True,True,2,0
divide_zero-wrapper-4,"{""denominator"":-1,""numerator"":-2}","{""noise_0"":0,""noise_1"":0,""noise_2"":0,""noise_3"":1}",True,DIVIDE_BY_ZERO,,,True,True,True,True,2,0
divide_zero-wrapper-4,"{""denominator"":-1,""numerator"":0}","{""noise_0"":0,""noise_1"":0,""noise_2"":0,""noise_3"":1}",True,DIVIDE_BY_ZERO,,,True,True,True,True,2,0
divide_zero-wrapper-4,"{""denominator"":-1,""numerator"":3}","{""noise_0"":0,""noise_1"":0,""noise_2"":0,""noise_3"":1}",True,DIVIDE_BY_ZERO,,,True,True,True,True,2,0
divide_zero-wrapper-4,"{""denominator"":0,""numerator"":-2}","{""noise_0"":0,""noise_1"":0,""noise_2"":0,""noise_3"":1}",True,DIVIDE_BY_ZERO,DIVIDE_BY_ZERO,,True,True,True,True,2,0
divide_zero-wrapper-4,"{""denominator"":0,""numerator"":0}","{""noise_0"":0,""noise_1"":0,""noise_2"":0,""noise_3"":1}",True,DIVIDE_BY_ZERO,DIVIDE_BY_ZERO,,True,True,True,True,2,0
divide_zero-wrapper-4,"{""denominator"":0,""numerator"":3}","{""noise_0"":0,""noise_1"":0,""noise_2"":0,""noise_3"":1}",True,DIVIDE_BY_ZERO,DIVIDE_BY_ZERO,,True,True,True,True,2,0
divide_zero-wrapper-4,"{""denominator"":1,""numerator"":-2}","{""noise_0"":0,""noise_1"":0,""noise_2"":0,""noise_3"":1}",True,DIVIDE_BY_ZERO,,,True,True,True,True,2,0
divide_zero-wrapper-4,"{""denominator"":1,""numerator"":0}","{""noise_0"":0,""noise_1"":0,""noise_2"":0,""noise_3"":1}",True,DIVIDE_BY_ZERO,,,True,True,True,True,2,0
divide_zero-wrapper-4,"{""denominator"":1,""numerator"":3}","{""noise_0"":0,""noise_1"":0,""noise_2"":0,""noise_3"":1}",True,DIVIDE_BY_ZERO,,,True,True,True,True,2,0
divide_zero-wrapper-4,"{""denominator"":2,""numerator"":-2}","{""noise_0"":0,""noise_1"":0,""noise_2"":0,""noise_3"":1}",True,DIVIDE_BY_ZERO,,,True,True,True,True,2,0
divide_zero-wrapper-4,"{""denominator"":2,""numerator"":0}","{""noise_0"":0,""noise_1"":0,""noise_2"":0,""noise_3"":1}",True,DIVIDE_BY_ZERO,,,True,True,True,True,2,0
divide_zero-wrapper-4,"{""denominator"":2,""numerator"":3}","{""noise_0"":0,""noise_1"":0,""noise_2"":0,""noise_3"":1}",True,DIVIDE_BY_ZERO,,,True,True,True,True,2,0
divide_zero-wrapper-4,"{""denominator"":-1,""numerator"":-2}","{""noise_0"":0,""noise_1"":0,""noise_2"":1,""noise_3"":0}",True,DIVIDE_BY_ZERO,,,True,True,True,True,2,0
divide_zero-wrapper-4,"{""denominator"":-1,""numerator"":0}","{""noise_0"":0,""noise_1"":0,""noise_2"":1,""noise_3"":0}",True,DIVIDE_BY_ZERO,,,True,True,True,True,2,0
divide_zero-wrapper-4,"{""denominator"":-1,""numerator"":3}","{""noise_0"":0,""noise_1"":0,""noise_2"":1,""noise_3"":0}",True,DIVIDE_BY_ZERO,,,True,True,True,True,2,0
divide_zero-wrapper-4,"{""denominator"":0,""numerator"":-2}","{""noise_0"":0,""noise_1"":0,""noise_2"":1,""noise_3"":0}",True,DIVIDE_BY_ZERO,DIVIDE_BY_ZERO,,True,True,True,True,2,0
divide_zero-wrapper-4,"{""denominator"":0,""numerator"":0}","{""noise_0"":0,""noise_1"":0,""noise_2"":1,""noise_3"":0}",True,DIVIDE_BY_ZERO,DIVIDE_BY_ZERO,,True,True,True,True,2,0
divide_zero-wrapper-4,"{""denominator"":0,""numerator"":3}","{""noise_0"":0,""noise_1"":0,""noise_2"":1,""noise_3"":0}",True,DIVIDE_BY_ZERO,DIVIDE_BY_ZERO,,True,True,True,True,2,0
divide_zero-wrapper-4,"{""denominator"":1,""numerator"":-2}","{""noise_0"":0,""noise_1"":0,""noise_2"":1,""noise_3"":0}",True,DIVIDE_BY_ZERO,,,True,True,True,True,2,0
divide_zero-wrapper-4,"{""denominator"":1,""numerator"":0}","{""noise_0"":0,""noise_1"":0,""noise_2"":1,""noise_3"":0}",True,DIVIDE_BY_ZERO,,,True,True,True,True,2,0
divide_zero-wrapper-4,"{""denominator"":1,""numerator"":3}","{""noise_0"":0,""noise_1"":0,""noise_2"":1,""noise_3"":0}",True,DIVIDE_BY_ZERO,,,True,True,True,True,2,0
divide_zero-wrapper-4,"{""denominator"":2,""numerator"":-2}","{""noise_0"":0,""noise_1"":0,""noise_2"":1,""noise_3"":0}",True,DIVIDE_BY_ZERO,,,True,True,True,True,2,0
divide_zero-wrapper-4,"{""denominator"":2,""numerator"":0}","{""noise_0"":0,""noise_1"":0,""noise_2"":1,""noise_3"":0}",True,DIVIDE_BY_ZERO,,,True,True,True,True,2,0
divide_zero-wrapper-4,"{""denominator"":2,""numerator"":3}","{""noise_0"":0,""noise_1"":0,""noise_2"":1,""noise_3"":0}",True,DIVIDE_BY_ZERO,,,True,True,True,True,2,0
divide_zero-wrapper-4,"{""denominator"":-1,""numerator"":-2}","{""noise_0"":0,""noise_1"":0,""noise_2"":1,""noise_3"":1}",True,DIVIDE_BY_ZERO,,,True,True,True,True,2,0
divide_zero-wrapper-4,"{""denominator"":-1,""numerator"":0}","{""noise_0"":0,""noise_1"":0,""noise_2"":1,""noise_3"":1}",True,DIVIDE_BY_ZERO,,,True,True,True,True,2,0
divide_zero-wrapper-4,"{""denominator"":-1,""numerator"":3}","{""noise_0"":0,""noise_1"":0,""noise_2"":1,""noise_3"":1}",True,DIVIDE_BY_ZERO,,,True,True,True,True,2,0
divide_zero-wrapper-4,"{""denominator"":0,""numerator"":-2}","{""noise_0"":0,""noise_1"":0,""noise_2"":1,""noise_3"":1}",True,DIVIDE_BY_ZERO,DIVIDE_BY_ZERO,,True,True,True,True,2,0
divide_zero-wrapper-4,"{""denominator"":0,""numerator"":0}","{""noise_0"":0,""noise_1"":0,""noise_2"":1,""noise_3"":1}",True,DIVIDE_BY_ZERO,DIVIDE_BY_ZERO,,True,True,True,True,2,0
divide_zero-wrapper-4,"{""denominator"":0,""numerator"":3}","{""noise_0"":0,""noise_1"":0,""noise_2"":1,""noise_3"":1}",True,DIVIDE_BY_ZERO,DIVIDE_BY_ZERO,,True,True,True,True,2,0
divide_zero-wrapper-4,"{""denominator"":1,""numerator"":-2}","{""noise_0"":0,""noise_1"":0,""noise_2"":1,""noise_3"":1}",True,DIVIDE_BY_ZERO,,,True,True,True,True,2,0
divide_zero-wrapper-4,"{""denominator"":1,""numerator"":0}","{""noise_0"":0,""noise_1"":0,""noise_2"":1,""noise_3"":1}",True,DIVIDE_BY_ZERO,,,True,True,True,True,2,0
divide_zero-wrapper-4,"{""denominator"":1,""numerator"":3}","{""noise_0"":0,""noise_1"":0,""noise_2"":1,""noise_3"":1}",True,DIVIDE_BY_ZERO,,,True,True,True,True,2,0
divide_zero-wrapper-4,"{""denominator"":2,""numerator"":-2}","{""noise_0"":0,""noise_1"":0,""noise_2"":1,""noise_3"":1}",True,DIVIDE_BY_ZERO,,,True,True,True,True,2,0
divide_zero-wrapper-4,"{""denominator"":2,""numerator"":0}","{""noise_0"":0,""noise_1"":0,""noise_2"":1,""noise_3"":1}",True,DIVIDE_BY_ZERO,,,True,True,True,True,2,0
divide_zero-wrapper-4,"{""denominator"":2,""numerator"":3}","{""noise_0"":0,""noise_1"":0,""noise_2"":1,""noise_3"":1}",True,DIVIDE_BY_ZERO,,,True,True,True,True,2,0
divide_zero-wrapper-4,"{""denominator"":-1,""numerator"":-2}","{""noise_0"":0,""noise_1"":1,""noise_2"":0,""noise_3"":0}",True,DIVIDE_BY_ZERO,,,True,True,True,True,2,0
divide_zero-wrapper-4,"{""denominator"":-1,""numerator"":0}","{""noise_0"":0,""noise_1"":1,""noise_2"":0,""noise_3"":0}",True,DIVIDE_BY_ZERO,,,True,True,True,True,2,0
divide_zero-wrapper-4,"{""denominator"":-1,""numerator"":3}","{""noise_0"":0,""noise_1"":1,""noise_2"":0,""noise_3"":0}",True,DIVIDE_BY_ZERO,,,True,True,True,True,2,0
divide_zero-wrapper-4,"{""denominator"":0,""numerator"":-2}","{""noise_0"":0,""noise_1"":1,""noise_2"":0,""noise_3"":0}",True,DIVIDE_BY_ZERO,DIVIDE_BY_ZERO,,True,True,True,True,2,0
divide_zero-wrapper-4,"{""denominator"":0,""numerator"":0}","{""noise_0"":0,""noise_1"":1,""noise_2"":0,""noise_3"":0}",True,DIVIDE_BY_ZERO,DIVIDE_BY_ZERO,,True,True,True,True,2,0
divide_zero-wrapper-4,"{""denominator"":0,""numerator"":3}","{""noise_0"":0,""noise_1"":1,""noise_2"":0,""noise_3"":0}",True,DIVIDE_BY_ZERO,DIVIDE_BY_ZERO,,True,True,True,True,2,0
divide_zero-wrapper-4,"{""denominator"":1,""numerator"":-2}","{""noise_0"":0,""noise_1"":1,""noise_2"":0,""noise_3"":0}",True,DIVIDE_BY_ZERO,,,True,True,True,True,2,0
divide_zero-wrapper-4,"{""denominator"":1,""numerator"":0}","{""noise_0"":0,""noise_1"":1,""noise_2"":0,""noise_3"":0}",True,DIVIDE_BY_ZERO,,,True,True,True,True,2,0
divide_zero-wrapper-4,"{""denominator"":1,""numerator"":3}","{""noise_0"":0,""noise_1"":1,""noise_2"":0,""noise_3"":0}",True,DIVIDE_BY_ZERO,,,True,True,True,True,2,0
divide_zero-wrapper-4,"{""denominator"":2,""numerator"":-2}","{""noise_0"":0,""noise_1"":1,""noise_2"":0,""noise_3"":0}",True,DIVIDE_BY_ZERO,,,True,True,True,True,2,0
divide_zero-wrapper-4,"{""denominator"":2,""numerator"":0}","{""noise_0"":0,""noise_1"":1,""noise_2"":0,""noise_3"":0}",True,DIVIDE_BY_ZERO,,,True,True,True,True,2,0
divide_zero-wrapper-4,"{""denominator"":2,""numerator"":3}","{""noise_0"":0,""noise_1"":1,""noise_2"":0,""noise_3"":0}",True,DIVIDE_BY_ZERO,,,True,True,True,True,2,0
divide_zero-wrapper-4,"{""denominator"":-1,""numerator"":-2}","{""noise_0"":0,""noise_1"":1,""noise_2"":0,""noise_3"":1}",True,DIVIDE_BY_ZERO,,,True,True,True,True,2,0
divide_zero-wrapper-4,"{""denominator"":-1,""numerator"":0}","{""noise_0"":0,""noise_1"":1,""noise_2"":0,""noise_3"":1}",True,DIVIDE_BY_ZERO,,,True,True,True,True,2,0
divide_zero-wrapper-4,"{""denominator"":-1,""numerator"":3}","{""noise_0"":0,""noise_1"":1,""noise_2"":0,""noise_3"":1}",True,DIVIDE_BY_ZERO,,,True,True,True,True,2,0
divide_zero-wrapper-4,"{""denominator"":0,""numerator"":-2}","{""noise_0"":0,""noise_1"":1,""noise_2"":0,""noise_3"":1}",True,DIVIDE_BY_ZERO,DIVIDE_BY_ZERO,,True,True,True,True,2,0
divide_zero-wrapper-4,"{""denominator"":0,""numerator"":0}","{""noise_0"":0,""noise_1"":1,""noise_2"":0,""noise_3"":1}",True,DIVIDE_BY_ZERO,DIVIDE_BY_ZERO,,True,True,True,True,2,0
divide_zero-wrapper-4,"{""denominator"":0,""numerator"":3}","{""noise_0"":0,""noise_1"":1,""noise_2"":0,""noise_3"":1}",True,DIVIDE_BY_ZERO,DIVIDE_BY_ZERO,,True,True,True,True,2,0
divide_zero-wrapper-4,"{""denominator"":1,""numerator"":-2}","{""noise_0"":0,""noise_1"":1,""noise_2"":0,""noise_3"":1}",True,DIVIDE_BY_ZERO,,,True,True,True,True,2,0
divide_zero-wrapper-4,"{""denominator"":1,""numerator"":0}","{""noise_0"":0,""noise_1"":1,""noise_2"":0,""noise_3"":1}",True,DIVIDE_BY_ZERO,,,True,True,True,True,2,0
divide_zero-wrapper-4,"{""denominator"":1,""numerator"":3}","{""noise_0"":0,""noise_1"":1,""noise_2"":0,""noise_3"":1}",True,DIVIDE_BY_ZERO,,,True,True,True,True,2,0
divide_zero-wrapper-4,"{""denominator"":2,""numerator"":-2}","{""noise_0"":0,""noise_1"":1,""noise_2"":0,""noise_3"":1}",True,DIVIDE_BY_ZERO,,,True,True,True,True,2,0
divide_zero-wrapper-4,"{""denominator"":2,""numerator"":0}","{""noise_0"":0,""noise_1"":1,""noise_2"":0,""noise_3"":1}",True,DIVIDE_BY_ZERO,,,True,True,True,True,2,0
divide_zero-wrapper-4,"{""denominator"":2,""numerator"":3}","{""noise_0"":0,""noise_1"":1,""noise_2"":0,""noise_3"":1}",True,DIVIDE_BY_ZERO,,,True,True,True,True,2,0
divide_zero-wrapper-4,"{""denominator"":-1,""numerator"":-2}","{""noise_0"":0,""noise_1"":1,""noise_2"":1,""noise_3"":0}",True,DIVIDE_BY_ZERO,,,True,True,True,True,2,0
divide_zero-wrapper-4,"{""denominator"":-1,""numerator"":0}","{""noise_0"":0,""noise_1"":1,""noise_2"":1,""noise_3"":0}",True,DIVIDE_BY_ZERO,,,True,True,True,True,2,0
divide_zero-wrapper-4,"{""denominator"":-1,""numerator"":3}","{""noise_0"":0,""noise_1"":1,""noise_2"":1,""noise_3"":0}",True,DIVIDE_BY_ZERO,,,True,True,True,True,2,0
divide_zero-wrapper-4,"{""denominator"":0,""numerator"":-2}","{""noise_0"":0,""noise_1"":1,""noise_2"":1,""noise_3"":0}",True,DIVIDE_BY_ZERO,DIVIDE_BY_ZERO,,True,True,True,True,2,0
divide_zero-wrapper-4,"{""denominator"":0,""numerator"":0}","{""noise_0"":0,""noise_1"":1,""noise_2"":1,""noise_3"":0}",True,DIVIDE_BY_ZERO,DIVIDE_BY_ZERO,,True,True,True,True,2,0
divide_zero-wrapper-4,"{""denominator"":0,""numerator"":3}","{""noise_0"":0,""noise_1"":1,""noise_2"":1,""noise_3"":0}",True,DIVIDE_BY_ZERO,DIVIDE_BY_ZERO,,True,True,True,True,2,0
divide_zero-wrapper-4,"{""denominator"":1,""numerator"":-2}","{""noise_0"":0,""noise_1"":1,""noise_2"":1,""noise_3"":0}",True,DIVIDE_BY_ZERO,,,True,True,True,True,2,0
divide_zero-wrapper-4,"{""denominator"":1,""numerator"":0}","{""noise_0"":0,""noise_1"":1,""noise_2"":1,""noise_3"":0}",True,DIVIDE_BY_ZERO,,,True,True,True,True,2,0
divide_zero-wrapper-4,"{""denominator"":1,""numerator"":3}","{""noise_0"":0,""noise_1"":1,""noise_2"":1,""noise_3"":0}",True,DIVIDE_BY_ZERO,,,True,True,True,True,2,0
divide_zero-wrapper-4,"{""denominator"":2,""numerator"":-2}","{""noise_0"":0,""noise_1"":1,""noise_2"":1,""noise_3"":0}",True,DIVIDE_BY_ZERO,,,True,True,True,True,2,0
divide_zero-wrapper-4,"{""denominator"":2,""numerator"":0}","{""noise_0"":0,""noise_1"":1,""noise_2"":1,""noise_3"":0}",True,DIVIDE_BY_ZERO,,,True,True,True,True,2,0
divide_zero-wrapper-4,"{""denominator"":2,""numerator"":3}","{""noise_0"":0,""noise_1"":1,""noise_2"":1,""noise_3"":0}",True,DIVIDE_BY_ZERO,,,True,True,True,True,2,0
divide_zero-wrapper-4,"{""denominator"":-1,""numerator"":-2}","{""noise_0"":0,""noise_1"":1,""noise_2"":1,""noise_3"":1}",True,DIVIDE_BY_ZERO,,,True,True,True,True,2,0
divide_zero-wrapper-4,"{""denominator"":-1,""numerator"":0}","{""noise_0"":0,""noise_1"":1,""noise_2"":1,""noise_3"":1}",True,DIVIDE_BY_ZERO,,,True,True,True,True,2,0
divide_zero-wrapper-4,"{""denominator"":-1,""numerator"":3}","{""noise_0"":0,""noise_1"":1,""noise_2"":1,""noise_3"":1}",True,DIVIDE_BY_ZERO,,,True,True,True,True,2,0
divide_zero-wrapper-4,"{""denominator"":0,""numerator"":-2}","{""noise_0"":0,""noise_1"":1,""noise_2"":1,""noise_3"":1}",True,DIVIDE_BY_ZERO,DIVIDE_BY_ZERO,,True,True,True,True,2,0
divide_zero-wrapper-4,"{""denominator"":0,""numerator"":0}","{""noise_0"":0,""noise_1"":1,""noise_2"":1,""noise_3"":1}",True,DIVIDE_BY_ZERO,DIVIDE_BY_ZERO,,True,True,True,True,2,0
divide_zero-wrapper-4,"{""denominator"":0,""numerator"":3}","{""noise_0"":0,""noise_1"":1,""noise_2"":1,""noise_3"":1}",True,DIVIDE_BY_ZERO,DIVIDE_BY_ZERO,,True,True,True,True,2,0
divide_zero-wrapper-4,"{""denominator"":1,""numerator"":-2}","{""noise_0"":0,""noise_1"":1,""noise_2"":1,""noise_3"":1}",True,DIVIDE_BY_ZERO,,,True,True,True,True,2,0
divide_zero-wrapper-4,"{""denominator"":1,""numerator"":0}","{""noise_0"":0,""noise_1"":1,""noise_2"":1,""noise_3"":1}",True,DIVIDE_BY_ZERO,,,True,True,True,True,2,0
divide_zero-wrapper-4,"{""denominator"":1,""numerator"":3}","{""noise_0"":0,""noise_1"":1,""noise_2"":1,""noise_3"":1}",True,DIVIDE_BY_ZERO,,,True,True,True,True,2,0
divide_zero-wrapper-4,"{""denominator"":2,""numerator"":-2}","{""noise_0"":0,""noise_1"":1,""noise_2"":1,""noise_3"":1}",True,DIVIDE_BY_ZERO,,,True,True,True,True,2,0
divide_zero-wrapper-4,"{""denominator"":2,""numerator"":0}","{""noise_0"":0,""noise_1"":1,""noise_2"":1,""noise_3"":1}",True,DIVIDE_BY_ZERO,,,True,True,True,True,2,0
divide_zero-wrapper-4,"{""denominator"":2,""numerator"":3}","{""noise_0"":0,""noise_1"":1,""noise_2"":1,""noise_3"":1}",True,DIVIDE_BY_ZERO,,,True,True,True,True,2,0
divide_zero-wrapper-4,"{""denominator"":-1,""numerator"":-2}","{""noise_0"":1,""noise_1"":0,""noise_2"":0,""noise_3"":0}",True,DIVIDE_BY_ZERO,,,True,True,True,True,2,0
divide_zero-wrapper-4,"{""denominator"":-1,""numerator"":0}","{""noise_0"":1,""noise_1"":0,""noise_2"":0,""noise_3"":0}",True,DIVIDE_BY_ZERO,,,True,True,True,True,2,0
divide_zero-wrapper-4,"{""denominator"":-1,""numerator"":3}","{""noise_0"":1,""noise_1"":0,""noise_2"":0,""noise_3"":0}",True,DIVIDE_BY_ZERO,,,True,True,True,True,2,0
divide_zero-wrapper-4,"{""denominator"":0,""numerator"":-2}","{""noise_0"":1,""noise_1"":0,""noise_2"":0,""noise_3"":0}",True,DIVIDE_BY_ZERO,DIVIDE_BY_ZERO,,True,True,True,True,2,0
divide_zero-wrapper-4,"{""denominator"":0,""numerator"":0}","{""noise_0"":1,""noise_1"":0,""noise_2"":0,""noise_3"":0}",True,DIVIDE_BY_ZERO,DIVIDE_BY_ZERO,,True,True,True,True,2,0
divide_zero-wrapper-4,"{""denominator"":0,""numerator"":3}","{""noise_0"":1,""noise_1"":0,""noise_2"":0,""noise_3"":0}",True,DIVIDE_BY_ZERO,DIVIDE_BY_ZERO,,True,True,True,True,2,0
divide_zero-wrapper-4,"{""denominator"":1,""numerator"":-2}","{""noise_0"":1,""noise_1"":0,""noise_2"":0,""noise_3"":0}",True,DIVIDE_BY_ZERO,,,True,True,True,True,2,0
divide_zero-wrapper-4,"{""denominator"":1,""numerator"":0}","{""noise_0"":1,""noise_1"":0,""noise_2"":0,""noise_3"":0}",True,DIVIDE_BY_ZERO,,,True,True,True,True,2,0
divide_zero-wrapper-4,"{""denominator"":1,""numerator"":3}","{""noise_0"":1,""noise_1"":0,""noise_2"":0,""noise_3"":0}",True,DIVIDE_BY_ZERO,,,True,True,True,True,2,0
divide_zero-wrapper-4,"{""denominator"":2,""numerator"":-2}","{""noise_0"":1,""noise_1"":0,""noise_2"":0,""noise_3"":0}",True,DIVIDE_BY_ZERO,,,True,True,True,True,2,0
divide_zero-wrapper-4,"{""denominator"":2,""numerator"":0}","{""noise_0"":1,""noise_1"":0,""noise_2"":0,""noise_3"":0}",True,DIVIDE_BY_ZERO,,,True,True,True,True,2,0
divide_zero-wrapper-4,"{""denominator"":2,""numerator"":3}","{""noise_0"":1,""noise_1"":0,""noise_2"":0,""noise_3"":0}",True,DIVIDE_BY_ZERO,,,True,True,True,True,2,0
divide_zero-wrapper-4,"{""denominator"":-1,""numerator"":-2}","{""noise_0"":1,""noise_1"":0,""noise_2"":0,""noise_3"":1}",True,DIVIDE_BY_ZERO,,,True,True,True,True,2,0
divide_zero-wrapper-4,"{""denominator"":-1,""numerator"":0}","{""noise_0"":1,""noise_1"":0,""noise_2"":0,""noise_3"":1}",True,DIVIDE_BY_ZERO,,,True,True,True,True,2,0
divide_zero-wrapper-4,"{""denominator"":-1,""numerator"":3}","{""noise_0"":1,""noise_1"":0,""noise_2"":0,""noise_3"":1}",True,DIVIDE_BY_ZERO,,,True,True,True,True,2,0
divide_zero-wrapper-4,"{""denominator"":0,""numerator"":-2}","{""noise_0"":1,""noise_1"":0,""noise_2"":0,""noise_3"":1}",True,DIVIDE_BY_ZERO,DIVIDE_BY_ZERO,,True,True,True,True,2,0
divide_zero-wrapper-4,"{""denominator"":0,""numerator"":0}","{""noise_0"":1,""noise_1"":0,""noise_2"":0,""noise_3"":1}",True,DIVIDE_BY_ZERO,DIVIDE_BY_ZERO,,True,True,True,True,2,0
divide_zero-wrapper-4,"{""denominator"":0,""numerator"":3}","{""noise_0"":1,""noise_1"":0,""noise_2"":0,""noise_3"":1}",True,DIVIDE_BY_ZERO,DIVIDE_BY_ZERO,,True,True,True,True,2,0
divide_zero-wrapper-4,"{""denominator"":1,""numerator"":-2}","{""noise_0"":1,""noise_1"":0,""noise_2"":0,""noise_3"":1}",True,DIVIDE_BY_ZERO,,,True,True,True,True,2,0
divide_zero-wrapper-4,"{""denominator"":1,""numerator"":0}","{""noise_0"":1,""noise_1"":0,""noise_2"":0,""noise_3"":1}",True,DIVIDE_BY_ZERO,,,True,True,True,True,2,0
divide_zero-wrapper-4,"{""denominator"":1,""numerator"":3}","{""noise_0"":1,""noise_1"":0,""noise_2"":0,""noise_3"":1}",True,DIVIDE_BY_ZERO,,,True,True,True,True,2,0
divide_zero-wrapper-4,"{""denominator"":2,""numerator"":-2}","{""noise_0"":1,""noise_1"":0,""noise_2"":0,""noise_3"":1}",True,DIVIDE_BY_ZERO,,,True,True,True,True,2,0
divide_zero-wrapper-4,"{""denominator"":2,""numerator"":0}","{""noise_0"":1,""noise_1"":0,""noise_2"":0,""noise_3"":1}",True,DIVIDE_BY_ZERO,,,True,True,True,True,2,0
divide_zero-wrapper-4,"{""denominator"":2,""numerator"":3}","{""noise_0"":1,""noise_1"":0,""noise_2"":0,""noise_3"":1}",True,DIVIDE_BY_ZERO,,,True,True,True,True,2,0
divide_zero-wrapper-4,"{""denominator"":-1,""numerator"":-2}","{""noise_0"":1,""noise_1"":0,""noise_2"":1,""noise_3"":0}",True,DIVIDE_BY_ZERO,,,True,True,True,True,2,0
divide_zero-wrapper-4,"{""denominator"":-1,""numerator"":0}","{""noise_0"":1,""noise_1"":0,""noise_2"":1,""noise_3"":0}",True,DIVIDE_BY_ZERO,,,True,True,True,True,2,0
divide_zero-wrapper-4,"{""denominator"":-1,""numerator"":3}","{""noise_0"":1,""noise_1"":0,""noise_2"":1,""noise_3"":0}",True,DIVIDE_BY_ZERO,,,True,True,True,True,2,0
divide_zero-wrapper-4,"{""denominator"":0,""numerator"":-2}","{""noise_0"":1,""noise_1"":0,""noise_2"":1,""noise_3"":0}",True,DIVIDE_BY_ZERO,DIVIDE_BY_ZERO,,True,True,True,True,2,0
divide_zero-wrapper-4,"{""denominator"":0,""numerator"":0}","{""noise_0"":1,""noise_1"":0,""noise_2"":1,""noise_3"":0}",True,DIVIDE_BY_ZERO,DIVIDE_BY_ZERO,,True,True,True,True,2,0
divide_zero-wrapper-4,"{""denominator"":0,""numerator"":3}","{""noise_0"":1,""noise_1"":0,""noise_2"":1,""noise_3"":0}",True,DIVIDE_BY_ZERO,DIVIDE_BY_ZERO,,True,True,True,True,2,0
divide_zero-wrapper-4,"{""denominator"":1,""numerator"":-2}","{""noise_0"":1,""noise_1"":0,""noise_2"":1,""noise_3"":0}",True,DIVIDE_BY_ZERO,,,True,True,True,True,2,0
divide_zero-wrapper-4,"{""denominator"":1,""numerator"":0}","{""noise_0"":1,""noise_1"":0,""noise_2"":1,""noise_3"":0}",True,DIVIDE_BY_ZERO,,,True,True,True,True,2,0
divide_zero-wrapper-4,"{""denominator"":1,""numerator"":3}","{""noise_0"":1,""noise_1"":0,""noise_2"":1,""noise_3"":0}",True,DIVIDE_BY_ZERO,,,True,True,True,True,2,0
divide_zero-wrapper-4,"{""denominator"":2,""numerator"":-2}","{""noise_0"":1,""noise_1"":0,""noise_2"":1,""noise_3"":0}",True,DIVIDE_BY_ZERO,,,True,True,True,True,2,0
divide_zero-wrapper-4,"{""denominator"":2,""numerator"":0}","{""noise_0"":1,""noise_1"":0,""noise_2"":1,""noise_3"":0}",True,DIVIDE_BY_ZERO,,,True,True,True,True,2,0
divide_zero-wrapper-4,"{""denominator"":2,""numerator"":3}","{""noise_0"":1,""noise_1"":0,""noise_2"":1,""noise_3"":0}",True,DIVIDE_BY_ZERO,,,True,True,True,True,2,0
divide_zero-wrapper-4,"{""denominator"":-1,""numerator"":-2}","{""noise_0"":1,""noise_1"":0,""noise_2"":1,""noise_3"":1}",True,DIVIDE_BY_ZERO,,,True,True,True,True,2,0
divide_zero-wrapper-4,"{""denominator"":-1,""numerator"":0}","{""noise_0"":1,""noise_1"":0,""noise_2"":1,""noise_3"":1}",True,DIVIDE_BY_ZERO,,,True,True,True,True,2,0
divide_zero-wrapper-4,"{""denominator"":-1,""numerator"":3}","{""noise_0"":1,""noise_1"":0,""noise_2"":1,""noise_3"":1}",True,DIVIDE_BY_ZERO,,,True,True,True,True,2,0
divide_zero-wrapper-4,"{""denominator"":0,""numerator"":-2}","{""noise_0"":1,""noise_1"":0,""noise_2"":1,""noise_3"":1}",True,DIVIDE_BY_ZERO,DIVIDE_BY_ZERO,,True,True,True,True,2,0
divide_zero-wrapper-4,"{""denominator"":0,""numerator"":0}","{""noise_0"":1,""noise_1"":0,""noise_2"":1,""noise_3"":1}",True,DIVIDE_BY_ZERO,DIVIDE_BY_ZERO,,True,True,True,True,2,0
divide_zero-wrapper-4,"{""denominator"":0,""numerator"":3}","{""noise_0"":1,""noise_1"":0,""noise_2"":1,""noise_3"":1}",True,DIVIDE_BY_ZERO,DIVIDE_BY_ZERO,,True,True,True,True,2,0
divide_zero-wrapper-4,"{""denominator"":1,""numerator"":-2}","{""noise_0"":1,""noise_1"":0,""noise_2"":1,""noise_3"":1}",True,DIVIDE_BY_ZERO,,,True,True,True,True,2,0
divide_zero-wrapper-4,"{""denominator"":1,""numerator"":0}","{""noise_0"":1,""noise_1"":0,""noise_2"":1,""noise_3"":1}",True,DIVIDE_BY_ZERO,,,True,True,True,True,2,0
divide_zero-wrapper-4,"{""denominator"":1,""numerator"":3}","{""noise_0"":1,""noise_1"":0,""noise_2"":1,""noise_3"":1}",True,DIVIDE_BY_ZERO,,,True,True,True,True,2,0
divide_zero-wrapper-4,"{""denominator"":2,""numerator"":-2}","{""noise_0"":1,""noise_1"":0,""noise_2"":1,""noise_3"":1}",True,DIVIDE_BY_ZERO,,,True,True,True,True,2,0
divide_zero-wrapper-4,"{""denominator"":2,""numerator"":0}","{""noise_0"":1,""noise_1"":0,""noise_2"":1,""noise_3"":1}",True,DIVIDE_BY_ZERO,,,True,True,True,True,2,0
divide_zero-wrapper-4,"{""denominator"":2,""numerator"":3}","{""noise_0"":1,""noise_1"":0,""noise_2"":1,""noise_3"":1}",True,DIVIDE_BY_ZERO,,,True,True,True,True,2,0
divide_zero-wrapper-4,"{""denominator"":-1,""numerator"":-2}","{""noise_0"":1,""noise_1"":1,""noise_2"":0,""noise_3"":0}",True,DIVIDE_BY_ZERO,,,True,True,True,True,2,0
divide_zero-wrapper-4,"{""denominator"":-1,""numerator"":0}","{""noise_0"":1,""noise_1"":1,""noise_2"":0,""noise_3"":0}",True,DIVIDE_BY_ZERO,,,True,True,True,True,2,0
divide_zero-wrapper-4,"{""denominator"":-1,""numerator"":3}","{""noise_0"":1,""noise_1"":1,""noise_2"":0,""noise_3"":0}",True,DIVIDE_BY_ZERO,,,True,True,True,True,2,0
divide_zero-wrapper-4,"{""denominator"":0,""numerator"":-2}","{""noise_0"":1,""noise_1"":1,""noise_2"":0,""noise_3"":0}",True,DIVIDE_BY_ZERO,DIVIDE_BY_ZERO,,True,True,True,True,2,0
divide_zero-wrapper-4,"{""denominator"":0,""numerator"":0}","{""noise_0"":1,""noise_1"":1,""noise_2"":0,""noise_3"":0}",True,DIVIDE_BY_ZERO,DIVIDE_BY_ZERO,,True,True,True,True,2,0
divide_zero-wrapper-4,"{""denominator"":0,""numerator"":3}","{""noise_0"":1,""noise_1"":1,""noise_2"":0,""noise_3"":0}",True,DIVIDE_BY_ZERO,DIVIDE_BY_ZERO,,True,True,True,True,2,0
divide_zero-wrapper-4,"{""denominator"":1,""numerator"":-2}","{""noise_0"":1,""noise_1"":1,""noise_2"":0,""noise_3"":0}",True,DIVIDE_BY_ZERO,,,True,True,True,True,2,0
divide_zero-wrapper-4,"{""denominator"":1,""numerator"":0}","{""noise_0"":1,""noise_1"":1,""noise_2"":0,""noise_3"":0}",True,DIVIDE_BY_ZERO,,,True,True,True,True,2,0
divide_zero-wrapper-4,"{""denominator"":1,""numerator"":3}","{""noise_0"":1,""noise_1"":1,""noise_2"":0,""noise_3"":0}",True,DIVIDE_BY_ZERO,,,True,True,True,True,2,0
divide_zero-wrapper-4,"{""denominator"":2,""numerator"":-2}","{""noise_0"":1,""noise_1"":1,""noise_2"":0,""noise_3"":0}",True,DIVIDE_BY_ZERO,,,True,True,True,True,2,0
divide_zero-wrapper-4,"{""denominator"":2,""numerator"":0}","{""noise_0"":1,""noise_1"":1,""noise_2"":0,""noise_3"":0}",True,DIVIDE_BY_ZERO,,,True,True,True,True,2,0
divide_zero-wrapper-4,"{""denominator"":2,""numerator"":3}","{""noise_0"":1,""noise_1"":1,""noise_2"":0,""noise_3"":0}",True,DIVIDE_BY_ZERO,,,True,True,True,True,2,0
divide_zero-wrapper-4,"{""denominator"":-1,""numerator"":-2}","{""noise_0"":1,""noise_1"":1,""noise_2"":0,""noise_3"":1}",True,DIVIDE_BY_ZERO,,,True,True,True,True,2,0
divide_zero-wrapper-4,"{""denominator"":-1,""numerator"":0}","{""noise_0"":1,""noise_1"":1,""noise_2"":0,""noise_3"":1}",True,DIVIDE_BY_ZERO,,,True,True,True,True,2,0
divide_zero-wrapper-4,"{""denominator"":-1,""numerator"":3}","{""noise_0"":1,""noise_1"":1,""noise_2"":0,""noise_3"":1}",True,DIVIDE_BY_ZERO,,,True,True,True,True,2,0
divide_zero-wrapper-4,"{""denominator"":0,""numerator"":-2}","{""noise_0"":1,""noise_1"":1,""noise_2"":0,""noise_3"":1}",True,DIVIDE_BY_ZERO,DIVIDE_BY_ZERO,,True,True,True,True,2,0
divide_zero-wrapper-4,"{""denominator"":0,""numerator"":0}","{""noise_0"":1,""noise_1"":1,""noise_2"":0,""noise_3"":1}",True,DIVIDE_BY_ZERO,DIVIDE_BY_ZERO,,True,True,True,True,2,0
divide_zero-wrapper-4,"{""denominator"":0,""numerator"":3}","{""noise_0"":1,""noise_1"":1,""noise_2"":0,""noise_3"":1}",True,DIVIDE_BY_ZERO,DIVIDE_BY_ZERO,,True,True,True,True,2,0
divide_zero-wrapper-4,"{""denominator"":1,""numerator"":-2}","{""noise_0"":1,""noise_1"":1,""noise_2"":0,""noise_3"":1}",True,DIVIDE_BY_ZERO,,,True,True,True,True,2,0
divide_zero-wrapper-4,"{""denominator"":1,""numerator"":0}","{""noise_0"":1,""noise_1"":1,""noise_2"":0,""noise_3"":1}",True,DIVIDE_BY_ZERO,,,True,True,True,True,2,0
divide_zero-wrapper-4,"{""denominator"":1,""numerator"":3}","{""noise_0"":1,""noise_1"":1,""noise_2"":0,""noise_3"":1}",True,DIVIDE_BY_ZERO,,,True,True,True,True,2,0
divide_zero-wrapper-4,"{""denominator"":2,""numerator"":-2}","{""noise_0"":1,""noise_1"":1,""noise_2"":0,""noise_3"":1}",True,DIVIDE_BY_ZERO,,,True,True,True,True,2,0
divide_zero-wrapper-4,"{""denominator"":2,""numerator"":0}","{""noise_0"":1,""noise_1"":1,""noise_2"":0,""noise_3"":1}",True,DIVIDE_BY_ZERO,,,True,True,True,True,2,0
divide_zero-wrapper-4,"{""denominator"":2,""numerator"":3}","{""noise_0"":1,""noise_1"":1,""noise_2"":0,""noise_3"":1}",True,DIVIDE_BY_ZERO,,,True,True,True,True,2,0
divide_zero-wrapper-4,"{""denominator"":-1,""numerator"":-2}","{""noise_0"":1,""noise_1"":1,""noise_2"":1,""noise_3"":0}",True,DIVIDE_BY_ZERO,,,True,True,True,True,2,0
divide_zero-wrapper-4,"{""denominator"":-1,""numerator"":0}","{""noise_0"":1,""noise_1"":1,""noise_2"":1,""noise_3"":0}",True,DIVIDE_BY_ZERO,,,True,True,True,True,2,0
divide_zero-wrapper-4,"{""denominator"":-1,""numerator"":3}","{""noise_0"":1,""noise_1"":1,""noise_2"":1,""noise_3"":0}",True,DIVIDE_BY_ZERO,,,True,True,True,True,2,0
divide_zero-wrapper-4,"{""denominator"":0,""numerator"":-2}","{""noise_0"":1,""noise_1"":1,""noise_2"":1,""noise_3"":0}",True,DIVIDE_BY_ZERO,DIVIDE_BY_ZERO,,True,True,True,True,2,0
divide_zero-wrapper-4,"{""denominator"":0,""numerator"":0}","{""noise_0"":1,""noise_1"":1,""noise_2"":1,""noise_3"":0}",True,DIVIDE_BY_ZERO,DIVIDE_BY_ZERO,,True,True,True,True,2,0
divide_zero-wrapper-4,"{""denominator"":0,""numerator"":3}","{""noise_0"":1,""noise_1"":1,""noise_2"":1,""noise_3"":0}",True,DIVIDE_BY_ZERO,DIVIDE_BY_ZERO,,True,True,True,True,2,0
divide_zero-wrapper-4,"{""denominator"":1,""numerator"":-2}","{""noise_0"":1,""noise_1"":1,""noise_2"":1,""noise_3"":0}",True,DIVIDE_BY_ZERO,,,True,True,True,True,2,0
divide_zero-wrapper-4,"{""denominator"":1,""numerator"":0}","{""noise_0"":1,""noise_1"":1,""noise_2"":1,""noise_3"":0}",True,DIVIDE_BY_ZERO,,,True,True,True,True,2,0
divide_zero-wrapper-4,"{""denominator"":1,""numerator"":3}","{""noise_0"":1,""noise_1"":1,""noise_2"":1,""noise_3"":0}",True,DIVIDE_BY_ZERO,,,True,True,True,True,2,0
divide_zero-wrapper-4,"{""denominator"":2,""numerator"":-2}","{""noise_0"":1,""noise_1"":1,""noise_2"":1,""noise_3"":0}",True,DIVIDE_BY_ZERO,,,True,True,True,True,2,0
divide_zero-wrapper-4,"{""denominator"":2,""numerator"":0}","{""noise_0"":1,""noise_1"":1,""noise_2"":1,""noise_3"":0}",True,DIVIDE_BY_ZERO,,,True,True,True,True,2,0
divide_zero-wrapper-4,"{""denominator"":2,""numerator"":3}","{""noise_0"":1,""noise_1"":1,""noise_2"":1,""noise_3"":0}",True,DIVIDE_BY_ZERO,,,True,True,True,True,2,0
divide_zero-wrapper-4,"{""denominator"":-1,""numerator"":-2}","{""noise_0"":1,""noise_1"":1,""noise_2"":1,""noise_3"":1}",True,DIVIDE_BY_ZERO,,,True,True,True,True,2,0
divide_zero-wrapper-4,"{""denominator"":-1,""numerator"":0}","{""noise_0"":1,""noise_1"":1,""noise_2"":1,""noise_3"":1}",True,DIVIDE_BY_ZERO,,,True,True,True,True,2,0
divide_zero-wrapper-4,"{""denominator"":-1,""numerator"":3}","{""noise_0"":1,""noise_1"":1,""noise_2"":1,""noise_3"":1}",True,DIVIDE_BY_ZERO,,,True,True,True,True,2,0
divide_zero-wrapper-4,"{""denominator"":0,""numerator"":-2}","{""noise_0"":1,""noise_1"":1,""noise_2"":1,""noise_3"":1}",True,DIVIDE_BY_ZERO,DIVIDE_BY_ZERO,,True,True,True,True,2,0
divide_zero-wrapper-4,"{""denominator"":0,""numerator"":0}","{""noise_0"":1,""noise_1"":1,""noise_2"":1,""noise_3"":1}",True,DIVIDE_BY_ZERO,DIVIDE_BY_ZERO,,True,True,True,True,2,0
divide_zero-wrapper-4,"{""denominator"":0,""numerator"":3}","{""noise_0"":1,""noise_1"":1,""noise_2"":1,""noise_3"":1}",True,DIVIDE_BY_ZERO,DIVIDE_BY_ZERO,,True,True,True,True,2,0
divide_zero-wrapper-4,"{""denominator"":1,""numerator"":-2}","{""noise_0"":1,""noise_1"":1,""noise_2"":1,""noise_3"":1}",True,DIVIDE_BY_ZERO,,,True,True,True,True,2,0
divide_zero-wrapper-4,"{""denominator"":1,""numerator"":0}","{""noise_0"":1,""noise_1"":1,""noise_2"":1,""noise_3"":1}",True,DIVIDE_BY_ZERO,,,True,True,True,True,2,0
divide_zero-wrapper-4,"{""denominator"":1,""numerator"":3}","{""noise_0"":1,""noise_1"":1,""noise_2"":1,""noise_3"":1}",True,DIVIDE_BY_ZERO,,,True,True,True,True,2,0
divide_zero-wrapper-4,"{""denominator"":2,""numerator"":-2}","{""noise_0"":1,""noise_1"":1,""noise_2"":1,""noise_3"":1}",True,DIVIDE_BY_ZERO,,,True,True,True,True,2,0
divide_zero-wrapper-4,"{""denominator"":2,""numerator"":0}","{""noise_0"":1,""noise_1"":1,""noise_2"":1,""noise_3"":1}",True,DIVIDE_BY_ZERO,,,True,True,True,True,2,0
divide_zero-wrapper-4,"{""denominator"":2,""numerator"":3}","{""noise_0"":1,""noise_1"":1,""noise_2"":1,""noise_3"":1}",True,DIVIDE_BY_ZERO,,,True,True,True,True,2,0
divide_zero-wrapper-5,"{""denominator"":-1,""numerator"":-2}","{""noise_0"":0,""noise_1"":0,""noise_2"":0,""noise_3"":0}",True,DIVIDE_BY_ZERO,,,True,True,True,True,2,0
divide_zero-wrapper-5,"{""denominator"":-1,""numerator"":0}","{""noise_0"":0,""noise_1"":0,""noise_2"":0,""noise_3"":0}",True,DIVIDE_BY_ZERO,,,True,True,True,True,2,0
divide_zero-wrapper-5,"{""denominator"":-1,""numerator"":3}","{""noise_0"":0,""noise_1"":0,""noise_2"":0,""noise_3"":0}",True,DIVIDE_BY_ZERO,,,True,True,True,True,2,0
divide_zero-wrapper-5,"{""denominator"":0,""numerator"":-2}","{""noise_0"":0,""noise_1"":0,""noise_2"":0,""noise_3"":0}",True,DIVIDE_BY_ZERO,DIVIDE_BY_ZERO,,True,True,True,True,2,0
divide_zero-wrapper-5,"{""denominator"":0,""numerator"":0}","{""noise_0"":0,""noise_1"":0,""noise_2"":0,""noise_3"":0}",True,DIVIDE_BY_ZERO,DIVIDE_BY_ZERO,,True,True,True,True,2,0
divide_zero-wrapper-5,"{""denominator"":0,""numerator"":3}","{""noise_0"":0,""noise_1"":0,""noise_2"":0,""noise_3"":0}",True,DIVIDE_BY_ZERO,DIVIDE_BY_ZERO,,True,True,True,True,2,0
divide_zero-wrapper-5,"{""denominator"":1,""numerator"":-2}","{""noise_0"":0,""noise_1"":0,""noise_2"":0,""noise_3"":0}",True,DIVIDE_BY_ZERO,,,True,True,True,True,2,0
divide_zero-wrapper-5,"{""denominator"":1,""numerator"":0}","{""noise_0"":0,""noise_1"":0,""noise_2"":0,""noise_3"":0}",True,DIVIDE_BY_ZERO,,,True,True,True,True,2,0
divide_zero-wrapper-5,"{""denominator"":1,""numerator"":3}","{""noise_0"":0,""noise_1"":0,""noise_2"":0,""noise_3"":0}",True,DIVIDE_BY_ZERO,,,True,True,True,True,2,0
divide_zero-wrapper-5,"{""denominator"":2,""numerator"":-2}","{""noise_0"":0,""noise_1"":0,""noise_2"":0,""noise_3"":0}",True,DIVIDE_BY_ZERO,,,True,True,True,True,2,0
divide_zero-wrapper-5,"{""denominator"":2,""numerator"":0}","{""noise_0"":0,""noise_1"":0,""noise_2"":0,""noise_3"":0}",True,DIVIDE_BY_ZERO,,,True,True,True,True,2,0
divide_zero-wrapper-5,"{""denominator"":2,""numerator"":3}","{""noise_0"":0,""noise_1"":0,""noise_2"":0,""noise_3"":0}",True,DIVIDE_BY_ZERO,,,True,True,True,True,2,0
divide_zero-wrapper-5,"{""denominator"":-1,""numerator"":-2}","{""noise_0"":0,""noise_1"":0,""noise_2"":0,""noise_3"":1}",True,DIVIDE_BY_ZERO,,,True,True,True,True,2,0
divide_zero-wrapper-5,"{""denominator"":-1,""numerator"":0}","{""noise_0"":0,""noise_1"":0,""noise_2"":0,""noise_3"":1}",True,DIVIDE_BY_ZERO,,,True,True,True,True,2,0
divide_zero-wrapper-5,"{""denominator"":-1,""numerator"":3}","{""noise_0"":0,""noise_1"":0,""noise_2"":0,""noise_3"":1}",True,DIVIDE_BY_ZERO,,,True,True,True,True,2,0
divide_zero-wrapper-5,"{""denominator"":0,""numerator"":-2}","{""noise_0"":0,""noise_1"":0,""noise_2"":0,""noise_3"":1}",True,DIVIDE_BY_ZERO,DIVIDE_BY_ZERO,,True,True,True,True,2,0
divide_zero-wrapper-5,"{""denominator"":0,""numerator"":0}","{""noise_0"":0,""noise_1"":0,""noise_2"":0,""noise_3"":1}",True,DIVIDE_BY_ZERO,DIVIDE_BY_ZERO,,True,True,True,True,2,0
divide_zero-wrapper-5,"{""denominator"":0,""numerator"":3}","{""noise_0"":0,""noise_1"":0,""noise_2"":0,""noise_3"":1}",True,DIVIDE_BY_ZERO,DIVIDE_BY_ZERO,,True,True,True,True,2,0
divide_zero-wrapper-5,"{""denominator"":1,""numerator"":-2}","{""noise_0"":0,""noise_1"":0,""noise_2"":0,""noise_3"":1}",True,DIVIDE_BY_ZERO,,,True,True,True,True,2,0
divide_zero-wrapper-5,"{""denominator"":1,""numerator"":0}","{""noise_0"":0,""noise_1"":0,""noise_2"":0,""noise_3"":1}",True,DIVIDE_BY_ZERO,,,True,True,True,True,2,0
divide_zero-wrapper-5,"{""denominator"":1,""numerator"":3}","{""noise_0"":0,""noise_1"":0,""noise_2"":0,""noise_3"":1}",True,DIVIDE_BY_ZERO,,,True,True,True,True,2,0
divide_zero-wrapper-5,"{""denominator"":2,""numerator"":-2}","{""noise_0"":0,""noise_1"":0,""noise_2"":0,""noise_3"":1}",True,DIVIDE_BY_ZERO,,,True,True,True,True,2,0
divide_zero-wrapper-5,"{""denominator"":2,""numerator"":0}","{""noise_0"":0,""noise_1"":0,""noise_2"":0,""noise_3"":1}",True,DIVIDE_BY_ZERO,,,True,True,True,True,2,0
divide_zero-wrapper-5,"{""denominator"":2,""numerator"":3}","{""noise_0"":0,""noise_1"":0,""noise_2"":0,""noise_3"":1}",True,DIVIDE_BY_ZERO,,,True,True,True,True,2,0
divide_zero-wrapper-5,"{""denominator"":-1,""numerator"":-2}","{""noise_0"":0,""noise_1"":0,""noise_2"":1,""noise_3"":0}",True,DIVIDE_BY_ZERO,,,True,True,True,True,2,0
divide_zero-wrapper-5,"{""denominator"":-1,""numerator"":0}","{""noise_0"":0,""noise_1"":0,""noise_2"":1,""noise_3"":0}",True,DIVIDE_BY_ZERO,,,True,True,True,True,2,0
divide_zero-wrapper-5,"{""denominator"":-1,""numerator"":3}","{""noise_0"":0,""noise_1"":0,""noise_2"":1,""noise_3"":0}",True,DIVIDE_BY_ZERO,,,True,True,True,True,2,0
divide_zero-wrapper-5,"{""denominator"":0,""numerator"":-2}","{""noise_0"":0,""noise_1"":0,""noise_2"":1,""noise_3"":0}",True,DIVIDE_BY_ZERO,DIVIDE_BY_ZERO,,True,True,True,True,2,0
divide_zero-wrapper-5,"{""denominator"":0,""numerator"":0}","{""noise_0"":0,""noise_1"":0,""noise_2"":1,""noise_3"":0}",True,DIVIDE_BY_ZERO,DIVIDE_BY_ZERO,,True,True,True,True,2,0
divide_zero-wrapper-5,"{""denominator"":0,""numerator"":3}","{""noise_0"":0,""noise_1"":0,""noise_2"":1,""noise_3"":0}",True,DIVIDE_BY_ZERO,DIVIDE_BY_ZERO,,True,True,True,True,2,0
divide_zero-wrapper-5,"{""denominator"":1,""numerator"":-2}","{""noise_0"":0,""noise_1"":0,""noise_2"":1,""noise_3"":0}",True,DIVIDE_BY_ZERO,,,True,True,True,True,2,0
divide_zero-wrapper-5,"{""denominator"":1,""numerator"":0}","{""noise_0"":0,""noise_1"":0,""noise_2"":1,""noise_3"":0}",True,DIVIDE_BY_ZERO,,,True,True,True,True,2,0
divide_zero-wrapper-5,"{""denominator"":1,""numerator"":3}","{""noise_0"":0,""noise_1"":0,""noise_2"":1,""noise_3"":0}",True,DIVIDE_BY_ZERO,,,True,True,True,True,2,0
divide_zero-wrapper-5,"{""denominator"":2,""numerator"":-2}","{""noise_0"":0,""noise_1"":0,""noise_2"":1,""noise_3"":0}",True,DIVIDE_BY_ZERO,,,True,True,True,True,2,0
divide_zero-wrapper-5,"{""denominator"":2,""numerator"":0}","{""noise_0"":0,""noise_1"":0,""noise_2"":1,""noise_3"":0}",True,DIVIDE_BY_ZERO,,,True,True,True,True,2,0
divide_zero-wrapper-5,"{""denominator"":2,""numerator"":3}","{""noise_0"":0,""noise_1"":0,""noise_2"":1,""noise_3"":0}",True,DIVIDE_BY_ZERO,,,True,True,True,True,2,0
divide_zero-wrapper-5,"{""denominator"":-1,""numerator"":-2}","{""noise_0"":0,""noise_1"":0,""noise_2"":1,""noise_3"":1}",True,DIVIDE_BY_ZERO,,,True,True,True,True,2,0
divide_zero-wrapper-5,"{""denominator"":-1,""numerator"":0}","{""noise_0"":0,""noise_1"":0,""noise_2"":1,""noise_3"":1}",True,DIVIDE_BY_ZERO,,,True,True,True,True,2,0
divide_zero-wrapper-5,"{""denominator"":-1,""numerator"":3}","{""noise_0"":0,""noise_1"":0,""noise_2"":1,""noise_3"":1}",True,DIVIDE_BY_ZERO,,,True,True,True,True,2,0
divide_zero-wrapper-5,"{""denominator"":0,""numerator"":-2}","{""noise_0"":0,""noise_1"":0,""noise_2"":1,""noise_3"":1}",True,DIVIDE_BY_ZERO,DIVIDE_BY_ZERO,,True,True,True,True,2,0
divide_zero-wrapper-5,"{""denominator"":0,""numerator"":0}","{""noise_0"":0,""noise_1"":0,""noise_2"":1,""noise_3"":1}",True,DIVIDE_BY_ZERO,DIVIDE_BY_ZERO,,True,True,True,True,2,0
divide_zero-wrapper-5,"{""denominator"":0,""numerator"":3}","{""noise_0"":0,""noise_1"":0,""noise_2"":1,""noise_3"":1}",True,DIVIDE_BY_ZERO,DIVIDE_BY_ZERO,,True,True,True,True,2,0
divide_zero-wrapper-5,"{""denominator"":1,""numerator"":-2}","{""noise_0"":0,""noise_1"":0,""noise_2"":1,""noise_3"":1}",True,DIVIDE_BY_ZERO,,,True,True,True,True,2,0
divide_zero-wrapper-5,"{""denominator"":1,""numerator"":0}","{""noise_0"":0,""noise_1"":0,""noise_2"":1,""noise_3"":1}",True,DIVIDE_BY_ZERO,,,True,True,True,True,2,0
divide_zero-wrapper-5,"{""denominator"":1,""numerator"":3}","{""noise_0"":0,""noise_1"":0,""noise_2"":1,""noise_3"":1}",True,DIVIDE_BY_ZERO,,,True,True,True,True,2,0
divide_zero-wrapper-5,"{""denominator"":2,""numerator"":-2}","{""noise_0"":0,""noise_1"":0,""noise_2"":1,""noise_3"":1}",True,DIVIDE_BY_ZERO,,,True,True,True,True,2,0
divide_zero-wrapper-5,"{""denominator"":2,""numerator"":0}","{""noise_0"":0,""noise_1"":0,""noise_2"":1,""noise_3"":1}",True,DIVIDE_BY_ZERO,,,True,True,True,True,2,0
divide_zero-wrapper-5,"{""denominator"":2,""numerator"":3}","{""noise_0"":0,""noise_1"":0,""noise_2"":1,""noise_3"":1}",True,DIVIDE_BY_ZERO,,,True,True,True,True,2,0
divide_zero-wrapper-5,"{""denominator"":-1,""numerator"":-2}","{""noise_0"":0,""noise_1"":1,""noise_2"":0,""noise_3"":0}",True,DIVIDE_BY_ZERO,,,True,True,True,True,2,0
divide_zero-wrapper-5,"{""denominator"":-1,""numerator"":0}","{""noise_0"":0,""noise_1"":1,""noise_2"":0,""noise_3"":0}",True,DIVIDE_BY_ZERO,,,True,True,True,True,2,0
divide_zero-wrapper-5,"{""denominator"":-1,""numerator"":3}","{""noise_0"":0,""noise_1"":1,""noise_2"":0,""noise_3"":0}",True,DIVIDE_BY_ZERO,,,True,True,True,True,2,0
divide_zero-wrapper-5,"{""denominator"":0,""numerator"":-2}","{""noise_0"":0,""noise_1"":1,""noise_2"":0,""noise_3"":0}",True,DIVIDE_BY_ZERO,DIVIDE_BY_ZERO,,True,True,True,True,2,0
divide_zero-wrapper-5,"{""denominator"":0,""numerator"":0}","{""noise_0"":0,""noise_1"":1,""noise_2"":0,""noise_3"":0}",True,DIVIDE_BY_ZERO,DIVIDE_BY_ZERO,,True,True,True,True,2,0
divide_zero-wrapper-5,"{""denominator"":0,""numerator"":3}","{""noise_0"":0,""noise_1"":1,""noise_2"":0,""noise_3"":0}",True,DIVIDE_BY_ZERO,DIVIDE_BY_ZERO,,True,True,True,True,2,0
divide_zero-wrapper-5,"{""denominator"":1,""numerator"":-2}","{""noise_0"":0,""noise_1"":1,""noise_2"":0,""noise_3"":0}",True,DIVIDE_BY_ZERO,,,True,True,True,True,2,0
divide_zero-wrapper-5,"{""denominator"":1,""numerator"":0}","{""noise_0"":0,""noise_1"":1,""noise_2"":0,""noise_3"":0}",True,DIVIDE_BY_ZERO,,,True,True,True,True,2,0
divide_zero-wrapper-5,"{""denominator"":1,""numerator"":3}","{""noise_0"":0,""noise_1"":1,""noise_2"":0,""noise_3"":0}",True,DIVIDE_BY_ZERO,,,True,True,True,True,2,0
divide_zero-wrapper-5,"{""denominator"":2,""numerator"":-2}","{""noise_0"":0,""noise_1"":1,""noise_2"":0,""noise_3"":0}",True,DIVIDE_BY_ZERO,,,True,True,True,True,2,0
divide_zero-wrapper-5,"{""denominator"":2,""numerator"":0}","{""noise_0"":0,""noise_1"":1,""noise_2"":0,""noise_3"":0}",True,DIVIDE_BY_ZERO,,,True,True,True,True,2,0
divide_zero-wrapper-5,"{""denominator"":2,""numerator"":3}","{""noise_0"":0,""noise_1"":1,""noise_2"":0,""noise_3"":0}",True,DIVIDE_BY_ZERO,,,True,True,True,True,2,0
divide_zero-wrapper-5,"{""denominator"":-1,""numerator"":-2}","{""noise_0"":0,""noise_1"":1,""noise_2"":0,""noise_3"":1}",True,DIVIDE_BY_ZERO,,,True,True,True,True,2,0
divide_zero-wrapper-5,"{""denominator"":-1,""numerator"":0}","{""noise_0"":0,""noise_1"":1,""noise_2"":0,""noise_3"":1}",True,DIVIDE_BY_ZERO,,,True,True,True,True,2,0
divide_zero-wrapper-5,"{""denominator"":-1,""numerator"":3}","{""noise_0"":0,""noise_1"":1,""noise_2"":0,""noise_3"":1}",True,DIVIDE_BY_ZERO,,,True,True,True,True,2,0
divide_zero-wrapper-5,"{""denominator"":0,""numerator"":-2}","{""noise_0"":0,""noise_1"":1,""noise_2"":0,""noise_3"":1}",True,DIVIDE_BY_ZERO,DIVIDE_BY_ZERO,,True,True,True,True,2,0
divide_zero-wrapper-5,"{""denominator"":0,""numerator"":0}","{""noise_0"":0,""noise_1"":1,""noise_2"":0,""noise_3"":1}",True,DIVIDE_BY_ZERO,DIVIDE_BY_ZERO,,True,True,True,True,2,0
divide_zero-wrapper-5,"{""denominator"":0,""numerator"":3}","{""noise_0"":0,""noise_1"":1,""noise_2"":0,""noise_3"":1}",True,DIVIDE_BY_ZERO,DIVIDE_BY_ZERO,,True,True,True,True,2,0
divide_zero-wrapper-5,"{""denominator"":1,""numerator"":-2}","{""noise_0"":0,""noise_1"":1,""noise_2"":0,""noise_3"":1}",True,DIVIDE_BY_ZERO,,,True,True,True,True,2,0
divide_zero-wrapper-5,"{""denominator"":1,""numerator"":0}","{""noise_0"":0,""noise_1"":1,""noise_2"":0,""noise_3"":1}",True,DIVIDE_BY_ZERO,,,True,True,True,True,2,0
divide_zero-wrapper-5,"{""denominator"":1,""numerator"":3}","{""noise_0"":0,""noise_1"":1,""noise_2"":0,""noise_3"":1}",True,DIVIDE_BY_ZERO,,,True,True,True,True,2,0
divide_zero-wrapper-5,"{""denominator"":2,""numerator"":-2}","{""noise_0"":0,""noise_1"":1,""noise_2"":0,""noise_3"":1}",True,DIVIDE_BY_ZERO,,,True,True,True,True,2,0
divide_zero-wrapper-5,"{""denominator"":2,""numerator"":0}","{""noise_0"":0,""noise_1"":1,""noise_2"":0,""noise_3"":1}",True,DIVIDE_BY_ZERO,,,True,True,True,True,2,0
divide_zero-wrapper-5,"{""denominator"":2,""numerator"":3}","{""noise_0"":0,""noise_1"":1,""noise_2"":0,""noise_3"":1}",True,DIVIDE_BY_ZERO,,,True,True,True,True,2,0
divide_zero-wrapper-5,"{""denominator"":-1,""numerator"":-2}","{""noise_0"":0,""noise_1"":1,""noise_2"":1,""noise_3"":0}",True,DIVIDE_BY_ZERO,,,True,True,True,True,2,0
divide_zero-wrapper-5,"{""denominator"":-1,""numerator"":0}","{""noise_0"":0,""noise_1"":1,""noise_2"":1,""noise_3"":0}",True,DIVIDE_BY_ZERO,,,True,True,True,True,2,0
divide_zero-wrapper-5,"{""denominator"":-1,""numerator"":3}","{""noise_0"":0,""noise_1"":1,""noise_2"":1,""noise_3"":0}",True,DIVIDE_BY_ZERO,,,True,True,True,True,2,0
divide_zero-wrapper-5,"{""denominator"":0,""numerator"":-2}","{""noise_0"":0,""noise_1"":1,""noise_2"":1,""noise_3"":0}",True,DIVIDE_BY_ZERO,DIVIDE_BY_ZERO,,True,True,True,True,2,0
divide_zero-wrapper-5,"{""denominator"":0,""numerator"":0}","{""noise_0"":0,""noise_1"":1,""noise_2"":1,""noise_3"":0}",True,DIVIDE_BY_ZERO,DIVIDE_BY_ZERO,,True,True,True,True,2,0
divide_zero-wrapper-5,"{""denominator"":0,""numerator"":3}","{""noise_0"":0,""noise_1"":1,""noise_2"":1,""noise_3"":0}",True,DIVIDE_BY_ZERO,DIVIDE_BY_ZERO,,True,True,True,True,2,0
divide_zero-wrapper-5,"{""denominator"":1,""numerator"":-2}","{""noise_0"":0,""noise_1"":1,""noise_2"":1,""noise_3"":0}",True,DIVIDE_BY_ZERO,,,True,True,True,True,2,0
divide_zero-wrapper-5,"{""denominator"":1,""numerator"":0}","{""noise_0"":0,""noise_1"":1,""noise_2"":1,""noise_3"":0}",True,DIVIDE_BY_ZERO,,,True,True,True,True,2,0
divide_zero-wrapper-5,"{""denominator"":1,""numerator"":3}","{""noise_0"":0,""noise_1"":1,""noise_2"":1,""noise_3"":0}",True,DIVIDE_BY_ZERO,,,True,True,True,True,2,0
divide_zero-wrapper-5,"{""denominator"":2,""numerator"":-2}","{""noise_0"":0,""noise_1"":1,""noise_2"":1,""noise_3"":0}",True,DIVIDE_BY_ZERO,,,True,True,True,True,2,0
divide_zero-wrapper-5,"{""denominator"":2,""numerator"":0}","{""noise_0"":0,""noise_1"":1,""noise_2"":1,""noise_3"":0}",True,DIVIDE_BY_ZERO,,,True,True,True,True,2,0
divide_zero-wrapper-5,"{""denominator"":2,""numerator"":3}","{""noise_0"":0,""noise_1"":1,""noise_2"":1,""noise_3"":0}",True,DIVIDE_BY_ZERO,,,True,True,True,True,2,0
divide_zero-wrapper-5,"{""denominator"":-1,""numerator"":-2}","{""noise_0"":0,""noise_1"":1,""noise_2"":1,""noise_3"":1}",True,DIVIDE_BY_ZERO,,,True,True,True,True,2,0
divide_zero-wrapper-5,"{""denominator"":-1,""numerator"":0}","{""noise_0"":0,""noise_1"":1,""noise_2"":1,""noise_3"":1}",True,DIVIDE_BY_ZERO,,,True,True,True,True,2,0
divide_zero-wrapper-5,"{""denominator"":-1,""numerator"":3}","{""noise_0"":0,""noise_1"":1,""noise_2"":1,""noise_3"":1}",True,DIVIDE_BY_ZERO,,,True,True,True,True,2,0
divide_zero-wrapper-5,"{""denominator"":0,""numerator"":-2}","{""noise_0"":0,""noise_1"":1,""noise_2"":1,""noise_3"":1}",True,DIVIDE_BY_ZERO,DIVIDE_BY_ZERO,,True,True,True,True,2,0
divide_zero-wrapper-5,"{""denominator"":0,""numerator"":0}","{""noise_0"":0,""noise_1"":1,""noise_2"":1,""noise_3"":1}",True,DIVIDE_BY_ZERO,DIVIDE_BY_ZERO,,True,True,True,True,2,0
divide_zero-wrapper-5,"{""denominator"":0,""numerator"":3}","{""noise_0"":0,""noise_1"":1,""noise_2"":1,""noise_3"":1}",True,DIVIDE_BY_ZERO,DIVIDE_BY_ZERO,,True,True,True,True,2,0
divide_zero-wrapper-5,"{""denominator"":1,""numerator"":-2}","{""noise_0"":0,""noise_1"":1,""noise_2"":1,""noise_3"":1}",True,DIVIDE_BY_ZERO,,,True,True,True,True,2,0
divide_zero-wrapper-5,"{""denominator"":1,""numerator"":0}","{""noise_0"":0,""noise_1"":1,""noise_2"":1,""noise_3"":1}",True,DIVIDE_BY_ZERO,,,True,True,True,True,2,0
divide_zero-wrapper-5,"{""denominator"":1,""numerator"":3}","{""noise_0"":0,""noise_1"":1,""noise_2"":1,""noise_3"":1}",True,DIVIDE_BY_ZERO,,,True,True,True,True,2,0
divide_zero-wrapper-5,"{""denominator"":2,""numerator"":-2}","{""noise_0"":0,""noise_1"":1,""noise_2"":1,""noise_3"":1}",True,DIVIDE_BY_ZERO,,,True,True,True,True,2,0
divide_zero-wrapper-5,"{""denominator"":2,""numerator"":0}","{""noise_0"":0,""noise_1"":1,""noise_2"":1,""noise_3"":1}",True,DIVIDE_BY_ZERO,,,True,True,True,True,2,0
divide_zero-wrapper-5,"{""denominator"":2,""numerator"":3}","{""noise_0"":0,""noise_1"":1,""noise_2"":1,""noise_3"":1}",True,DIVIDE_BY_ZERO,,,True,True,True,True,2,0
divide_zero-wrapper-5,"{""denominator"":-1,""numerator"":-2}","{""noise_0"":1,""noise_1"":0,""noise_2"":0,""noise_3"":0}",True,DIVIDE_BY_ZERO,,,True,True,True,True,2,0
divide_zero-wrapper-5,"{""denominator"":-1,""numerator"":0}","{""noise_0"":1,""noise_1"":0,""noise_2"":0,""noise_3"":0}",True,DIVIDE_BY_ZERO,,,True,True,True,True,2,0
divide_zero-wrapper-5,"{""denominator"":-1,""numerator"":3}","{""noise_0"":1,""noise_1"":0,""noise_2"":0,""noise_3"":0}",True,DIVIDE_BY_ZERO,,,True,True,True,True,2,0
divide_zero-wrapper-5,"{""denominator"":0,""numerator"":-2}","{""noise_0"":1,""noise_1"":0,""noise_2"":0,""noise_3"":0}",True,DIVIDE_BY_ZERO,DIVIDE_BY_ZERO,,True,True,True,True,2,0
divide_zero-wrapper-5,"{""denominator"":0,""numerator"":0}","{""noise_0"":1,""noise_1"":0,""noise_2"":0,""noise_3"":0}",True,DIVIDE_BY_ZERO,DIVIDE_BY_ZERO,,True,True,True,True,2,0
divide_zero-wrapper-5,"{""denominator"":0,""numerator"":3}","{""noise_0"":1,""noise_1"":0,""noise_2"":0,""noise_3"":0}",True,DIVIDE_BY_ZERO,DIVIDE_BY_ZERO,,True,True,True,True,2,0
divide_zero-wrapper-5,"{""denominator"":1,""numerator"":-2}","{""noise_0"":1,""noise_1"":0,""noise_2"":0,""noise_3"":0}",True,DIVIDE_BY_ZERO,,,True,True,True,True,2,0
divide_zero-wrapper-5,"{""denominator"":1,""numerator"":0}","{""noise_0"":1,""noise_1"":0,""noise_2"":0,""noise_3"":0}",True,DIVIDE_BY_ZERO,,,True,True,True,True,2,0
divide_zero-wrapper-5,"{""denominator"":1,""numerator"":3}","{""noise_0"":1,""noise_1"":0,""noise_2"":0,""noise_3"":0}",True,DIVIDE_BY_ZERO,,,True,True,True,True,2,0
divide_zero-wrapper-5,"{""denominator"":2,""numerator"":-2}","{""noise_0"":1,""noise_1"":0,""noise_2"":0,""noise_3"":0}",True,DIVIDE_BY_ZERO,,,True,True,True,True,2,0
divide_zero-wrapper-5,"{""denominator"":2,""numerator"":0}","{""noise_0"":1,""noise_1"":0,""noise_2"":0,""noise_3"":0}",True,DIVIDE_BY_ZERO,,,True,True,True,True,2,0
divide_zero-wrapper-5,"{""denominator"":2,""numerator"":3}","{""noise_0"":1,""noise_1"":0,""noise_2"":0,""noise_3"":0}",True,DIVIDE_BY_ZERO,,,True,True,True,True,2,0
divide_zero-wrapper-5,"{""denominator"":-1,""numerator"":-2}","{""noise_0"":1,""noise_1"":0,""noise_2"":0,""noise_3"":1}",True,DIVIDE_BY_ZERO,,,True,True,True,True,2,0
divide_zero-wrapper-5,"{""denominator"":-1,""numerator"":0}","{""noise_0"":1,""noise_1"":0,""noise_2"":0,""noise_3"":1}",True,DIVIDE_BY_ZERO,,,True,True,True,True,2,0
divide_zero-wrapper-5,"{""denominator"":-1,""numerator"":3}","{""noise_0"":1,""noise_1"":0,""noise_2"":0,""noise_3"":1}",True,DIVIDE_BY_ZERO,,,True,True,True,True,2,0
divide_zero-wrapper-5,"{""denominator"":0,""numerator"":-2}","{""noise_0"":1,""noise_1"":0,""noise_2"":0,""noise_3"":1}",True,DIVIDE_BY_ZERO,DIVIDE_BY_ZERO,,True,True,True,True,2,0
divide_zero-wrapper-5,"{""denominator"":0,""numerator"":0}","{""noise_0"":1,""noise_1"":0,""noise_2"":0,""noise_3"":1}",True,DIVIDE_BY_ZERO,DIVIDE_BY_ZERO,,True,True,True,True,2,0
divide_zero-wrapper-5,"{""denominator"":0,""numerator"":3}","{""noise_0"":1,""noise_1"":0,""noise_2"":0,""noise_3"":1}",True,DIVIDE_BY_ZERO,DIVIDE_BY_ZERO,,True,True,True,True,2,0
divide_zero-wrapper-5,"{""denominator"":1,""numerator"":-2}","{""noise_0"":1,""noise_1"":0,""noise_2"":0,""noise_3"":1}",True,DIVIDE_BY_ZERO,,,True,True,True,True,2,0
divide_zero-wrapper-5,"{""denominator"":1,""numerator"":0}","{""noise_0"":1,""noise_1"":0,""noise_2"":0,""noise_3"":1}",True,DIVIDE_BY_ZERO,,,True,True,True,True,2,0
divide_zero-wrapper-5,"{""denominator"":1,""numerator"":3}","{""noise_0"":1,""noise_1"":0,""noise_2"":0,""noise_3"":1}",True,DIVIDE_BY_ZERO,,,True,True,True,True,2,0
divide_zero-wrapper-5,"{""denominator"":2,""numerator"":-2}","{""noise_0"":1,""noise_1"":0,""noise_2"":0,""noise_3"":1}",True,DIVIDE_BY_ZERO,,,True,True,True,True,2,0
divide_zero-wrapper-5,"{""denominator"":2,""numerator"":0}","{""noise_0"":1,""noise_1"":0,""noise_2"":0,""noise_3"":1}",True,DIVIDE_BY_ZERO,,,True,True,True,True,2,0
divide_zero-wrapper-5,"{""denominator"":2,""numerator"":3}","{""noise_0"":1,""noise_1"":0,""noise_2"":0,""noise_3"":1}",True,DIVIDE_BY_ZERO,,,True,True,True,True,2,0
divide_zero-wrapper-5,"{""denominator"":-1,""numerator"":-2}","{""noise_0"":1,""noise_1"":0,""noise_2"":1,""noise_3"":0}",True,DIVIDE_BY_ZERO,,,True,True,True,True,2,0
divide_zero-wrapper-5,"{""denominator"":-1,""numerator"":0}","{""noise_0"":1,""noise_1"":0,""noise_2"":1,""noise_3"":0}",True,DIVIDE_BY_ZERO,,,True,True,True,True,2,0
divide_zero-wrapper-5,"{""denominator"":-1,""numerator"":3}","{""noise_0"":1,""noise_1"":0,""noise_2"":1,""noise_3"":0}",True,DIVIDE_BY_ZERO,,,True,True,True,True,2,0
divide_zero-wrapper-5,"{""denominator"":0,""numerator"":-2}","{""noise_0"":1,""noise_1"":0,""noise_2"":1,""noise_3"":0}",True,DIVIDE_BY_ZERO,DIVIDE_BY_ZERO,,True,True,True,True,2,0
divide_zero-wrapper-5,"{""denominator"":0,""numerator"":0}","{""noise_0"":1,""noise_1"":0,""noise_2"":1,""noise_3"":0}",True,DIVIDE_BY_ZERO,DIVIDE_BY_ZERO,,True,True,True,True,2,0
divide_zero-wrapper-5,"{""denominator"":0,""numerator"":3}","{""noise_0"":1,""noise_1"":0,""noise_2"":1,""noise_3"":0}",True,DIVIDE_BY_ZERO,DIVIDE_BY_ZERO,,True,True,True,True,2,0
divide_zero-wrapper-5,"{""denominator"":1,""numerator"":-2}","{""noise_0"":1,""noise_1"":0,""noise_2"":1,""noise_3"":0}",True,DIVIDE_BY_ZERO,,,True,True,True,True,2,0
divide_zero-wrapper-5,"{""denominator"":1,""numerator"":0}","{""noise_0"":1,""noise_1"":0,""noise_2"":1,""noise_3"":0}",True,DIVIDE_BY_ZERO,,,True,True,True,True,2,0
divide_zero-wrapper-5,"{""denominator"":1,""numerator"":3}","{""noise_0"":1,""noise_1"":0,""noise_2"":1,""noise_3"":0}",True,DIVIDE_BY_ZERO,,,True,True,True,True,2,0
divide_zero-wrapper-5,"{""denominator"":2,""numerator"":-2}","{""noise_0"":1,""noise_1"":0,""noise_2"":1,""noise_3"":0}",True,DIVIDE_BY_ZERO,,,True,True,True,True,2,0
divide_zero-wrapper-5,"{""denominator"":2,""numerator"":0}","{""noise_0"":1,""noise_1"":0,""noise_2"":1,""noise_3"":0}",True,DIVIDE_BY_ZERO,,,True,True,True,True,2,0
divide_zero-wrapper-5,"{""denominator"":2,""numerator"":3}","{""noise_0"":1,""noise_1"":0,""noise_2"":1,""noise_3"":0}",True,DIVIDE_BY_ZERO,,,True,True,True,True,2,0
divide_zero-wrapper-5,"{""denominator"":-1,""numerator"":-2}","{""noise_0"":1,""noise_1"":0,""noise_2"":1,""noise_3"":1}",True,DIVIDE_BY_ZERO,,,True,True,True,True,2,0
divide_zero-wrapper-5,"{""denominator"":-1,""numerator"":0}","{""noise_0"":1,""noise_1"":0,""noise_2"":1,""noise_3"":1}",True,DIVIDE_BY_ZERO,,,True,True,True,True,2,0
divide_zero-wrapper-5,"{""denominator"":-1,""numerator"":3}","{""noise_0"":1,""noise_1"":0,""noise_2"":1,""noise_3"":1}",True,DIVIDE_BY_ZERO,,,True,True,True,True,2,0
divide_zero-wrapper-5,"{""denominator"":0,""numerator"":-2}","{""noise_0"":1,""noise_1"":0,""noise_2"":1,""noise_3"":1}",True,DIVIDE_BY_ZERO,DIVIDE_BY_ZERO,,True,True,True,True,2,0
divide_zero-wrapper-5,"{""denominator"":0,""numerator"":0}","{""noise_0"":1,""noise_1"":0,""noise_2"":1,""noise_3"":1}",True,DIVIDE_BY_ZERO,DIVIDE_BY_ZERO,,True,True,True,True,2,0
divide_zero-wrapper-5,"{""denominator"":0,""numerator"":3}","{""noise_0"":1,""noise_1"":0,""noise_2"":1,""noise_3"":1}",True,DIVIDE_BY_ZERO,DIVIDE_BY_ZERO,,True,True,True,True,2,0
divide_zero-wrapper-5,"{""denominator"":1,""numerator"":-2}","{""noise_0"":1,""noise_1"":0,""noise_2"":1,""noise_3"":1}",True,DIVIDE_BY_ZERO,,,True,True,True,True,2,0
divide_zero-wrapper-5,"{""denominator"":1,""numerator"":0}","{""noise_0"":1,""noise_1"":0,""noise_2"":1,""noise_3"":1}",True,DIVIDE_BY_ZERO,,,True,True,True,True,2,0
divide_zero-wrapper-5,"{""denominator"":1,""numerator"":3}","{""noise_0"":1,""noise_1"":0,""noise_2"":1,""noise_3"":1}",True,DIVIDE_BY_ZERO,,,True,True,True,True,2,0
divide_zero-wrapper-5,"{""denominator"":2,""numerator"":-2}","{""noise_0"":1,""noise_1"":0,""noise_2"":1,""noise_3"":1}",True,DIVIDE_BY_ZERO,,,True,True,True,True,2,0
divide_zero-wrapper-5,"{""denominator"":2,""numerator"":0}","{""noise_0"":1,""noise_1"":0,""noise_2"":1,""noise_3"":1}",True,DIVIDE_BY_ZERO,,,True,True,True,True,2,0
divide_zero-wrapper-5,"{""denominator"":2,""numerator"":3}","{""noise_0"":1,""noise_1"":0,""noise_2"":1,""noise_3"":1}",True,DIVIDE_BY_ZERO,,,True,True,True,True,2,0
divide_zero-wrapper-5,"{""denominator"":-1,""numerator"":-2}","{""noise_0"":1,""noise_1"":1,""noise_2"":0,""noise_3"":0}",True,DIVIDE_BY_ZERO,,,True,True,True,True,2,0
divide_zero-wrapper-5,"{""denominator"":-1,""numerator"":0}","{""noise_0"":1,""noise_1"":1,""noise_2"":0,""noise_3"":0}",True,DIVIDE_BY_ZERO,,,True,True,True,True,2,0
divide_zero-wrapper-5,"{""denominator"":-1,""numerator"":3}","{""noise_0"":1,""noise_1"":1,""noise_2"":0,""noise_3"":0}",True,DIVIDE_BY_ZERO,,,True,True,True,True,2,0
divide_zero-wrapper-5,"{""denominator"":0,""numerator"":-2}","{""noise_0"":1,""noise_1"":1,""noise_2"":0,""noise_3"":0}",True,DIVIDE_BY_ZERO,DIVIDE_BY_ZERO,,True,True,True,True,2,0
divide_zero-wrapper-5,"{""denominator"":0,""numerator"":0}","{""noise_0"":1,""noise_1"":1,""noise_2"":0,""noise_3"":0}",True,DIVIDE_BY_ZERO,DIVIDE_BY_ZERO,,True,True,True,True,2,0
divide_zero-wrapper-5,"{""denominator"":0,""numerator"":3}","{""noise_0"":1,""noise_1"":1,""noise_2"":0,""noise_3"":0}",True,DIVIDE_BY_ZERO,DIVIDE_BY_ZERO,,True,True,True,True,2,0
divide_zero-wrapper-5,"{""denominator"":1,""numerator"":-2}","{""noise_0"":1,""noise_1"":1,""noise_2"":0,""noise_3"":0}",True,DIVIDE_BY_ZERO,,,True,True,True,True,2,0
divide_zero-wrapper-5,"{""denominator"":1,""numerator"":0}","{""noise_0"":1,""noise_1"":1,""noise_2"":0,""noise_3"":0}",True,DIVIDE_BY_ZERO,,,True,True,True,True,2,0
divide_zero-wrapper-5,"{""denominator"":1,""numerator"":3}","{""noise_0"":1,""noise_1"":1,""noise_2"":0,""noise_3"":0}",True,DIVIDE_BY_ZERO,,,True,True,True,True,2,0
divide_zero-wrapper-5,"{""denominator"":2,""numerator"":-2}","{""noise_0"":1,""noise_1"":1,""noise_2"":0,""noise_3"":0}",True,DIVIDE_BY_ZERO,,,True,True,True,True,2,0
divide_zero-wrapper-5,"{""denominator"":2,""numerator"":0}","{""noise_0"":1,""noise_1"":1,""noise_2"":0,""noise_3"":0}",True,DIVIDE_BY_ZERO,,,True,True,True,True,2,0
divide_zero-wrapper-5,"{""denominator"":2,""numerator"":3}","{""noise_0"":1,""noise_1"":1,""noise_2"":0,""noise_3"":0}",True,DIVIDE_BY_ZERO,,,True,True,True,True,2,0
divide_zero-wrapper-5,"{""denominator"":-1,""numerator"":-2}","{""noise_0"":1,""noise_1"":1,""noise_2"":0,""noise_3"":1}",True,DIVIDE_BY_ZERO,,,True,True,True,True,2,0
divide_zero-wrapper-5,"{""denominator"":-1,""numerator"":0}","{""noise_0"":1,""noise_1"":1,""noise_2"":0,""noise_3"":1}",True,DIVIDE_BY_ZERO,,,True,True,True,True,2,0
divide_zero-wrapper-5,"{""denominator"":-1,""numerator"":3}","{""noise_0"":1,""noise_1"":1,""noise_2"":0,""noise_3"":1}",True,DIVIDE_BY_ZERO,,,True,True,True,True,2,0
divide_zero-wrapper-5,"{""denominator"":0,""numerator"":-2}","{""noise_0"":1,""noise_1"":1,""noise_2"":0,""noise_3"":1}",True,DIVIDE_BY_ZERO,DIVIDE_BY_ZERO,,True,True,True,True,2,0
divide_zero-wrapper-5,"{""denominator"":0,""numerator"":0}","{""noise_0"":1,""noise_1"":1,""noise_2"":0,""noise_3"":1}",True,DIVIDE_BY_ZERO,DIVIDE_BY_ZERO,,True,True,True,True,2,0
divide_zero-wrapper-5,"{""denominator"":0,""numerator"":3}","{""noise_0"":1,""noise_1"":1,""noise_2"":0,""noise_3"":1}",True,DIVIDE_BY_ZERO,DIVIDE_BY_ZERO,,True,True,True,True,2,0
divide_zero-wrapper-5,"{""denominator"":1,""numerator"":-2}","{""noise_0"":1,""noise_1"":1,""noise_2"":0,""noise_3"":1}",True,DIVIDE_BY_ZERO,,,True,True,True,True,2,0
divide_zero-wrapper-5,"{""denominator"":1,""numerator"":0}","{""noise_0"":1,""noise_1"":1,""noise_2"":0,""noise_3"":1}",True,DIVIDE_BY_ZERO,,,True,True,True,True,2,0
divide_zero-wrapper-5,"{""denominator"":1,""numerator"":3}","{""noise_0"":1,""noise_1"":1,""noise_2"":0,""noise_3"":1}",True,DIVIDE_BY_ZERO,,,True,True,True,True,2,0
divide_zero-wrapper-5,"{""denominator"":2,""numerator"":-2}","{""noise_0"":1,""noise_1"":1,""noise_2"":0,""noise_3"":1}",True,DIVIDE_BY_ZERO,,,True,True,True,True,2,0
divide_zero-wrapper-5,"{""denominator"":2,""numerator"":0}","{""noise_0"":1,""noise_1"":1,""noise_2"":0,""noise_3"":1}",True,DIVIDE_BY_ZERO,,,True,True,True,True,2,0
divide_zero-wrapper-5,"{""denominator"":2,""numerator"":3}","{""noise_0"":1,""noise_1"":1,""noise_2"":0,""noise_3"":1}",True,DIVIDE_BY_ZERO,,,True,True,True,True,2,0
divide_zero-wrapper-5,"{""denominator"":-1,""numerator"":-2}","{""noise_0"":1,""noise_1"":1,""noise_2"":1,""noise_3"":0}",True,DIVIDE_BY_ZERO,,,True,True,True,True,2,0
divide_zero-wrapper-5,"{""denominator"":-1,""numerator"":0}","{""noise_0"":1,""noise_1"":1,""noise_2"":1,""noise_3"":0}",True,DIVIDE_BY_ZERO,,,True,True,True,True,2,0
divide_zero-wrapper-5,"{""denominator"":-1,""numerator"":3}","{""noise_0"":1,""noise_1"":1,""noise_2"":1,""noise_3"":0}",True,DIVIDE_BY_ZERO,,,True,True,True,True,2,0
divide_zero-wrapper-5,"{""denominator"":0,""numerator"":-2}","{""noise_0"":1,""noise_1"":1,""noise_2"":1,""noise_3"":0}",True,DIVIDE_BY_ZERO,DIVIDE_BY_ZERO,,True,True,True,True,2,0
divide_zero-wrapper-5,"{""denominator"":0,""numerator"":0}","{""noise_0"":1,""noise_1"":1,""noise_2"":1,""noise_3"":0}",True,DIVIDE_BY_ZERO,DIVIDE_BY_ZERO,,True,True,True,True,2,0
divide_zero-wrapper-5,"{""denominator"":0,""numerator"":3}","{""noise_0"":1,""noise_1"":1,""noise_2"":1,""noise_3"":0}",True,DIVIDE_BY_ZERO,DIVIDE_BY_ZERO,,True,True,True,True,2,0
divide_zero-wrapper-5,"{""denominator"":1,""numerator"":-2}","{""noise_0"":1,""noise_1"":1,""noise_2"":1,""noise_3"":0}",True,DIVIDE_BY_ZERO,,,True,True,True,True,2,0
divide_zero-wrapper-5,"{""denominator"":1,""numerator"":0}","{""noise_0"":1,""noise_1"":1,""noise_2"":1,""noise_3"":0}",True,DIVIDE_BY_ZERO,,,True,True,True,True,2,0
divide_zero-wrapper-5,"{""denominator"":1,""numerator"":3}","{""noise_0"":1,""noise_1"":1,""noise_2"":1,""noise_3"":0}",True,DIVIDE_BY_ZERO,,,True,True,True,True,2,0
divide_zero-wrapper-5,"{""denominator"":2,""numerator"":-2}","{""noise_0"":1,""noise_1"":1,""noise_2"":1,""noise_3"":0}",True,DIVIDE_BY_ZERO,,,True,True,True,True,2,0
divide_zero-wrapper-5,"{""denominator"":2,""numerator"":0}","{""noise_0"":1,""noise_1"":1,""noise_2"":1,""noise_3"":0}",True,DIVIDE_BY_ZERO,,,True,True,True,True,2,0
divide_zero-wrapper-5,"{""denominator"":2,""numerator"":3}","{""noise_0"":1,""noise_1"":1,""noise_2"":1,""noise_3"":0}",True,DIVIDE_BY_ZERO,,,True,True,True,True,2,0
divide_zero-wrapper-5,"{""denominator"":-1,""numerator"":-2}","{""noise_0"":1,""noise_1"":1,""noise_2"":1,""noise_3"":1}",True,DIVIDE_BY_ZERO,,,True,True,True,True,2,0
divide_zero-wrapper-5,"{""denominator"":-1,""numerator"":0}","{""noise_0"":1,""noise_1"":1,""noise_2"":1,""noise_3"":1}",True,DIVIDE_BY_ZERO,,,True,True,True,True,2,0
divide_zero-wrapper-5,"{""denominator"":-1,""numerator"":3}","{""noise_0"":1,""noise_1"":1,""noise_2"":1,""noise_3"":1}",True,DIVIDE_BY_ZERO,,,True,True,True,True,2,0
divide_zero-wrapper-5,"{""denominator"":0,""numerator"":-2}","{""noise_0"":1,""noise_1"":1,""noise_2"":1,""noise_3"":1}",True,DIVIDE_BY_ZERO,DIVIDE_BY_ZERO,,True,True,True,True,2,0
divide_zero-wrapper-5,"{""denominator"":0,""numerator"":0}","{""noise_0"":1,""noise_1"":1,""noise_2"":1,""noise_3"":1}",True,DIVIDE_BY_ZERO,DIVIDE_BY_ZERO,,True,True,True,True,2,0
divide_zero-wrapper-5,"{""denominator"":0,""numerator"":3}","{""noise_0"":1,""noise_1"":1,""noise_2"":1,""noise_3"":1}",True,DIVIDE_BY_ZERO,DIVIDE_BY_ZERO,,True,True,True,True,2,0
divide_zero-wrapper-5,"{""denominator"":1,""numerator"":-2}","{""noise_0"":1,""noise_1"":1,""noise_2"":1,""noise_3"":1}",True,DIVIDE_BY_ZERO,,,True,True,True,True,2,0
divide_zero-wrapper-5,"{""denominator"":1,""numerator"":0}","{""noise_0"":1,""noise_1"":1,""noise_2"":1,""noise_3"":1}",True,DIVIDE_BY_ZERO,,,True,True,True,True,2,0
divide_zero-wrapper-5,"{""denominator"":1,""numerator"":3}","{""noise_0"":1,""noise_1"":1,""noise_2"":1,""noise_3"":1}",True,DIVIDE_BY_ZERO,,,True,True,True,True,2,0
divide_zero-wrapper-5,"{""denominator"":2,""numerator"":-2}","{""noise_0"":1,""noise_1"":1,""noise_2"":1,""noise_3"":1}",True,DIVIDE_BY_ZERO,,,True,True,True,True,2,0
divide_zero-wrapper-5,"{""denominator"":2,""numerator"":0}","{""noise_0"":1,""noise_1"":1,""noise_2"":1,""noise_3"":1}",True,DIVIDE_BY_ZERO,,,True,True,True,True,2,0
divide_zero-wrapper-5,"{""denominator"":2,""numerator"":3}","{""noise_0"":1,""noise_1"":1,""noise_2"":1,""noise_3"":1}",True,DIVIDE_BY_ZERO,,,True,True,True,True,2,0
fixed_overflow-wrapper-0,"{""delta"":0,""x"":0}","{""noise_0"":0,""noise_1"":0,""noise_2"":0,""noise_3"":0}",True,INTEGER_OVERFLOW,,,True,True,True,True,2,0
fixed_overflow-wrapper-0,"{""delta"":0,""x"":6}","{""noise_0"":0,""noise_1"":0,""noise_2"":0,""noise_3"":0}",True,INTEGER_OVERFLOW,,,True,True,True,True,2,0
fixed_overflow-wrapper-0,"{""delta"":0,""x"":7}","{""noise_0"":0,""noise_1"":0,""noise_2"":0,""noise_3"":0}",True,INTEGER_OVERFLOW,,,True,True,True,True,2,0
fixed_overflow-wrapper-0,"{""delta"":1,""x"":0}","{""noise_0"":0,""noise_1"":0,""noise_2"":0,""noise_3"":0}",True,INTEGER_OVERFLOW,,,True,True,True,True,2,0
fixed_overflow-wrapper-0,"{""delta"":1,""x"":6}","{""noise_0"":0,""noise_1"":0,""noise_2"":0,""noise_3"":0}",True,INTEGER_OVERFLOW,,,True,True,True,True,2,0
fixed_overflow-wrapper-0,"{""delta"":1,""x"":7}","{""noise_0"":0,""noise_1"":0,""noise_2"":0,""noise_3"":0}",True,INTEGER_OVERFLOW,INTEGER_OVERFLOW,,True,True,True,True,2,0
fixed_overflow-wrapper-0,"{""delta"":2,""x"":0}","{""noise_0"":0,""noise_1"":0,""noise_2"":0,""noise_3"":0}",True,INTEGER_OVERFLOW,,,True,True,True,True,2,0
fixed_overflow-wrapper-0,"{""delta"":2,""x"":6}","{""noise_0"":0,""noise_1"":0,""noise_2"":0,""noise_3"":0}",True,INTEGER_OVERFLOW,INTEGER_OVERFLOW,,True,True,True,True,2,0
fixed_overflow-wrapper-0,"{""delta"":2,""x"":7}","{""noise_0"":0,""noise_1"":0,""noise_2"":0,""noise_3"":0}",True,INTEGER_OVERFLOW,INTEGER_OVERFLOW,,True,True,True,True,2,0
fixed_overflow-wrapper-0,"{""delta"":0,""x"":0}","{""noise_0"":0,""noise_1"":0,""noise_2"":0,""noise_3"":1}",True,INTEGER_OVERFLOW,,,True,True,True,True,2,0
fixed_overflow-wrapper-0,"{""delta"":0,""x"":6}","{""noise_0"":0,""noise_1"":0,""noise_2"":0,""noise_3"":1}",True,INTEGER_OVERFLOW,,,True,True,True,True,2,0
fixed_overflow-wrapper-0,"{""delta"":0,""x"":7}","{""noise_0"":0,""noise_1"":0,""noise_2"":0,""noise_3"":1}",True,INTEGER_OVERFLOW,,,True,True,True,True,2,0
fixed_overflow-wrapper-0,"{""delta"":1,""x"":0}","{""noise_0"":0,""noise_1"":0,""noise_2"":0,""noise_3"":1}",True,INTEGER_OVERFLOW,,,True,True,True,True,2,0
fixed_overflow-wrapper-0,"{""delta"":1,""x"":6}","{""noise_0"":0,""noise_1"":0,""noise_2"":0,""noise_3"":1}",True,INTEGER_OVERFLOW,,,True,True,True,True,2,0
fixed_overflow-wrapper-0,"{""delta"":1,""x"":7}","{""noise_0"":0,""noise_1"":0,""noise_2"":0,""noise_3"":1}",True,INTEGER_OVERFLOW,INTEGER_OVERFLOW,,True,True,True,True,2,0
fixed_overflow-wrapper-0,"{""delta"":2,""x"":0}","{""noise_0"":0,""noise_1"":0,""noise_2"":0,""noise_3"":1}",True,INTEGER_OVERFLOW,,,True,True,True,True,2,0
fixed_overflow-wrapper-0,"{""delta"":2,""x"":6}","{""noise_0"":0,""noise_1"":0,""noise_2"":0,""noise_3"":1}",True,INTEGER_OVERFLOW,INTEGER_OVERFLOW,,True,True,True,True,2,0
fixed_overflow-wrapper-0,"{""delta"":2,""x"":7}","{""noise_0"":0,""noise_1"":0,""noise_2"":0,""noise_3"":1}",True,INTEGER_OVERFLOW,INTEGER_OVERFLOW,,True,True,True,True,2,0
fixed_overflow-wrapper-0,"{""delta"":0,""x"":0}","{""noise_0"":0,""noise_1"":0,""noise_2"":1,""noise_3"":0}",True,INTEGER_OVERFLOW,,,True,True,True,True,2,0
fixed_overflow-wrapper-0,"{""delta"":0,""x"":6}","{""noise_0"":0,""noise_1"":0,""noise_2"":1,""noise_3"":0}",True,INTEGER_OVERFLOW,,,True,True,True,True,2,0
fixed_overflow-wrapper-0,"{""delta"":0,""x"":7}","{""noise_0"":0,""noise_1"":0,""noise_2"":1,""noise_3"":0}",True,INTEGER_OVERFLOW,,,True,True,True,True,2,0
fixed_overflow-wrapper-0,"{""delta"":1,""x"":0}","{""noise_0"":0,""noise_1"":0,""noise_2"":1,""noise_3"":0}",True,INTEGER_OVERFLOW,,,True,True,True,True,2,0
fixed_overflow-wrapper-0,"{""delta"":1,""x"":6}","{""noise_0"":0,""noise_1"":0,""noise_2"":1,""noise_3"":0}",True,INTEGER_OVERFLOW,,,True,True,True,True,2,0
fixed_overflow-wrapper-0,"{""delta"":1,""x"":7}","{""noise_0"":0,""noise_1"":0,""noise_2"":1,""noise_3"":0}",True,INTEGER_OVERFLOW,INTEGER_OVERFLOW,,True,True,True,True,2,0
fixed_overflow-wrapper-0,"{""delta"":2,""x"":0}","{""noise_0"":0,""noise_1"":0,""noise_2"":1,""noise_3"":0}",True,INTEGER_OVERFLOW,,,True,True,True,True,2,0
fixed_overflow-wrapper-0,"{""delta"":2,""x"":6}","{""noise_0"":0,""noise_1"":0,""noise_2"":1,""noise_3"":0}",True,INTEGER_OVERFLOW,INTEGER_OVERFLOW,,True,True,True,True,2,0
fixed_overflow-wrapper-0,"{""delta"":2,""x"":7}","{""noise_0"":0,""noise_1"":0,""noise_2"":1,""noise_3"":0}",True,INTEGER_OVERFLOW,INTEGER_OVERFLOW,,True,True,True,True,2,0
fixed_overflow-wrapper-0,"{""delta"":0,""x"":0}","{""noise_0"":0,""noise_1"":0,""noise_2"":1,""noise_3"":1}",True,INTEGER_OVERFLOW,,,True,True,True,True,2,0
fixed_overflow-wrapper-0,"{""delta"":0,""x"":6}","{""noise_0"":0,""noise_1"":0,""noise_2"":1,""noise_3"":1}",True,INTEGER_OVERFLOW,,,True,True,True,True,2,0
fixed_overflow-wrapper-0,"{""delta"":0,""x"":7}","{""noise_0"":0,""noise_1"":0,""noise_2"":1,""noise_3"":1}",True,INTEGER_OVERFLOW,,,True,True,True,True,2,0
fixed_overflow-wrapper-0,"{""delta"":1,""x"":0}","{""noise_0"":0,""noise_1"":0,""noise_2"":1,""noise_3"":1}",True,INTEGER_OVERFLOW,,,True,True,True,True,2,0
fixed_overflow-wrapper-0,"{""delta"":1,""x"":6}","{""noise_0"":0,""noise_1"":0,""noise_2"":1,""noise_3"":1}",True,INTEGER_OVERFLOW,,,True,True,True,True,2,0
fixed_overflow-wrapper-0,"{""delta"":1,""x"":7}","{""noise_0"":0,""noise_1"":0,""noise_2"":1,""noise_3"":1}",True,INTEGER_OVERFLOW,INTEGER_OVERFLOW,,True,True,True,True,2,0
fixed_overflow-wrapper-0,"{""delta"":2,""x"":0}","{""noise_0"":0,""noise_1"":0,""noise_2"":1,""noise_3"":1}",True,INTEGER_OVERFLOW,,,True,True,True,True,2,0
fixed_overflow-wrapper-0,"{""delta"":2,""x"":6}","{""noise_0"":0,""noise_1"":0,""noise_2"":1,""noise_3"":1}",True,INTEGER_OVERFLOW,INTEGER_OVERFLOW,,True,True,True,True,2,0
fixed_overflow-wrapper-0,"{""delta"":2,""x"":7}","{""noise_0"":0,""noise_1"":0,""noise_2"":1,""noise_3"":1}",True,INTEGER_OVERFLOW,INTEGER_OVERFLOW,,True,True,True,True,2,0
fixed_overflow-wrapper-0,"{""delta"":0,""x"":0}","{""noise_0"":0,""noise_1"":1,""noise_2"":0,""noise_3"":0}",True,INTEGER_OVERFLOW,,,True,True,True,True,2,0
fixed_overflow-wrapper-0,"{""delta"":0,""x"":6}","{""noise_0"":0,""noise_1"":1,""noise_2"":0,""noise_3"":0}",True,INTEGER_OVERFLOW,,,True,True,True,True,2,0
fixed_overflow-wrapper-0,"{""delta"":0,""x"":7}","{""noise_0"":0,""noise_1"":1,""noise_2"":0,""noise_3"":0}",True,INTEGER_OVERFLOW,,,True,True,True,True,2,0
fixed_overflow-wrapper-0,"{""delta"":1,""x"":0}","{""noise_0"":0,""noise_1"":1,""noise_2"":0,""noise_3"":0}",True,INTEGER_OVERFLOW,,,True,True,True,True,2,0
fixed_overflow-wrapper-0,"{""delta"":1,""x"":6}","{""noise_0"":0,""noise_1"":1,""noise_2"":0,""noise_3"":0}",True,INTEGER_OVERFLOW,,,True,True,True,True,2,0
fixed_overflow-wrapper-0,"{""delta"":1,""x"":7}","{""noise_0"":0,""noise_1"":1,""noise_2"":0,""noise_3"":0}",True,INTEGER_OVERFLOW,INTEGER_OVERFLOW,,True,True,True,True,2,0
fixed_overflow-wrapper-0,"{""delta"":2,""x"":0}","{""noise_0"":0,""noise_1"":1,""noise_2"":0,""noise_3"":0}",True,INTEGER_OVERFLOW,,,True,True,True,True,2,0
fixed_overflow-wrapper-0,"{""delta"":2,""x"":6}","{""noise_0"":0,""noise_1"":1,""noise_2"":0,""noise_3"":0}",True,INTEGER_OVERFLOW,INTEGER_OVERFLOW,,True,True,True,True,2,0
fixed_overflow-wrapper-0,"{""delta"":2,""x"":7}","{""noise_0"":0,""noise_1"":1,""noise_2"":0,""noise_3"":0}",True,INTEGER_OVERFLOW,INTEGER_OVERFLOW,,True,True,True,True,2,0
fixed_overflow-wrapper-0,"{""delta"":0,""x"":0}","{""noise_0"":0,""noise_1"":1,""noise_2"":0,""noise_3"":1}",True,INTEGER_OVERFLOW,,,True,True,True,True,2,0
fixed_overflow-wrapper-0,"{""delta"":0,""x"":6}","{""noise_0"":0,""noise_1"":1,""noise_2"":0,""noise_3"":1}",True,INTEGER_OVERFLOW,,,True,True,True,True,2,0
fixed_overflow-wrapper-0,"{""delta"":0,""x"":7}","{""noise_0"":0,""noise_1"":1,""noise_2"":0,""noise_3"":1}",True,INTEGER_OVERFLOW,,,True,True,True,True,2,0
fixed_overflow-wrapper-0,"{""delta"":1,""x"":0}","{""noise_0"":0,""noise_1"":1,""noise_2"":0,""noise_3"":1}",True,INTEGER_OVERFLOW,,,True,True,True,True,2,0
fixed_overflow-wrapper-0,"{""delta"":1,""x"":6}","{""noise_0"":0,""noise_1"":1,""noise_2"":0,""noise_3"":1}",True,INTEGER_OVERFLOW,,,True,True,True,True,2,0
fixed_overflow-wrapper-0,"{""delta"":1,""x"":7}","{""noise_0"":0,""noise_1"":1,""noise_2"":0,""noise_3"":1}",True,INTEGER_OVERFLOW,INTEGER_OVERFLOW,,True,True,True,True,2,0
fixed_overflow-wrapper-0,"{""delta"":2,""x"":0}","{""noise_0"":0,""noise_1"":1,""noise_2"":0,""noise_3"":1}",True,INTEGER_OVERFLOW,,,True,True,True,True,2,0
fixed_overflow-wrapper-0,"{""delta"":2,""x"":6}","{""noise_0"":0,""noise_1"":1,""noise_2"":0,""noise_3"":1}",True,INTEGER_OVERFLOW,INTEGER_OVERFLOW,,True,True,True,True,2,0
fixed_overflow-wrapper-0,"{""delta"":2,""x"":7}","{""noise_0"":0,""noise_1"":1,""noise_2"":0,""noise_3"":1}",True,INTEGER_OVERFLOW,INTEGER_OVERFLOW,,True,True,True,True,2,0
fixed_overflow-wrapper-0,"{""delta"":0,""x"":0}","{""noise_0"":0,""noise_1"":1,""noise_2"":1,""noise_3"":0}",True,INTEGER_OVERFLOW,,,True,True,True,True,2,0
fixed_overflow-wrapper-0,"{""delta"":0,""x"":6}","{""noise_0"":0,""noise_1"":1,""noise_2"":1,""noise_3"":0}",True,INTEGER_OVERFLOW,,,True,True,True,True,2,0
fixed_overflow-wrapper-0,"{""delta"":0,""x"":7}","{""noise_0"":0,""noise_1"":1,""noise_2"":1,""noise_3"":0}",True,INTEGER_OVERFLOW,,,True,True,True,True,2,0
fixed_overflow-wrapper-0,"{""delta"":1,""x"":0}","{""noise_0"":0,""noise_1"":1,""noise_2"":1,""noise_3"":0}",True,INTEGER_OVERFLOW,,,True,True,True,True,2,0
fixed_overflow-wrapper-0,"{""delta"":1,""x"":6}","{""noise_0"":0,""noise_1"":1,""noise_2"":1,""noise_3"":0}",True,INTEGER_OVERFLOW,,,True,True,True,True,2,0
fixed_overflow-wrapper-0,"{""delta"":1,""x"":7}","{""noise_0"":0,""noise_1"":1,""noise_2"":1,""noise_3"":0}",True,INTEGER_OVERFLOW,INTEGER_OVERFLOW,,True,True,True,True,2,0
fixed_overflow-wrapper-0,"{""delta"":2,""x"":0}","{""noise_0"":0,""noise_1"":1,""noise_2"":1,""noise_3"":0}",True,INTEGER_OVERFLOW,,,True,True,True,True,2,0
fixed_overflow-wrapper-0,"{""delta"":2,""x"":6}","{""noise_0"":0,""noise_1"":1,""noise_2"":1,""noise_3"":0}",True,INTEGER_OVERFLOW,INTEGER_OVERFLOW,,True,True,True,True,2,0
fixed_overflow-wrapper-0,"{""delta"":2,""x"":7}","{""noise_0"":0,""noise_1"":1,""noise_2"":1,""noise_3"":0}",True,INTEGER_OVERFLOW,INTEGER_OVERFLOW,,True,True,True,True,2,0
fixed_overflow-wrapper-0,"{""delta"":0,""x"":0}","{""noise_0"":0,""noise_1"":1,""noise_2"":1,""noise_3"":1}",True,INTEGER_OVERFLOW,,,True,True,True,True,2,0
fixed_overflow-wrapper-0,"{""delta"":0,""x"":6}","{""noise_0"":0,""noise_1"":1,""noise_2"":1,""noise_3"":1}",True,INTEGER_OVERFLOW,,,True,True,True,True,2,0
fixed_overflow-wrapper-0,"{""delta"":0,""x"":7}","{""noise_0"":0,""noise_1"":1,""noise_2"":1,""noise_3"":1}",True,INTEGER_OVERFLOW,,,True,True,True,True,2,0
fixed_overflow-wrapper-0,"{""delta"":1,""x"":0}","{""noise_0"":0,""noise_1"":1,""noise_2"":1,""noise_3"":1}",True,INTEGER_OVERFLOW,,,True,True,True,True,2,0
fixed_overflow-wrapper-0,"{""delta"":1,""x"":6}","{""noise_0"":0,""noise_1"":1,""noise_2"":1,""noise_3"":1}",True,INTEGER_OVERFLOW,,,True,True,True,True,2,0
fixed_overflow-wrapper-0,"{""delta"":1,""x"":7}","{""noise_0"":0,""noise_1"":1,""noise_2"":1,""noise_3"":1}",True,INTEGER_OVERFLOW,INTEGER_OVERFLOW,,True,True,True,True,2,0
fixed_overflow-wrapper-0,"{""delta"":2,""x"":0}","{""noise_0"":0,""noise_1"":1,""noise_2"":1,""noise_3"":1}",True,INTEGER_OVERFLOW,,,True,True,True,True,2,0
fixed_overflow-wrapper-0,"{""delta"":2,""x"":6}","{""noise_0"":0,""noise_1"":1,""noise_2"":1,""noise_3"":1}",True,INTEGER_OVERFLOW,INTEGER_OVERFLOW,,True,True,True,True,2,0
fixed_overflow-wrapper-0,"{""delta"":2,""x"":7}","{""noise_0"":0,""noise_1"":1,""noise_2"":1,""noise_3"":1}",True,INTEGER_OVERFLOW,INTEGER_OVERFLOW,,True,True,True,True,2,0
fixed_overflow-wrapper-0,"{""delta"":0,""x"":0}","{""noise_0"":1,""noise_1"":0,""noise_2"":0,""noise_3"":0}",True,INTEGER_OVERFLOW,,,True,True,True,True,2,0
fixed_overflow-wrapper-0,"{""delta"":0,""x"":6}","{""noise_0"":1,""noise_1"":0,""noise_2"":0,""noise_3"":0}",True,INTEGER_OVERFLOW,,,True,True,True,True,2,0
fixed_overflow-wrapper-0,"{""delta"":0,""x"":7}","{""noise_0"":1,""noise_1"":0,""noise_2"":0,""noise_3"":0}",True,INTEGER_OVERFLOW,,,True,True,True,True,2,0
fixed_overflow-wrapper-0,"{""delta"":1,""x"":0}","{""noise_0"":1,""noise_1"":0,""noise_2"":0,""noise_3"":0}",True,INTEGER_OVERFLOW,,,True,True,True,True,2,0
fixed_overflow-wrapper-0,"{""delta"":1,""x"":6}","{""noise_0"":1,""noise_1"":0,""noise_2"":0,""noise_3"":0}",True,INTEGER_OVERFLOW,,,True,True,True,True,2,0
fixed_overflow-wrapper-0,"{""delta"":1,""x"":7}","{""noise_0"":1,""noise_1"":0,""noise_2"":0,""noise_3"":0}",True,INTEGER_OVERFLOW,INTEGER_OVERFLOW,,True,True,True,True,2,0
fixed_overflow-wrapper-0,"{""delta"":2,""x"":0}","{""noise_0"":1,""noise_1"":0,""noise_2"":0,""noise_3"":0}",True,INTEGER_OVERFLOW,,,True,True,True,True,2,0
fixed_overflow-wrapper-0,"{""delta"":2,""x"":6}","{""noise_0"":1,""noise_1"":0,""noise_2"":0,""noise_3"":0}",True,INTEGER_OVERFLOW,INTEGER_OVERFLOW,,True,True,True,True,2,0
fixed_overflow-wrapper-0,"{""delta"":2,""x"":7}","{""noise_0"":1,""noise_1"":0,""noise_2"":0,""noise_3"":0}",True,INTEGER_OVERFLOW,INTEGER_OVERFLOW,,True,True,True,True,2,0
fixed_overflow-wrapper-0,"{""delta"":0,""x"":0}","{""noise_0"":1,""noise_1"":0,""noise_2"":0,""noise_3"":1}",True,INTEGER_OVERFLOW,,,True,True,True,True,2,0
fixed_overflow-wrapper-0,"{""delta"":0,""x"":6}","{""noise_0"":1,""noise_1"":0,""noise_2"":0,""noise_3"":1}",True,INTEGER_OVERFLOW,,,True,True,True,True,2,0
fixed_overflow-wrapper-0,"{""delta"":0,""x"":7}","{""noise_0"":1,""noise_1"":0,""noise_2"":0,""noise_3"":1}",True,INTEGER_OVERFLOW,,,True,True,True,True,2,0
fixed_overflow-wrapper-0,"{""delta"":1,""x"":0}","{""noise_0"":1,""noise_1"":0,""noise_2"":0,""noise_3"":1}",True,INTEGER_OVERFLOW,,,True,True,True,True,2,0
fixed_overflow-wrapper-0,"{""delta"":1,""x"":6}","{""noise_0"":1,""noise_1"":0,""noise_2"":0,""noise_3"":1}",True,INTEGER_OVERFLOW,,,True,True,True,True,2,0
fixed_overflow-wrapper-0,"{""delta"":1,""x"":7}","{""noise_0"":1,""noise_1"":0,""noise_2"":0,""noise_3"":1}",True,INTEGER_OVERFLOW,INTEGER_OVERFLOW,,True,True,True,True,2,0
fixed_overflow-wrapper-0,"{""delta"":2,""x"":0}","{""noise_0"":1,""noise_1"":0,""noise_2"":0,""noise_3"":1}",True,INTEGER_OVERFLOW,,,True,True,True,True,2,0
fixed_overflow-wrapper-0,"{""delta"":2,""x"":6}","{""noise_0"":1,""noise_1"":0,""noise_2"":0,""noise_3"":1}",True,INTEGER_OVERFLOW,INTEGER_OVERFLOW,,True,True,True,True,2,0
fixed_overflow-wrapper-0,"{""delta"":2,""x"":7}","{""noise_0"":1,""noise_1"":0,""noise_2"":0,""noise_3"":1}",True,INTEGER_OVERFLOW,INTEGER_OVERFLOW,,True,True,True,True,2,0
fixed_overflow-wrapper-0,"{""delta"":0,""x"":0}","{""noise_0"":1,""noise_1"":0,""noise_2"":1,""noise_3"":0}",True,INTEGER_OVERFLOW,,,True,True,True,True,2,0
fixed_overflow-wrapper-0,"{""delta"":0,""x"":6}","{""noise_0"":1,""noise_1"":0,""noise_2"":1,""noise_3"":0}",True,INTEGER_OVERFLOW,,,True,True,True,True,2,0
fixed_overflow-wrapper-0,"{""delta"":0,""x"":7}","{""noise_0"":1,""noise_1"":0,""noise_2"":1,""noise_3"":0}",True,INTEGER_OVERFLOW,,,True,True,True,True,2,0
fixed_overflow-wrapper-0,"{""delta"":1,""x"":0}","{""noise_0"":1,""noise_1"":0,""noise_2"":1,""noise_3"":0}",True,INTEGER_OVERFLOW,,,True,True,True,True,2,0
fixed_overflow-wrapper-0,"{""delta"":1,""x"":6}","{""noise_0"":1,""noise_1"":0,""noise_2"":1,""noise_3"":0}",True,INTEGER_OVERFLOW,,,True,True,True,True,2,0
fixed_overflow-wrapper-0,"{""delta"":1,""x"":7}","{""noise_0"":1,""noise_1"":0,""noise_2"":1,""noise_3"":0}",True,INTEGER_OVERFLOW,INTEGER_OVERFLOW,,True,True,True,True,2,0
fixed_overflow-wrapper-0,"{""delta"":2,""x"":0}","{""noise_0"":1,""noise_1"":0,""noise_2"":1,""noise_3"":0}",True,INTEGER_OVERFLOW,,,True,True,True,True,2,0
fixed_overflow-wrapper-0,"{""delta"":2,""x"":6}","{""noise_0"":1,""noise_1"":0,""noise_2"":1,""noise_3"":0}",True,INTEGER_OVERFLOW,INTEGER_OVERFLOW,,True,True,True,True,2,0
fixed_overflow-wrapper-0,"{""delta"":2,""x"":7}","{""noise_0"":1,""noise_1"":0,""noise_2"":1,""noise_3"":0}",True,INTEGER_OVERFLOW,INTEGER_OVERFLOW,,True,True,True,True,2,0
fixed_overflow-wrapper-0,"{""delta"":0,""x"":0}","{""noise_0"":1,""noise_1"":0,""noise_2"":1,""noise_3"":1}",True,INTEGER_OVERFLOW,,,True,True,True,True,2,0
fixed_overflow-wrapper-0,"{""delta"":0,""x"":6}","{""noise_0"":1,""noise_1"":0,""noise_2"":1,""noise_3"":1}",True,INTEGER_OVERFLOW,,,True,True,True,True,2,0
fixed_overflow-wrapper-0,"{""delta"":0,""x"":7}","{""noise_0"":1,""noise_1"":0,""noise_2"":1,""noise_3"":1}",True,INTEGER_OVERFLOW,,,True,True,True,True,2,0
fixed_overflow-wrapper-0,"{""delta"":1,""x"":0}","{""noise_0"":1,""noise_1"":0,""noise_2"":1,""noise_3"":1}",True,INTEGER_OVERFLOW,,,True,True,True,True,2,0
fixed_overflow-wrapper-0,"{""delta"":1,""x"":6}","{""noise_0"":1,""noise_1"":0,""noise_2"":1,""noise_3"":1}",True,INTEGER_OVERFLOW,,,True,True,True,True,2,0
fixed_overflow-wrapper-0,"{""delta"":1,""x"":7}","{""noise_0"":1,""noise_1"":0,""noise_2"":1,""noise_3"":1}",True,INTEGER_OVERFLOW,INTEGER_OVERFLOW,,True,True,True,True,2,0
fixed_overflow-wrapper-0,"{""delta"":2,""x"":0}","{""noise_0"":1,""noise_1"":0,""noise_2"":1,""noise_3"":1}",True,INTEGER_OVERFLOW,,,True,True,True,True,2,0
fixed_overflow-wrapper-0,"{""delta"":2,""x"":6}","{""noise_0"":1,""noise_1"":0,""noise_2"":1,""noise_3"":1}",True,INTEGER_OVERFLOW,INTEGER_OVERFLOW,,True,True,True,True,2,0
fixed_overflow-wrapper-0,"{""delta"":2,""x"":7}","{""noise_0"":1,""noise_1"":0,""noise_2"":1,""noise_3"":1}",True,INTEGER_OVERFLOW,INTEGER_OVERFLOW,,True,True,True,True,2,0
fixed_overflow-wrapper-0,"{""delta"":0,""x"":0}","{""noise_0"":1,""noise_1"":1,""noise_2"":0,""noise_3"":0}",True,INTEGER_OVERFLOW,,,True,True,True,True,2,0
fixed_overflow-wrapper-0,"{""delta"":0,""x"":6}","{""noise_0"":1,""noise_1"":1,""noise_2"":0,""noise_3"":0}",True,INTEGER_OVERFLOW,,,True,True,True,True,2,0
fixed_overflow-wrapper-0,"{""delta"":0,""x"":7}","{""noise_0"":1,""noise_1"":1,""noise_2"":0,""noise_3"":0}",True,INTEGER_OVERFLOW,,,True,True,True,True,2,0
fixed_overflow-wrapper-0,"{""delta"":1,""x"":0}","{""noise_0"":1,""noise_1"":1,""noise_2"":0,""noise_3"":0}",True,INTEGER_OVERFLOW,,,True,True,True,True,2,0
fixed_overflow-wrapper-0,"{""delta"":1,""x"":6}","{""noise_0"":1,""noise_1"":1,""noise_2"":0,""noise_3"":0}",True,INTEGER_OVERFLOW,,,True,True,True,True,2,0
fixed_overflow-wrapper-0,"{""delta"":1,""x"":7}","{""noise_0"":1,""noise_1"":1,""noise_2"":0,""noise_3"":0}",True,INTEGER_OVERFLOW,INTEGER_OVERFLOW,,True,True,True,True,2,0
fixed_overflow-wrapper-0,"{""delta"":2,""x"":0}","{""noise_0"":1,""noise_1"":1,""noise_2"":0,""noise_3"":0}",True,INTEGER_OVERFLOW,,,True,True,True,True,2,0
fixed_overflow-wrapper-0,"{""delta"":2,""x"":6}","{""noise_0"":1,""noise_1"":1,""noise_2"":0,""noise_3"":0}",True,INTEGER_OVERFLOW,INTEGER_OVERFLOW,,True,True,True,True,2,0
fixed_overflow-wrapper-0,"{""delta"":2,""x"":7}","{""noise_0"":1,""noise_1"":1,""noise_2"":0,""noise_3"":0}",True,INTEGER_OVERFLOW,INTEGER_OVERFLOW,,True,True,True,True,2,0
fixed_overflow-wrapper-0,"{""delta"":0,""x"":0}","{""noise_0"":1,""noise_1"":1,""noise_2"":0,""noise_3"":1}",True,INTEGER_OVERFLOW,,,True,True,True,True,2,0
fixed_overflow-wrapper-0,"{""delta"":0,""x"":6}","{""noise_0"":1,""noise_1"":1,""noise_2"":0,""noise_3"":1}",True,INTEGER_OVERFLOW,,,True,True,True,True,2,0
fixed_overflow-wrapper-0,"{""delta"":0,""x"":7}","{""noise_0"":1,""noise_1"":1,""noise_2"":0,""noise_3"":1}",True,INTEGER_OVERFLOW,,,True,True,True,True,2,0
fixed_overflow-wrapper-0,"{""delta"":1,""x"":0}","{""noise_0"":1,""noise_1"":1,""noise_2"":0,""noise_3"":1}",True,INTEGER_OVERFLOW,,,True,True,True,True,2,0
fixed_overflow-wrapper-0,"{""delta"":1,""x"":6}","{""noise_0"":1,""noise_1"":1,""noise_2"":0,""noise_3"":1}",True,INTEGER_OVERFLOW,,,True,True,True,True,2,0
fixed_overflow-wrapper-0,"{""delta"":1,""x"":7}","{""noise_0"":1,""noise_1"":1,""noise_2"":0,""noise_3"":1}",True,INTEGER_OVERFLOW,INTEGER_OVERFLOW,,True,True,True,True,2,0
fixed_overflow-wrapper-0,"{""delta"":2,""x"":0}","{""noise_0"":1,""noise_1"":1,""noise_2"":0,""noise_3"":1}",True,INTEGER_OVERFLOW,,,True,True,True,True,2,0
fixed_overflow-wrapper-0,"{""delta"":2,""x"":6}","{""noise_0"":1,""noise_1"":1,""noise_2"":0,""noise_3"":1}",True,INTEGER_OVERFLOW,INTEGER_OVERFLOW,,True,True,True,True,2,0
fixed_overflow-wrapper-0,"{""delta"":2,""x"":7}","{""noise_0"":1,""noise_1"":1,""noise_2"":0,""noise_3"":1}",True,INTEGER_OVERFLOW,INTEGER_OVERFLOW,,True,True,True,True,2,0
fixed_overflow-wrapper-0,"{""delta"":0,""x"":0}","{""noise_0"":1,""noise_1"":1,""noise_2"":1,""noise_3"":0}",True,INTEGER_OVERFLOW,,,True,True,True,True,2,0
fixed_overflow-wrapper-0,"{""delta"":0,""x"":6}","{""noise_0"":1,""noise_1"":1,""noise_2"":1,""noise_3"":0}",True,INTEGER_OVERFLOW,,,True,True,True,True,2,0
fixed_overflow-wrapper-0,"{""delta"":0,""x"":7}","{""noise_0"":1,""noise_1"":1,""noise_2"":1,""noise_3"":0}",True,INTEGER_OVERFLOW,,,True,True,True,True,2,0
fixed_overflow-wrapper-0,"{""delta"":1,""x"":0}","{""noise_0"":1,""noise_1"":1,""noise_2"":1,""noise_3"":0}",True,INTEGER_OVERFLOW,,,True,True,True,True,2,0
fixed_overflow-wrapper-0,"{""delta"":1,""x"":6}","{""noise_0"":1,""noise_1"":1,""noise_2"":1,""noise_3"":0}",True,INTEGER_OVERFLOW,,,True,True,True,True,2,0
fixed_overflow-wrapper-0,"{""delta"":1,""x"":7}","{""noise_0"":1,""noise_1"":1,""noise_2"":1,""noise_3"":0}",True,INTEGER_OVERFLOW,INTEGER_OVERFLOW,,True,True,True,True,2,0
fixed_overflow-wrapper-0,"{""delta"":2,""x"":0}","{""noise_0"":1,""noise_1"":1,""noise_2"":1,""noise_3"":0}",True,INTEGER_OVERFLOW,,,True,True,True,True,2,0
fixed_overflow-wrapper-0,"{""delta"":2,""x"":6}","{""noise_0"":1,""noise_1"":1,""noise_2"":1,""noise_3"":0}",True,INTEGER_OVERFLOW,INTEGER_OVERFLOW,,True,True,True,True,2,0
fixed_overflow-wrapper-0,"{""delta"":2,""x"":7}","{""noise_0"":1,""noise_1"":1,""noise_2"":1,""noise_3"":0}",True,INTEGER_OVERFLOW,INTEGER_OVERFLOW,,True,True,True,True,2,0
fixed_overflow-wrapper-0,"{""delta"":0,""x"":0}","{""noise_0"":1,""noise_1"":1,""noise_2"":1,""noise_3"":1}",True,INTEGER_OVERFLOW,,,True,True,True,True,2,0
fixed_overflow-wrapper-0,"{""delta"":0,""x"":6}","{""noise_0"":1,""noise_1"":1,""noise_2"":1,""noise_3"":1}",True,INTEGER_OVERFLOW,,,True,True,True,True,2,0
fixed_overflow-wrapper-0,"{""delta"":0,""x"":7}","{""noise_0"":1,""noise_1"":1,""noise_2"":1,""noise_3"":1}",True,INTEGER_OVERFLOW,,,True,True,True,True,2,0
fixed_overflow-wrapper-0,"{""delta"":1,""x"":0}","{""noise_0"":1,""noise_1"":1,""noise_2"":1,""noise_3"":1}",True,INTEGER_OVERFLOW,,,True,True,True,True,2,0
fixed_overflow-wrapper-0,"{""delta"":1,""x"":6}","{""noise_0"":1,""noise_1"":1,""noise_2"":1,""noise_3"":1}",True,INTEGER_OVERFLOW,,,True,True,True,True,2,0
fixed_overflow-wrapper-0,"{""delta"":1,""x"":7}","{""noise_0"":1,""noise_1"":1,""noise_2"":1,""noise_3"":1}",True,INTEGER_OVERFLOW,INTEGER_OVERFLOW,,True,True,True,True,2,0
fixed_overflow-wrapper-0,"{""delta"":2,""x"":0}","{""noise_0"":1,""noise_1"":1,""noise_2"":1,""noise_3"":1}",True,INTEGER_OVERFLOW,,,True,True,True,True,2,0
fixed_overflow-wrapper-0,"{""delta"":2,""x"":6}","{""noise_0"":1,""noise_1"":1,""noise_2"":1,""noise_3"":1}",True,INTEGER_OVERFLOW,INTEGER_OVERFLOW,,True,True,True,True,2,0
fixed_overflow-wrapper-0,"{""delta"":2,""x"":7}","{""noise_0"":1,""noise_1"":1,""noise_2"":1,""noise_3"":1}",True,INTEGER_OVERFLOW,INTEGER_OVERFLOW,,True,True,True,True,2,0
fixed_overflow-wrapper-1,"{""delta"":0,""x"":0}","{""noise_0"":0,""noise_1"":0,""noise_2"":0,""noise_3"":0}",True,INTEGER_OVERFLOW,,,True,True,True,True,2,0
fixed_overflow-wrapper-1,"{""delta"":0,""x"":6}","{""noise_0"":0,""noise_1"":0,""noise_2"":0,""noise_3"":0}",True,INTEGER_OVERFLOW,,,True,True,True,True,2,0
fixed_overflow-wrapper-1,"{""delta"":0,""x"":7}","{""noise_0"":0,""noise_1"":0,""noise_2"":0,""noise_3"":0}",True,INTEGER_OVERFLOW,,,True,True,True,True,2,0
fixed_overflow-wrapper-1,"{""delta"":1,""x"":0}","{""noise_0"":0,""noise_1"":0,""noise_2"":0,""noise_3"":0}",True,INTEGER_OVERFLOW,,,True,True,True,True,2,0
fixed_overflow-wrapper-1,"{""delta"":1,""x"":6}","{""noise_0"":0,""noise_1"":0,""noise_2"":0,""noise_3"":0}",True,INTEGER_OVERFLOW,,,True,True,True,True,2,0
fixed_overflow-wrapper-1,"{""delta"":1,""x"":7}","{""noise_0"":0,""noise_1"":0,""noise_2"":0,""noise_3"":0}",True,INTEGER_OVERFLOW,INTEGER_OVERFLOW,,True,True,True,True,2,0
fixed_overflow-wrapper-1,"{""delta"":2,""x"":0}","{""noise_0"":0,""noise_1"":0,""noise_2"":0,""noise_3"":0}",True,INTEGER_OVERFLOW,,,True,True,True,True,2,0
fixed_overflow-wrapper-1,"{""delta"":2,""x"":6}","{""noise_0"":0,""noise_1"":0,""noise_2"":0,""noise_3"":0}",True,INTEGER_OVERFLOW,INTEGER_OVERFLOW,,True,True,True,True,2,0
fixed_overflow-wrapper-1,"{""delta"":2,""x"":7}","{""noise_0"":0,""noise_1"":0,""noise_2"":0,""noise_3"":0}",True,INTEGER_OVERFLOW,INTEGER_OVERFLOW,,True,True,True,True,2,0
fixed_overflow-wrapper-1,"{""delta"":0,""x"":0}","{""noise_0"":0,""noise_1"":0,""noise_2"":0,""noise_3"":1}",True,INTEGER_OVERFLOW,,,True,True,True,True,2,0
fixed_overflow-wrapper-1,"{""delta"":0,""x"":6}","{""noise_0"":0,""noise_1"":0,""noise_2"":0,""noise_3"":1}",True,INTEGER_OVERFLOW,,,True,True,True,True,2,0
fixed_overflow-wrapper-1,"{""delta"":0,""x"":7}","{""noise_0"":0,""noise_1"":0,""noise_2"":0,""noise_3"":1}",True,INTEGER_OVERFLOW,,,True,True,True,True,2,0
fixed_overflow-wrapper-1,"{""delta"":1,""x"":0}","{""noise_0"":0,""noise_1"":0,""noise_2"":0,""noise_3"":1}",True,INTEGER_OVERFLOW,,,True,True,True,True,2,0
fixed_overflow-wrapper-1,"{""delta"":1,""x"":6}","{""noise_0"":0,""noise_1"":0,""noise_2"":0,""noise_3"":1}",True,INTEGER_OVERFLOW,,,True,True,True,True,2,0
fixed_overflow-wrapper-1,"{""delta"":1,""x"":7}","{""noise_0"":0,""noise_1"":0,""noise_2"":0,""noise_3"":1}",True,INTEGER_OVERFLOW,INTEGER_OVERFLOW,,True,True,True,True,2,0
fixed_overflow-wrapper-1,"{""delta"":2,""x"":0}","{""noise_0"":0,""noise_1"":0,""noise_2"":0,""noise_3"":1}",True,INTEGER_OVERFLOW,,,True,True,True,True,2,0
fixed_overflow-wrapper-1,"{""delta"":2,""x"":6}","{""noise_0"":0,""noise_1"":0,""noise_2"":0,""noise_3"":1}",True,INTEGER_OVERFLOW,INTEGER_OVERFLOW,,True,True,True,True,2,0
fixed_overflow-wrapper-1,"{""delta"":2,""x"":7}","{""noise_0"":0,""noise_1"":0,""noise_2"":0,""noise_3"":1}",True,INTEGER_OVERFLOW,INTEGER_OVERFLOW,,True,True,True,True,2,0
fixed_overflow-wrapper-1,"{""delta"":0,""x"":0}","{""noise_0"":0,""noise_1"":0,""noise_2"":1,""noise_3"":0}",True,INTEGER_OVERFLOW,,,True,True,True,True,2,0
fixed_overflow-wrapper-1,"{""delta"":0,""x"":6}","{""noise_0"":0,""noise_1"":0,""noise_2"":1,""noise_3"":0}",True,INTEGER_OVERFLOW,,,True,True,True,True,2,0
fixed_overflow-wrapper-1,"{""delta"":0,""x"":7}","{""noise_0"":0,""noise_1"":0,""noise_2"":1,""noise_3"":0}",True,INTEGER_OVERFLOW,,,True,True,True,True,2,0
fixed_overflow-wrapper-1,"{""delta"":1,""x"":0}","{""noise_0"":0,""noise_1"":0,""noise_2"":1,""noise_3"":0}",True,INTEGER_OVERFLOW,,,True,True,True,True,2,0
fixed_overflow-wrapper-1,"{""delta"":1,""x"":6}","{""noise_0"":0,""noise_1"":0,""noise_2"":1,""noise_3"":0}",True,INTEGER_OVERFLOW,,,True,True,True,True,2,0
fixed_overflow-wrapper-1,"{""delta"":1,""x"":7}","{""noise_0"":0,""noise_1"":0,""noise_2"":1,""noise_3"":0}",True,INTEGER_OVERFLOW,INTEGER_OVERFLOW,,True,True,True,True,2,0
fixed_overflow-wrapper-1,"{""delta"":2,""x"":0}","{""noise_0"":0,""noise_1"":0,""noise_2"":1,""noise_3"":0}",True,INTEGER_OVERFLOW,,,True,True,True,True,2,0
fixed_overflow-wrapper-1,"{""delta"":2,""x"":6}","{""noise_0"":0,""noise_1"":0,""noise_2"":1,""noise_3"":0}",True,INTEGER_OVERFLOW,INTEGER_OVERFLOW,,True,True,True,True,2,0
fixed_overflow-wrapper-1,"{""delta"":2,""x"":7}","{""noise_0"":0,""noise_1"":0,""noise_2"":1,""noise_3"":0}",True,INTEGER_OVERFLOW,INTEGER_OVERFLOW,,True,True,True,True,2,0
fixed_overflow-wrapper-1,"{""delta"":0,""x"":0}","{""noise_0"":0,""noise_1"":0,""noise_2"":1,""noise_3"":1}",True,INTEGER_OVERFLOW,,,True,True,True,True,2,0
fixed_overflow-wrapper-1,"{""delta"":0,""x"":6}","{""noise_0"":0,""noise_1"":0,""noise_2"":1,""noise_3"":1}",True,INTEGER_OVERFLOW,,,True,True,True,True,2,0
fixed_overflow-wrapper-1,"{""delta"":0,""x"":7}","{""noise_0"":0,""noise_1"":0,""noise_2"":1,""noise_3"":1}",True,INTEGER_OVERFLOW,,,True,True,True,True,2,0
fixed_overflow-wrapper-1,"{""delta"":1,""x"":0}","{""noise_0"":0,""noise_1"":0,""noise_2"":1,""noise_3"":1}",True,INTEGER_OVERFLOW,,,True,True,True,True,2,0
fixed_overflow-wrapper-1,"{""delta"":1,""x"":6}","{""noise_0"":0,""noise_1"":0,""noise_2"":1,""noise_3"":1}",True,INTEGER_OVERFLOW,,,True,True,True,True,2,0
fixed_overflow-wrapper-1,"{""delta"":1,""x"":7}","{""noise_0"":0,""noise_1"":0,""noise_2"":1,""noise_3"":1}",True,INTEGER_OVERFLOW,INTEGER_OVERFLOW,,True,True,True,True,2,0
fixed_overflow-wrapper-1,"{""delta"":2,""x"":0}","{""noise_0"":0,""noise_1"":0,""noise_2"":1,""noise_3"":1}",True,INTEGER_OVERFLOW,,,True,True,True,True,2,0
fixed_overflow-wrapper-1,"{""delta"":2,""x"":6}","{""noise_0"":0,""noise_1"":0,""noise_2"":1,""noise_3"":1}",True,INTEGER_OVERFLOW,INTEGER_OVERFLOW,,True,True,True,True,2,0
fixed_overflow-wrapper-1,"{""delta"":2,""x"":7}","{""noise_0"":0,""noise_1"":0,""noise_2"":1,""noise_3"":1}",True,INTEGER_OVERFLOW,INTEGER_OVERFLOW,,True,True,True,True,2,0
fixed_overflow-wrapper-1,"{""delta"":0,""x"":0}","{""noise_0"":0,""noise_1"":1,""noise_2"":0,""noise_3"":0}",True,INTEGER_OVERFLOW,,,True,True,True,True,2,0
fixed_overflow-wrapper-1,"{""delta"":0,""x"":6}","{""noise_0"":0,""noise_1"":1,""noise_2"":0,""noise_3"":0}",True,INTEGER_OVERFLOW,,,True,True,True,True,2,0
fixed_overflow-wrapper-1,"{""delta"":0,""x"":7}","{""noise_0"":0,""noise_1"":1,""noise_2"":0,""noise_3"":0}",True,INTEGER_OVERFLOW,,,True,True,True,True,2,0
fixed_overflow-wrapper-1,"{""delta"":1,""x"":0}","{""noise_0"":0,""noise_1"":1,""noise_2"":0,""noise_3"":0}",True,INTEGER_OVERFLOW,,,True,True,True,True,2,0
fixed_overflow-wrapper-1,"{""delta"":1,""x"":6}","{""noise_0"":0,""noise_1"":1,""noise_2"":0,""noise_3"":0}",True,INTEGER_OVERFLOW,,,True,True,True,True,2,0
fixed_overflow-wrapper-1,"{""delta"":1,""x"":7}","{""noise_0"":0,""noise_1"":1,""noise_2"":0,""noise_3"":0}",True,INTEGER_OVERFLOW,INTEGER_OVERFLOW,,True,True,True,True,2,0
fixed_overflow-wrapper-1,"{""delta"":2,""x"":0}","{""noise_0"":0,""noise_1"":1,""noise_2"":0,""noise_3"":0}",True,INTEGER_OVERFLOW,,,True,True,True,True,2,0
fixed_overflow-wrapper-1,"{""delta"":2,""x"":6}","{""noise_0"":0,""noise_1"":1,""noise_2"":0,""noise_3"":0}",True,INTEGER_OVERFLOW,INTEGER_OVERFLOW,,True,True,True,True,2,0
fixed_overflow-wrapper-1,"{""delta"":2,""x"":7}","{""noise_0"":0,""noise_1"":1,""noise_2"":0,""noise_3"":0}",True,INTEGER_OVERFLOW,INTEGER_OVERFLOW,,True,True,True,True,2,0
fixed_overflow-wrapper-1,"{""delta"":0,""x"":0}","{""noise_0"":0,""noise_1"":1,""noise_2"":0,""noise_3"":1}",True,INTEGER_OVERFLOW,,,True,True,True,True,2,0
fixed_overflow-wrapper-1,"{""delta"":0,""x"":6}","{""noise_0"":0,""noise_1"":1,""noise_2"":0,""noise_3"":1}",True,INTEGER_OVERFLOW,,,True,True,True,True,2,0
fixed_overflow-wrapper-1,"{""delta"":0,""x"":7}","{""noise_0"":0,""noise_1"":1,""noise_2"":0,""noise_3"":1}",True,INTEGER_OVERFLOW,,,True,True,True,True,2,0
fixed_overflow-wrapper-1,"{""delta"":1,""x"":0}","{""noise_0"":0,""noise_1"":1,""noise_2"":0,""noise_3"":1}",True,INTEGER_OVERFLOW,,,True,True,True,True,2,0
fixed_overflow-wrapper-1,"{""delta"":1,""x"":6}","{""noise_0"":0,""noise_1"":1,""noise_2"":0,""noise_3"":1}",True,INTEGER_OVERFLOW,,,True,True,True,True,2,0
fixed_overflow-wrapper-1,"{""delta"":1,""x"":7}","{""noise_0"":0,""noise_1"":1,""noise_2"":0,""noise_3"":1}",True,INTEGER_OVERFLOW,INTEGER_OVERFLOW,,True,True,True,True,2,0
fixed_overflow-wrapper-1,"{""delta"":2,""x"":0}","{""noise_0"":0,""noise_1"":1,""noise_2"":0,""noise_3"":1}",True,INTEGER_OVERFLOW,,,True,True,True,True,2,0
fixed_overflow-wrapper-1,"{""delta"":2,""x"":6}","{""noise_0"":0,""noise_1"":1,""noise_2"":0,""noise_3"":1}",True,INTEGER_OVERFLOW,INTEGER_OVERFLOW,,True,True,True,True,2,0
fixed_overflow-wrapper-1,"{""delta"":2,""x"":7}","{""noise_0"":0,""noise_1"":1,""noise_2"":0,""noise_3"":1}",True,INTEGER_OVERFLOW,INTEGER_OVERFLOW,,True,True,True,True,2,0
fixed_overflow-wrapper-1,"{""delta"":0,""x"":0}","{""noise_0"":0,""noise_1"":1,""noise_2"":1,""noise_3"":0}",True,INTEGER_OVERFLOW,,,True,True,True,True,2,0
fixed_overflow-wrapper-1,"{""delta"":0,""x"":6}","{""noise_0"":0,""noise_1"":1,""noise_2"":1,""noise_3"":0}",True,INTEGER_OVERFLOW,,,True,True,True,True,2,0
fixed_overflow-wrapper-1,"{""delta"":0,""x"":7}","{""noise_0"":0,""noise_1"":1,""noise_2"":1,""noise_3"":0}",True,INTEGER_OVERFLOW,,,True,True,True,True,2,0
fixed_overflow-wrapper-1,"{""delta"":1,""x"":0}","{""noise_0"":0,""noise_1"":1,""noise_2"":1,""noise_3"":0}",True,INTEGER_OVERFLOW,,,True,True,True,True,2,0
fixed_overflow-wrapper-1,"{""delta"":1,""x"":6}","{""noise_0"":0,""noise_1"":1,""noise_2"":1,""noise_3"":0}",True,INTEGER_OVERFLOW,,,True,True,True,True,2,0
fixed_overflow-wrapper-1,"{""delta"":1,""x"":7}","{""noise_0"":0,""noise_1"":1,""noise_2"":1,""noise_3"":0}",True,INTEGER_OVERFLOW,INTEGER_OVERFLOW,,True,True,True,True,2,0
fixed_overflow-wrapper-1,"{""delta"":2,""x"":0}","{""noise_0"":0,""noise_1"":1,""noise_2"":1,""noise_3"":0}",True,INTEGER_OVERFLOW,,,True,True,True,True,2,0
fixed_overflow-wrapper-1,"{""delta"":2,""x"":6}","{""noise_0"":0,""noise_1"":1,""noise_2"":1,""noise_3"":0}",True,INTEGER_OVERFLOW,INTEGER_OVERFLOW,,True,True,True,True,2,0
fixed_overflow-wrapper-1,"{""delta"":2,""x"":7}","{""noise_0"":0,""noise_1"":1,""noise_2"":1,""noise_3"":0}",True,INTEGER_OVERFLOW,INTEGER_OVERFLOW,,True,True,True,True,2,0
fixed_overflow-wrapper-1,"{""delta"":0,""x"":0}","{""noise_0"":0,""noise_1"":1,""noise_2"":1,""noise_3"":1}",True,INTEGER_OVERFLOW,,,True,True,True,True,2,0
fixed_overflow-wrapper-1,"{""delta"":0,""x"":6}","{""noise_0"":0,""noise_1"":1,""noise_2"":1,""noise_3"":1}",True,INTEGER_OVERFLOW,,,True,True,True,True,2,0
fixed_overflow-wrapper-1,"{""delta"":0,""x"":7}","{""noise_0"":0,""noise_1"":1,""noise_2"":1,""noise_3"":1}",True,INTEGER_OVERFLOW,,,True,True,True,True,2,0
fixed_overflow-wrapper-1,"{""delta"":1,""x"":0}","{""noise_0"":0,""noise_1"":1,""noise_2"":1,""noise_3"":1}",True,INTEGER_OVERFLOW,,,True,True,True,True,2,0
fixed_overflow-wrapper-1,"{""delta"":1,""x"":6}","{""noise_0"":0,""noise_1"":1,""noise_2"":1,""noise_3"":1}",True,INTEGER_OVERFLOW,,,True,True,True,True,2,0
fixed_overflow-wrapper-1,"{""delta"":1,""x"":7}","{""noise_0"":0,""noise_1"":1,""noise_2"":1,""noise_3"":1}",True,INTEGER_OVERFLOW,INTEGER_OVERFLOW,,True,True,True,True,2,0
fixed_overflow-wrapper-1,"{""delta"":2,""x"":0}","{""noise_0"":0,""noise_1"":1,""noise_2"":1,""noise_3"":1}",True,INTEGER_OVERFLOW,,,True,True,True,True,2,0
fixed_overflow-wrapper-1,"{""delta"":2,""x"":6}","{""noise_0"":0,""noise_1"":1,""noise_2"":1,""noise_3"":1}",True,INTEGER_OVERFLOW,INTEGER_OVERFLOW,,True,True,True,True,2,0
fixed_overflow-wrapper-1,"{""delta"":2,""x"":7}","{""noise_0"":0,""noise_1"":1,""noise_2"":1,""noise_3"":1}",True,INTEGER_OVERFLOW,INTEGER_OVERFLOW,,True,True,True,True,2,0
fixed_overflow-wrapper-1,"{""delta"":0,""x"":0}","{""noise_0"":1,""noise_1"":0,""noise_2"":0,""noise_3"":0}",True,INTEGER_OVERFLOW,,,True,True,True,True,2,0
fixed_overflow-wrapper-1,"{""delta"":0,""x"":6}","{""noise_0"":1,""noise_1"":0,""noise_2"":0,""noise_3"":0}",True,INTEGER_OVERFLOW,,,True,True,True,True,2,0
fixed_overflow-wrapper-1,"{""delta"":0,""x"":7}","{""noise_0"":1,""noise_1"":0,""noise_2"":0,""noise_3"":0}",True,INTEGER_OVERFLOW,,,True,True,True,True,2,0
fixed_overflow-wrapper-1,"{""delta"":1,""x"":0}","{""noise_0"":1,""noise_1"":0,""noise_2"":0,""noise_3"":0}",True,INTEGER_OVERFLOW,,,True,True,True,True,2,0
fixed_overflow-wrapper-1,"{""delta"":1,""x"":6}","{""noise_0"":1,""noise_1"":0,""noise_2"":0,""noise_3"":0}",True,INTEGER_OVERFLOW,,,True,True,True,True,2,0
fixed_overflow-wrapper-1,"{""delta"":1,""x"":7}","{""noise_0"":1,""noise_1"":0,""noise_2"":0,""noise_3"":0}",True,INTEGER_OVERFLOW,INTEGER_OVERFLOW,,True,True,True,True,2,0
fixed_overflow-wrapper-1,"{""delta"":2,""x"":0}","{""noise_0"":1,""noise_1"":0,""noise_2"":0,""noise_3"":0}",True,INTEGER_OVERFLOW,,,True,True,True,True,2,0
fixed_overflow-wrapper-1,"{""delta"":2,""x"":6}","{""noise_0"":1,""noise_1"":0,""noise_2"":0,""noise_3"":0}",True,INTEGER_OVERFLOW,INTEGER_OVERFLOW,,True,True,True,True,2,0
fixed_overflow-wrapper-1,"{""delta"":2,""x"":7}","{""noise_0"":1,""noise_1"":0,""noise_2"":0,""noise_3"":0}",True,INTEGER_OVERFLOW,INTEGER_OVERFLOW,,True,True,True,True,2,0
fixed_overflow-wrapper-1,"{""delta"":0,""x"":0}","{""noise_0"":1,""noise_1"":0,""noise_2"":0,""noise_3"":1}",True,INTEGER_OVERFLOW,,,True,True,True,True,2,0
fixed_overflow-wrapper-1,"{""delta"":0,""x"":6}","{""noise_0"":1,""noise_1"":0,""noise_2"":0,""noise_3"":1}",True,INTEGER_OVERFLOW,,,True,True,True,True,2,0
fixed_overflow-wrapper-1,"{""delta"":0,""x"":7}","{""noise_0"":1,""noise_1"":0,""noise_2"":0,""noise_3"":1}",True,INTEGER_OVERFLOW,,,True,True,True,True,2,0
fixed_overflow-wrapper-1,"{""delta"":1,""x"":0}","{""noise_0"":1,""noise_1"":0,""noise_2"":0,""noise_3"":1}",True,INTEGER_OVERFLOW,,,True,True,True,True,2,0
fixed_overflow-wrapper-1,"{""delta"":1,""x"":6}","{""noise_0"":1,""noise_1"":0,""noise_2"":0,""noise_3"":1}",True,INTEGER_OVERFLOW,,,True,True,True,True,2,0
fixed_overflow-wrapper-1,"{""delta"":1,""x"":7}","{""noise_0"":1,""noise_1"":0,""noise_2"":0,""noise_3"":1}",True,INTEGER_OVERFLOW,INTEGER_OVERFLOW,,True,True,True,True,2,0
fixed_overflow-wrapper-1,"{""delta"":2,""x"":0}","{""noise_0"":1,""noise_1"":0,""noise_2"":0,""noise_3"":1}",True,INTEGER_OVERFLOW,,,True,True,True,True,2,0
fixed_overflow-wrapper-1,"{""delta"":2,""x"":6}","{""noise_0"":1,""noise_1"":0,""noise_2"":0,""noise_3"":1}",True,INTEGER_OVERFLOW,INTEGER_OVERFLOW,,True,True,True,True,2,0
fixed_overflow-wrapper-1,"{""delta"":2,""x"":7}","{""noise_0"":1,""noise_1"":0,""noise_2"":0,""noise_3"":1}",True,INTEGER_OVERFLOW,INTEGER_OVERFLOW,,True,True,True,True,2,0
fixed_overflow-wrapper-1,"{""delta"":0,""x"":0}","{""noise_0"":1,""noise_1"":0,""noise_2"":1,""noise_3"":0}",True,INTEGER_OVERFLOW,,,True,True,True,True,2,0
fixed_overflow-wrapper-1,"{""delta"":0,""x"":6}","{""noise_0"":1,""noise_1"":0,""noise_2"":1,""noise_3"":0}",True,INTEGER_OVERFLOW,,,True,True,True,True,2,0
fixed_overflow-wrapper-1,"{""delta"":0,""x"":7}","{""noise_0"":1,""noise_1"":0,""noise_2"":1,""noise_3"":0}",True,INTEGER_OVERFLOW,,,True,True,True,True,2,0
fixed_overflow-wrapper-1,"{""delta"":1,""x"":0}","{""noise_0"":1,""noise_1"":0,""noise_2"":1,""noise_3"":0}",True,INTEGER_OVERFLOW,,,True,True,True,True,2,0
fixed_overflow-wrapper-1,"{""delta"":1,""x"":6}","{""noise_0"":1,""noise_1"":0,""noise_2"":1,""noise_3"":0}",True,INTEGER_OVERFLOW,,,True,True,True,True,2,0
fixed_overflow-wrapper-1,"{""delta"":1,""x"":7}","{""noise_0"":1,""noise_1"":0,""noise_2"":1,""noise_3"":0}",True,INTEGER_OVERFLOW,INTEGER_OVERFLOW,,True,True,True,True,2,0
fixed_overflow-wrapper-1,"{""delta"":2,""x"":0}","{""noise_0"":1,""noise_1"":0,""noise_2"":1,""noise_3"":0}",True,INTEGER_OVERFLOW,,,True,True,True,True,2,0
fixed_overflow-wrapper-1,"{""delta"":2,""x"":6}","{""noise_0"":1,""noise_1"":0,""noise_2"":1,""noise_3"":0}",True,INTEGER_OVERFLOW,INTEGER_OVERFLOW,,True,True,True,True,2,0
fixed_overflow-wrapper-1,"{""delta"":2,""x"":7}","{""noise_0"":1,""noise_1"":0,""noise_2"":1,""noise_3"":0}",True,INTEGER_OVERFLOW,INTEGER_OVERFLOW,,True,True,True,True,2,0
fixed_overflow-wrapper-1,"{""delta"":0,""x"":0}","{""noise_0"":1,""noise_1"":0,""noise_2"":1,""noise_3"":1}",True,INTEGER_OVERFLOW,,,True,True,True,True,2,0
fixed_overflow-wrapper-1,"{""delta"":0,""x"":6}","{""noise_0"":1,""noise_1"":0,""noise_2"":1,""noise_3"":1}",True,INTEGER_OVERFLOW,,,True,True,True,True,2,0
fixed_overflow-wrapper-1,"{""delta"":0,""x"":7}","{""noise_0"":1,""noise_1"":0,""noise_2"":1,""noise_3"":1}",True,INTEGER_OVERFLOW,,,True,True,True,True,2,0
fixed_overflow-wrapper-1,"{""delta"":1,""x"":0}","{""noise_0"":1,""noise_1"":0,""noise_2"":1,""noise_3"":1}",True,INTEGER_OVERFLOW,,,True,True,True,True,2,0
fixed_overflow-wrapper-1,"{""delta"":1,""x"":6}","{""noise_0"":1,""noise_1"":0,""noise_2"":1,""noise_3"":1}",True,INTEGER_OVERFLOW,,,True,True,True,True,2,0
fixed_overflow-wrapper-1,"{""delta"":1,""x"":7}","{""noise_0"":1,""noise_1"":0,""noise_2"":1,""noise_3"":1}",True,INTEGER_OVERFLOW,INTEGER_OVERFLOW,,True,True,True,True,2,0
fixed_overflow-wrapper-1,"{""delta"":2,""x"":0}","{""noise_0"":1,""noise_1"":0,""noise_2"":1,""noise_3"":1}",True,INTEGER_OVERFLOW,,,True,True,True,True,2,0
fixed_overflow-wrapper-1,"{""delta"":2,""x"":6}","{""noise_0"":1,""noise_1"":0,""noise_2"":1,""noise_3"":1}",True,INTEGER_OVERFLOW,INTEGER_OVERFLOW,,True,True,True,True,2,0
fixed_overflow-wrapper-1,"{""delta"":2,""x"":7}","{""noise_0"":1,""noise_1"":0,""noise_2"":1,""noise_3"":1}",True,INTEGER_OVERFLOW,INTEGER_OVERFLOW,,True,True,True,True,2,0
fixed_overflow-wrapper-1,"{""delta"":0,""x"":0}","{""noise_0"":1,""noise_1"":1,""noise_2"":0,""noise_3"":0}",True,INTEGER_OVERFLOW,,,True,True,True,True,2,0
fixed_overflow-wrapper-1,"{""delta"":0,""x"":6}","{""noise_0"":1,""noise_1"":1,""noise_2"":0,""noise_3"":0}",True,INTEGER_OVERFLOW,,,True,True,True,True,2,0
fixed_overflow-wrapper-1,"{""delta"":0,""x"":7}","{""noise_0"":1,""noise_1"":1,""noise_2"":0,""noise_3"":0}",True,INTEGER_OVERFLOW,,,True,True,True,True,2,0
fixed_overflow-wrapper-1,"{""delta"":1,""x"":0}","{""noise_0"":1,""noise_1"":1,""noise_2"":0,""noise_3"":0}",True,INTEGER_OVERFLOW,,,True,True,True,True,2,0
fixed_overflow-wrapper-1,"{""delta"":1,""x"":6}","{""noise_0"":1,""noise_1"":1,""noise_2"":0,""noise_3"":0}",True,INTEGER_OVERFLOW,,,True,True,True,True,2,0
fixed_overflow-wrapper-1,"{""delta"":1,""x"":7}","{""noise_0"":1,""noise_1"":1,""noise_2"":0,""noise_3"":0}",True,INTEGER_OVERFLOW,INTEGER_OVERFLOW,,True,True,True,True,2,0
fixed_overflow-wrapper-1,"{""delta"":2,""x"":0}","{""noise_0"":1,""noise_1"":1,""noise_2"":0,""noise_3"":0}",True,INTEGER_OVERFLOW,,,True,True,True,True,2,0
fixed_overflow-wrapper-1,"{""delta"":2,""x"":6}","{""noise_0"":1,""noise_1"":1,""noise_2"":0,""noise_3"":0}",True,INTEGER_OVERFLOW,INTEGER_OVERFLOW,,True,True,True,True,2,0
fixed_overflow-wrapper-1,"{""delta"":2,""x"":7}","{""noise_0"":1,""noise_1"":1,""noise_2"":0,""noise_3"":0}",True,INTEGER_OVERFLOW,INTEGER_OVERFLOW,,True,True,True,True,2,0
fixed_overflow-wrapper-1,"{""delta"":0,""x"":0}","{""noise_0"":1,""noise_1"":1,""noise_2"":0,""noise_3"":1}",True,INTEGER_OVERFLOW,,,True,True,True,True,2,0
fixed_overflow-wrapper-1,"{""delta"":0,""x"":6}","{""noise_0"":1,""noise_1"":1,""noise_2"":0,""noise_3"":1}",True,INTEGER_OVERFLOW,,,True,True,True,True,2,0
fixed_overflow-wrapper-1,"{""delta"":0,""x"":7}","{""noise_0"":1,""noise_1"":1,""noise_2"":0,""noise_3"":1}",True,INTEGER_OVERFLOW,,,True,True,True,True,2,0
fixed_overflow-wrapper-1,"{""delta"":1,""x"":0}","{""noise_0"":1,""noise_1"":1,""noise_2"":0,""noise_3"":1}",True,INTEGER_OVERFLOW,,,True,True,True,True,2,0
fixed_overflow-wrapper-1,"{""delta"":1,""x"":6}","{""noise_0"":1,""noise_1"":1,""noise_2"":0,""noise_3"":1}",True,INTEGER_OVERFLOW,,,True,True,True,True,2,0
fixed_overflow-wrapper-1,"{""delta"":1,""x"":7}","{""noise_0"":1,""noise_1"":1,""noise_2"":0,""noise_3"":1}",True,INTEGER_OVERFLOW,INTEGER_OVERFLOW,,True,True,True,True,2,0
fixed_overflow-wrapper-1,"{""delta"":2,""x"":0}","{""noise_0"":1,""noise_1"":1,""noise_2"":0,""noise_3"":1}",True,INTEGER_OVERFLOW,,,True,True,True,True,2,0
fixed_overflow-wrapper-1,"{""delta"":2,""x"":6}","{""noise_0"":1,""noise_1"":1,""noise_2"":0,""noise_3"":1}",True,INTEGER_OVERFLOW,INTEGER_OVERFLOW,,True,True,True,True,2,0
fixed_overflow-wrapper-1,"{""delta"":2,""x"":7}","{""noise_0"":1,""noise_1"":1,""noise_2"":0,""noise_3"":1}",True,INTEGER_OVERFLOW,INTEGER_OVERFLOW,,True,True,True,True,2,0
fixed_overflow-wrapper-1,"{""delta"":0,""x"":0}","{""noise_0"":1,""noise_1"":1,""noise_2"":1,""noise_3"":0}",True,INTEGER_OVERFLOW,,,True,True,True,True,2,0
fixed_overflow-wrapper-1,"{""delta"":0,""x"":6}","{""noise_0"":1,""noise_1"":1,""noise_2"":1,""noise_3"":0}",True,INTEGER_OVERFLOW,,,True,True,True,True,2,0
fixed_overflow-wrapper-1,"{""delta"":0,""x"":7}","{""noise_0"":1,""noise_1"":1,""noise_2"":1,""noise_3"":0}",True,INTEGER_OVERFLOW,,,True,True,True,True,2,0
fixed_overflow-wrapper-1,"{""delta"":1,""x"":0}","{""noise_0"":1,""noise_1"":1,""noise_2"":1,""noise_3"":0}",True,INTEGER_OVERFLOW,,,True,True,True,True,2,0
fixed_overflow-wrapper-1,"{""delta"":1,""x"":6}","{""noise_0"":1,""noise_1"":1,""noise_2"":1,""noise_3"":0}",True,INTEGER_OVERFLOW,,,True,True,True,True,2,0
fixed_overflow-wrapper-1,"{""delta"":1,""x"":7}","{""noise_0"":1,""noise_1"":1,""noise_2"":1,""noise_3"":0}",True,INTEGER_OVERFLOW,INTEGER_OVERFLOW,,True,True,True,True,2,0
fixed_overflow-wrapper-1,"{""delta"":2,""x"":0}","{""noise_0"":1,""noise_1"":1,""noise_2"":1,""noise_3"":0}",True,INTEGER_OVERFLOW,,,True,True,True,True,2,0
fixed_overflow-wrapper-1,"{""delta"":2,""x"":6}","{""noise_0"":1,""noise_1"":1,""noise_2"":1,""noise_3"":0}",True,INTEGER_OVERFLOW,INTEGER_OVERFLOW,,True,True,True,True,2,0
fixed_overflow-wrapper-1,"{""delta"":2,""x"":7}","{""noise_0"":1,""noise_1"":1,""noise_2"":1,""noise_3"":0}",True,INTEGER_OVERFLOW,INTEGER_OVERFLOW,,True,True,True,True,2,0
fixed_overflow-wrapper-1,"{""delta"":0,""x"":0}","{""noise_0"":1,""noise_1"":1,""noise_2"":1,""noise_3"":1}",True,INTEGER_OVERFLOW,,,True,True,True,True,2,0
fixed_overflow-wrapper-1,"{""delta"":0,""x"":6}","{""noise_0"":1,""noise_1"":1,""noise_2"":1,""noise_3"":1}",True,INTEGER_OVERFLOW,,,True,True,True,True,2,0
fixed_overflow-wrapper-1,"{""delta"":0,""x"":7}","{""noise_0"":1,""noise_1"":1,""noise_2"":1,""noise_3"":1}",True,INTEGER_OVERFLOW,,,True,True,True,True,2,0
fixed_overflow-wrapper-1,"{""delta"":1,""x"":0}","{""noise_0"":1,""noise_1"":1,""noise_2"":1,""noise_3"":1}",True,INTEGER_OVERFLOW,,,True,True,True,True,2,0
fixed_overflow-wrapper-1,"{""delta"":1,""x"":6}","{""noise_0"":1,""noise_1"":1,""noise_2"":1,""noise_3"":1}",True,INTEGER_OVERFLOW,,,True,True,True,True,2,0
fixed_overflow-wrapper-1,"{""delta"":1,""x"":7}","{""noise_0"":1,""noise_1"":1,""noise_2"":1,""noise_3"":1}",True,INTEGER_OVERFLOW,INTEGER_OVERFLOW,,True,True,True,True,2,0
fixed_overflow-wrapper-1,"{""delta"":2,""x"":0}","{""noise_0"":1,""noise_1"":1,""noise_2"":1,""noise_3"":1}",True,INTEGER_OVERFLOW,,,True,True,True,True,2,0
fixed_overflow-wrapper-1,"{""delta"":2,""x"":6}","{""noise_0"":1,""noise_1"":1,""noise_2"":1,""noise_3"":1}",True,INTEGER_OVERFLOW,INTEGER_OVERFLOW,,True,True,True,True,2,0
fixed_overflow-wrapper-1,"{""delta"":2,""x"":7}","{""noise_0"":1,""noise_1"":1,""noise_2"":1,""noise_3"":1}",True,INTEGER_OVERFLOW,INTEGER_OVERFLOW,,True,True,True,True,2,0
fixed_overflow-wrapper-2,"{""delta"":0,""x"":0}","{""noise_0"":0,""noise_1"":0,""noise_2"":0,""noise_3"":0}",True,INTEGER_OVERFLOW,,,True,True,True,True,2,0
fixed_overflow-wrapper-2,"{""delta"":0,""x"":6}","{""noise_0"":0,""noise_1"":0,""noise_2"":0,""noise_3"":0}",True,INTEGER_OVERFLOW,,,True,True,True,True,2,0
fixed_overflow-wrapper-2,"{""delta"":0,""x"":7}","{""noise_0"":0,""noise_1"":0,""noise_2"":0,""noise_3"":0}",True,INTEGER_OVERFLOW,,,True,True,True,True,2,0
fixed_overflow-wrapper-2,"{""delta"":1,""x"":0}","{""noise_0"":0,""noise_1"":0,""noise_2"":0,""noise_3"":0}",True,INTEGER_OVERFLOW,,,True,True,True,True,2,0
fixed_overflow-wrapper-2,"{""delta"":1,""x"":6}","{""noise_0"":0,""noise_1"":0,""noise_2"":0,""noise_3"":0}",True,INTEGER_OVERFLOW,,,True,True,True,True,2,0
fixed_overflow-wrapper-2,"{""delta"":1,""x"":7}","{""noise_0"":0,""noise_1"":0,""noise_2"":0,""noise_3"":0}",True,INTEGER_OVERFLOW,INTEGER_OVERFLOW,,True,True,True,True,2,0
fixed_overflow-wrapper-2,"{""delta"":2,""x"":0}","{""noise_0"":0,""noise_1"":0,""noise_2"":0,""noise_3"":0}",True,INTEGER_OVERFLOW,,,True,True,True,True,2,0
fixed_overflow-wrapper-2,"{""delta"":2,""x"":6}","{""noise_0"":0,""noise_1"":0,""noise_2"":0,""noise_3"":0}",True,INTEGER_OVERFLOW,INTEGER_OVERFLOW,,True,True,True,True,2,0
fixed_overflow-wrapper-2,"{""delta"":2,""x"":7}","{""noise_0"":0,""noise_1"":0,""noise_2"":0,""noise_3"":0}",True,INTEGER_OVERFLOW,INTEGER_OVERFLOW,,True,True,True,True,2,0
fixed_overflow-wrapper-2,"{""delta"":0,""x"":0}","{""noise_0"":0,""noise_1"":0,""noise_2"":0,""noise_3"":1}",True,INTEGER_OVERFLOW,,,True,True,True,True,2,0
fixed_overflow-wrapper-2,"{""delta"":0,""x"":6}","{""noise_0"":0,""noise_1"":0,""noise_2"":0,""noise_3"":1}",True,INTEGER_OVERFLOW,,,True,True,True,True,2,0
fixed_overflow-wrapper-2,"{""delta"":0,""x"":7}","{""noise_0"":0,""noise_1"":0,""noise_2"":0,""noise_3"":1}",True,INTEGER_OVERFLOW,,,True,True,True,True,2,0
fixed_overflow-wrapper-2,"{""delta"":1,""x"":0}","{""noise_0"":0,""noise_1"":0,""noise_2"":0,""noise_3"":1}",True,INTEGER_OVERFLOW,,,True,True,True,True,2,0
fixed_overflow-wrapper-2,"{""delta"":1,""x"":6}","{""noise_0"":0,""noise_1"":0,""noise_2"":0,""noise_3"":1}",True,INTEGER_OVERFLOW,,,True,True,True,True,2,0
fixed_overflow-wrapper-2,"{""delta"":1,""x"":7}","{""noise_0"":0,""noise_1"":0,""noise_2"":0,""noise_3"":1}",True,INTEGER_OVERFLOW,INTEGER_OVERFLOW,,True,True,True,True,2,0
fixed_overflow-wrapper-2,"{""delta"":2,""x"":0}","{""noise_0"":0,""noise_1"":0,""noise_2"":0,""noise_3"":1}",True,INTEGER_OVERFLOW,,,True,True,True,True,2,0
fixed_overflow-wrapper-2,"{""delta"":2,""x"":6}","{""noise_0"":0,""noise_1"":0,""noise_2"":0,""noise_3"":1}",True,INTEGER_OVERFLOW,INTEGER_OVERFLOW,,True,True,True,True,2,0
fixed_overflow-wrapper-2,"{""delta"":2,""x"":7}","{""noise_0"":0,""noise_1"":0,""noise_2"":0,""noise_3"":1}",True,INTEGER_OVERFLOW,INTEGER_OVERFLOW,,True,True,True,True,2,0
fixed_overflow-wrapper-2,"{""delta"":0,""x"":0}","{""noise_0"":0,""noise_1"":0,""noise_2"":1,""noise_3"":0}",True,INTEGER_OVERFLOW,,,True,True,True,True,2,0
fixed_overflow-wrapper-2,"{""delta"":0,""x"":6}","{""noise_0"":0,""noise_1"":0,""noise_2"":1,""noise_3"":0}",True,INTEGER_OVERFLOW,,,True,True,True,True,2,0
fixed_overflow-wrapper-2,"{""delta"":0,""x"":7}","{""noise_0"":0,""noise_1"":0,""noise_2"":1,""noise_3"":0}",True,INTEGER_OVERFLOW,,,True,True,True,True,2,0
fixed_overflow-wrapper-2,"{""delta"":1,""x"":0}","{""noise_0"":0,""noise_1"":0,""noise_2"":1,""noise_3"":0}",True,INTEGER_OVERFLOW,,,True,True,True,True,2,0
fixed_overflow-wrapper-2,"{""delta"":1,""x"":6}","{""noise_0"":0,""noise_1"":0,""noise_2"":1,""noise_3"":0}",True,INTEGER_OVERFLOW,,,True,True,True,True,2,0
fixed_overflow-wrapper-2,"{""delta"":1,""x"":7}","{""noise_0"":0,""noise_1"":0,""noise_2"":1,""noise_3"":0}",True,INTEGER_OVERFLOW,INTEGER_OVERFLOW,,True,True,True,True,2,0
fixed_overflow-wrapper-2,"{""delta"":2,""x"":0}","{""noise_0"":0,""noise_1"":0,""noise_2"":1,""noise_3"":0}",True,INTEGER_OVERFLOW,,,True,True,True,True,2,0
fixed_overflow-wrapper-2,"{""delta"":2,""x"":6}","{""noise_0"":0,""noise_1"":0,""noise_2"":1,""noise_3"":0}",True,INTEGER_OVERFLOW,INTEGER_OVERFLOW,,True,True,True,True,2,0
fixed_overflow-wrapper-2,"{""delta"":2,""x"":7}","{""noise_0"":0,""noise_1"":0,""noise_2"":1,""noise_3"":0}",True,INTEGER_OVERFLOW,INTEGER_OVERFLOW,,True,True,True,True,2,0
fixed_overflow-wrapper-2,"{""delta"":0,""x"":0}","{""noise_0"":0,""noise_1"":0,""noise_2"":1,""noise_3"":1}",True,INTEGER_OVERFLOW,,,True,True,True,True,2,0
fixed_overflow-wrapper-2,"{""delta"":0,""x"":6}","{""noise_0"":0,""noise_1"":0,""noise_2"":1,""noise_3"":1}",True,INTEGER_OVERFLOW,,,True,True,True,True,2,0
fixed_overflow-wrapper-2,"{""delta"":0,""x"":7}","{""noise_0"":0,""noise_1"":0,""noise_2"":1,""noise_3"":1}",True,INTEGER_OVERFLOW,,,True,True,True,True,2,0
fixed_overflow-wrapper-2,"{""delta"":1,""x"":0}","{""noise_0"":0,""noise_1"":0,""noise_2"":1,""noise_3"":1}",True,INTEGER_OVERFLOW,,,True,True,True,True,2,0
fixed_overflow-wrapper-2,"{""delta"":1,""x"":6}","{""noise_0"":0,""noise_1"":0,""noise_2"":1,""noise_3"":1}",True,INTEGER_OVERFLOW,,,True,True,True,True,2,0
fixed_overflow-wrapper-2,"{""delta"":1,""x"":7}","{""noise_0"":0,""noise_1"":0,""noise_2"":1,""noise_3"":1}",True,INTEGER_OVERFLOW,INTEGER_OVERFLOW,,True,True,True,True,2,0
fixed_overflow-wrapper-2,"{""delta"":2,""x"":0}","{""noise_0"":0,""noise_1"":0,""noise_2"":1,""noise_3"":1}",True,INTEGER_OVERFLOW,,,True,True,True,True,2,0
fixed_overflow-wrapper-2,"{""delta"":2,""x"":6}","{""noise_0"":0,""noise_1"":0,""noise_2"":1,""noise_3"":1}",True,INTEGER_OVERFLOW,INTEGER_OVERFLOW,,True,True,True,True,2,0
fixed_overflow-wrapper-2,"{""delta"":2,""x"":7}","{""noise_0"":0,""noise_1"":0,""noise_2"":1,""noise_3"":1}",True,INTEGER_OVERFLOW,INTEGER_OVERFLOW,,True,True,True,True,2,0
fixed_overflow-wrapper-2,"{""delta"":0,""x"":0}","{""noise_0"":0,""noise_1"":1,""noise_2"":0,""noise_3"":0}",True,INTEGER_OVERFLOW,,,True,True,True,True,2,0
fixed_overflow-wrapper-2,"{""delta"":0,""x"":6}","{""noise_0"":0,""noise_1"":1,""noise_2"":0,""noise_3"":0}",True,INTEGER_OVERFLOW,,,True,True,True,True,2,0
fixed_overflow-wrapper-2,"{""delta"":0,""x"":7}","{""noise_0"":0,""noise_1"":1,""noise_2"":0,""noise_3"":0}",True,INTEGER_OVERFLOW,,,True,True,True,True,2,0
fixed_overflow-wrapper-2,"{""delta"":1,""x"":0}","{""noise_0"":0,""noise_1"":1,""noise_2"":0,""noise_3"":0}",True,INTEGER_OVERFLOW,,,True,True,True,True,2,0
fixed_overflow-wrapper-2,"{""delta"":1,""x"":6}","{""noise_0"":0,""noise_1"":1,""noise_2"":0,""noise_3"":0}",True,INTEGER_OVERFLOW,,,True,True,True,True,2,0
fixed_overflow-wrapper-2,"{""delta"":1,""x"":7}","{""noise_0"":0,""noise_1"":1,""noise_2"":0,""noise_3"":0}",True,INTEGER_OVERFLOW,INTEGER_OVERFLOW,,True,True,True,True,2,0
fixed_overflow-wrapper-2,"{""delta"":2,""x"":0}","{""noise_0"":0,""noise_1"":1,""noise_2"":0,""noise_3"":0}",True,INTEGER_OVERFLOW,,,True,True,True,True,2,0
fixed_overflow-wrapper-2,"{""delta"":2,""x"":6}","{""noise_0"":0,""noise_1"":1,""noise_2"":0,""noise_3"":0}",True,INTEGER_OVERFLOW,INTEGER_OVERFLOW,,True,True,True,True,2,0
fixed_overflow-wrapper-2,"{""delta"":2,""x"":7}","{""noise_0"":0,""noise_1"":1,""noise_2"":0,""noise_3"":0}",True,INTEGER_OVERFLOW,INTEGER_OVERFLOW,,True,True,True,True,2,0
fixed_overflow-wrapper-2,"{""delta"":0,""x"":0}","{""noise_0"":0,""noise_1"":1,""noise_2"":0,""noise_3"":1}",True,INTEGER_OVERFLOW,,,True,True,True,True,2,0
fixed_overflow-wrapper-2,"{""delta"":0,""x"":6}","{""noise_0"":0,""noise_1"":1,""noise_2"":0,""noise_3"":1}",True,INTEGER_OVERFLOW,,,True,True,True,True,2,0
fixed_overflow-wrapper-2,"{""delta"":0,""x"":7}","{""noise_0"":0,""noise_1"":1,""noise_2"":0,""noise_3"":1}",True,INTEGER_OVERFLOW,,,True,True,True,True,2,0
fixed_overflow-wrapper-2,"{""delta"":1,""x"":0}","{""noise_0"":0,""noise_1"":1,""noise_2"":0,""noise_3"":1}",True,INTEGER_OVERFLOW,,,True,True,True,True,2,0
fixed_overflow-wrapper-2,"{""delta"":1,""x"":6}","{""noise_0"":0,""noise_1"":1,""noise_2"":0,""noise_3"":1}",True,INTEGER_OVERFLOW,,,True,True,True,True,2,0
fixed_overflow-wrapper-2,"{""delta"":1,""x"":7}","{""noise_0"":0,""noise_1"":1,""noise_2"":0,""noise_3"":1}",True,INTEGER_OVERFLOW,INTEGER_OVERFLOW,,True,True,True,True,2,0
fixed_overflow-wrapper-2,"{""delta"":2,""x"":0}","{""noise_0"":0,""noise_1"":1,""noise_2"":0,""noise_3"":1}",True,INTEGER_OVERFLOW,,,True,True,True,True,2,0
fixed_overflow-wrapper-2,"{""delta"":2,""x"":6}","{""noise_0"":0,""noise_1"":1,""noise_2"":0,""noise_3"":1}",True,INTEGER_OVERFLOW,INTEGER_OVERFLOW,,True,True,True,True,2,0
fixed_overflow-wrapper-2,"{""delta"":2,""x"":7}","{""noise_0"":0,""noise_1"":1,""noise_2"":0,""noise_3"":1}",True,INTEGER_OVERFLOW,INTEGER_OVERFLOW,,True,True,True,True,2,0
fixed_overflow-wrapper-2,"{""delta"":0,""x"":0}","{""noise_0"":0,""noise_1"":1,""noise_2"":1,""noise_3"":0}",True,INTEGER_OVERFLOW,,,True,True,True,True,2,0
fixed_overflow-wrapper-2,"{""delta"":0,""x"":6}","{""noise_0"":0,""noise_1"":1,""noise_2"":1,""noise_3"":0}",True,INTEGER_OVERFLOW,,,True,True,True,True,2,0
fixed_overflow-wrapper-2,"{""delta"":0,""x"":7}","{""noise_0"":0,""noise_1"":1,""noise_2"":1,""noise_3"":0}",True,INTEGER_OVERFLOW,,,True,True,True,True,2,0
fixed_overflow-wrapper-2,"{""delta"":1,""x"":0}","{""noise_0"":0,""noise_1"":1,""noise_2"":1,""noise_3"":0}",True,INTEGER_OVERFLOW,,,True,True,True,True,2,0
fixed_overflow-wrapper-2,"{""delta"":1,""x"":6}","{""noise_0"":0,""noise_1"":1,""noise_2"":1,""noise_3"":0}",True,INTEGER_OVERFLOW,,,True,True,True,True,2,0
fixed_overflow-wrapper-2,"{""delta"":1,""x"":7}","{""noise_0"":0,""noise_1"":1,""noise_2"":1,""noise_3"":0}",True,INTEGER_OVERFLOW,INTEGER_OVERFLOW,,True,True,True,True,2,0
fixed_overflow-wrapper-2,"{""delta"":2,""x"":0}","{""noise_0"":0,""noise_1"":1,""noise_2"":1,""noise_3"":0}",True,INTEGER_OVERFLOW,,,True,True,True,True,2,0
fixed_overflow-wrapper-2,"{""delta"":2,""x"":6}","{""noise_0"":0,""noise_1"":1,""noise_2"":1,""noise_3"":0}",True,INTEGER_OVERFLOW,INTEGER_OVERFLOW,,True,True,True,True,2,0
fixed_overflow-wrapper-2,"{""delta"":2,""x"":7}","{""noise_0"":0,""noise_1"":1,""noise_2"":1,""noise_3"":0}",True,INTEGER_OVERFLOW,INTEGER_OVERFLOW,,True,True,True,True,2,0
fixed_overflow-wrapper-2,"{""delta"":0,""x"":0}","{""noise_0"":0,""noise_1"":1,""noise_2"":1,""noise_3"":1}",True,INTEGER_OVERFLOW,,,True,True,True,True,2,0
fixed_overflow-wrapper-2,"{""delta"":0,""x"":6}","{""noise_0"":0,""noise_1"":1,""noise_2"":1,""noise_3"":1}",True,INTEGER_OVERFLOW,,,True,True,True,True,2,0
fixed_overflow-wrapper-2,"{""delta"":0,""x"":7}","{""noise_0"":0,""noise_1"":1,""noise_2"":1,""noise_3"":1}",True,INTEGER_OVERFLOW,,,True,True,True,True,2,0
fixed_overflow-wrapper-2,"{""delta"":1,""x"":0}","{""noise_0"":0,""noise_1"":1,""noise_2"":1,""noise_3"":1}",True,INTEGER_OVERFLOW,,,True,True,True,True,2,0
fixed_overflow-wrapper-2,"{""delta"":1,""x"":6}","{""noise_0"":0,""noise_1"":1,""noise_2"":1,""noise_3"":1}",True,INTEGER_OVERFLOW,,,True,True,True,True,2,0
fixed_overflow-wrapper-2,"{""delta"":1,""x"":7}","{""noise_0"":0,""noise_1"":1,""noise_2"":1,""noise_3"":1}",True,INTEGER_OVERFLOW,INTEGER_OVERFLOW,,True,True,True,True,2,0
fixed_overflow-wrapper-2,"{""delta"":2,""x"":0}","{""noise_0"":0,""noise_1"":1,""noise_2"":1,""noise_3"":1}",True,INTEGER_OVERFLOW,,,True,True,True,True,2,0
fixed_overflow-wrapper-2,"{""delta"":2,""x"":6}","{""noise_0"":0,""noise_1"":1,""noise_2"":1,""noise_3"":1}",True,INTEGER_OVERFLOW,INTEGER_OVERFLOW,,True,True,True,True,2,0
fixed_overflow-wrapper-2,"{""delta"":2,""x"":7}","{""noise_0"":0,""noise_1"":1,""noise_2"":1,""noise_3"":1}",True,INTEGER_OVERFLOW,INTEGER_OVERFLOW,,True,True,True,True,2,0
fixed_overflow-wrapper-2,"{""delta"":0,""x"":0}","{""noise_0"":1,""noise_1"":0,""noise_2"":0,""noise_3"":0}",True,INTEGER_OVERFLOW,,,True,True,True,True,2,0
fixed_overflow-wrapper-2,"{""delta"":0,""x"":6}","{""noise_0"":1,""noise_1"":0,""noise_2"":0,""noise_3"":0}",True,INTEGER_OVERFLOW,,,True,True,True,True,2,0
fixed_overflow-wrapper-2,"{""delta"":0,""x"":7}","{""noise_0"":1,""noise_1"":0,""noise_2"":0,""noise_3"":0}",True,INTEGER_OVERFLOW,,,True,True,True,True,2,0
fixed_overflow-wrapper-2,"{""delta"":1,""x"":0}","{""noise_0"":1,""noise_1"":0,""noise_2"":0,""noise_3"":0}",True,INTEGER_OVERFLOW,,,True,True,True,True,2,0
fixed_overflow-wrapper-2,"{""delta"":1,""x"":6}","{""noise_0"":1,""noise_1"":0,""noise_2"":0,""noise_3"":0}",True,INTEGER_OVERFLOW,,,True,True,True,True,2,0
fixed_overflow-wrapper-2,"{""delta"":1,""x"":7}","{""noise_0"":1,""noise_1"":0,""noise_2"":0,""noise_3"":0}",True,INTEGER_OVERFLOW,INTEGER_OVERFLOW,,True,True,True,True,2,0
fixed_overflow-wrapper-2,"{""delta"":2,""x"":0}","{""noise_0"":1,""noise_1"":0,""noise_2"":0,""noise_3"":0}",True,INTEGER_OVERFLOW,,,True,True,True,True,2,0
fixed_overflow-wrapper-2,"{""delta"":2,""x"":6}","{""noise_0"":1,""noise_1"":0,""noise_2"":0,""noise_3"":0}",True,INTEGER_OVERFLOW,INTEGER_OVERFLOW,,True,True,True,True,2,0
fixed_overflow-wrapper-2,"{""delta"":2,""x"":7}","{""noise_0"":1,""noise_1"":0,""noise_2"":0,""noise_3"":0}",True,INTEGER_OVERFLOW,INTEGER_OVERFLOW,,True,True,True,True,2,0
fixed_overflow-wrapper-2,"{""delta"":0,""x"":0}","{""noise_0"":1,""noise_1"":0,""noise_2"":0,""noise_3"":1}",True,INTEGER_OVERFLOW,,,True,True,True,True,2,0
fixed_overflow-wrapper-2,"{""delta"":0,""x"":6}","{""noise_0"":1,""noise_1"":0,""noise_2"":0,""noise_3"":1}",True,INTEGER_OVERFLOW,,,True,True,True,True,2,0
fixed_overflow-wrapper-2,"{""delta"":0,""x"":7}","{""noise_0"":1,""noise_1"":0,""noise_2"":0,""noise_3"":1}",True,INTEGER_OVERFLOW,,,True,True,True,True,2,0
fixed_overflow-wrapper-2,"{""delta"":1,""x"":0}","{""noise_0"":1,""noise_1"":0,""noise_2"":0,""noise_3"":1}",True,INTEGER_OVERFLOW,,,True,True,True,True,2,0
fixed_overflow-wrapper-2,"{""delta"":1,""x"":6}","{""noise_0"":1,""noise_1"":0,""noise_2"":0,""noise_3"":1}",True,INTEGER_OVERFLOW,,,True,True,True,True,2,0
fixed_overflow-wrapper-2,"{""delta"":1,""x"":7}","{""noise_0"":1,""noise_1"":0,""noise_2"":0,""noise_3"":1}",True,INTEGER_OVERFLOW,INTEGER_OVERFLOW,,True,True,True,True,2,0
fixed_overflow-wrapper-2,"{""delta"":2,""x"":0}","{""noise_0"":1,""noise_1"":0,""noise_2"":0,""noise_3"":1}",True,INTEGER_OVERFLOW,,,True,True,True,True,2,0
fixed_overflow-wrapper-2,"{""delta"":2,""x"":6}","{""noise_0"":1,""noise_1"":0,""noise_2"":0,""noise_3"":1}",True,INTEGER_OVERFLOW,INTEGER_OVERFLOW,,True,True,True,True,2,0
fixed_overflow-wrapper-2,"{""delta"":2,""x"":7}","{""noise_0"":1,""noise_1"":0,""noise_2"":0,""noise_3"":1}",True,INTEGER_OVERFLOW,INTEGER_OVERFLOW,,True,True,True,True,2,0
fixed_overflow-wrapper-2,"{""delta"":0,""x"":0}","{""noise_0"":1,""noise_1"":0,""noise_2"":1,""noise_3"":0}",True,INTEGER_OVERFLOW,,,True,True,True,True,2,0
fixed_overflow-wrapper-2,"{""delta"":0,""x"":6}","{""noise_0"":1,""noise_1"":0,""noise_2"":1,""noise_3"":0}",True,INTEGER_OVERFLOW,,,True,True,True,True,2,0
fixed_overflow-wrapper-2,"{""delta"":0,""x"":7}","{""noise_0"":1,""noise_1"":0,""noise_2"":1,""noise_3"":0}",True,INTEGER_OVERFLOW,,,True,True,True,True,2,0
fixed_overflow-wrapper-2,"{""delta"":1,""x"":0}","{""noise_0"":1,""noise_1"":0,""noise_2"":1,""noise_3"":0}",True,INTEGER_OVERFLOW,,,True,True,True,True,2,0
fixed_overflow-wrapper-2,"{""delta"":1,""x"":6}","{""noise_0"":1,""noise_1"":0,""noise_2"":1,""noise_3"":0}",True,INTEGER_OVERFLOW,,,True,True,True,True,2,0
fixed_overflow-wrapper-2,"{""delta"":1,""x"":7}","{""noise_0"":1,""noise_1"":0,""noise_2"":1,""noise_3"":0}",True,INTEGER_OVERFLOW,INTEGER_OVERFLOW,,True,True,True,True,2,0
fixed_overflow-wrapper-2,"{""delta"":2,""x"":0}","{""noise_0"":1,""noise_1"":0,""noise_2"":1,""noise_3"":0}",True,INTEGER_OVERFLOW,,,True,True,True,True,2,0
fixed_overflow-wrapper-2,"{""delta"":2,""x"":6}","{""noise_0"":1,""noise_1"":0,""noise_2"":1,""noise_3"":0}",True,INTEGER_OVERFLOW,INTEGER_OVERFLOW,,True,True,True,True,2,0
fixed_overflow-wrapper-2,"{""delta"":2,""x"":7}","{""noise_0"":1,""noise_1"":0,""noise_2"":1,""noise_3"":0}",True,INTEGER_OVERFLOW,INTEGER_OVERFLOW,,True,True,True,True,2,0
fixed_overflow-wrapper-2,"{""delta"":0,""x"":0}","{""noise_0"":1,""noise_1"":0,""noise_2"":1,""noise_3"":1}",True,INTEGER_OVERFLOW,,,True,True,True,True,2,0
fixed_overflow-wrapper-2,"{""delta"":0,""x"":6}","{""noise_0"":1,""noise_1"":0,""noise_2"":1,""noise_3"":1}",True,INTEGER_OVERFLOW,,,True,True,True,True,2,0
fixed_overflow-wrapper-2,"{""delta"":0,""x"":7}","{""noise_0"":1,""noise_1"":0,""noise_2"":1,""noise_3"":1}",True,INTEGER_OVERFLOW,,,True,True,True,True,2,0
fixed_overflow-wrapper-2,"{""delta"":1,""x"":0}","{""noise_0"":1,""noise_1"":0,""noise_2"":1,""noise_3"":1}",True,INTEGER_OVERFLOW,,,True,True,True,True,2,0
fixed_overflow-wrapper-2,"{""delta"":1,""x"":6}","{""noise_0"":1,""noise_1"":0,""noise_2"":1,""noise_3"":1}",True,INTEGER_OVERFLOW,,,True,True,True,True,2,0
fixed_overflow-wrapper-2,"{""delta"":1,""x"":7}","{""noise_0"":1,""noise_1"":0,""noise_2"":1,""noise_3"":1}",True,INTEGER_OVERFLOW,INTEGER_OVERFLOW,,True,True,True,True,2,0
fixed_overflow-wrapper-2,"{""delta"":2,""x"":0}","{""noise_0"":1,""noise_1"":0,""noise_2"":1,""noise_3"":1}",True,INTEGER_OVERFLOW,,,True,True,True,True,2,0
fixed_overflow-wrapper-2,"{""delta"":2,""x"":6}","{""noise_0"":1,""noise_1"":0,""noise_2"":1,""noise_3"":1}",True,INTEGER_OVERFLOW,INTEGER_OVERFLOW,,True,True,True,True,2,0
fixed_overflow-wrapper-2,"{""delta"":2,""x"":7}","{""noise_0"":1,""noise_1"":0,""noise_2"":1,""noise_3"":1}",True,INTEGER_OVERFLOW,INTEGER_OVERFLOW,,True,True,True,True,2,0
fixed_overflow-wrapper-2,"{""delta"":0,""x"":0}","{""noise_0"":1,""noise_1"":1,""noise_2"":0,""noise_3"":0}",True,INTEGER_OVERFLOW,,,True,True,True,True,2,0
fixed_overflow-wrapper-2,"{""delta"":0,""x"":6}","{""noise_0"":1,""noise_1"":1,""noise_2"":0,""noise_3"":0}",True,INTEGER_OVERFLOW,,,True,True,True,True,2,0
fixed_overflow-wrapper-2,"{""delta"":0,""x"":7}","{""noise_0"":1,""noise_1"":1,""noise_2"":0,""noise_3"":0}",True,INTEGER_OVERFLOW,,,True,True,True,True,2,0
fixed_overflow-wrapper-2,"{""delta"":1,""x"":0}","{""noise_0"":1,""noise_1"":1,""noise_2"":0,""noise_3"":0}",True,INTEGER_OVERFLOW,,,True,True,True,True,2,0
fixed_overflow-wrapper-2,"{""delta"":1,""x"":6}","{""noise_0"":1,""noise_1"":1,""noise_2"":0,""noise_3"":0}",True,INTEGER_OVERFLOW,,,True,True,True,True,2,0
fixed_overflow-wrapper-2,"{""delta"":1,""x"":7}","{""noise_0"":1,""noise_1"":1,""noise_2"":0,""noise_3"":0}",True,INTEGER_OVERFLOW,INTEGER_OVERFLOW,,True,True,True,True,2,0
fixed_overflow-wrapper-2,"{""delta"":2,""x"":0}","{""noise_0"":1,""noise_1"":1,""noise_2"":0,""noise_3"":0}",True,INTEGER_OVERFLOW,,,True,True,True,True,2,0
fixed_overflow-wrapper-2,"{""delta"":2,""x"":6}","{""noise_0"":1,""noise_1"":1,""noise_2"":0,""noise_3"":0}",True,INTEGER_OVERFLOW,INTEGER_OVERFLOW,,True,True,True,True,2,0
fixed_overflow-wrapper-2,"{""delta"":2,""x"":7}","{""noise_0"":1,""noise_1"":1,""noise_2"":0,""noise_3"":0}",True,INTEGER_OVERFLOW,INTEGER_OVERFLOW,,True,True,True,True,2,0
fixed_overflow-wrapper-2,"{""delta"":0,""x"":0}","{""noise_0"":1,""noise_1"":1,""noise_2"":0,""noise_3"":1}",True,INTEGER_OVERFLOW,,,True,True,True,True,2,0
fixed_overflow-wrapper-2,"{""delta"":0,""x"":6}","{""noise_0"":1,""noise_1"":1,""noise_2"":0,""noise_3"":1}",True,INTEGER_OVERFLOW,,,True,True,True,True,2,0
fixed_overflow-wrapper-2,"{""delta"":0,""x"":7}","{""noise_0"":1,""noise_1"":1,""noise_2"":0,""noise_3"":1}",True,INTEGER_OVERFLOW,,,True,True,True,True,2,0
fixed_overflow-wrapper-2,"{""delta"":1,""x"":0}","{""noise_0"":1,""noise_1"":1,""noise_2"":0,""noise_3"":1}",True,INTEGER_OVERFLOW,,,True,True,True,True,2,0
fixed_overflow-wrapper-2,"{""delta"":1,""x"":6}","{""noise_0"":1,""noise_1"":1,""noise_2"":0,""noise_3"":1}",True,INTEGER_OVERFLOW,,,True,True,True,True,2,0
fixed_overflow-wrapper-2,"{""delta"":1,""x"":7}","{""noise_0"":1,""noise_1"":1,""noise_2"":0,""noise_3"":1}",True,INTEGER_OVERFLOW,INTEGER_OVERFLOW,,True,True,True,True,2,0
fixed_overflow-wrapper-2,"{""delta"":2,""x"":0}","{""noise_0"":1,""noise_1"":1,""noise_2"":0,""noise_3"":1}",True,INTEGER_OVERFLOW,,,True,True,True,True,2,0
fixed_overflow-wrapper-2,"{""delta"":2,""x"":6}","{""noise_0"":1,""noise_1"":1,""noise_2"":0,""noise_3"":1}",True,INTEGER_OVERFLOW,INTEGER_OVERFLOW,,True,True,True,True,2,0
fixed_overflow-wrapper-2,"{""delta"":2,""x"":7}","{""noise_0"":1,""noise_1"":1,""noise_2"":0,""noise_3"":1}",True,INTEGER_OVERFLOW,INTEGER_OVERFLOW,,True,True,True,True,2,0
fixed_overflow-wrapper-2,"{""delta"":0,""x"":0}","{""noise_0"":1,""noise_1"":1,""noise_2"":1,""noise_3"":0}",True,INTEGER_OVERFLOW,,,True,True,True,True,2,0
fixed_overflow-wrapper-2,"{""delta"":0,""x"":6}","{""noise_0"":1,""noise_1"":1,""noise_2"":1,""noise_3"":0}",True,INTEGER_OVERFLOW,,,True,True,True,True,2,0
fixed_overflow-wrapper-2,"{""delta"":0,""x"":7}","{""noise_0"":1,""noise_1"":1,""noise_2"":1,""noise_3"":0}",True,INTEGER_OVERFLOW,,,True,True,True,True,2,0
fixed_overflow-wrapper-2,"{""delta"":1,""x"":0}","{""noise_0"":1,""noise_1"":1,""noise_2"":1,""noise_3"":0}",True,INTEGER_OVERFLOW,,,True,True,True,True,2,0
fixed_overflow-wrapper-2,"{""delta"":1,""x"":6}","{""noise_0"":1,""noise_1"":1,""noise_2"":1,""noise_3"":0}",True,INTEGER_OVERFLOW,,,True,True,True,True,2,0
fixed_overflow-wrapper-2,"{""delta"":1,""x"":7}","{""noise_0"":1,""noise_1"":1,""noise_2"":1,""noise_3"":0}",True,INTEGER_OVERFLOW,INTEGER_OVERFLOW,,True,True,True,True,2,0
fixed_overflow-wrapper-2,"{""delta"":2,""x"":0}","{""noise_0"":1,""noise_1"":1,""noise_2"":1,""noise_3"":0}",True,INTEGER_OVERFLOW,,,True,True,True,True,2,0
fixed_overflow-wrapper-2,"{""delta"":2,""x"":6}","{""noise_0"":1,""noise_1"":1,""noise_2"":1,""noise_3"":0}",True,INTEGER_OVERFLOW,INTEGER_OVERFLOW,,True,True,True,True,2,0
fixed_overflow-wrapper-2,"{""delta"":2,""x"":7}","{""noise_0"":1,""noise_1"":1,""noise_2"":1,""noise_3"":0}",True,INTEGER_OVERFLOW,INTEGER_OVERFLOW,,True,True,True,True,2,0
fixed_overflow-wrapper-2,"{""delta"":0,""x"":0}","{""noise_0"":1,""noise_1"":1,""noise_2"":1,""noise_3"":1}",True,INTEGER_OVERFLOW,,,True,True,True,True,2,0
fixed_overflow-wrapper-2,"{""delta"":0,""x"":6}","{""noise_0"":1,""noise_1"":1,""noise_2"":1,""noise_3"":1}",True,INTEGER_OVERFLOW,,,True,True,True,True,2,0
fixed_overflow-wrapper-2,"{""delta"":0,""x"":7}","{""noise_0"":1,""noise_1"":1,""noise_2"":1,""noise_3"":1}",True,INTEGER_OVERFLOW,,,True,True,True,True,2,0
fixed_overflow-wrapper-2,"{""delta"":1,""x"":0}","{""noise_0"":1,""noise_1"":1,""noise_2"":1,""noise_3"":1}",True,INTEGER_OVERFLOW,,,True,True,True,True,2,0
fixed_overflow-wrapper-2,"{""delta"":1,""x"":6}","{""noise_0"":1,""noise_1"":1,""noise_2"":1,""noise_3"":1}",True,INTEGER_OVERFLOW,,,True,True,True,True,2,0
fixed_overflow-wrapper-2,"{""delta"":1,""x"":7}","{""noise_0"":1,""noise_1"":1,""noise_2"":1,""noise_3"":1}",True,INTEGER_OVERFLOW,INTEGER_OVERFLOW,,True,True,True,True,2,0
fixed_overflow-wrapper-2,"{""delta"":2,""x"":0}","{""noise_0"":1,""noise_1"":1,""noise_2"":1,""noise_3"":1}",True,INTEGER_OVERFLOW,,,True,True,True,True,2,0
fixed_overflow-wrapper-2,"{""delta"":2,""x"":6}","{""noise_0"":1,""noise_1"":1,""noise_2"":1,""noise_3"":1}",True,INTEGER_OVERFLOW,INTEGER_OVERFLOW,,True,True,True,True,2,0
fixed_overflow-wrapper-2,"{""delta"":2,""x"":7}","{""noise_0"":1,""noise_1"":1,""noise_2"":1,""noise_3"":1}",True,INTEGER_OVERFLOW,INTEGER_OVERFLOW,,True,True,True,True,2,0
fixed_overflow-wrapper-3,"{""delta"":0,""x"":0}","{""noise_0"":0,""noise_1"":0,""noise_2"":0,""noise_3"":0}",True,INTEGER_OVERFLOW,,,True,True,True,True,2,0
fixed_overflow-wrapper-3,"{""delta"":0,""x"":6}","{""noise_0"":0,""noise_1"":0,""noise_2"":0,""noise_3"":0}",True,INTEGER_OVERFLOW,,,True,True,True,True,2,0
fixed_overflow-wrapper-3,"{""delta"":0,""x"":7}","{""noise_0"":0,""noise_1"":0,""noise_2"":0,""noise_3"":0}",True,INTEGER_OVERFLOW,,,True,True,True,True,2,0
fixed_overflow-wrapper-3,"{""delta"":1,""x"":0}","{""noise_0"":0,""noise_1"":0,""noise_2"":0,""noise_3"":0}",True,INTEGER_OVERFLOW,,,True,True,True,True,2,0
fixed_overflow-wrapper-3,"{""delta"":1,""x"":6}","{""noise_0"":0,""noise_1"":0,""noise_2"":0,""noise_3"":0}",True,INTEGER_OVERFLOW,,,True,True,True,True,2,0
fixed_overflow-wrapper-3,"{""delta"":1,""x"":7}","{""noise_0"":0,""noise_1"":0,""noise_2"":0,""noise_3"":0}",True,INTEGER_OVERFLOW,INTEGER_OVERFLOW,,True,True,True,True,2,0
fixed_overflow-wrapper-3,"{""delta"":2,""x"":0}","{""noise_0"":0,""noise_1"":0,""noise_2"":0,""noise_3"":0}",True,INTEGER_OVERFLOW,,,True,True,True,True,2,0
fixed_overflow-wrapper-3,"{""delta"":2,""x"":6}","{""noise_0"":0,""noise_1"":0,""noise_2"":0,""noise_3"":0}",True,INTEGER_OVERFLOW,INTEGER_OVERFLOW,,True,True,True,True,2,0
fixed_overflow-wrapper-3,"{""delta"":2,""x"":7}","{""noise_0"":0,""noise_1"":0,""noise_2"":0,""noise_3"":0}",True,INTEGER_OVERFLOW,INTEGER_OVERFLOW,,True,True,True,True,2,0
fixed_overflow-wrapper-3,"{""delta"":0,""x"":0}","{""noise_0"":0,""noise_1"":0,""noise_2"":0,""noise_3"":1}",True,INTEGER_OVERFLOW,,,True,True,True,True,2,0
fixed_overflow-wrapper-3,"{""delta"":0,""x"":6}","{""noise_0"":0,""noise_1"":0,""noise_2"":0,""noise_3"":1}",True,INTEGER_OVERFLOW,,,True,True,True,True,2,0
fixed_overflow-wrapper-3,"{""delta"":0,""x"":7}","{""noise_0"":0,""noise_1"":0,""noise_2"":0,""noise_3"":1}",True,INTEGER_OVERFLOW,,,True,True,True,True,2,0
fixed_overflow-wrapper-3,"{""delta"":1,""x"":0}","{""noise_0"":0,""noise_1"":0,""noise_2"":0,""noise_3"":1}",True,INTEGER_OVERFLOW,,,True,True,True,True,2,0
fixed_overflow-wrapper-3,"{""delta"":1,""x"":6}","{""noise_0"":0,""noise_1"":0,""noise_2"":0,""noise_3"":1}",True,INTEGER_OVERFLOW,,,True,True,True,True,2,0
fixed_overflow-wrapper-3,"{""delta"":1,""x"":7}","{""noise_0"":0,""noise_1"":0,""noise_2"":0,""noise_3"":1}",True,INTEGER_OVERFLOW,INTEGER_OVERFLOW,,True,True,True,True,2,0
fixed_overflow-wrapper-3,"{""delta"":2,""x"":0}","{""noise_0"":0,""noise_1"":0,""noise_2"":0,""noise_3"":1}",True,INTEGER_OVERFLOW,,,True,True,True,True,2,0
fixed_overflow-wrapper-3,"{""delta"":2,""x"":6}","{""noise_0"":0,""noise_1"":0,""noise_2"":0,""noise_3"":1}",True,INTEGER_OVERFLOW,INTEGER_OVERFLOW,,True,True,True,True,2,0
fixed_overflow-wrapper-3,"{""delta"":2,""x"":7}","{""noise_0"":0,""noise_1"":0,""noise_2"":0,""noise_3"":1}",True,INTEGER_OVERFLOW,INTEGER_OVERFLOW,,True,True,True,True,2,0
fixed_overflow-wrapper-3,"{""delta"":0,""x"":0}","{""noise_0"":0,""noise_1"":0,""noise_2"":1,""noise_3"":0}",True,INTEGER_OVERFLOW,,,True,True,True,True,2,0
fixed_overflow-wrapper-3,"{""delta"":0,""x"":6}","{""noise_0"":0,""noise_1"":0,""noise_2"":1,""noise_3"":0}",True,INTEGER_OVERFLOW,,,True,True,True,True,2,0
fixed_overflow-wrapper-3,"{""delta"":0,""x"":7}","{""noise_0"":0,""noise_1"":0,""noise_2"":1,""noise_3"":0}",True,INTEGER_OVERFLOW,,,True,True,True,True,2,0
fixed_overflow-wrapper-3,"{""delta"":1,""x"":0}","{""noise_0"":0,""noise_1"":0,""noise_2"":1,""noise_3"":0}",True,INTEGER_OVERFLOW,,,True,True,True,True,2,0
fixed_overflow-wrapper-3,"{""delta"":1,""x"":6}","{""noise_0"":0,""noise_1"":0,""noise_2"":1,""noise_3"":0}",True,INTEGER_OVERFLOW,,,True,True,True,True,2,0
fixed_overflow-wrapper-3,"{""delta"":1,""x"":7}","{""noise_0"":0,""noise_1"":0,""noise_2"":1,""noise_3"":0}",True,INTEGER_OVERFLOW,INTEGER_OVERFLOW,,True,True,True,True,2,0
fixed_overflow-wrapper-3,"{""delta"":2,""x"":0}","{""noise_0"":0,""noise_1"":0,""noise_2"":1,""noise_3"":0}",True,INTEGER_OVERFLOW,,,True,True,True,True,2,0
fixed_overflow-wrapper-3,"{""delta"":2,""x"":6}","{""noise_0"":0,""noise_1"":0,""noise_2"":1,""noise_3"":0}",True,INTEGER_OVERFLOW,INTEGER_OVERFLOW,,True,True,True,True,2,0
fixed_overflow-wrapper-3,"{""delta"":2,""x"":7}","{""noise_0"":0,""noise_1"":0,""noise_2"":1,""noise_3"":0}",True,INTEGER_OVERFLOW,INTEGER_OVERFLOW,,True,True,True,True,2,0
fixed_overflow-wrapper-3,"{""delta"":0,""x"":0}","{""noise_0"":0,""noise_1"":0,""noise_2"":1,""noise_3"":1}",True,INTEGER_OVERFLOW,,,True,True,True,True,2,0
fixed_overflow-wrapper-3,"{""delta"":0,""x"":6}","{""noise_0"":0,""noise_1"":0,""noise_2"":1,""noise_3"":1}",True,INTEGER_OVERFLOW,,,True,True,True,True,2,0
fixed_overflow-wrapper-3,"{""delta"":0,""x"":7}","{""noise_0"":0,""noise_1"":0,""noise_2"":1,""noise_3"":1}",True,INTEGER_OVERFLOW,,,True,True,True,True,2,0
fixed_overflow-wrapper-3,"{""delta"":1,""x"":0}","{""noise_0"":0,""noise_1"":0,""noise_2"":1,""noise_3"":1}",True,INTEGER_OVERFLOW,,,True,True,True,True,2,0
fixed_overflow-wrapper-3,"{""delta"":1,""x"":6}","{""noise_0"":0,""noise_1"":0,""noise_2"":1,""noise_3"":1}",True,INTEGER_OVERFLOW,,,True,True,True,True,2,0
fixed_overflow-wrapper-3,"{""delta"":1,""x"":7}","{""noise_0"":0,""noise_1"":0,""noise_2"":1,""noise_3"":1}",True,INTEGER_OVERFLOW,INTEGER_OVERFLOW,,True,True,True,True,2,0
fixed_overflow-wrapper-3,"{""delta"":2,""x"":0}","{""noise_0"":0,""noise_1"":0,""noise_2"":1,""noise_3"":1}",True,INTEGER_OVERFLOW,,,True,True,True,True,2,0
fixed_overflow-wrapper-3,"{""delta"":2,""x"":6}","{""noise_0"":0,""noise_1"":0,""noise_2"":1,""noise_3"":1}",True,INTEGER_OVERFLOW,INTEGER_OVERFLOW,,True,True,True,True,2,0
fixed_overflow-wrapper-3,"{""delta"":2,""x"":7}","{""noise_0"":0,""noise_1"":0,""noise_2"":1,""noise_3"":1}",True,INTEGER_OVERFLOW,INTEGER_OVERFLOW,,True,True,True,True,2,0
fixed_overflow-wrapper-3,"{""delta"":0,""x"":0}","{""noise_0"":0,""noise_1"":1,""noise_2"":0,""noise_3"":0}",True,INTEGER_OVERFLOW,,,True,True,True,True,2,0
fixed_overflow-wrapper-3,"{""delta"":0,""x"":6}","{""noise_0"":0,""noise_1"":1,""noise_2"":0,""noise_3"":0}",True,INTEGER_OVERFLOW,,,True,True,True,True,2,0
fixed_overflow-wrapper-3,"{""delta"":0,""x"":7}","{""noise_0"":0,""noise_1"":1,""noise_2"":0,""noise_3"":0}",True,INTEGER_OVERFLOW,,,True,True,True,True,2,0
fixed_overflow-wrapper-3,"{""delta"":1,""x"":0}","{""noise_0"":0,""noise_1"":1,""noise_2"":0,""noise_3"":0}",True,INTEGER_OVERFLOW,,,True,True,True,True,2,0
fixed_overflow-wrapper-3,"{""delta"":1,""x"":6}","{""noise_0"":0,""noise_1"":1,""noise_2"":0,""noise_3"":0}",True,INTEGER_OVERFLOW,,,True,True,True,True,2,0
fixed_overflow-wrapper-3,"{""delta"":1,""x"":7}","{""noise_0"":0,""noise_1"":1,""noise_2"":0,""noise_3"":0}",True,INTEGER_OVERFLOW,INTEGER_OVERFLOW,,True,True,True,True,2,0
fixed_overflow-wrapper-3,"{""delta"":2,""x"":0}","{""noise_0"":0,""noise_1"":1,""noise_2"":0,""noise_3"":0}",True,INTEGER_OVERFLOW,,,True,True,True,True,2,0
fixed_overflow-wrapper-3,"{""delta"":2,""x"":6}","{""noise_0"":0,""noise_1"":1,""noise_2"":0,""noise_3"":0}",True,INTEGER_OVERFLOW,INTEGER_OVERFLOW,,True,True,True,True,2,0
fixed_overflow-wrapper-3,"{""delta"":2,""x"":7}","{""noise_0"":0,""noise_1"":1,""noise_2"":0,""noise_3"":0}",True,INTEGER_OVERFLOW,INTEGER_OVERFLOW,,True,True,True,True,2,0
fixed_overflow-wrapper-3,"{""delta"":0,""x"":0}","{""noise_0"":0,""noise_1"":1,""noise_2"":0,""noise_3"":1}",True,INTEGER_OVERFLOW,,,True,True,True,True,2,0
fixed_overflow-wrapper-3,"{""delta"":0,""x"":6}","{""noise_0"":0,""noise_1"":1,""noise_2"":0,""noise_3"":1}",True,INTEGER_OVERFLOW,,,True,True,True,True,2,0
fixed_overflow-wrapper-3,"{""delta"":0,""x"":7}","{""noise_0"":0,""noise_1"":1,""noise_2"":0,""noise_3"":1}",True,INTEGER_OVERFLOW,,,True,True,True,True,2,0
fixed_overflow-wrapper-3,"{""delta"":1,""x"":0}","{""noise_0"":0,""noise_1"":1,""noise_2"":0,""noise_3"":1}",True,INTEGER_OVERFLOW,,,True,True,True,True,2,0
fixed_overflow-wrapper-3,"{""delta"":1,""x"":6}","{""noise_0"":0,""noise_1"":1,""noise_2"":0,""noise_3"":1}",True,INTEGER_OVERFLOW,,,True,True,True,True,2,0
fixed_overflow-wrapper-3,"{""delta"":1,""x"":7}","{""noise_0"":0,""noise_1"":1,""noise_2"":0,""noise_3"":1}",True,INTEGER_OVERFLOW,INTEGER_OVERFLOW,,True,True,True,True,2,0
fixed_overflow-wrapper-3,"{""delta"":2,""x"":0}","{""noise_0"":0,""noise_1"":1,""noise_2"":0,""noise_3"":1}",True,INTEGER_OVERFLOW,,,True,True,True,True,2,0
fixed_overflow-wrapper-3,"{""delta"":2,""x"":6}","{""noise_0"":0,""noise_1"":1,""noise_2"":0,""noise_3"":1}",True,INTEGER_OVERFLOW,INTEGER_OVERFLOW,,True,True,True,True,2,0
fixed_overflow-wrapper-3,"{""delta"":2,""x"":7}","{""noise_0"":0,""noise_1"":1,""noise_2"":0,""noise_3"":1}",True,INTEGER_OVERFLOW,INTEGER_OVERFLOW,,True,True,True,True,2,0
fixed_overflow-wrapper-3,"{""delta"":0,""x"":0}","{""noise_0"":0,""noise_1"":1,""noise_2"":1,""noise_3"":0}",True,INTEGER_OVERFLOW,,,True,True,True,True,2,0
fixed_overflow-wrapper-3,"{""delta"":0,""x"":6}","{""noise_0"":0,""noise_1"":1,""noise_2"":1,""noise_3"":0}",True,INTEGER_OVERFLOW,,,True,True,True,True,2,0
fixed_overflow-wrapper-3,"{""delta"":0,""x"":7}","{""noise_0"":0,""noise_1"":1,""noise_2"":1,""noise_3"":0}",True,INTEGER_OVERFLOW,,,True,True,True,True,2,0
fixed_overflow-wrapper-3,"{""delta"":1,""x"":0}","{""noise_0"":0,""noise_1"":1,""noise_2"":1,""noise_3"":0}",True,INTEGER_OVERFLOW,,,True,True,True,True,2,0
fixed_overflow-wrapper-3,"{""delta"":1,""x"":6}","{""noise_0"":0,""noise_1"":1,""noise_2"":1,""noise_3"":0}",True,INTEGER_OVERFLOW,,,True,True,True,True,2,0
fixed_overflow-wrapper-3,"{""delta"":1,""x"":7}","{""noise_0"":0,""noise_1"":1,""noise_2"":1,""noise_3"":0}",True,INTEGER_OVERFLOW,INTEGER_OVERFLOW,,True,True,True,True,2,0
fixed_overflow-wrapper-3,"{""delta"":2,""x"":0}","{""noise_0"":0,""noise_1"":1,""noise_2"":1,""noise_3"":0}",True,INTEGER_OVERFLOW,,,True,True,True,True,2,0
fixed_overflow-wrapper-3,"{""delta"":2,""x"":6}","{""noise_0"":0,""noise_1"":1,""noise_2"":1,""noise_3"":0}",True,INTEGER_OVERFLOW,INTEGER_OVERFLOW,,True,True,True,True,2,0
fixed_overflow-wrapper-3,"{""delta"":2,""x"":7}","{""noise_0"":0,""noise_1"":1,""noise_2"":1,""noise_3"":0}",True,INTEGER_OVERFLOW,INTEGER_OVERFLOW,,True,True,True,True,2,0
fixed_overflow-wrapper-3,"{""delta"":0,""x"":0}","{""noise_0"":0,""noise_1"":1,""noise_2"":1,""noise_3"":1}",True,INTEGER_OVERFLOW,,,True,True,True,True,2,0
fixed_overflow-wrapper-3,"{""delta"":0,""x"":6}","{""noise_0"":0,""noise_1"":1,""noise_2"":1,""noise_3"":1}",True,INTEGER_OVERFLOW,,,True,True,True,True,2,0
fixed_overflow-wrapper-3,"{""delta"":0,""x"":7}","{""noise_0"":0,""noise_1"":1,""noise_2"":1,""noise_3"":1}",True,INTEGER_OVERFLOW,,,True,True,True,True,2,0
fixed_overflow-wrapper-3,"{""delta"":1,""x"":0}","{""noise_0"":0,""noise_1"":1,""noise_2"":1,""noise_3"":1}",True,INTEGER_OVERFLOW,,,True,True,True,True,2,0
fixed_overflow-wrapper-3,"{""delta"":1,""x"":6}","{""noise_0"":0,""noise_1"":1,""noise_2"":1,""noise_3"":1}",True,INTEGER_OVERFLOW,,,True,True,True,True,2,0
fixed_overflow-wrapper-3,"{""delta"":1,""x"":7}","{""noise_0"":0,""noise_1"":1,""noise_2"":1,""noise_3"":1}",True,INTEGER_OVERFLOW,INTEGER_OVERFLOW,,True,True,True,True,2,0
fixed_overflow-wrapper-3,"{""delta"":2,""x"":0}","{""noise_0"":0,""noise_1"":1,""noise_2"":1,""noise_3"":1}",True,INTEGER_OVERFLOW,,,True,True,True,True,2,0
fixed_overflow-wrapper-3,"{""delta"":2,""x"":6}","{""noise_0"":0,""noise_1"":1,""noise_2"":1,""noise_3"":1}",True,INTEGER_OVERFLOW,INTEGER_OVERFLOW,,True,True,True,True,2,0
fixed_overflow-wrapper-3,"{""delta"":2,""x"":7}","{""noise_0"":0,""noise_1"":1,""noise_2"":1,""noise_3"":1}",True,INTEGER_OVERFLOW,INTEGER_OVERFLOW,,True,True,True,True,2,0
fixed_overflow-wrapper-3,"{""delta"":0,""x"":0}","{""noise_0"":1,""noise_1"":0,""noise_2"":0,""noise_3"":0}",True,INTEGER_OVERFLOW,,,True,True,True,True,2,0
fixed_overflow-wrapper-3,"{""delta"":0,""x"":6}","{""noise_0"":1,""noise_1"":0,""noise_2"":0,""noise_3"":0}",True,INTEGER_OVERFLOW,,,True,True,True,True,2,0
fixed_overflow-wrapper-3,"{""delta"":0,""x"":7}","{""noise_0"":1,""noise_1"":0,""noise_2"":0,""noise_3"":0}",True,INTEGER_OVERFLOW,,,True,True,True,True,2,0
fixed_overflow-wrapper-3,"{""delta"":1,""x"":0}","{""noise_0"":1,""noise_1"":0,""noise_2"":0,""noise_3"":0}",True,INTEGER_OVERFLOW,,,True,True,True,True,2,0
fixed_overflow-wrapper-3,"{""delta"":1,""x"":6}","{""noise_0"":1,""noise_1"":0,""noise_2"":0,""noise_3"":0}",True,INTEGER_OVERFLOW,,,True,True,True,True,2,0
fixed_overflow-wrapper-3,"{""delta"":1,""x"":7}","{""noise_0"":1,""noise_1"":0,""noise_2"":0,""noise_3"":0}",True,INTEGER_OVERFLOW,INTEGER_OVERFLOW,,True,True,True,True,2,0
fixed_overflow-wrapper-3,"{""delta"":2,""x"":0}","{""noise_0"":1,""noise_1"":0,""noise_2"":0,""noise_3"":0}",True,INTEGER_OVERFLOW,,,True,True,True,True,2,0
fixed_overflow-wrapper-3,"{""delta"":2,""x"":6}","{""noise_0"":1,""noise_1"":0,""noise_2"":0,""noise_3"":0}",True,INTEGER_OVERFLOW,INTEGER_OVERFLOW,,True,True,True,True,2,0
fixed_overflow-wrapper-3,"{""delta"":2,""x"":7}","{""noise_0"":1,""noise_1"":0,""noise_2"":0,""noise_3"":0}",True,INTEGER_OVERFLOW,INTEGER_OVERFLOW,,True,True,True,True,2,0
fixed_overflow-wrapper-3,"{""delta"":0,""x"":0}","{""noise_0"":1,""noise_1"":0,""noise_2"":0,""noise_3"":1}",True,INTEGER_OVERFLOW,,,True,True,True,True,2,0
fixed_overflow-wrapper-3,"{""delta"":0,""x"":6}","{""noise_0"":1,""noise_1"":0,""noise_2"":0,""noise_3"":1}",True,INTEGER_OVERFLOW,,,True,True,True,True,2,0
fixed_overflow-wrapper-3,"{""delta"":0,""x"":7}","{""noise_0"":1,""noise_1"":0,""noise_2"":0,""noise_3"":1}",True,INTEGER_OVERFLOW,,,True,True,True,True,2,0
fixed_overflow-wrapper-3,"{""delta"":1,""x"":0}","{""noise_0"":1,""noise_1"":0,""noise_2"":0,""noise_3"":1}",True,INTEGER_OVERFLOW,,,True,True,True,True,2,0
fixed_overflow-wrapper-3,"{""delta"":1,""x"":6}","{""noise_0"":1,""noise_1"":0,""noise_2"":0,""noise_3"":1}",True,INTEGER_OVERFLOW,,,True,True,True,True,2,0
fixed_overflow-wrapper-3,"{""delta"":1,""x"":7}","{""noise_0"":1,""noise_1"":0,""noise_2"":0,""noise_3"":1}",True,INTEGER_OVERFLOW,INTEGER_OVERFLOW,,True,True,True,True,2,0
fixed_overflow-wrapper-3,"{""delta"":2,""x"":0}","{""noise_0"":1,""noise_1"":0,""noise_2"":0,""noise_3"":1}",True,INTEGER_OVERFLOW,,,True,True,True,True,2,0
fixed_overflow-wrapper-3,"{""delta"":2,""x"":6}","{""noise_0"":1,""noise_1"":0,""noise_2"":0,""noise_3"":1}",True,INTEGER_OVERFLOW,INTEGER_OVERFLOW,,True,True,True,True,2,0
fixed_overflow-wrapper-3,"{""delta"":2,""x"":7}","{""noise_0"":1,""noise_1"":0,""noise_2"":0,""noise_3"":1}",True,INTEGER_OVERFLOW,INTEGER_OVERFLOW,,True,True,True,True,2,0
fixed_overflow-wrapper-3,"{""delta"":0,""x"":0}","{""noise_0"":1,""noise_1"":0,""noise_2"":1,""noise_3"":0}",True,INTEGER_OVERFLOW,,,True,True,True,True,2,0
fixed_overflow-wrapper-3,"{""delta"":0,""x"":6}","{""noise_0"":1,""noise_1"":0,""noise_2"":1,""noise_3"":0}",True,INTEGER_OVERFLOW,,,True,True,True,True,2,0
fixed_overflow-wrapper-3,"{""delta"":0,""x"":7}","{""noise_0"":1,""noise_1"":0,""noise_2"":1,""noise_3"":0}",True,INTEGER_OVERFLOW,,,True,True,True,True,2,0
fixed_overflow-wrapper-3,"{""delta"":1,""x"":0}","{""noise_0"":1,""noise_1"":0,""noise_2"":1,""noise_3"":0}",True,INTEGER_OVERFLOW,,,True,True,True,True,2,0
fixed_overflow-wrapper-3,"{""delta"":1,""x"":6}","{""noise_0"":1,""noise_1"":0,""noise_2"":1,""noise_3"":0}",True,INTEGER_OVERFLOW,,,True,True,True,True,2,0
fixed_overflow-wrapper-3,"{""delta"":1,""x"":7}","{""noise_0"":1,""noise_1"":0,""noise_2"":1,""noise_3"":0}",True,INTEGER_OVERFLOW,INTEGER_OVERFLOW,,True,True,True,True,2,0
fixed_overflow-wrapper-3,"{""delta"":2,""x"":0}","{""noise_0"":1,""noise_1"":0,""noise_2"":1,""noise_3"":0}",True,INTEGER_OVERFLOW,,,True,True,True,True,2,0
fixed_overflow-wrapper-3,"{""delta"":2,""x"":6}","{""noise_0"":1,""noise_1"":0,""noise_2"":1,""noise_3"":0}",True,INTEGER_OVERFLOW,INTEGER_OVERFLOW,,True,True,True,True,2,0
fixed_overflow-wrapper-3,"{""delta"":2,""x"":7}","{""noise_0"":1,""noise_1"":0,""noise_2"":1,""noise_3"":0}",True,INTEGER_OVERFLOW,INTEGER_OVERFLOW,,True,True,True,True,2,0
fixed_overflow-wrapper-3,"{""delta"":0,""x"":0}","{""noise_0"":1,""noise_1"":0,""noise_2"":1,""noise_3"":1}",True,INTEGER_OVERFLOW,,,True,True,True,True,2,0
fixed_overflow-wrapper-3,"{""delta"":0,""x"":6}","{""noise_0"":1,""noise_1"":0,""noise_2"":1,""noise_3"":1}",True,INTEGER_OVERFLOW,,,True,True,True,True,2,0
fixed_overflow-wrapper-3,"{""delta"":0,""x"":7}","{""noise_0"":1,""noise_1"":0,""noise_2"":1,""noise_3"":1}",True,INTEGER_OVERFLOW,,,True,True,True,True,2,0
fixed_overflow-wrapper-3,"{""delta"":1,""x"":0}","{""noise_0"":1,""noise_1"":0,""noise_2"":1,""noise_3"":1}",True,INTEGER_OVERFLOW,,,True,True,True,True,2,0
fixed_overflow-wrapper-3,"{""delta"":1,""x"":6}","{""noise_0"":1,""noise_1"":0,""noise_2"":1,""noise_3"":1}",True,INTEGER_OVERFLOW,,,True,True,True,True,2,0
fixed_overflow-wrapper-3,"{""delta"":1,""x"":7}","{""noise_0"":1,""noise_1"":0,""noise_2"":1,""noise_3"":1}",True,INTEGER_OVERFLOW,INTEGER_OVERFLOW,,True,True,True,True,2,0
fixed_overflow-wrapper-3,"{""delta"":2,""x"":0}","{""noise_0"":1,""noise_1"":0,""noise_2"":1,""noise_3"":1}",True,INTEGER_OVERFLOW,,,True,True,True,True,2,0
fixed_overflow-wrapper-3,"{""delta"":2,""x"":6}","{""noise_0"":1,""noise_1"":0,""noise_2"":1,""noise_3"":1}",True,INTEGER_OVERFLOW,INTEGER_OVERFLOW,,True,True,True,True,2,0
fixed_overflow-wrapper-3,"{""delta"":2,""x"":7}","{""noise_0"":1,""noise_1"":0,""noise_2"":1,""noise_3"":1}",True,INTEGER_OVERFLOW,INTEGER_OVERFLOW,,True,True,True,True,2,0
fixed_overflow-wrapper-3,"{""delta"":0,""x"":0}","{""noise_0"":1,""noise_1"":1,""noise_2"":0,""noise_3"":0}",True,INTEGER_OVERFLOW,,,True,True,True,True,2,0
fixed_overflow-wrapper-3,"{""delta"":0,""x"":6}","{""noise_0"":1,""noise_1"":1,""noise_2"":0,""noise_3"":0}",True,INTEGER_OVERFLOW,,,True,True,True,True,2,0
fixed_overflow-wrapper-3,"{""delta"":0,""x"":7}","{""noise_0"":1,""noise_1"":1,""noise_2"":0,""noise_3"":0}",True,INTEGER_OVERFLOW,,,True,True,True,True,2,0
fixed_overflow-wrapper-3,"{""delta"":1,""x"":0}","{""noise_0"":1,""noise_1"":1,""noise_2"":0,""noise_3"":0}",True,INTEGER_OVERFLOW,,,True,True,True,True,2,0
fixed_overflow-wrapper-3,"{""delta"":1,""x"":6}","{""noise_0"":1,""noise_1"":1,""noise_2"":0,""noise_3"":0}",True,INTEGER_OVERFLOW,,,True,True,True,True,2,0
fixed_overflow-wrapper-3,"{""delta"":1,""x"":7}","{""noise_0"":1,""noise_1"":1,""noise_2"":0,""noise_3"":0}",True,INTEGER_OVERFLOW,INTEGER_OVERFLOW,,True,True,True,True,2,0
fixed_overflow-wrapper-3,"{""delta"":2,""x"":0}","{""noise_0"":1,""noise_1"":1,""noise_2"":0,""noise_3"":0}",True,INTEGER_OVERFLOW,,,True,True,True,True,2,0
fixed_overflow-wrapper-3,"{""delta"":2,""x"":6}","{""noise_0"":1,""noise_1"":1,""noise_2"":0,""noise_3"":0}",True,INTEGER_OVERFLOW,INTEGER_OVERFLOW,,True,True,True,True,2,0
fixed_overflow-wrapper-3,"{""delta"":2,""x"":7}","{""noise_0"":1,""noise_1"":1,""noise_2"":0,""noise_3"":0}",True,INTEGER_OVERFLOW,INTEGER_OVERFLOW,,True,True,True,True,2,0
fixed_overflow-wrapper-3,"{""delta"":0,""x"":0}","{""noise_0"":1,""noise_1"":1,""noise_2"":0,""noise_3"":1}",True,INTEGER_OVERFLOW,,,True,True,True,True,2,0
fixed_overflow-wrapper-3,"{""delta"":0,""x"":6}","{""noise_0"":1,""noise_1"":1,""noise_2"":0,""noise_3"":1}",True,INTEGER_OVERFLOW,,,True,True,True,True,2,0
fixed_overflow-wrapper-3,"{""delta"":0,""x"":7}","{""noise_0"":1,""noise_1"":1,""noise_2"":0,""noise_3"":1}",True,INTEGER_OVERFLOW,,,True,True,True,True,2,0
fixed_overflow-wrapper-3,"{""delta"":1,""x"":0}","{""noise_0"":1,""noise_1"":1,""noise_2"":0,""noise_3"":1}",True,INTEGER_OVERFLOW,,,True,True,True,True,2,0
fixed_overflow-wrapper-3,"{""delta"":1,""x"":6}","{""noise_0"":1,""noise_1"":1,""noise_2"":0,""noise_3"":1}",True,INTEGER_OVERFLOW,,,True,True,True,True,2,0
fixed_overflow-wrapper-3,"{""delta"":1,""x"":7}","{""noise_0"":1,""noise_1"":1,""noise_2"":0,""noise_3"":1}",True,INTEGER_OVERFLOW,INTEGER_OVERFLOW,,True,True,True,True,2,0
fixed_overflow-wrapper-3,"{""delta"":2,""x"":0}","{""noise_0"":1,""noise_1"":1,""noise_2"":0,""noise_3"":1}",True,INTEGER_OVERFLOW,,,True,True,True,True,2,0
fixed_overflow-wrapper-3,"{""delta"":2,""x"":6}","{""noise_0"":1,""noise_1"":1,""noise_2"":0,""noise_3"":1}",True,INTEGER_OVERFLOW,INTEGER_OVERFLOW,,True,True,True,True,2,0
fixed_overflow-wrapper-3,"{""delta"":2,""x"":7}","{""noise_0"":1,""noise_1"":1,""noise_2"":0,""noise_3"":1}",True,INTEGER_OVERFLOW,INTEGER_OVERFLOW,,True,True,True,True,2,0
fixed_overflow-wrapper-3,"{""delta"":0,""x"":0}","{""noise_0"":1,""noise_1"":1,""noise_2"":1,""noise_3"":0}",True,INTEGER_OVERFLOW,,,True,True,True,True,2,0
fixed_overflow-wrapper-3,"{""delta"":0,""x"":6}","{""noise_0"":1,""noise_1"":1,""noise_2"":1,""noise_3"":0}",True,INTEGER_OVERFLOW,,,True,True,True,True,2,0
fixed_overflow-wrapper-3,"{""delta"":0,""x"":7}","{""noise_0"":1,""noise_1"":1,""noise_2"":1,""noise_3"":0}",True,INTEGER_OVERFLOW,,,True,True,True,True,2,0
fixed_overflow-wrapper-3,"{""delta"":1,""x"":0}","{""noise_0"":1,""noise_1"":1,""noise_2"":1,""noise_3"":0}",True,INTEGER_OVERFLOW,,,True,True,True,True,2,0
fixed_overflow-wrapper-3,"{""delta"":1,""x"":6}","{""noise_0"":1,""noise_1"":1,""noise_2"":1,""noise_3"":0}",True,INTEGER_OVERFLOW,,,True,True,True,True,2,0
fixed_overflow-wrapper-3,"{""delta"":1,""x"":7}","{""noise_0"":1,""noise_1"":1,""noise_2"":1,""noise_3"":0}",True,INTEGER_OVERFLOW,INTEGER_OVERFLOW,,True,True,True,True,2,0
fixed_overflow-wrapper-3,"{""delta"":2,""x"":0}","{""noise_0"":1,""noise_1"":1,""noise_2"":1,""noise_3"":0}",True,INTEGER_OVERFLOW,,,True,True,True,True,2,0
fixed_overflow-wrapper-3,"{""delta"":2,""x"":6}","{""noise_0"":1,""noise_1"":1,""noise_2"":1,""noise_3"":0}",True,INTEGER_OVERFLOW,INTEGER_OVERFLOW,,True,True,True,True,2,0
fixed_overflow-wrapper-3,"{""delta"":2,""x"":7}","{""noise_0"":1,""noise_1"":1,""noise_2"":1,""noise_3"":0}",True,INTEGER_OVERFLOW,INTEGER_OVERFLOW,,True,True,True,True,2,0
fixed_overflow-wrapper-3,"{""delta"":0,""x"":0}","{""noise_0"":1,""noise_1"":1,""noise_2"":1,""noise_3"":1}",True,INTEGER_OVERFLOW,,,True,True,True,True,2,0
fixed_overflow-wrapper-3,"{""delta"":0,""x"":6}","{""noise_0"":1,""noise_1"":1,""noise_2"":1,""noise_3"":1}",True,INTEGER_OVERFLOW,,,True,True,True,True,2,0
fixed_overflow-wrapper-3,"{""delta"":0,""x"":7}","{""noise_0"":1,""noise_1"":1,""noise_2"":1,""noise_3"":1}",True,INTEGER_OVERFLOW,,,True,True,True,True,2,0
fixed_overflow-wrapper-3,"{""delta"":1,""x"":0}","{""noise_0"":1,""noise_1"":1,""noise_2"":1,""noise_3"":1}",True,INTEGER_OVERFLOW,,,True,True,True,True,2,0
fixed_overflow-wrapper-3,"{""delta"":1,""x"":6}","{""noise_0"":1,""noise_1"":1,""noise_2"":1,""noise_3"":1}",True,INTEGER_OVERFLOW,,,True,True,True,True,2,0
fixed_overflow-wrapper-3,"{""delta"":1,""x"":7}","{""noise_0"":1,""noise_1"":1,""noise_2"":1,""noise_3"":1}",True,INTEGER_OVERFLOW,INTEGER_OVERFLOW,,True,True,True,True,2,0
fixed_overflow-wrapper-3,"{""delta"":2,""x"":0}","{""noise_0"":1,""noise_1"":1,""noise_2"":1,""noise_3"":1}",True,INTEGER_OVERFLOW,,,True,True,True,True,2,0
fixed_overflow-wrapper-3,"{""delta"":2,""x"":6}","{""noise_0"":1,""noise_1"":1,""noise_2"":1,""noise_3"":1}",True,INTEGER_OVERFLOW,INTEGER_OVERFLOW,,True,True,True,True,2,0
fixed_overflow-wrapper-3,"{""delta"":2,""x"":7}","{""noise_0"":1,""noise_1"":1,""noise_2"":1,""noise_3"":1}",True,INTEGER_OVERFLOW,INTEGER_OVERFLOW,,True,True,True,True,2,0
fixed_overflow-wrapper-4,"{""delta"":0,""x"":0}","{""noise_0"":0,""noise_1"":0,""noise_2"":0,""noise_3"":0}",True,INTEGER_OVERFLOW,,,True,True,True,True,2,0
fixed_overflow-wrapper-4,"{""delta"":0,""x"":6}","{""noise_0"":0,""noise_1"":0,""noise_2"":0,""noise_3"":0}",True,INTEGER_OVERFLOW,,,True,True,True,True,2,0
fixed_overflow-wrapper-4,"{""delta"":0,""x"":7}","{""noise_0"":0,""noise_1"":0,""noise_2"":0,""noise_3"":0}",True,INTEGER_OVERFLOW,,,True,True,True,True,2,0
fixed_overflow-wrapper-4,"{""delta"":1,""x"":0}","{""noise_0"":0,""noise_1"":0,""noise_2"":0,""noise_3"":0}",True,INTEGER_OVERFLOW,,,True,True,True,True,2,0
fixed_overflow-wrapper-4,"{""delta"":1,""x"":6}","{""noise_0"":0,""noise_1"":0,""noise_2"":0,""noise_3"":0}",True,INTEGER_OVERFLOW,,,True,True,True,True,2,0
fixed_overflow-wrapper-4,"{""delta"":1,""x"":7}","{""noise_0"":0,""noise_1"":0,""noise_2"":0,""noise_3"":0}",True,INTEGER_OVERFLOW,INTEGER_OVERFLOW,,True,True,True,True,2,0
fixed_overflow-wrapper-4,"{""delta"":2,""x"":0}","{""noise_0"":0,""noise_1"":0,""noise_2"":0,""noise_3"":0}",True,INTEGER_OVERFLOW,,,True,True,True,True,2,0
fixed_overflow-wrapper-4,"{""delta"":2,""x"":6}","{""noise_0"":0,""noise_1"":0,""noise_2"":0,""noise_3"":0}",True,INTEGER_OVERFLOW,INTEGER_OVERFLOW,,True,True,True,True,2,0
fixed_overflow-wrapper-4,"{""delta"":2,""x"":7}","{""noise_0"":0,""noise_1"":0,""noise_2"":0,""noise_3"":0}",True,INTEGER_OVERFLOW,INTEGER_OVERFLOW,,True,True,True,True,2,0
fixed_overflow-wrapper-4,"{""delta"":0,""x"":0}","{""noise_0"":0,""noise_1"":0,""noise_2"":0,""noise_3"":1}",True,INTEGER_OVERFLOW,,,True,True,True,True,2,0
fixed_overflow-wrapper-4,"{""delta"":0,""x"":6}","{""noise_0"":0,""noise_1"":0,""noise_2"":0,""noise_3"":1}",True,INTEGER_OVERFLOW,,,True,True,True,True,2,0
fixed_overflow-wrapper-4,"{""delta"":0,""x"":7}","{""noise_0"":0,""noise_1"":0,""noise_2"":0,""noise_3"":1}",True,INTEGER_OVERFLOW,,,True,True,True,True,2,0
fixed_overflow-wrapper-4,"{""delta"":1,""x"":0}","{""noise_0"":0,""noise_1"":0,""noise_2"":0,""noise_3"":1}",True,INTEGER_OVERFLOW,,,True,True,True,True,2,0
fixed_overflow-wrapper-4,"{""delta"":1,""x"":6}","{""noise_0"":0,""noise_1"":0,""noise_2"":0,""noise_3"":1}",True,INTEGER_OVERFLOW,,,True,True,True,True,2,0
fixed_overflow-wrapper-4,"{""delta"":1,""x"":7}","{""noise_0"":0,""noise_1"":0,""noise_2"":0,""noise_3"":1}",True,INTEGER_OVERFLOW,INTEGER_OVERFLOW,,True,True,True,True,2,0
fixed_overflow-wrapper-4,"{""delta"":2,""x"":0}","{""noise_0"":0,""noise_1"":0,""noise_2"":0,""noise_3"":1}",True,INTEGER_OVERFLOW,,,True,True,True,True,2,0
fixed_overflow-wrapper-4,"{""delta"":2,""x"":6}","{""noise_0"":0,""noise_1"":0,""noise_2"":0,""noise_3"":1}",True,INTEGER_OVERFLOW,INTEGER_OVERFLOW,,True,True,True,True,2,0
fixed_overflow-wrapper-4,"{""delta"":2,""x"":7}","{""noise_0"":0,""noise_1"":0,""noise_2"":0,""noise_3"":1}",True,INTEGER_OVERFLOW,INTEGER_OVERFLOW,,True,True,True,True,2,0
fixed_overflow-wrapper-4,"{""delta"":0,""x"":0}","{""noise_0"":0,""noise_1"":0,""noise_2"":1,""noise_3"":0}",True,INTEGER_OVERFLOW,,,True,True,True,True,2,0
fixed_overflow-wrapper-4,"{""delta"":0,""x"":6}","{""noise_0"":0,""noise_1"":0,""noise_2"":1,""noise_3"":0}",True,INTEGER_OVERFLOW,,,True,True,True,True,2,0
fixed_overflow-wrapper-4,"{""delta"":0,""x"":7}","{""noise_0"":0,""noise_1"":0,""noise_2"":1,""noise_3"":0}",True,INTEGER_OVERFLOW,,,True,True,True,True,2,0
fixed_overflow-wrapper-4,"{""delta"":1,""x"":0}","{""noise_0"":0,""noise_1"":0,""noise_2"":1,""noise_3"":0}",True,INTEGER_OVERFLOW,,,True,True,True,True,2,0
fixed_overflow-wrapper-4,"{""delta"":1,""x"":6}","{""noise_0"":0,""noise_1"":0,""noise_2"":1,""noise_3"":0}",True,INTEGER_OVERFLOW,,,True,True,True,True,2,0
fixed_overflow-wrapper-4,"{""delta"":1,""x"":7}","{""noise_0"":0,""noise_1"":0,""noise_2"":1,""noise_3"":0}",True,INTEGER_OVERFLOW,INTEGER_OVERFLOW,,True,True,True,True,2,0
fixed_overflow-wrapper-4,"{""delta"":2,""x"":0}","{""noise_0"":0,""noise_1"":0,""noise_2"":1,""noise_3"":0}",True,INTEGER_OVERFLOW,,,True,True,True,True,2,0
fixed_overflow-wrapper-4,"{""delta"":2,""x"":6}","{""noise_0"":0,""noise_1"":0,""noise_2"":1,""noise_3"":0}",True,INTEGER_OVERFLOW,INTEGER_OVERFLOW,,True,True,True,True,2,0
fixed_overflow-wrapper-4,"{""delta"":2,""x"":7}","{""noise_0"":0,""noise_1"":0,""noise_2"":1,""noise_3"":0}",True,INTEGER_OVERFLOW,INTEGER_OVERFLOW,,True,True,True,True,2,0
fixed_overflow-wrapper-4,"{""delta"":0,""x"":0}","{""noise_0"":0,""noise_1"":0,""noise_2"":1,""noise_3"":1}",True,INTEGER_OVERFLOW,,,True,True,True,True,2,0
fixed_overflow-wrapper-4,"{""delta"":0,""x"":6}","{""noise_0"":0,""noise_1"":0,""noise_2"":1,""noise_3"":1}",True,INTEGER_OVERFLOW,,,True,True,True,True,2,0
fixed_overflow-wrapper-4,"{""delta"":0,""x"":7}","{""noise_0"":0,""noise_1"":0,""noise_2"":1,""noise_3"":1}",True,INTEGER_OVERFLOW,,,True,True,True,True,2,0
fixed_overflow-wrapper-4,"{""delta"":1,""x"":0}","{""noise_0"":0,""noise_1"":0,""noise_2"":1,""noise_3"":1}",True,INTEGER_OVERFLOW,,,True,True,True,True,2,0
fixed_overflow-wrapper-4,"{""delta"":1,""x"":6}","{""noise_0"":0,""noise_1"":0,""noise_2"":1,""noise_3"":1}",True,INTEGER_OVERFLOW,,,True,True,True,True,2,0
fixed_overflow-wrapper-4,"{""delta"":1,""x"":7}","{""noise_0"":0,""noise_1"":0,""noise_2"":1,""noise_3"":1}",True,INTEGER_OVERFLOW,INTEGER_OVERFLOW,,True,True,True,True,2,0
fixed_overflow-wrapper-4,"{""delta"":2,""x"":0}","{""noise_0"":0,""noise_1"":0,""noise_2"":1,""noise_3"":1}",True,INTEGER_OVERFLOW,,,True,True,True,True,2,0
fixed_overflow-wrapper-4,"{""delta"":2,""x"":6}","{""noise_0"":0,""noise_1"":0,""noise_2"":1,""noise_3"":1}",True,INTEGER_OVERFLOW,INTEGER_OVERFLOW,,True,True,True,True,2,0
fixed_overflow-wrapper-4,"{""delta"":2,""x"":7}","{""noise_0"":0,""noise_1"":0,""noise_2"":1,""noise_3"":1}",True,INTEGER_OVERFLOW,INTEGER_OVERFLOW,,True,True,True,True,2,0
fixed_overflow-wrapper-4,"{""delta"":0,""x"":0}","{""noise_0"":0,""noise_1"":1,""noise_2"":0,""noise_3"":0}",True,INTEGER_OVERFLOW,,,True,True,True,True,2,0
fixed_overflow-wrapper-4,"{""delta"":0,""x"":6}","{""noise_0"":0,""noise_1"":1,""noise_2"":0,""noise_3"":0}",True,INTEGER_OVERFLOW,,,True,True,True,True,2,0
fixed_overflow-wrapper-4,"{""delta"":0,""x"":7}","{""noise_0"":0,""noise_1"":1,""noise_2"":0,""noise_3"":0}",True,INTEGER_OVERFLOW,,,True,True,True,True,2,0
fixed_overflow-wrapper-4,"{""delta"":1,""x"":0}","{""noise_0"":0,""noise_1"":1,""noise_2"":0,""noise_3"":0}",True,INTEGER_OVERFLOW,,,True,True,True,True,2,0
fixed_overflow-wrapper-4,"{""delta"":1,""x"":6}","{""noise_0"":0,""noise_1"":1,""noise_2"":0,""noise_3"":0}",True,INTEGER_OVERFLOW,,,True,True,True,True,2,0
fixed_overflow-wrapper-4,"{""delta"":1,""x"":7}","{""noise_0"":0,""noise_1"":1,""noise_2"":0,""noise_3"":0}",True,INTEGER_OVERFLOW,INTEGER_OVERFLOW,,True,True,True,True,2,0
fixed_overflow-wrapper-4,"{""delta"":2,""x"":0}","{""noise_0"":0,""noise_1"":1,""noise_2"":0,""noise_3"":0}",True,INTEGER_OVERFLOW,,,True,True,True,True,2,0
fixed_overflow-wrapper-4,"{""delta"":2,""x"":6}","{""noise_0"":0,""noise_1"":1,""noise_2"":0,""noise_3"":0}",True,INTEGER_OVERFLOW,INTEGER_OVERFLOW,,True,True,True,True,2,0
fixed_overflow-wrapper-4,"{""delta"":2,""x"":7}","{""noise_0"":0,""noise_1"":1,""noise_2"":0,""noise_3"":0}",True,INTEGER_OVERFLOW,INTEGER_OVERFLOW,,True,True,True,True,2,0
fixed_overflow-wrapper-4,"{""delta"":0,""x"":0}","{""noise_0"":0,""noise_1"":1,""noise_2"":0,""noise_3"":1}",True,INTEGER_OVERFLOW,,,True,True,True,True,2,0
fixed_overflow-wrapper-4,"{""delta"":0,""x"":6}","{""noise_0"":0,""noise_1"":1,""noise_2"":0,""noise_3"":1}",True,INTEGER_OVERFLOW,,,True,True,True,True,2,0
fixed_overflow-wrapper-4,"{""delta"":0,""x"":7}","{""noise_0"":0,""noise_1"":1,""noise_2"":0,""noise_3"":1}",True,INTEGER_OVERFLOW,,,True,True,True,True,2,0
fixed_overflow-wrapper-4,"{""delta"":1,""x"":0}","{""noise_0"":0,""noise_1"":1,""noise_2"":0,""noise_3"":1}",True,INTEGER_OVERFLOW,,,True,True,True,True,2,0
fixed_overflow-wrapper-4,"{""delta"":1,""x"":6}","{""noise_0"":0,""noise_1"":1,""noise_2"":0,""noise_3"":1}",True,INTEGER_OVERFLOW,,,True,True,True,True,2,0
fixed_overflow-wrapper-4,"{""delta"":1,""x"":7}","{""noise_0"":0,""noise_1"":1,""noise_2"":0,""noise_3"":1}",True,INTEGER_OVERFLOW,INTEGER_OVERFLOW,,True,True,True,True,2,0
fixed_overflow-wrapper-4,"{""delta"":2,""x"":0}","{""noise_0"":0,""noise_1"":1,""noise_2"":0,""noise_3"":1}",True,INTEGER_OVERFLOW,,,True,True,True,True,2,0
fixed_overflow-wrapper-4,"{""delta"":2,""x"":6}","{""noise_0"":0,""noise_1"":1,""noise_2"":0,""noise_3"":1}",True,INTEGER_OVERFLOW,INTEGER_OVERFLOW,,True,True,True,True,2,0
fixed_overflow-wrapper-4,"{""delta"":2,""x"":7}","{""noise_0"":0,""noise_1"":1,""noise_2"":0,""noise_3"":1}",True,INTEGER_OVERFLOW,INTEGER_OVERFLOW,,True,True,True,True,2,0
fixed_overflow-wrapper-4,"{""delta"":0,""x"":0}","{""noise_0"":0,""noise_1"":1,""noise_2"":1,""noise_3"":0}",True,INTEGER_OVERFLOW,,,True,True,True,True,2,0
fixed_overflow-wrapper-4,"{""delta"":0,""x"":6}","{""noise_0"":0,""noise_1"":1,""noise_2"":1,""noise_3"":0}",True,INTEGER_OVERFLOW,,,True,True,True,True,2,0
fixed_overflow-wrapper-4,"{""delta"":0,""x"":7}","{""noise_0"":0,""noise_1"":1,""noise_2"":1,""noise_3"":0}",True,INTEGER_OVERFLOW,,,True,True,True,True,2,0
fixed_overflow-wrapper-4,"{""delta"":1,""x"":0}","{""noise_0"":0,""noise_1"":1,""noise_2"":1,""noise_3"":0}",True,INTEGER_OVERFLOW,,,True,True,True,True,2,0
fixed_overflow-wrapper-4,"{""delta"":1,""x"":6}","{""noise_0"":0,""noise_1"":1,""noise_2"":1,""noise_3"":0}",True,INTEGER_OVERFLOW,,,True,True,True,True,2,0
fixed_overflow-wrapper-4,"{""delta"":1,""x"":7}","{""noise_0"":0,""noise_1"":1,""noise_2"":1,""noise_3"":0}",True,INTEGER_OVERFLOW,INTEGER_OVERFLOW,,True,True,True,True,2,0
fixed_overflow-wrapper-4,"{""delta"":2,""x"":0}","{""noise_0"":0,""noise_1"":1,""noise_2"":1,""noise_3"":0}",True,INTEGER_OVERFLOW,,,True,True,True,True,2,0
fixed_overflow-wrapper-4,"{""delta"":2,""x"":6}","{""noise_0"":0,""noise_1"":1,""noise_2"":1,""noise_3"":0}",True,INTEGER_OVERFLOW,INTEGER_OVERFLOW,,True,True,True,True,2,0
fixed_overflow-wrapper-4,"{""delta"":2,""x"":7}","{""noise_0"":0,""noise_1"":1,""noise_2"":1,""noise_3"":0}",True,INTEGER_OVERFLOW,INTEGER_OVERFLOW,,True,True,True,True,2,0
fixed_overflow-wrapper-4,"{""delta"":0,""x"":0}","{""noise_0"":0,""noise_1"":1,""noise_2"":1,""noise_3"":1}",True,INTEGER_OVERFLOW,,,True,True,True,True,2,0
fixed_overflow-wrapper-4,"{""delta"":0,""x"":6}","{""noise_0"":0,""noise_1"":1,""noise_2"":1,""noise_3"":1}",True,INTEGER_OVERFLOW,,,True,True,True,True,2,0
fixed_overflow-wrapper-4,"{""delta"":0,""x"":7}","{""noise_0"":0,""noise_1"":1,""noise_2"":1,""noise_3"":1}",True,INTEGER_OVERFLOW,,,True,True,True,True,2,0
fixed_overflow-wrapper-4,"{""delta"":1,""x"":0}","{""noise_0"":0,""noise_1"":1,""noise_2"":1,""noise_3"":1}",True,INTEGER_OVERFLOW,,,True,True,True,True,2,0
fixed_overflow-wrapper-4,"{""delta"":1,""x"":6}","{""noise_0"":0,""noise_1"":1,""noise_2"":1,""noise_3"":1}",True,INTEGER_OVERFLOW,,,True,True,True,True,2,0
fixed_overflow-wrapper-4,"{""delta"":1,""x"":7}","{""noise_0"":0,""noise_1"":1,""noise_2"":1,""noise_3"":1}",True,INTEGER_OVERFLOW,INTEGER_OVERFLOW,,True,True,True,True,2,0
fixed_overflow-wrapper-4,"{""delta"":2,""x"":0}","{""noise_0"":0,""noise_1"":1,""noise_2"":1,""noise_3"":1}",True,INTEGER_OVERFLOW,,,True,True,True,True,2,0
fixed_overflow-wrapper-4,"{""delta"":2,""x"":6}","{""noise_0"":0,""noise_1"":1,""noise_2"":1,""noise_3"":1}",True,INTEGER_OVERFLOW,INTEGER_OVERFLOW,,True,True,True,True,2,0
fixed_overflow-wrapper-4,"{""delta"":2,""x"":7}","{""noise_0"":0,""noise_1"":1,""noise_2"":1,""noise_3"":1}",True,INTEGER_OVERFLOW,INTEGER_OVERFLOW,,True,True,True,True,2,0
fixed_overflow-wrapper-4,"{""delta"":0,""x"":0}","{""noise_0"":1,""noise_1"":0,""noise_2"":0,""noise_3"":0}",True,INTEGER_OVERFLOW,,,True,True,True,True,2,0
fixed_overflow-wrapper-4,"{""delta"":0,""x"":6}","{""noise_0"":1,""noise_1"":0,""noise_2"":0,""noise_3"":0}",True,INTEGER_OVERFLOW,,,True,True,True,True,2,0
fixed_overflow-wrapper-4,"{""delta"":0,""x"":7}","{""noise_0"":1,""noise_1"":0,""noise_2"":0,""noise_3"":0}",True,INTEGER_OVERFLOW,,,True,True,True,True,2,0
fixed_overflow-wrapper-4,"{""delta"":1,""x"":0}","{""noise_0"":1,""noise_1"":0,""noise_2"":0,""noise_3"":0}",True,INTEGER_OVERFLOW,,,True,True,True,True,2,0
fixed_overflow-wrapper-4,"{""delta"":1,""x"":6}","{""noise_0"":1,""noise_1"":0,""noise_2"":0,""noise_3"":0}",True,INTEGER_OVERFLOW,,,True,True,True,True,2,0
fixed_overflow-wrapper-4,"{""delta"":1,""x"":7}","{""noise_0"":1,""noise_1"":0,""noise_2"":0,""noise_3"":0}",True,INTEGER_OVERFLOW,INTEGER_OVERFLOW,,True,True,True,True,2,0
fixed_overflow-wrapper-4,"{""delta"":2,""x"":0}","{""noise_0"":1,""noise_1"":0,""noise_2"":0,""noise_3"":0}",True,INTEGER_OVERFLOW,,,True,True,True,True,2,0
fixed_overflow-wrapper-4,"{""delta"":2,""x"":6}","{""noise_0"":1,""noise_1"":0,""noise_2"":0,""noise_3"":0}",True,INTEGER_OVERFLOW,INTEGER_OVERFLOW,,True,True,True,True,2,0
fixed_overflow-wrapper-4,"{""delta"":2,""x"":7}","{""noise_0"":1,""noise_1"":0,""noise_2"":0,""noise_3"":0}",True,INTEGER_OVERFLOW,INTEGER_OVERFLOW,,True,True,True,True,2,0
fixed_overflow-wrapper-4,"{""delta"":0,""x"":0}","{""noise_0"":1,""noise_1"":0,""noise_2"":0,""noise_3"":1}",True,INTEGER_OVERFLOW,,,True,True,True,True,2,0
fixed_overflow-wrapper-4,"{""delta"":0,""x"":6}","{""noise_0"":1,""noise_1"":0,""noise_2"":0,""noise_3"":1}",True,INTEGER_OVERFLOW,,,True,True,True,True,2,0
fixed_overflow-wrapper-4,"{""delta"":0,""x"":7}","{""noise_0"":1,""noise_1"":0,""noise_2"":0,""noise_3"":1}",True,INTEGER_OVERFLOW,,,True,True,True,True,2,0
fixed_overflow-wrapper-4,"{""delta"":1,""x"":0}","{""noise_0"":1,""noise_1"":0,""noise_2"":0,""noise_3"":1}",True,INTEGER_OVERFLOW,,,True,True,True,True,2,0
fixed_overflow-wrapper-4,"{""delta"":1,""x"":6}","{""noise_0"":1,""noise_1"":0,""noise_2"":0,""noise_3"":1}",True,INTEGER_OVERFLOW,,,True,True,True,True,2,0
fixed_overflow-wrapper-4,"{""delta"":1,""x"":7}","{""noise_0"":1,""noise_1"":0,""noise_2"":0,""noise_3"":1}",True,INTEGER_OVERFLOW,INTEGER_OVERFLOW,,True,True,True,True,2,0
fixed_overflow-wrapper-4,"{""delta"":2,""x"":0}","{""noise_0"":1,""noise_1"":0,""noise_2"":0,""noise_3"":1}",True,INTEGER_OVERFLOW,,,True,True,True,True,2,0
fixed_overflow-wrapper-4,"{""delta"":2,""x"":6}","{""noise_0"":1,""noise_1"":0,""noise_2"":0,""noise_3"":1}",True,INTEGER_OVERFLOW,INTEGER_OVERFLOW,,True,True,True,True,2,0
fixed_overflow-wrapper-4,"{""delta"":2,""x"":7}","{""noise_0"":1,""noise_1"":0,""noise_2"":0,""noise_3"":1}",True,INTEGER_OVERFLOW,INTEGER_OVERFLOW,,True,True,True,True,2,0
fixed_overflow-wrapper-4,"{""delta"":0,""x"":0}","{""noise_0"":1,""noise_1"":0,""noise_2"":1,""noise_3"":0}",True,INTEGER_OVERFLOW,,,True,True,True,True,2,0
fixed_overflow-wrapper-4,"{""delta"":0,""x"":6}","{""noise_0"":1,""noise_1"":0,""noise_2"":1,""noise_3"":0}",True,INTEGER_OVERFLOW,,,True,True,True,True,2,0
fixed_overflow-wrapper-4,"{""delta"":0,""x"":7}","{""noise_0"":1,""noise_1"":0,""noise_2"":1,""noise_3"":0}",True,INTEGER_OVERFLOW,,,True,True,True,True,2,0
fixed_overflow-wrapper-4,"{""delta"":1,""x"":0}","{""noise_0"":1,""noise_1"":0,""noise_2"":1,""noise_3"":0}",True,INTEGER_OVERFLOW,,,True,True,True,True,2,0
fixed_overflow-wrapper-4,"{""delta"":1,""x"":6}","{""noise_0"":1,""noise_1"":0,""noise_2"":1,""noise_3"":0}",True,INTEGER_OVERFLOW,,,True,True,True,True,2,0
fixed_overflow-wrapper-4,"{""delta"":1,""x"":7}","{""noise_0"":1,""noise_1"":0,""noise_2"":1,""noise_3"":0}",True,INTEGER_OVERFLOW,INTEGER_OVERFLOW,,True,True,True,True,2,0
fixed_overflow-wrapper-4,"{""delta"":2,""x"":0}","{""noise_0"":1,""noise_1"":0,""noise_2"":1,""noise_3"":0}",True,INTEGER_OVERFLOW,,,True,True,True,True,2,0
fixed_overflow-wrapper-4,"{""delta"":2,""x"":6}","{""noise_0"":1,""noise_1"":0,""noise_2"":1,""noise_3"":0}",True,INTEGER_OVERFLOW,INTEGER_OVERFLOW,,True,True,True,True,2,0
fixed_overflow-wrapper-4,"{""delta"":2,""x"":7}","{""noise_0"":1,""noise_1"":0,""noise_2"":1,""noise_3"":0}",True,INTEGER_OVERFLOW,INTEGER_OVERFLOW,,True,True,True,True,2,0
fixed_overflow-wrapper-4,"{""delta"":0,""x"":0}","{""noise_0"":1,""noise_1"":0,""noise_2"":1,""noise_3"":1}",True,INTEGER_OVERFLOW,,,True,True,True,True,2,0
fixed_overflow-wrapper-4,"{""delta"":0,""x"":6}","{""noise_0"":1,""noise_1"":0,""noise_2"":1,""noise_3"":1}",True,INTEGER_OVERFLOW,,,True,True,True,True,2,0
fixed_overflow-wrapper-4,"{""delta"":0,""x"":7}","{""noise_0"":1,""noise_1"":0,""noise_2"":1,""noise_3"":1}",True,INTEGER_OVERFLOW,,,True,True,True,True,2,0
fixed_overflow-wrapper-4,"{""delta"":1,""x"":0}","{""noise_0"":1,""noise_1"":0,""noise_2"":1,""noise_3"":1}",True,INTEGER_OVERFLOW,,,True,True,True,True,2,0
fixed_overflow-wrapper-4,"{""delta"":1,""x"":6}","{""noise_0"":1,""noise_1"":0,""noise_2"":1,""noise_3"":1}",True,INTEGER_OVERFLOW,,,True,True,True,True,2,0
fixed_overflow-wrapper-4,"{""delta"":1,""x"":7}","{""noise_0"":1,""noise_1"":0,""noise_2"":1,""noise_3"":1}",True,INTEGER_OVERFLOW,INTEGER_OVERFLOW,,True,True,True,True,2,0
fixed_overflow-wrapper-4,"{""delta"":2,""x"":0}","{""noise_0"":1,""noise_1"":0,""noise_2"":1,""noise_3"":1}",True,INTEGER_OVERFLOW,,,True,True,True,True,2,0
fixed_overflow-wrapper-4,"{""delta"":2,""x"":6}","{""noise_0"":1,""noise_1"":0,""noise_2"":1,""noise_3"":1}",True,INTEGER_OVERFLOW,INTEGER_OVERFLOW,,True,True,True,True,2,0
fixed_overflow-wrapper-4,"{""delta"":2,""x"":7}","{""noise_0"":1,""noise_1"":0,""noise_2"":1,""noise_3"":1}",True,INTEGER_OVERFLOW,INTEGER_OVERFLOW,,True,True,True,True,2,0
fixed_overflow-wrapper-4,"{""delta"":0,""x"":0}","{""noise_0"":1,""noise_1"":1,""noise_2"":0,""noise_3"":0}",True,INTEGER_OVERFLOW,,,True,True,True,True,2,0
fixed_overflow-wrapper-4,"{""delta"":0,""x"":6}","{""noise_0"":1,""noise_1"":1,""noise_2"":0,""noise_3"":0}",True,INTEGER_OVERFLOW,,,True,True,True,True,2,0
fixed_overflow-wrapper-4,"{""delta"":0,""x"":7}","{""noise_0"":1,""noise_1"":1,""noise_2"":0,""noise_3"":0}",True,INTEGER_OVERFLOW,,,True,True,True,True,2,0
fixed_overflow-wrapper-4,"{""delta"":1,""x"":0}","{""noise_0"":1,""noise_1"":1,""noise_2"":0,""noise_3"":0}",True,INTEGER_OVERFLOW,,,True,True,True,True,2,0
fixed_overflow-wrapper-4,"{""delta"":1,""x"":6}","{""noise_0"":1,""noise_1"":1,""noise_2"":0,""noise_3"":0}",True,INTEGER_OVERFLOW,,,True,True,True,True,2,0
fixed_overflow-wrapper-4,"{""delta"":1,""x"":7}","{""noise_0"":1,""noise_1"":1,""noise_2"":0,""noise_3"":0}",True,INTEGER_OVERFLOW,INTEGER_OVERFLOW,,True,True,True,True,2,0
fixed_overflow-wrapper-4,"{""delta"":2,""x"":0}","{""noise_0"":1,""noise_1"":1,""noise_2"":0,""noise_3"":0}",True,INTEGER_OVERFLOW,,,True,True,True,True,2,0
fixed_overflow-wrapper-4,"{""delta"":2,""x"":6}","{""noise_0"":1,""noise_1"":1,""noise_2"":0,""noise_3"":0}",True,INTEGER_OVERFLOW,INTEGER_OVERFLOW,,True,True,True,True,2,0
fixed_overflow-wrapper-4,"{""delta"":2,""x"":7}","{""noise_0"":1,""noise_1"":1,""noise_2"":0,""noise_3"":0}",True,INTEGER_OVERFLOW,INTEGER_OVERFLOW,,True,True,True,True,2,0
fixed_overflow-wrapper-4,"{""delta"":0,""x"":0}","{""noise_0"":1,""noise_1"":1,""noise_2"":0,""noise_3"":1}",True,INTEGER_OVERFLOW,,,True,True,True,True,2,0
fixed_overflow-wrapper-4,"{""delta"":0,""x"":6}","{""noise_0"":1,""noise_1"":1,""noise_2"":0,""noise_3"":1}",True,INTEGER_OVERFLOW,,,True,True,True,True,2,0
fixed_overflow-wrapper-4,"{""delta"":0,""x"":7}","{""noise_0"":1,""noise_1"":1,""noise_2"":0,""noise_3"":1}",True,INTEGER_OVERFLOW,,,True,True,True,True,2,0
fixed_overflow-wrapper-4,"{""delta"":1,""x"":0}","{""noise_0"":1,""noise_1"":1,""noise_2"":0,""noise_3"":1}",True,INTEGER_OVERFLOW,,,True,True,True,True,2,0
fixed_overflow-wrapper-4,"{""delta"":1,""x"":6}","{""noise_0"":1,""noise_1"":1,""noise_2"":0,""noise_3"":1}",True,INTEGER_OVERFLOW,,,True,True,True,True,2,0
fixed_overflow-wrapper-4,"{""delta"":1,""x"":7}","{""noise_0"":1,""noise_1"":1,""noise_2"":0,""noise_3"":1}",True,INTEGER_OVERFLOW,INTEGER_OVERFLOW,,True,True,True,True,2,0
fixed_overflow-wrapper-4,"{""delta"":2,""x"":0}","{""noise_0"":1,""noise_1"":1,""noise_2"":0,""noise_3"":1}",True,INTEGER_OVERFLOW,,,True,True,True,True,2,0
fixed_overflow-wrapper-4,"{""delta"":2,""x"":6}","{""noise_0"":1,""noise_1"":1,""noise_2"":0,""noise_3"":1}",True,INTEGER_OVERFLOW,INTEGER_OVERFLOW,,True,True,True,True,2,0
fixed_overflow-wrapper-4,"{""delta"":2,""x"":7}","{""noise_0"":1,""noise_1"":1,""noise_2"":0,""noise_3"":1}",True,INTEGER_OVERFLOW,INTEGER_OVERFLOW,,True,True,True,True,2,0
fixed_overflow-wrapper-4,"{""delta"":0,""x"":0}","{""noise_0"":1,""noise_1"":1,""noise_2"":1,""noise_3"":0}",True,INTEGER_OVERFLOW,,,True,True,True,True,2,0
fixed_overflow-wrapper-4,"{""delta"":0,""x"":6}","{""noise_0"":1,""noise_1"":1,""noise_2"":1,""noise_3"":0}",True,INTEGER_OVERFLOW,,,True,True,True,True,2,0
fixed_overflow-wrapper-4,"{""delta"":0,""x"":7}","{""noise_0"":1,""noise_1"":1,""noise_2"":1,""noise_3"":0}",True,INTEGER_OVERFLOW,,,True,True,True,True,2,0
fixed_overflow-wrapper-4,"{""delta"":1,""x"":0}","{""noise_0"":1,""noise_1"":1,""noise_2"":1,""noise_3"":0}",True,INTEGER_OVERFLOW,,,True,True,True,True,2,0
fixed_overflow-wrapper-4,"{""delta"":1,""x"":6}","{""noise_0"":1,""noise_1"":1,""noise_2"":1,""noise_3"":0}",True,INTEGER_OVERFLOW,,,True,True,True,True,2,0
fixed_overflow-wrapper-4,"{""delta"":1,""x"":7}","{""noise_0"":1,""noise_1"":1,""noise_2"":1,""noise_3"":0}",True,INTEGER_OVERFLOW,INTEGER_OVERFLOW,,True,True,True,True,2,0
fixed_overflow-wrapper-4,"{""delta"":2,""x"":0}","{""noise_0"":1,""noise_1"":1,""noise_2"":1,""noise_3"":0}",True,INTEGER_OVERFLOW,,,True,True,True,True,2,0
fixed_overflow-wrapper-4,"{""delta"":2,""x"":6}","{""noise_0"":1,""noise_1"":1,""noise_2"":1,""noise_3"":0}",True,INTEGER_OVERFLOW,INTEGER_OVERFLOW,,True,True,True,True,2,0
fixed_overflow-wrapper-4,"{""delta"":2,""x"":7}","{""noise_0"":1,""noise_1"":1,""noise_2"":1,""noise_3"":0}",True,INTEGER_OVERFLOW,INTEGER_OVERFLOW,,True,True,True,True,2,0
fixed_overflow-wrapper-4,"{""delta"":0,""x"":0}","{""noise_0"":1,""noise_1"":1,""noise_2"":1,""noise_3"":1}",True,INTEGER_OVERFLOW,,,True,True,True,True,2,0
fixed_overflow-wrapper-4,"{""delta"":0,""x"":6}","{""noise_0"":1,""noise_1"":1,""noise_2"":1,""noise_3"":1}",True,INTEGER_OVERFLOW,,,True,True,True,True,2,0
fixed_overflow-wrapper-4,"{""delta"":0,""x"":7}","{""noise_0"":1,""noise_1"":1,""noise_2"":1,""noise_3"":1}",True,INTEGER_OVERFLOW,,,True,True,True,True,2,0
fixed_overflow-wrapper-4,"{""delta"":1,""x"":0}","{""noise_0"":1,""noise_1"":1,""noise_2"":1,""noise_3"":1}",True,INTEGER_OVERFLOW,,,True,True,True,True,2,0
fixed_overflow-wrapper-4,"{""delta"":1,""x"":6}","{""noise_0"":1,""noise_1"":1,""noise_2"":1,""noise_3"":1}",True,INTEGER_OVERFLOW,,,True,True,True,True,2,0
fixed_overflow-wrapper-4,"{""delta"":1,""x"":7}","{""noise_0"":1,""noise_1"":1,""noise_2"":1,""noise_3"":1}",True,INTEGER_OVERFLOW,INTEGER_OVERFLOW,,True,True,True,True,2,0
fixed_overflow-wrapper-4,"{""delta"":2,""x"":0}","{""noise_0"":1,""noise_1"":1,""noise_2"":1,""noise_3"":1}",True,INTEGER_OVERFLOW,,,True,True,True,True,2,0
fixed_overflow-wrapper-4,"{""delta"":2,""x"":6}","{""noise_0"":1,""noise_1"":1,""noise_2"":1,""noise_3"":1}",True,INTEGER_OVERFLOW,INTEGER_OVERFLOW,,True,True,True,True,2,0
fixed_overflow-wrapper-4,"{""delta"":2,""x"":7}","{""noise_0"":1,""noise_1"":1,""noise_2"":1,""noise_3"":1}",True,INTEGER_OVERFLOW,INTEGER_OVERFLOW,,True,True,True,True,2,0
fixed_overflow-wrapper-5,"{""delta"":0,""x"":0}","{""noise_0"":0,""noise_1"":0,""noise_2"":0,""noise_3"":0}",True,INTEGER_OVERFLOW,,,True,True,True,True,2,0
fixed_overflow-wrapper-5,"{""delta"":0,""x"":6}","{""noise_0"":0,""noise_1"":0,""noise_2"":0,""noise_3"":0}",True,INTEGER_OVERFLOW,,,True,True,True,True,2,0
fixed_overflow-wrapper-5,"{""delta"":0,""x"":7}","{""noise_0"":0,""noise_1"":0,""noise_2"":0,""noise_3"":0}",True,INTEGER_OVERFLOW,,,True,True,True,True,2,0
fixed_overflow-wrapper-5,"{""delta"":1,""x"":0}","{""noise_0"":0,""noise_1"":0,""noise_2"":0,""noise_3"":0}",True,INTEGER_OVERFLOW,,,True,True,True,True,2,0
fixed_overflow-wrapper-5,"{""delta"":1,""x"":6}","{""noise_0"":0,""noise_1"":0,""noise_2"":0,""noise_3"":0}",True,INTEGER_OVERFLOW,,,True,True,True,True,2,0
fixed_overflow-wrapper-5,"{""delta"":1,""x"":7}","{""noise_0"":0,""noise_1"":0,""noise_2"":0,""noise_3"":0}",True,INTEGER_OVERFLOW,INTEGER_OVERFLOW,,True,True,True,True,2,0
fixed_overflow-wrapper-5,"{""delta"":2,""x"":0}","{""noise_0"":0,""noise_1"":0,""noise_2"":0,""noise_3"":0}",True,INTEGER_OVERFLOW,,,True,True,True,True,2,0
fixed_overflow-wrapper-5,"{""delta"":2,""x"":6}","{""noise_0"":0,""noise_1"":0,""noise_2"":0,""noise_3"":0}",True,INTEGER_OVERFLOW,INTEGER_OVERFLOW,,True,True,True,True,2,0
fixed_overflow-wrapper-5,"{""delta"":2,""x"":7}","{""noise_0"":0,""noise_1"":0,""noise_2"":0,""noise_3"":0}",True,INTEGER_OVERFLOW,INTEGER_OVERFLOW,,True,True,True,True,2,0
fixed_overflow-wrapper-5,"{""delta"":0,""x"":0}","{""noise_0"":0,""noise_1"":0,""noise_2"":0,""noise_3"":1}",True,INTEGER_OVERFLOW,,,True,True,True,True,2,0
fixed_overflow-wrapper-5,"{""delta"":0,""x"":6}","{""noise_0"":0,""noise_1"":0,""noise_2"":0,""noise_3"":1}",True,INTEGER_OVERFLOW,,,True,True,True,True,2,0
fixed_overflow-wrapper-5,"{""delta"":0,""x"":7}","{""noise_0"":0,""noise_1"":0,""noise_2"":0,""noise_3"":1}",True,INTEGER_OVERFLOW,,,True,True,True,True,2,0
fixed_overflow-wrapper-5,"{""delta"":1,""x"":0}","{""noise_0"":0,""noise_1"":0,""noise_2"":0,""noise_3"":1}",True,INTEGER_OVERFLOW,,,True,True,True,True,2,0
fixed_overflow-wrapper-5,"{""delta"":1,""x"":6}","{""noise_0"":0,""noise_1"":0,""noise_2"":0,""noise_3"":1}",True,INTEGER_OVERFLOW,,,True,True,True,True,2,0
fixed_overflow-wrapper-5,"{""delta"":1,""x"":7}","{""noise_0"":0,""noise_1"":0,""noise_2"":0,""noise_3"":1}",True,INTEGER_OVERFLOW,INTEGER_OVERFLOW,,True,True,True,True,2,0
fixed_overflow-wrapper-5,"{""delta"":2,""x"":0}","{""noise_0"":0,""noise_1"":0,""noise_2"":0,""noise_3"":1}",True,INTEGER_OVERFLOW,,,True,True,True,True,2,0
fixed_overflow-wrapper-5,"{""delta"":2,""x"":6}","{""noise_0"":0,""noise_1"":0,""noise_2"":0,""noise_3"":1}",True,INTEGER_OVERFLOW,INTEGER_OVERFLOW,,True,True,True,True,2,0
fixed_overflow-wrapper-5,"{""delta"":2,""x"":7}","{""noise_0"":0,""noise_1"":0,""noise_2"":0,""noise_3"":1}",True,INTEGER_OVERFLOW,INTEGER_OVERFLOW,,True,True,True,True,2,0
fixed_overflow-wrapper-5,"{""delta"":0,""x"":0}","{""noise_0"":0,""noise_1"":0,""noise_2"":1,""noise_3"":0}",True,INTEGER_OVERFLOW,,,True,True,True,True,2,0
fixed_overflow-wrapper-5,"{""delta"":0,""x"":6}","{""noise_0"":0,""noise_1"":0,""noise_2"":1,""noise_3"":0}",True,INTEGER_OVERFLOW,,,True,True,True,True,2,0
fixed_overflow-wrapper-5,"{""delta"":0,""x"":7}","{""noise_0"":0,""noise_1"":0,""noise_2"":1,""noise_3"":0}",True,INTEGER_OVERFLOW,,,True,True,True,True,2,0
fixed_overflow-wrapper-5,"{""delta"":1,""x"":0}","{""noise_0"":0,""noise_1"":0,""noise_2"":1,""noise_3"":0}",True,INTEGER_OVERFLOW,,,True,True,True,True,2,0
fixed_overflow-wrapper-5,"{""delta"":1,""x"":6}","{""noise_0"":0,""noise_1"":0,""noise_2"":1,""noise_3"":0}",True,INTEGER_OVERFLOW,,,True,True,True,True,2,0
fixed_overflow-wrapper-5,"{""delta"":1,""x"":7}","{""noise_0"":0,""noise_1"":0,""noise_2"":1,""noise_3"":0}",True,INTEGER_OVERFLOW,INTEGER_OVERFLOW,,True,True,True,True,2,0
fixed_overflow-wrapper-5,"{""delta"":2,""x"":0}","{""noise_0"":0,""noise_1"":0,""noise_2"":1,""noise_3"":0}",True,INTEGER_OVERFLOW,,,True,True,True,True,2,0
fixed_overflow-wrapper-5,"{""delta"":2,""x"":6}","{""noise_0"":0,""noise_1"":0,""noise_2"":1,""noise_3"":0}",True,INTEGER_OVERFLOW,INTEGER_OVERFLOW,,True,True,True,True,2,0
fixed_overflow-wrapper-5,"{""delta"":2,""x"":7}","{""noise_0"":0,""noise_1"":0,""noise_2"":1,""noise_3"":0}",True,INTEGER_OVERFLOW,INTEGER_OVERFLOW,,True,True,True,True,2,0
fixed_overflow-wrapper-5,"{""delta"":0,""x"":0}","{""noise_0"":0,""noise_1"":0,""noise_2"":1,""noise_3"":1}",True,INTEGER_OVERFLOW,,,True,True,True,True,2,0
fixed_overflow-wrapper-5,"{""delta"":0,""x"":6}","{""noise_0"":0,""noise_1"":0,""noise_2"":1,""noise_3"":1}",True,INTEGER_OVERFLOW,,,True,True,True,True,2,0
fixed_overflow-wrapper-5,"{""delta"":0,""x"":7}","{""noise_0"":0,""noise_1"":0,""noise_2"":1,""noise_3"":1}",True,INTEGER_OVERFLOW,,,True,True,True,True,2,0
fixed_overflow-wrapper-5,"{""delta"":1,""x"":0}","{""noise_0"":0,""noise_1"":0,""noise_2"":1,""noise_3"":1}",True,INTEGER_OVERFLOW,,,True,True,True,True,2,0
fixed_overflow-wrapper-5,"{""delta"":1,""x"":6}","{""noise_0"":0,""noise_1"":0,""noise_2"":1,""noise_3"":1}",True,INTEGER_OVERFLOW,,,True,True,True,True,2,0
fixed_overflow-wrapper-5,"{""delta"":1,""x"":7}","{""noise_0"":0,""noise_1"":0,""noise_2"":1,""noise_3"":1}",True,INTEGER_OVERFLOW,INTEGER_OVERFLOW,,True,True,True,True,2,0
fixed_overflow-wrapper-5,"{""delta"":2,""x"":0}","{""noise_0"":0,""noise_1"":0,""noise_2"":1,""noise_3"":1}",True,INTEGER_OVERFLOW,,,True,True,True,True,2,0
fixed_overflow-wrapper-5,"{""delta"":2,""x"":6}","{""noise_0"":0,""noise_1"":0,""noise_2"":1,""noise_3"":1}",True,INTEGER_OVERFLOW,INTEGER_OVERFLOW,,True,True,True,True,2,0
fixed_overflow-wrapper-5,"{""delta"":2,""x"":7}","{""noise_0"":0,""noise_1"":0,""noise_2"":1,""noise_3"":1}",True,INTEGER_OVERFLOW,INTEGER_OVERFLOW,,True,True,True,True,2,0
fixed_overflow-wrapper-5,"{""delta"":0,""x"":0}","{""noise_0"":0,""noise_1"":1,""noise_2"":0,""noise_3"":0}",True,INTEGER_OVERFLOW,,,True,True,True,True,2,0
fixed_overflow-wrapper-5,"{""delta"":0,""x"":6}","{""noise_0"":0,""noise_1"":1,""noise_2"":0,""noise_3"":0}",True,INTEGER_OVERFLOW,,,True,True,True,True,2,0
fixed_overflow-wrapper-5,"{""delta"":0,""x"":7}","{""noise_0"":0,""noise_1"":1,""noise_2"":0,""noise_3"":0}",True,INTEGER_OVERFLOW,,,True,True,True,True,2,0
fixed_overflow-wrapper-5,"{""delta"":1,""x"":0}","{""noise_0"":0,""noise_1"":1,""noise_2"":0,""noise_3"":0}",True,INTEGER_OVERFLOW,,,True,True,True,True,2,0
fixed_overflow-wrapper-5,"{""delta"":1,""x"":6}","{""noise_0"":0,""noise_1"":1,""noise_2"":0,""noise_3"":0}",True,INTEGER_OVERFLOW,,,True,True,True,True,2,0
fixed_overflow-wrapper-5,"{""delta"":1,""x"":7}","{""noise_0"":0,""noise_1"":1,""noise_2"":0,""noise_3"":0}",True,INTEGER_OVERFLOW,INTEGER_OVERFLOW,,True,True,True,True,2,0
fixed_overflow-wrapper-5,"{""delta"":2,""x"":0}","{""noise_0"":0,""noise_1"":1,""noise_2"":0,""noise_3"":0}",True,INTEGER_OVERFLOW,,,True,True,True,True,2,0
fixed_overflow-wrapper-5,"{""delta"":2,""x"":6}","{""noise_0"":0,""noise_1"":1,""noise_2"":0,""noise_3"":0}",True,INTEGER_OVERFLOW,INTEGER_OVERFLOW,,True,True,True,True,2,0
fixed_overflow-wrapper-5,"{""delta"":2,""x"":7}","{""noise_0"":0,""noise_1"":1,""noise_2"":0,""noise_3"":0}",True,INTEGER_OVERFLOW,INTEGER_OVERFLOW,,True,True,True,True,2,0
fixed_overflow-wrapper-5,"{""delta"":0,""x"":0}","{""noise_0"":0,""noise_1"":1,""noise_2"":0,""noise_3"":1}",True,INTEGER_OVERFLOW,,,True,True,True,True,2,0
fixed_overflow-wrapper-5,"{""delta"":0,""x"":6}","{""noise_0"":0,""noise_1"":1,""noise_2"":0,""noise_3"":1}",True,INTEGER_OVERFLOW,,,True,True,True,True,2,0
fixed_overflow-wrapper-5,"{""delta"":0,""x"":7}","{""noise_0"":0,""noise_1"":1,""noise_2"":0,""noise_3"":1}",True,INTEGER_OVERFLOW,,,True,True,True,True,2,0
fixed_overflow-wrapper-5,"{""delta"":1,""x"":0}","{""noise_0"":0,""noise_1"":1,""noise_2"":0,""noise_3"":1}",True,INTEGER_OVERFLOW,,,True,True,True,True,2,0
fixed_overflow-wrapper-5,"{""delta"":1,""x"":6}","{""noise_0"":0,""noise_1"":1,""noise_2"":0,""noise_3"":1}",True,INTEGER_OVERFLOW,,,True,True,True,True,2,0
fixed_overflow-wrapper-5,"{""delta"":1,""x"":7}","{""noise_0"":0,""noise_1"":1,""noise_2"":0,""noise_3"":1}",True,INTEGER_OVERFLOW,INTEGER_OVERFLOW,,True,True,True,True,2,0
fixed_overflow-wrapper-5,"{""delta"":2,""x"":0}","{""noise_0"":0,""noise_1"":1,""noise_2"":0,""noise_3"":1}",True,INTEGER_OVERFLOW,,,True,True,True,True,2,0
fixed_overflow-wrapper-5,"{""delta"":2,""x"":6}","{""noise_0"":0,""noise_1"":1,""noise_2"":0,""noise_3"":1}",True,INTEGER_OVERFLOW,INTEGER_OVERFLOW,,True,True,True,True,2,0
fixed_overflow-wrapper-5,"{""delta"":2,""x"":7}","{""noise_0"":0,""noise_1"":1,""noise_2"":0,""noise_3"":1}",True,INTEGER_OVERFLOW,INTEGER_OVERFLOW,,True,True,True,True,2,0
fixed_overflow-wrapper-5,"{""delta"":0,""x"":0}","{""noise_0"":0,""noise_1"":1,""noise_2"":1,""noise_3"":0}",True,INTEGER_OVERFLOW,,,True,True,True,True,2,0
fixed_overflow-wrapper-5,"{""delta"":0,""x"":6}","{""noise_0"":0,""noise_1"":1,""noise_2"":1,""noise_3"":0}",True,INTEGER_OVERFLOW,,,True,True,True,True,2,0
fixed_overflow-wrapper-5,"{""delta"":0,""x"":7}","{""noise_0"":0,""noise_1"":1,""noise_2"":1,""noise_3"":0}",True,INTEGER_OVERFLOW,,,True,True,True,True,2,0
fixed_overflow-wrapper-5,"{""delta"":1,""x"":0}","{""noise_0"":0,""noise_1"":1,""noise_2"":1,""noise_3"":0}",True,INTEGER_OVERFLOW,,,True,True,True,True,2,0
fixed_overflow-wrapper-5,"{""delta"":1,""x"":6}","{""noise_0"":0,""noise_1"":1,""noise_2"":1,""noise_3"":0}",True,INTEGER_OVERFLOW,,,True,True,True,True,2,0
fixed_overflow-wrapper-5,"{""delta"":1,""x"":7}","{""noise_0"":0,""noise_1"":1,""noise_2"":1,""noise_3"":0}",True,INTEGER_OVERFLOW,INTEGER_OVERFLOW,,True,True,True,True,2,0
fixed_overflow-wrapper-5,"{""delta"":2,""x"":0}","{""noise_0"":0,""noise_1"":1,""noise_2"":1,""noise_3"":0}",True,INTEGER_OVERFLOW,,,True,True,True,True,2,0
fixed_overflow-wrapper-5,"{""delta"":2,""x"":6}","{""noise_0"":0,""noise_1"":1,""noise_2"":1,""noise_3"":0}",True,INTEGER_OVERFLOW,INTEGER_OVERFLOW,,True,True,True,True,2,0
fixed_overflow-wrapper-5,"{""delta"":2,""x"":7}","{""noise_0"":0,""noise_1"":1,""noise_2"":1,""noise_3"":0}",True,INTEGER_OVERFLOW,INTEGER_OVERFLOW,,True,True,True,True,2,0
fixed_overflow-wrapper-5,"{""delta"":0,""x"":0}","{""noise_0"":0,""noise_1"":1,""noise_2"":1,""noise_3"":1}",True,INTEGER_OVERFLOW,,,True,True,True,True,2,0
fixed_overflow-wrapper-5,"{""delta"":0,""x"":6}","{""noise_0"":0,""noise_1"":1,""noise_2"":1,""noise_3"":1}",True,INTEGER_OVERFLOW,,,True,True,True,True,2,0
fixed_overflow-wrapper-5,"{""delta"":0,""x"":7}","{""noise_0"":0,""noise_1"":1,""noise_2"":1,""noise_3"":1}",True,INTEGER_OVERFLOW,,,True,True,True,True,2,0
fixed_overflow-wrapper-5,"{""delta"":1,""x"":0}","{""noise_0"":0,""noise_1"":1,""noise_2"":1,""noise_3"":1}",True,INTEGER_OVERFLOW,,,True,True,True,True,2,0
fixed_overflow-wrapper-5,"{""delta"":1,""x"":6}","{""noise_0"":0,""noise_1"":1,""noise_2"":1,""noise_3"":1}",True,INTEGER_OVERFLOW,,,True,True,True,True,2,0
fixed_overflow-wrapper-5,"{""delta"":1,""x"":7}","{""noise_0"":0,""noise_1"":1,""noise_2"":1,""noise_3"":1}",True,INTEGER_OVERFLOW,INTEGER_OVERFLOW,,True,True,True,True,2,0
fixed_overflow-wrapper-5,"{""delta"":2,""x"":0}","{""noise_0"":0,""noise_1"":1,""noise_2"":1,""noise_3"":1}",True,INTEGER_OVERFLOW,,,True,True,True,True,2,0
fixed_overflow-wrapper-5,"{""delta"":2,""x"":6}","{""noise_0"":0,""noise_1"":1,""noise_2"":1,""noise_3"":1}",True,INTEGER_OVERFLOW,INTEGER_OVERFLOW,,True,True,True,True,2,0
fixed_overflow-wrapper-5,"{""delta"":2,""x"":7}","{""noise_0"":0,""noise_1"":1,""noise_2"":1,""noise_3"":1}",True,INTEGER_OVERFLOW,INTEGER_OVERFLOW,,True,True,True,True,2,0
fixed_overflow-wrapper-5,"{""delta"":0,""x"":0}","{""noise_0"":1,""noise_1"":0,""noise_2"":0,""noise_3"":0}",True,INTEGER_OVERFLOW,,,True,True,True,True,2,0
fixed_overflow-wrapper-5,"{""delta"":0,""x"":6}","{""noise_0"":1,""noise_1"":0,""noise_2"":0,""noise_3"":0}",True,INTEGER_OVERFLOW,,,True,True,True,True,2,0
fixed_overflow-wrapper-5,"{""delta"":0,""x"":7}","{""noise_0"":1,""noise_1"":0,""noise_2"":0,""noise_3"":0}",True,INTEGER_OVERFLOW,,,True,True,True,True,2,0
fixed_overflow-wrapper-5,"{""delta"":1,""x"":0}","{""noise_0"":1,""noise_1"":0,""noise_2"":0,""noise_3"":0}",True,INTEGER_OVERFLOW,,,True,True,True,True,2,0
fixed_overflow-wrapper-5,"{""delta"":1,""x"":6}","{""noise_0"":1,""noise_1"":0,""noise_2"":0,""noise_3"":0}",True,INTEGER_OVERFLOW,,,True,True,True,True,2,0
fixed_overflow-wrapper-5,"{""delta"":1,""x"":7}","{""noise_0"":1,""noise_1"":0,""noise_2"":0,""noise_3"":0}",True,INTEGER_OVERFLOW,INTEGER_OVERFLOW,,True,True,True,True,2,0
fixed_overflow-wrapper-5,"{""delta"":2,""x"":0}","{""noise_0"":1,""noise_1"":0,""noise_2"":0,""noise_3"":0}",True,INTEGER_OVERFLOW,,,True,True,True,True,2,0
fixed_overflow-wrapper-5,"{""delta"":2,""x"":6}","{""noise_0"":1,""noise_1"":0,""noise_2"":0,""noise_3"":0}",True,INTEGER_OVERFLOW,INTEGER_OVERFLOW,,True,True,True,True,2,0
fixed_overflow-wrapper-5,"{""delta"":2,""x"":7}","{""noise_0"":1,""noise_1"":0,""noise_2"":0,""noise_3"":0}",True,INTEGER_OVERFLOW,INTEGER_OVERFLOW,,True,True,True,True,2,0
fixed_overflow-wrapper-5,"{""delta"":0,""x"":0}","{""noise_0"":1,""noise_1"":0,""noise_2"":0,""noise_3"":1}",True,INTEGER_OVERFLOW,,,True,True,True,True,2,0
fixed_overflow-wrapper-5,"{""delta"":0,""x"":6}","{""noise_0"":1,""noise_1"":0,""noise_2"":0,""noise_3"":1}",True,INTEGER_OVERFLOW,,,True,True,True,True,2,0
fixed_overflow-wrapper-5,"{""delta"":0,""x"":7}","{""noise_0"":1,""noise_1"":0,""noise_2"":0,""noise_3"":1}",True,INTEGER_OVERFLOW,,,True,True,True,True,2,0
fixed_overflow-wrapper-5,"{""delta"":1,""x"":0}","{""noise_0"":1,""noise_1"":0,""noise_2"":0,""noise_3"":1}",True,INTEGER_OVERFLOW,,,True,True,True,True,2,0
fixed_overflow-wrapper-5,"{""delta"":1,""x"":6}","{""noise_0"":1,""noise_1"":0,""noise_2"":0,""noise_3"":1}",True,INTEGER_OVERFLOW,,,True,True,True,True,2,0
fixed_overflow-wrapper-5,"{""delta"":1,""x"":7}","{""noise_0"":1,""noise_1"":0,""noise_2"":0,""noise_3"":1}",True,INTEGER_OVERFLOW,INTEGER_OVERFLOW,,True,True,True,True,2,0
fixed_overflow-wrapper-5,"{""delta"":2,""x"":0}","{""noise_0"":1,""noise_1"":0,""noise_2"":0,""noise_3"":1}",True,INTEGER_OVERFLOW,,,True,True,True,True,2,0
fixed_overflow-wrapper-5,"{""delta"":2,""x"":6}","{""noise_0"":1,""noise_1"":0,""noise_2"":0,""noise_3"":1}",True,INTEGER_OVERFLOW,INTEGER_OVERFLOW,,True,True,True,True,2,0
fixed_overflow-wrapper-5,"{""delta"":2,""x"":7}","{""noise_0"":1,""noise_1"":0,""noise_2"":0,""noise_3"":1}",True,INTEGER_OVERFLOW,INTEGER_OVERFLOW,,True,True,True,True,2,0
fixed_overflow-wrapper-5,"{""delta"":0,""x"":0}","{""noise_0"":1,""noise_1"":0,""noise_2"":1,""noise_3"":0}",True,INTEGER_OVERFLOW,,,True,True,True,True,2,0
fixed_overflow-wrapper-5,"{""delta"":0,""x"":6}","{""noise_0"":1,""noise_1"":0,""noise_2"":1,""noise_3"":0}",True,INTEGER_OVERFLOW,,,True,True,True,True,2,0
fixed_overflow-wrapper-5,"{""delta"":0,""x"":7}","{""noise_0"":1,""noise_1"":0,""noise_2"":1,""noise_3"":0}",True,INTEGER_OVERFLOW,,,True,True,True,True,2,0
fixed_overflow-wrapper-5,"{""delta"":1,""x"":0}","{""noise_0"":1,""noise_1"":0,""noise_2"":1,""noise_3"":0}",True,INTEGER_OVERFLOW,,,True,True,True,True,2,0
fixed_overflow-wrapper-5,"{""delta"":1,""x"":6}","{""noise_0"":1,""noise_1"":0,""noise_2"":1,""noise_3"":0}",True,INTEGER_OVERFLOW,,,True,True,True,True,2,0
fixed_overflow-wrapper-5,"{""delta"":1,""x"":7}","{""noise_0"":1,""noise_1"":0,""noise_2"":1,""noise_3"":0}",True,INTEGER_OVERFLOW,INTEGER_OVERFLOW,,True,True,True,True,2,0
fixed_overflow-wrapper-5,"{""delta"":2,""x"":0}","{""noise_0"":1,""noise_1"":0,""noise_2"":1,""noise_3"":0}",True,INTEGER_OVERFLOW,,,True,True,True,True,2,0
fixed_overflow-wrapper-5,"{""delta"":2,""x"":6}","{""noise_0"":1,""noise_1"":0,""noise_2"":1,""noise_3"":0}",True,INTEGER_OVERFLOW,INTEGER_OVERFLOW,,True,True,True,True,2,0
fixed_overflow-wrapper-5,"{""delta"":2,""x"":7}","{""noise_0"":1,""noise_1"":0,""noise_2"":1,""noise_3"":0}",True,INTEGER_OVERFLOW,INTEGER_OVERFLOW,,True,True,True,True,2,0
fixed_overflow-wrapper-5,"{""delta"":0,""x"":0}","{""noise_0"":1,""noise_1"":0,""noise_2"":1,""noise_3"":1}",True,INTEGER_OVERFLOW,,,True,True,True,True,2,0
fixed_overflow-wrapper-5,"{""delta"":0,""x"":6}","{""noise_0"":1,""noise_1"":0,""noise_2"":1,""noise_3"":1}",True,INTEGER_OVERFLOW,,,True,True,True,True,2,0
fixed_overflow-wrapper-5,"{""delta"":0,""x"":7}","{""noise_0"":1,""noise_1"":0,""noise_2"":1,""noise_3"":1}",True,INTEGER_OVERFLOW,,,True,True,True,True,2,0
fixed_overflow-wrapper-5,"{""delta"":1,""x"":0}","{""noise_0"":1,""noise_1"":0,""noise_2"":1,""noise_3"":1}",True,INTEGER_OVERFLOW,,,True,True,True,True,2,0
fixed_overflow-wrapper-5,"{""delta"":1,""x"":6}","{""noise_0"":1,""noise_1"":0,""noise_2"":1,""noise_3"":1}",True,INTEGER_OVERFLOW,,,True,True,True,True,2,0
fixed_overflow-wrapper-5,"{""delta"":1,""x"":7}","{""noise_0"":1,""noise_1"":0,""noise_2"":1,""noise_3"":1}",True,INTEGER_OVERFLOW,INTEGER_OVERFLOW,,True,True,True,True,2,0
fixed_overflow-wrapper-5,"{""delta"":2,""x"":0}","{""noise_0"":1,""noise_1"":0,""noise_2"":1,""noise_3"":1}",True,INTEGER_OVERFLOW,,,True,True,True,True,2,0
fixed_overflow-wrapper-5,"{""delta"":2,""x"":6}","{""noise_0"":1,""noise_1"":0,""noise_2"":1,""noise_3"":1}",True,INTEGER_OVERFLOW,INTEGER_OVERFLOW,,True,True,True,True,2,0
fixed_overflow-wrapper-5,"{""delta"":2,""x"":7}","{""noise_0"":1,""noise_1"":0,""noise_2"":1,""noise_3"":1}",True,INTEGER_OVERFLOW,INTEGER_OVERFLOW,,True,True,True,True,2,0
fixed_overflow-wrapper-5,"{""delta"":0,""x"":0}","{""noise_0"":1,""noise_1"":1,""noise_2"":0,""noise_3"":0}",True,INTEGER_OVERFLOW,,,True,True,True,True,2,0
fixed_overflow-wrapper-5,"{""delta"":0,""x"":6}","{""noise_0"":1,""noise_1"":1,""noise_2"":0,""noise_3"":0}",True,INTEGER_OVERFLOW,,,True,True,True,True,2,0
fixed_overflow-wrapper-5,"{""delta"":0,""x"":7}","{""noise_0"":1,""noise_1"":1,""noise_2"":0,""noise_3"":0}",True,INTEGER_OVERFLOW,,,True,True,True,True,2,0
fixed_overflow-wrapper-5,"{""delta"":1,""x"":0}","{""noise_0"":1,""noise_1"":1,""noise_2"":0,""noise_3"":0}",True,INTEGER_OVERFLOW,,,True,True,True,True,2,0
fixed_overflow-wrapper-5,"{""delta"":1,""x"":6}","{""noise_0"":1,""noise_1"":1,""noise_2"":0,""noise_3"":0}",True,INTEGER_OVERFLOW,,,True,True,True,True,2,0
fixed_overflow-wrapper-5,"{""delta"":1,""x"":7}","{""noise_0"":1,""noise_1"":1,""noise_2"":0,""noise_3"":0}",True,INTEGER_OVERFLOW,INTEGER_OVERFLOW,,True,True,True,True,2,0
fixed_overflow-wrapper-5,"{""delta"":2,""x"":0}","{""noise_0"":1,""noise_1"":1,""noise_2"":0,""noise_3"":0}",True,INTEGER_OVERFLOW,,,True,True,True,True,2,0
fixed_overflow-wrapper-5,"{""delta"":2,""x"":6}","{""noise_0"":1,""noise_1"":1,""noise_2"":0,""noise_3"":0}",True,INTEGER_OVERFLOW,INTEGER_OVERFLOW,,True,True,True,True,2,0
fixed_overflow-wrapper-5,"{""delta"":2,""x"":7}","{""noise_0"":1,""noise_1"":1,""noise_2"":0,""noise_3"":0}",True,INTEGER_OVERFLOW,INTEGER_OVERFLOW,,True,True,True,True,2,0
fixed_overflow-wrapper-5,"{""delta"":0,""x"":0}","{""noise_0"":1,""noise_1"":1,""noise_2"":0,""noise_3"":1}",True,INTEGER_OVERFLOW,,,True,True,True,True,2,0
fixed_overflow-wrapper-5,"{""delta"":0,""x"":6}","{""noise_0"":1,""noise_1"":1,""noise_2"":0,""noise_3"":1}",True,INTEGER_OVERFLOW,,,True,True,True,True,2,0
fixed_overflow-wrapper-5,"{""delta"":0,""x"":7}","{""noise_0"":1,""noise_1"":1,""noise_2"":0,""noise_3"":1}",True,INTEGER_OVERFLOW,,,True,True,True,True,2,0
fixed_overflow-wrapper-5,"{""delta"":1,""x"":0}","{""noise_0"":1,""noise_1"":1,""noise_2"":0,""noise_3"":1}",True,INTEGER_OVERFLOW,,,True,True,True,True,2,0
fixed_overflow-wrapper-5,"{""delta"":1,""x"":6}","{""noise_0"":1,""noise_1"":1,""noise_2"":0,""noise_3"":1}",True,INTEGER_OVERFLOW,,,True,True,True,True,2,0
fixed_overflow-wrapper-5,"{""delta"":1,""x"":7}","{""noise_0"":1,""noise_1"":1,""noise_2"":0,""noise_3"":1}",True,INTEGER_OVERFLOW,INTEGER_OVERFLOW,,True,True,True,True,2,0
fixed_overflow-wrapper-5,"{""delta"":2,""x"":0}","{""noise_0"":1,""noise_1"":1,""noise_2"":0,""noise_3"":1}",True,INTEGER_OVERFLOW,,,True,True,True,True,2,0
fixed_overflow-wrapper-5,"{""delta"":2,""x"":6}","{""noise_0"":1,""noise_1"":1,""noise_2"":0,""noise_3"":1}",True,INTEGER_OVERFLOW,INTEGER_OVERFLOW,,True,True,True,True,2,0
fixed_overflow-wrapper-5,"{""delta"":2,""x"":7}","{""noise_0"":1,""noise_1"":1,""noise_2"":0,""noise_3"":1}",True,INTEGER_OVERFLOW,INTEGER_OVERFLOW,,True,True,True,True,2,0
fixed_overflow-wrapper-5,"{""delta"":0,""x"":0}","{""noise_0"":1,""noise_1"":1,""noise_2"":1,""noise_3"":0}",True,INTEGER_OVERFLOW,,,True,True,True,True,2,0
fixed_overflow-wrapper-5,"{""delta"":0,""x"":6}","{""noise_0"":1,""noise_1"":1,""noise_2"":1,""noise_3"":0}",True,INTEGER_OVERFLOW,,,True,True,True,True,2,0
fixed_overflow-wrapper-5,"{""delta"":0,""x"":7}","{""noise_0"":1,""noise_1"":1,""noise_2"":1,""noise_3"":0}",True,INTEGER_OVERFLOW,,,True,True,True,True,2,0
fixed_overflow-wrapper-5,"{""delta"":1,""x"":0}","{""noise_0"":1,""noise_1"":1,""noise_2"":1,""noise_3"":0}",True,INTEGER_OVERFLOW,,,True,True,True,True,2,0
fixed_overflow-wrapper-5,"{""delta"":1,""x"":6}","{""noise_0"":1,""noise_1"":1,""noise_2"":1,""noise_3"":0}",True,INTEGER_OVERFLOW,,,True,True,True,True,2,0
fixed_overflow-wrapper-5,"{""delta"":1,""x"":7}","{""noise_0"":1,""noise_1"":1,""noise_2"":1,""noise_3"":0}",True,INTEGER_OVERFLOW,INTEGER_OVERFLOW,,True,True,True,True,2,0
fixed_overflow-wrapper-5,"{""delta"":2,""x"":0}","{""noise_0"":1,""noise_1"":1,""noise_2"":1,""noise_3"":0}",True,INTEGER_OVERFLOW,,,True,True,True,True,2,0
fixed_overflow-wrapper-5,"{""delta"":2,""x"":6}","{""noise_0"":1,""noise_1"":1,""noise_2"":1,""noise_3"":0}",True,INTEGER_OVERFLOW,INTEGER_OVERFLOW,,True,True,True,True,2,0
fixed_overflow-wrapper-5,"{""delta"":2,""x"":7}","{""noise_0"":1,""noise_1"":1,""noise_2"":1,""noise_3"":0}",True,INTEGER_OVERFLOW,INTEGER_OVERFLOW,,True,True,True,True,2,0
fixed_overflow-wrapper-5,"{""delta"":0,""x"":0}","{""noise_0"":1,""noise_1"":1,""noise_2"":1,""noise_3"":1}",True,INTEGER_OVERFLOW,,,True,True,True,True,2,0
fixed_overflow-wrapper-5,"{""delta"":0,""x"":6}","{""noise_0"":1,""noise_1"":1,""noise_2"":1,""noise_3"":1}",True,INTEGER_OVERFLOW,,,True,True,True,True,2,0
fixed_overflow-wrapper-5,"{""delta"":0,""x"":7}","{""noise_0"":1,""noise_1"":1,""noise_2"":1,""noise_3"":1}",True,INTEGER_OVERFLOW,,,True,True,True,True,2,0
fixed_overflow-wrapper-5,"{""delta"":1,""x"":0}","{""noise_0"":1,""noise_1"":1,""noise_2"":1,""noise_3"":1}",True,INTEGER_OVERFLOW,,,True,True,True,True,2,0
fixed_overflow-wrapper-5,"{""delta"":1,""x"":6}","{""noise_0"":1,""noise_1"":1,""noise_2"":1,""noise_3"":1}",True,INTEGER_OVERFLOW,,,True,True,True,True,2,0
fixed_overflow-wrapper-5,"{""delta"":1,""x"":7}","{""noise_0"":1,""noise_1"":1,""noise_2"":1,""noise_3"":1}",True,INTEGER_OVERFLOW,INTEGER_OVERFLOW,,True,True,True,True,2,0
fixed_overflow-wrapper-5,"{""delta"":2,""x"":0}","{""noise_0"":1,""noise_1"":1,""noise_2"":1,""noise_3"":1}",True,INTEGER_OVERFLOW,,,True,True,True,True,2,0
fixed_overflow-wrapper-5,"{""delta"":2,""x"":6}","{""noise_0"":1,""noise_1"":1,""noise_2"":1,""noise_3"":1}",True,INTEGER_OVERFLOW,INTEGER_OVERFLOW,,True,True,True,True,2,0
fixed_overflow-wrapper-5,"{""delta"":2,""x"":7}","{""noise_0"":1,""noise_1"":1,""noise_2"":1,""noise_3"":1}",True,INTEGER_OVERFLOW,INTEGER_OVERFLOW,,True,True,True,True,2,0
access_control-wrapper-0,"{""sender"":""attacker"",""value"":0}","{""noise_0"":0,""noise_1"":0,""noise_2"":0,""noise_3"":0}",True,UNAUTHORIZED_WRITE,UNAUTHORIZED_WRITE,,True,True,True,True,2,0
access_control-wrapper-0,"{""sender"":""attacker"",""value"":1}","{""noise_0"":0,""noise_1"":0,""noise_2"":0,""noise_3"":0}",True,UNAUTHORIZED_WRITE,UNAUTHORIZED_WRITE,,True,True,True,True,2,0
access_control-wrapper-0,"{""sender"":""owner0"",""value"":0}","{""noise_0"":0,""noise_1"":0,""noise_2"":0,""noise_3"":0}",True,UNAUTHORIZED_WRITE,,,True,True,True,True,2,0
access_control-wrapper-0,"{""sender"":""owner0"",""value"":1}","{""noise_0"":0,""noise_1"":0,""noise_2"":0,""noise_3"":0}",True,UNAUTHORIZED_WRITE,,,True,True,True,True,2,0
access_control-wrapper-0,"{""sender"":""user"",""value"":0}","{""noise_0"":0,""noise_1"":0,""noise_2"":0,""noise_3"":0}",True,UNAUTHORIZED_WRITE,UNAUTHORIZED_WRITE,,True,True,True,True,2,0
access_control-wrapper-0,"{""sender"":""user"",""value"":1}","{""noise_0"":0,""noise_1"":0,""noise_2"":0,""noise_3"":0}",True,UNAUTHORIZED_WRITE,UNAUTHORIZED_WRITE,,True,True,True,True,2,0
access_control-wrapper-0,"{""sender"":""attacker"",""value"":0}","{""noise_0"":0,""noise_1"":0,""noise_2"":0,""noise_3"":1}",True,UNAUTHORIZED_WRITE,UNAUTHORIZED_WRITE,,True,True,True,True,2,0
access_control-wrapper-0,"{""sender"":""attacker"",""value"":1}","{""noise_0"":0,""noise_1"":0,""noise_2"":0,""noise_3"":1}",True,UNAUTHORIZED_WRITE,UNAUTHORIZED_WRITE,,True,True,True,True,2,0
access_control-wrapper-0,"{""sender"":""owner0"",""value"":0}","{""noise_0"":0,""noise_1"":0,""noise_2"":0,""noise_3"":1}",True,UNAUTHORIZED_WRITE,,,True,True,True,True,2,0
access_control-wrapper-0,"{""sender"":""owner0"",""value"":1}","{""noise_0"":0,""noise_1"":0,""noise_2"":0,""noise_3"":1}",True,UNAUTHORIZED_WRITE,,,True,True,True,True,2,0
access_control-wrapper-0,"{""sender"":""user"",""value"":0}","{""noise_0"":0,""noise_1"":0,""noise_2"":0,""noise_3"":1}",True,UNAUTHORIZED_WRITE,UNAUTHORIZED_WRITE,,True,True,True,True,2,0
access_control-wrapper-0,"{""sender"":""user"",""value"":1}","{""noise_0"":0,""noise_1"":0,""noise_2"":0,""noise_3"":1}",True,UNAUTHORIZED_WRITE,UNAUTHORIZED_WRITE,,True,True,True,True,2,0
access_control-wrapper-0,"{""sender"":""attacker"",""value"":0}","{""noise_0"":0,""noise_1"":0,""noise_2"":1,""noise_3"":0}",True,UNAUTHORIZED_WRITE,UNAUTHORIZED_WRITE,,True,True,True,True,2,0
access_control-wrapper-0,"{""sender"":""attacker"",""value"":1}","{""noise_0"":0,""noise_1"":0,""noise_2"":1,""noise_3"":0}",True,UNAUTHORIZED_WRITE,UNAUTHORIZED_WRITE,,True,True,True,True,2,0
access_control-wrapper-0,"{""sender"":""owner0"",""value"":0}","{""noise_0"":0,""noise_1"":0,""noise_2"":1,""noise_3"":0}",True,UNAUTHORIZED_WRITE,,,True,True,True,True,2,0
access_control-wrapper-0,"{""sender"":""owner0"",""value"":1}","{""noise_0"":0,""noise_1"":0,""noise_2"":1,""noise_3"":0}",True,UNAUTHORIZED_WRITE,,,True,True,True,True,2,0
access_control-wrapper-0,"{""sender"":""user"",""value"":0}","{""noise_0"":0,""noise_1"":0,""noise_2"":1,""noise_3"":0}",True,UNAUTHORIZED_WRITE,UNAUTHORIZED_WRITE,,True,True,True,True,2,0
access_control-wrapper-0,"{""sender"":""user"",""value"":1}","{""noise_0"":0,""noise_1"":0,""noise_2"":1,""noise_3"":0}",True,UNAUTHORIZED_WRITE,UNAUTHORIZED_WRITE,,True,True,True,True,2,0
access_control-wrapper-0,"{""sender"":""attacker"",""value"":0}","{""noise_0"":0,""noise_1"":0,""noise_2"":1,""noise_3"":1}",True,UNAUTHORIZED_WRITE,UNAUTHORIZED_WRITE,,True,True,True,True,2,0
access_control-wrapper-0,"{""sender"":""attacker"",""value"":1}","{""noise_0"":0,""noise_1"":0,""noise_2"":1,""noise_3"":1}",True,UNAUTHORIZED_WRITE,UNAUTHORIZED_WRITE,,True,True,True,True,2,0
access_control-wrapper-0,"{""sender"":""owner0"",""value"":0}","{""noise_0"":0,""noise_1"":0,""noise_2"":1,""noise_3"":1}",True,UNAUTHORIZED_WRITE,,,True,True,True,True,2,0
access_control-wrapper-0,"{""sender"":""owner0"",""value"":1}","{""noise_0"":0,""noise_1"":0,""noise_2"":1,""noise_3"":1}",True,UNAUTHORIZED_WRITE,,,True,True,True,True,2,0
access_control-wrapper-0,"{""sender"":""user"",""value"":0}","{""noise_0"":0,""noise_1"":0,""noise_2"":1,""noise_3"":1}",True,UNAUTHORIZED_WRITE,UNAUTHORIZED_WRITE,,True,True,True,True,2,0
access_control-wrapper-0,"{""sender"":""user"",""value"":1}","{""noise_0"":0,""noise_1"":0,""noise_2"":1,""noise_3"":1}",True,UNAUTHORIZED_WRITE,UNAUTHORIZED_WRITE,,True,True,True,True,2,0
access_control-wrapper-0,"{""sender"":""attacker"",""value"":0}","{""noise_0"":0,""noise_1"":1,""noise_2"":0,""noise_3"":0}",True,UNAUTHORIZED_WRITE,UNAUTHORIZED_WRITE,,True,True,True,True,2,0
access_control-wrapper-0,"{""sender"":""attacker"",""value"":1}","{""noise_0"":0,""noise_1"":1,""noise_2"":0,""noise_3"":0}",True,UNAUTHORIZED_WRITE,UNAUTHORIZED_WRITE,,True,True,True,True,2,0
access_control-wrapper-0,"{""sender"":""owner0"",""value"":0}","{""noise_0"":0,""noise_1"":1,""noise_2"":0,""noise_3"":0}",True,UNAUTHORIZED_WRITE,,,True,True,True,True,2,0
access_control-wrapper-0,"{""sender"":""owner0"",""value"":1}","{""noise_0"":0,""noise_1"":1,""noise_2"":0,""noise_3"":0}",True,UNAUTHORIZED_WRITE,,,True,True,True,True,2,0
access_control-wrapper-0,"{""sender"":""user"",""value"":0}","{""noise_0"":0,""noise_1"":1,""noise_2"":0,""noise_3"":0}",True,UNAUTHORIZED_WRITE,UNAUTHORIZED_WRITE,,True,True,True,True,2,0
access_control-wrapper-0,"{""sender"":""user"",""value"":1}","{""noise_0"":0,""noise_1"":1,""noise_2"":0,""noise_3"":0}",True,UNAUTHORIZED_WRITE,UNAUTHORIZED_WRITE,,True,True,True,True,2,0
access_control-wrapper-0,"{""sender"":""attacker"",""value"":0}","{""noise_0"":0,""noise_1"":1,""noise_2"":0,""noise_3"":1}",True,UNAUTHORIZED_WRITE,UNAUTHORIZED_WRITE,,True,True,True,True,2,0
access_control-wrapper-0,"{""sender"":""attacker"",""value"":1}","{""noise_0"":0,""noise_1"":1,""noise_2"":0,""noise_3"":1}",True,UNAUTHORIZED_WRITE,UNAUTHORIZED_WRITE,,True,True,True,True,2,0
access_control-wrapper-0,"{""sender"":""owner0"",""value"":0}","{""noise_0"":0,""noise_1"":1,""noise_2"":0,""noise_3"":1}",True,UNAUTHORIZED_WRITE,,,True,True,True,True,2,0
access_control-wrapper-0,"{""sender"":""owner0"",""value"":1}","{""noise_0"":0,""noise_1"":1,""noise_2"":0,""noise_3"":1}",True,UNAUTHORIZED_WRITE,,,True,True,True,True,2,0
access_control-wrapper-0,"{""sender"":""user"",""value"":0}","{""noise_0"":0,""noise_1"":1,""noise_2"":0,""noise_3"":1}",True,UNAUTHORIZED_WRITE,UNAUTHORIZED_WRITE,,True,True,True,True,2,0
access_control-wrapper-0,"{""sender"":""user"",""value"":1}","{""noise_0"":0,""noise_1"":1,""noise_2"":0,""noise_3"":1}",True,UNAUTHORIZED_WRITE,UNAUTHORIZED_WRITE,,True,True,True,True,2,0
access_control-wrapper-0,"{""sender"":""attacker"",""value"":0}","{""noise_0"":0,""noise_1"":1,""noise_2"":1,""noise_3"":0}",True,UNAUTHORIZED_WRITE,UNAUTHORIZED_WRITE,,True,True,True,True,2,0
access_control-wrapper-0,"{""sender"":""attacker"",""value"":1}","{""noise_0"":0,""noise_1"":1,""noise_2"":1,""noise_3"":0}",True,UNAUTHORIZED_WRITE,UNAUTHORIZED_WRITE,,True,True,True,True,2,0
access_control-wrapper-0,"{""sender"":""owner0"",""value"":0}","{""noise_0"":0,""noise_1"":1,""noise_2"":1,""noise_3"":0}",True,UNAUTHORIZED_WRITE,,,True,True,True,True,2,0
access_control-wrapper-0,"{""sender"":""owner0"",""value"":1}","{""noise_0"":0,""noise_1"":1,""noise_2"":1,""noise_3"":0}",True,UNAUTHORIZED_WRITE,,,True,True,True,True,2,0
access_control-wrapper-0,"{""sender"":""user"",""value"":0}","{""noise_0"":0,""noise_1"":1,""noise_2"":1,""noise_3"":0}",True,UNAUTHORIZED_WRITE,UNAUTHORIZED_WRITE,,True,True,True,True,2,0
access_control-wrapper-0,"{""sender"":""user"",""value"":1}","{""noise_0"":0,""noise_1"":1,""noise_2"":1,""noise_3"":0}",True,UNAUTHORIZED_WRITE,UNAUTHORIZED_WRITE,,True,True,True,True,2,0
access_control-wrapper-0,"{""sender"":""attacker"",""value"":0}","{""noise_0"":0,""noise_1"":1,""noise_2"":1,""noise_3"":1}",True,UNAUTHORIZED_WRITE,UNAUTHORIZED_WRITE,,True,True,True,True,2,0
access_control-wrapper-0,"{""sender"":""attacker"",""value"":1}","{""noise_0"":0,""noise_1"":1,""noise_2"":1,""noise_3"":1}",True,UNAUTHORIZED_WRITE,UNAUTHORIZED_WRITE,,True,True,True,True,2,0
access_control-wrapper-0,"{""sender"":""owner0"",""value"":0}","{""noise_0"":0,""noise_1"":1,""noise_2"":1,""noise_3"":1}",True,UNAUTHORIZED_WRITE,,,True,True,True,True,2,0
access_control-wrapper-0,"{""sender"":""owner0"",""value"":1}","{""noise_0"":0,""noise_1"":1,""noise_2"":1,""noise_3"":1}",True,UNAUTHORIZED_WRITE,,,True,True,True,True,2,0
access_control-wrapper-0,"{""sender"":""user"",""value"":0}","{""noise_0"":0,""noise_1"":1,""noise_2"":1,""noise_3"":1}",True,UNAUTHORIZED_WRITE,UNAUTHORIZED_WRITE,,True,True,True,True,2,0
access_control-wrapper-0,"{""sender"":""user"",""value"":1}","{""noise_0"":0,""noise_1"":1,""noise_2"":1,""noise_3"":1}",True,UNAUTHORIZED_WRITE,UNAUTHORIZED_WRITE,,True,True,True,True,2,0
access_control-wrapper-0,"{""sender"":""attacker"",""value"":0}","{""noise_0"":1,""noise_1"":0,""noise_2"":0,""noise_3"":0}",True,UNAUTHORIZED_WRITE,UNAUTHORIZED_WRITE,,True,True,True,True,2,0
access_control-wrapper-0,"{""sender"":""attacker"",""value"":1}","{""noise_0"":1,""noise_1"":0,""noise_2"":0,""noise_3"":0}",True,UNAUTHORIZED_WRITE,UNAUTHORIZED_WRITE,,True,True,True,True,2,0
access_control-wrapper-0,"{""sender"":""owner0"",""value"":0}","{""noise_0"":1,""noise_1"":0,""noise_2"":0,""noise_3"":0}",True,UNAUTHORIZED_WRITE,,,True,True,True,True,2,0
access_control-wrapper-0,"{""sender"":""owner0"",""value"":1}","{""noise_0"":1,""noise_1"":0,""noise_2"":0,""noise_3"":0}",True,UNAUTHORIZED_WRITE,,,True,True,True,True,2,0
access_control-wrapper-0,"{""sender"":""user"",""value"":0}","{""noise_0"":1,""noise_1"":0,""noise_2"":0,""noise_3"":0}",True,UNAUTHORIZED_WRITE,UNAUTHORIZED_WRITE,,True,True,True,True,2,0
access_control-wrapper-0,"{""sender"":""user"",""value"":1}","{""noise_0"":1,""noise_1"":0,""noise_2"":0,""noise_3"":0}",True,UNAUTHORIZED_WRITE,UNAUTHORIZED_WRITE,,True,True,True,True,2,0
access_control-wrapper-0,"{""sender"":""attacker"",""value"":0}","{""noise_0"":1,""noise_1"":0,""noise_2"":0,""noise_3"":1}",True,UNAUTHORIZED_WRITE,UNAUTHORIZED_WRITE,,True,True,True,True,2,0
access_control-wrapper-0,"{""sender"":""attacker"",""value"":1}","{""noise_0"":1,""noise_1"":0,""noise_2"":0,""noise_3"":1}",True,UNAUTHORIZED_WRITE,UNAUTHORIZED_WRITE,,True,True,True,True,2,0
access_control-wrapper-0,"{""sender"":""owner0"",""value"":0}","{""noise_0"":1,""noise_1"":0,""noise_2"":0,""noise_3"":1}",True,UNAUTHORIZED_WRITE,,,True,True,True,True,2,0
access_control-wrapper-0,"{""sender"":""owner0"",""value"":1}","{""noise_0"":1,""noise_1"":0,""noise_2"":0,""noise_3"":1}",True,UNAUTHORIZED_WRITE,,,True,True,True,True,2,0
access_control-wrapper-0,"{""sender"":""user"",""value"":0}","{""noise_0"":1,""noise_1"":0,""noise_2"":0,""noise_3"":1}",True,UNAUTHORIZED_WRITE,UNAUTHORIZED_WRITE,,True,True,True,True,2,0
access_control-wrapper-0,"{""sender"":""user"",""value"":1}","{""noise_0"":1,""noise_1"":0,""noise_2"":0,""noise_3"":1}",True,UNAUTHORIZED_WRITE,UNAUTHORIZED_WRITE,,True,True,True,True,2,0
access_control-wrapper-0,"{""sender"":""attacker"",""value"":0}","{""noise_0"":1,""noise_1"":0,""noise_2"":1,""noise_3"":0}",True,UNAUTHORIZED_WRITE,UNAUTHORIZED_WRITE,,True,True,True,True,2,0
access_control-wrapper-0,"{""sender"":""attacker"",""value"":1}","{""noise_0"":1,""noise_1"":0,""noise_2"":1,""noise_3"":0}",True,UNAUTHORIZED_WRITE,UNAUTHORIZED_WRITE,,True,True,True,True,2,0
access_control-wrapper-0,"{""sender"":""owner0"",""value"":0}","{""noise_0"":1,""noise_1"":0,""noise_2"":1,""noise_3"":0}",True,UNAUTHORIZED_WRITE,,,True,True,True,True,2,0
access_control-wrapper-0,"{""sender"":""owner0"",""value"":1}","{""noise_0"":1,""noise_1"":0,""noise_2"":1,""noise_3"":0}",True,UNAUTHORIZED_WRITE,,,True,True,True,True,2,0
access_control-wrapper-0,"{""sender"":""user"",""value"":0}","{""noise_0"":1,""noise_1"":0,""noise_2"":1,""noise_3"":0}",True,UNAUTHORIZED_WRITE,UNAUTHORIZED_WRITE,,True,True,True,True,2,0
access_control-wrapper-0,"{""sender"":""user"",""value"":1}","{""noise_0"":1,""noise_1"":0,""noise_2"":1,""noise_3"":0}",True,UNAUTHORIZED_WRITE,UNAUTHORIZED_WRITE,,True,True,True,True,2,0
access_control-wrapper-0,"{""sender"":""attacker"",""value"":0}","{""noise_0"":1,""noise_1"":0,""noise_2"":1,""noise_3"":1}",True,UNAUTHORIZED_WRITE,UNAUTHORIZED_WRITE,,True,True,True,True,2,0
access_control-wrapper-0,"{""sender"":""attacker"",""value"":1}","{""noise_0"":1,""noise_1"":0,""noise_2"":1,""noise_3"":1}",True,UNAUTHORIZED_WRITE,UNAUTHORIZED_WRITE,,True,True,True,True,2,0
access_control-wrapper-0,"{""sender"":""owner0"",""value"":0}","{""noise_0"":1,""noise_1"":0,""noise_2"":1,""noise_3"":1}",True,UNAUTHORIZED_WRITE,,,True,True,True,True,2,0
access_control-wrapper-0,"{""sender"":""owner0"",""value"":1}","{""noise_0"":1,""noise_1"":0,""noise_2"":1,""noise_3"":1}",True,UNAUTHORIZED_WRITE,,,True,True,True,True,2,0
access_control-wrapper-0,"{""sender"":""user"",""value"":0}","{""noise_0"":1,""noise_1"":0,""noise_2"":1,""noise_3"":1}",True,UNAUTHORIZED_WRITE,UNAUTHORIZED_WRITE,,True,True,True,True,2,0
access_control-wrapper-0,"{""sender"":""user"",""value"":1}","{""noise_0"":1,""noise_1"":0,""noise_2"":1,""noise_3"":1}",True,UNAUTHORIZED_WRITE,UNAUTHORIZED_WRITE,,True,True,True,True,2,0
access_control-wrapper-0,"{""sender"":""attacker"",""value"":0}","{""noise_0"":1,""noise_1"":1,""noise_2"":0,""noise_3"":0}",True,UNAUTHORIZED_WRITE,UNAUTHORIZED_WRITE,,True,True,True,True,2,0
access_control-wrapper-0,"{""sender"":""attacker"",""value"":1}","{""noise_0"":1,""noise_1"":1,""noise_2"":0,""noise_3"":0}",True,UNAUTHORIZED_WRITE,UNAUTHORIZED_WRITE,,True,True,True,True,2,0
access_control-wrapper-0,"{""sender"":""owner0"",""value"":0}","{""noise_0"":1,""noise_1"":1,""noise_2"":0,""noise_3"":0}",True,UNAUTHORIZED_WRITE,,,True,True,True,True,2,0
access_control-wrapper-0,"{""sender"":""owner0"",""value"":1}","{""noise_0"":1,""noise_1"":1,""noise_2"":0,""noise_3"":0}",True,UNAUTHORIZED_WRITE,,,True,True,True,True,2,0
access_control-wrapper-0,"{""sender"":""user"",""value"":0}","{""noise_0"":1,""noise_1"":1,""noise_2"":0,""noise_3"":0}",True,UNAUTHORIZED_WRITE,UNAUTHORIZED_WRITE,,True,True,True,True,2,0
access_control-wrapper-0,"{""sender"":""user"",""value"":1}","{""noise_0"":1,""noise_1"":1,""noise_2"":0,""noise_3"":0}",True,UNAUTHORIZED_WRITE,UNAUTHORIZED_WRITE,,True,True,True,True,2,0
access_control-wrapper-0,"{""sender"":""attacker"",""value"":0}","{""noise_0"":1,""noise_1"":1,""noise_2"":0,""noise_3"":1}",True,UNAUTHORIZED_WRITE,UNAUTHORIZED_WRITE,,True,True,True,True,2,0
access_control-wrapper-0,"{""sender"":""attacker"",""value"":1}","{""noise_0"":1,""noise_1"":1,""noise_2"":0,""noise_3"":1}",True,UNAUTHORIZED_WRITE,UNAUTHORIZED_WRITE,,True,True,True,True,2,0
access_control-wrapper-0,"{""sender"":""owner0"",""value"":0}","{""noise_0"":1,""noise_1"":1,""noise_2"":0,""noise_3"":1}",True,UNAUTHORIZED_WRITE,,,True,True,True,True,2,0
access_control-wrapper-0,"{""sender"":""owner0"",""value"":1}","{""noise_0"":1,""noise_1"":1,""noise_2"":0,""noise_3"":1}",True,UNAUTHORIZED_WRITE,,,True,True,True,True,2,0
access_control-wrapper-0,"{""sender"":""user"",""value"":0}","{""noise_0"":1,""noise_1"":1,""noise_2"":0,""noise_3"":1}",True,UNAUTHORIZED_WRITE,UNAUTHORIZED_WRITE,,True,True,True,True,2,0
access_control-wrapper-0,"{""sender"":""user"",""value"":1}","{""noise_0"":1,""noise_1"":1,""noise_2"":0,""noise_3"":1}",True,UNAUTHORIZED_WRITE,UNAUTHORIZED_WRITE,,True,True,True,True,2,0
access_control-wrapper-0,"{""sender"":""attacker"",""value"":0}","{""noise_0"":1,""noise_1"":1,""noise_2"":1,""noise_3"":0}",True,UNAUTHORIZED_WRITE,UNAUTHORIZED_WRITE,,True,True,True,True,2,0
access_control-wrapper-0,"{""sender"":""attacker"",""value"":1}","{""noise_0"":1,""noise_1"":1,""noise_2"":1,""noise_3"":0}",True,UNAUTHORIZED_WRITE,UNAUTHORIZED_WRITE,,True,True,True,True,2,0
access_control-wrapper-0,"{""sender"":""owner0"",""value"":0}","{""noise_0"":1,""noise_1"":1,""noise_2"":1,""noise_3"":0}",True,UNAUTHORIZED_WRITE,,,True,True,True,True,2,0
access_control-wrapper-0,"{""sender"":""owner0"",""value"":1}","{""noise_0"":1,""noise_1"":1,""noise_2"":1,""noise_3"":0}",True,UNAUTHORIZED_WRITE,,,True,True,True,True,2,0
access_control-wrapper-0,"{""sender"":""user"",""value"":0}","{""noise_0"":1,""noise_1"":1,""noise_2"":1,""noise_3"":0}",True,UNAUTHORIZED_WRITE,UNAUTHORIZED_WRITE,,True,True,True,True,2,0
access_control-wrapper-0,"{""sender"":""user"",""value"":1}","{""noise_0"":1,""noise_1"":1,""noise_2"":1,""noise_3"":0}",True,UNAUTHORIZED_WRITE,UNAUTHORIZED_WRITE,,True,True,True,True,2,0
access_control-wrapper-0,"{""sender"":""attacker"",""value"":0}","{""noise_0"":1,""noise_1"":1,""noise_2"":1,""noise_3"":1}",True,UNAUTHORIZED_WRITE,UNAUTHORIZED_WRITE,,True,True,True,True,2,0
access_control-wrapper-0,"{""sender"":""attacker"",""value"":1}","{""noise_0"":1,""noise_1"":1,""noise_2"":1,""noise_3"":1}",True,UNAUTHORIZED_WRITE,UNAUTHORIZED_WRITE,,True,True,True,True,2,0
access_control-wrapper-0,"{""sender"":""owner0"",""value"":0}","{""noise_0"":1,""noise_1"":1,""noise_2"":1,""noise_3"":1}",True,UNAUTHORIZED_WRITE,,,True,True,True,True,2,0
access_control-wrapper-0,"{""sender"":""owner0"",""value"":1}","{""noise_0"":1,""noise_1"":1,""noise_2"":1,""noise_3"":1}",True,UNAUTHORIZED_WRITE,,,True,True,True,True,2,0
access_control-wrapper-0,"{""sender"":""user"",""value"":0}","{""noise_0"":1,""noise_1"":1,""noise_2"":1,""noise_3"":1}",True,UNAUTHORIZED_WRITE,UNAUTHORIZED_WRITE,,True,True,True,True,2,0
access_control-wrapper-0,"{""sender"":""user"",""value"":1}","{""noise_0"":1,""noise_1"":1,""noise_2"":1,""noise_3"":1}",True,UNAUTHORIZED_WRITE,UNAUTHORIZED_WRITE,,True,True,True,True,2,0
access_control-wrapper-1,"{""sender"":""attacker"",""value"":0}","{""noise_0"":0,""noise_1"":0,""noise_2"":0,""noise_3"":0}",True,UNAUTHORIZED_WRITE,UNAUTHORIZED_WRITE,,True,True,True,True,2,0
access_control-wrapper-1,"{""sender"":""attacker"",""value"":1}","{""noise_0"":0,""noise_1"":0,""noise_2"":0,""noise_3"":0}",True,UNAUTHORIZED_WRITE,UNAUTHORIZED_WRITE,,True,True,True,True,2,0
access_control-wrapper-1,"{""sender"":""owner0"",""value"":0}","{""noise_0"":0,""noise_1"":0,""noise_2"":0,""noise_3"":0}",True,UNAUTHORIZED_WRITE,,,True,True,True,True,2,0
access_control-wrapper-1,"{""sender"":""owner0"",""value"":1}","{""noise_0"":0,""noise_1"":0,""noise_2"":0,""noise_3"":0}",True,UNAUTHORIZED_WRITE,,,True,True,True,True,2,0
access_control-wrapper-1,"{""sender"":""user"",""value"":0}","{""noise_0"":0,""noise_1"":0,""noise_2"":0,""noise_3"":0}",True,UNAUTHORIZED_WRITE,UNAUTHORIZED_WRITE,,True,True,True,True,2,0
access_control-wrapper-1,"{""sender"":""user"",""value"":1}","{""noise_0"":0,""noise_1"":0,""noise_2"":0,""noise_3"":0}",True,UNAUTHORIZED_WRITE,UNAUTHORIZED_WRITE,,True,True,True,True,2,0
access_control-wrapper-1,"{""sender"":""attacker"",""value"":0}","{""noise_0"":0,""noise_1"":0,""noise_2"":0,""noise_3"":1}",True,UNAUTHORIZED_WRITE,UNAUTHORIZED_WRITE,,True,True,True,True,2,0
access_control-wrapper-1,"{""sender"":""attacker"",""value"":1}","{""noise_0"":0,""noise_1"":0,""noise_2"":0,""noise_3"":1}",True,UNAUTHORIZED_WRITE,UNAUTHORIZED_WRITE,,True,True,True,True,2,0
access_control-wrapper-1,"{""sender"":""owner0"",""value"":0}","{""noise_0"":0,""noise_1"":0,""noise_2"":0,""noise_3"":1}",True,UNAUTHORIZED_WRITE,,,True,True,True,True,2,0
access_control-wrapper-1,"{""sender"":""owner0"",""value"":1}","{""noise_0"":0,""noise_1"":0,""noise_2"":0,""noise_3"":1}",True,UNAUTHORIZED_WRITE,,,True,True,True,True,2,0
access_control-wrapper-1,"{""sender"":""user"",""value"":0}","{""noise_0"":0,""noise_1"":0,""noise_2"":0,""noise_3"":1}",True,UNAUTHORIZED_WRITE,UNAUTHORIZED_WRITE,,True,True,True,True,2,0
access_control-wrapper-1,"{""sender"":""user"",""value"":1}","{""noise_0"":0,""noise_1"":0,""noise_2"":0,""noise_3"":1}",True,UNAUTHORIZED_WRITE,UNAUTHORIZED_WRITE,,True,True,True,True,2,0
access_control-wrapper-1,"{""sender"":""attacker"",""value"":0}","{""noise_0"":0,""noise_1"":0,""noise_2"":1,""noise_3"":0}",True,UNAUTHORIZED_WRITE,UNAUTHORIZED_WRITE,,True,True,True,True,2,0
access_control-wrapper-1,"{""sender"":""attacker"",""value"":1}","{""noise_0"":0,""noise_1"":0,""noise_2"":1,""noise_3"":0}",True,UNAUTHORIZED_WRITE,UNAUTHORIZED_WRITE,,True,True,True,True,2,0
access_control-wrapper-1,"{""sender"":""owner0"",""value"":0}","{""noise_0"":0,""noise_1"":0,""noise_2"":1,""noise_3"":0}",True,UNAUTHORIZED_WRITE,,,True,True,True,True,2,0
access_control-wrapper-1,"{""sender"":""owner0"",""value"":1}","{""noise_0"":0,""noise_1"":0,""noise_2"":1,""noise_3"":0}",True,UNAUTHORIZED_WRITE,,,True,True,True,True,2,0
access_control-wrapper-1,"{""sender"":""user"",""value"":0}","{""noise_0"":0,""noise_1"":0,""noise_2"":1,""noise_3"":0}",True,UNAUTHORIZED_WRITE,UNAUTHORIZED_WRITE,,True,True,True,True,2,0
access_control-wrapper-1,"{""sender"":""user"",""value"":1}","{""noise_0"":0,""noise_1"":0,""noise_2"":1,""noise_3"":0}",True,UNAUTHORIZED_WRITE,UNAUTHORIZED_WRITE,,True,True,True,True,2,0
access_control-wrapper-1,"{""sender"":""attacker"",""value"":0}","{""noise_0"":0,""noise_1"":0,""noise_2"":1,""noise_3"":1}",True,UNAUTHORIZED_WRITE,UNAUTHORIZED_WRITE,,True,True,True,True,2,0
access_control-wrapper-1,"{""sender"":""attacker"",""value"":1}","{""noise_0"":0,""noise_1"":0,""noise_2"":1,""noise_3"":1}",True,UNAUTHORIZED_WRITE,UNAUTHORIZED_WRITE,,True,True,True,True,2,0
access_control-wrapper-1,"{""sender"":""owner0"",""value"":0}","{""noise_0"":0,""noise_1"":0,""noise_2"":1,""noise_3"":1}",True,UNAUTHORIZED_WRITE,,,True,True,True,True,2,0
access_control-wrapper-1,"{""sender"":""owner0"",""value"":1}","{""noise_0"":0,""noise_1"":0,""noise_2"":1,""noise_3"":1}",True,UNAUTHORIZED_WRITE,,,True,True,True,True,2,0
access_control-wrapper-1,"{""sender"":""user"",""value"":0}","{""noise_0"":0,""noise_1"":0,""noise_2"":1,""noise_3"":1}",True,UNAUTHORIZED_WRITE,UNAUTHORIZED_WRITE,,True,True,True,True,2,0
access_control-wrapper-1,"{""sender"":""user"",""value"":1}","{""noise_0"":0,""noise_1"":0,""noise_2"":1,""noise_3"":1}",True,UNAUTHORIZED_WRITE,UNAUTHORIZED_WRITE,,True,True,True,True,2,0
access_control-wrapper-1,"{""sender"":""attacker"",""value"":0}","{""noise_0"":0,""noise_1"":1,""noise_2"":0,""noise_3"":0}",True,UNAUTHORIZED_WRITE,UNAUTHORIZED_WRITE,,True,True,True,True,2,0
access_control-wrapper-1,"{""sender"":""attacker"",""value"":1}","{""noise_0"":0,""noise_1"":1,""noise_2"":0,""noise_3"":0}",True,UNAUTHORIZED_WRITE,UNAUTHORIZED_WRITE,,True,True,True,True,2,0
access_control-wrapper-1,"{""sender"":""owner0"",""value"":0}","{""noise_0"":0,""noise_1"":1,""noise_2"":0,""noise_3"":0}",True,UNAUTHORIZED_WRITE,,,True,True,True,True,2,0
access_control-wrapper-1,"{""sender"":""owner0"",""value"":1}","{""noise_0"":0,""noise_1"":1,""noise_2"":0,""noise_3"":0}",True,UNAUTHORIZED_WRITE,,,True,True,True,True,2,0
access_control-wrapper-1,"{""sender"":""user"",""value"":0}","{""noise_0"":0,""noise_1"":1,""noise_2"":0,""noise_3"":0}",True,UNAUTHORIZED_WRITE,UNAUTHORIZED_WRITE,,True,True,True,True,2,0
access_control-wrapper-1,"{""sender"":""user"",""value"":1}","{""noise_0"":0,""noise_1"":1,""noise_2"":0,""noise_3"":0}",True,UNAUTHORIZED_WRITE,UNAUTHORIZED_WRITE,,True,True,True,True,2,0
access_control-wrapper-1,"{""sender"":""attacker"",""value"":0}","{""noise_0"":0,""noise_1"":1,""noise_2"":0,""noise_3"":1}",True,UNAUTHORIZED_WRITE,UNAUTHORIZED_WRITE,,True,True,True,True,2,0
access_control-wrapper-1,"{""sender"":""attacker"",""value"":1}","{""noise_0"":0,""noise_1"":1,""noise_2"":0,""noise_3"":1}",True,UNAUTHORIZED_WRITE,UNAUTHORIZED_WRITE,,True,True,True,True,2,0
access_control-wrapper-1,"{""sender"":""owner0"",""value"":0}","{""noise_0"":0,""noise_1"":1,""noise_2"":0,""noise_3"":1}",True,UNAUTHORIZED_WRITE,,,True,True,True,True,2,0
access_control-wrapper-1,"{""sender"":""owner0"",""value"":1}","{""noise_0"":0,""noise_1"":1,""noise_2"":0,""noise_3"":1}",True,UNAUTHORIZED_WRITE,,,True,True,True,True,2,0
access_control-wrapper-1,"{""sender"":""user"",""value"":0}","{""noise_0"":0,""noise_1"":1,""noise_2"":0,""noise_3"":1}",True,UNAUTHORIZED_WRITE,UNAUTHORIZED_WRITE,,True,True,True,True,2,0
access_control-wrapper-1,"{""sender"":""user"",""value"":1}","{""noise_0"":0,""noise_1"":1,""noise_2"":0,""noise_3"":1}",True,UNAUTHORIZED_WRITE,UNAUTHORIZED_WRITE,,True,True,True,True,2,0
access_control-wrapper-1,"{""sender"":""attacker"",""value"":0}","{""noise_0"":0,""noise_1"":1,""noise_2"":1,""noise_3"":0}",True,UNAUTHORIZED_WRITE,UNAUTHORIZED_WRITE,,True,True,True,True,2,0
access_control-wrapper-1,"{""sender"":""attacker"",""value"":1}","{""noise_0"":0,""noise_1"":1,""noise_2"":1,""noise_3"":0}",True,UNAUTHORIZED_WRITE,UNAUTHORIZED_WRITE,,True,True,True,True,2,0
access_control-wrapper-1,"{""sender"":""owner0"",""value"":0}","{""noise_0"":0,""noise_1"":1,""noise_2"":1,""noise_3"":0}",True,UNAUTHORIZED_WRITE,,,True,True,True,True,2,0
access_control-wrapper-1,"{""sender"":""owner0"",""value"":1}","{""noise_0"":0,""noise_1"":1,""noise_2"":1,""noise_3"":0}",True,UNAUTHORIZED_WRITE,,,True,True,True,True,2,0
access_control-wrapper-1,"{""sender"":""user"",""value"":0}","{""noise_0"":0,""noise_1"":1,""noise_2"":1,""noise_3"":0}",True,UNAUTHORIZED_WRITE,UNAUTHORIZED_WRITE,,True,True,True,True,2,0
access_control-wrapper-1,"{""sender"":""user"",""value"":1}","{""noise_0"":0,""noise_1"":1,""noise_2"":1,""noise_3"":0}",True,UNAUTHORIZED_WRITE,UNAUTHORIZED_WRITE,,True,True,True,True,2,0
access_control-wrapper-1,"{""sender"":""attacker"",""value"":0}","{""noise_0"":0,""noise_1"":1,""noise_2"":1,""noise_3"":1}",True,UNAUTHORIZED_WRITE,UNAUTHORIZED_WRITE,,True,True,True,True,2,0
access_control-wrapper-1,"{""sender"":""attacker"",""value"":1}","{""noise_0"":0,""noise_1"":1,""noise_2"":1,""noise_3"":1}",True,UNAUTHORIZED_WRITE,UNAUTHORIZED_WRITE,,True,True,True,True,2,0
access_control-wrapper-1,"{""sender"":""owner0"",""value"":0}","{""noise_0"":0,""noise_1"":1,""noise_2"":1,""noise_3"":1}",True,UNAUTHORIZED_WRITE,,,True,True,True,True,2,0
access_control-wrapper-1,"{""sender"":""owner0"",""value"":1}","{""noise_0"":0,""noise_1"":1,""noise_2"":1,""noise_3"":1}",True,UNAUTHORIZED_WRITE,,,True,True,True,True,2,0
access_control-wrapper-1,"{""sender"":""user"",""value"":0}","{""noise_0"":0,""noise_1"":1,""noise_2"":1,""noise_3"":1}",True,UNAUTHORIZED_WRITE,UNAUTHORIZED_WRITE,,True,True,True,True,2,0
access_control-wrapper-1,"{""sender"":""user"",""value"":1}","{""noise_0"":0,""noise_1"":1,""noise_2"":1,""noise_3"":1}",True,UNAUTHORIZED_WRITE,UNAUTHORIZED_WRITE,,True,True,True,True,2,0
access_control-wrapper-1,"{""sender"":""attacker"",""value"":0}","{""noise_0"":1,""noise_1"":0,""noise_2"":0,""noise_3"":0}",True,UNAUTHORIZED_WRITE,UNAUTHORIZED_WRITE,,True,True,True,True,2,0
access_control-wrapper-1,"{""sender"":""attacker"",""value"":1}","{""noise_0"":1,""noise_1"":0,""noise_2"":0,""noise_3"":0}",True,UNAUTHORIZED_WRITE,UNAUTHORIZED_WRITE,,True,True,True,True,2,0
access_control-wrapper-1,"{""sender"":""owner0"",""value"":0}","{""noise_0"":1,""noise_1"":0,""noise_2"":0,""noise_3"":0}",True,UNAUTHORIZED_WRITE,,,True,True,True,True,2,0
access_control-wrapper-1,"{""sender"":""owner0"",""value"":1}","{""noise_0"":1,""noise_1"":0,""noise_2"":0,""noise_3"":0}",True,UNAUTHORIZED_WRITE,,,True,True,True,True,2,0
access_control-wrapper-1,"{""sender"":""user"",""value"":0}","{""noise_0"":1,""noise_1"":0,""noise_2"":0,""noise_3"":0}",True,UNAUTHORIZED_WRITE,UNAUTHORIZED_WRITE,,True,True,True,True,2,0
access_control-wrapper-1,"{""sender"":""user"",""value"":1}","{""noise_0"":1,""noise_1"":0,""noise_2"":0,""noise_3"":0}",True,UNAUTHORIZED_WRITE,UNAUTHORIZED_WRITE,,True,True,True,True,2,0
access_control-wrapper-1,"{""sender"":""attacker"",""value"":0}","{""noise_0"":1,""noise_1"":0,""noise_2"":0,""noise_3"":1}",True,UNAUTHORIZED_WRITE,UNAUTHORIZED_WRITE,,True,True,True,True,2,0
access_control-wrapper-1,"{""sender"":""attacker"",""value"":1}","{""noise_0"":1,""noise_1"":0,""noise_2"":0,""noise_3"":1}",True,UNAUTHORIZED_WRITE,UNAUTHORIZED_WRITE,,True,True,True,True,2,0
access_control-wrapper-1,"{""sender"":""owner0"",""value"":0}","{""noise_0"":1,""noise_1"":0,""noise_2"":0,""noise_3"":1}",True,UNAUTHORIZED_WRITE,,,True,True,True,True,2,0
access_control-wrapper-1,"{""sender"":""owner0"",""value"":1}","{""noise_0"":1,""noise_1"":0,""noise_2"":0,""noise_3"":1}",True,UNAUTHORIZED_WRITE,,,True,True,True,True,2,0
access_control-wrapper-1,"{""sender"":""user"",""value"":0}","{""noise_0"":1,""noise_1"":0,""noise_2"":0,""noise_3"":1}",True,UNAUTHORIZED_WRITE,UNAUTHORIZED_WRITE,,True,True,True,True,2,0
access_control-wrapper-1,"{""sender"":""user"",""value"":1}","{""noise_0"":1,""noise_1"":0,""noise_2"":0,""noise_3"":1}",True,UNAUTHORIZED_WRITE,UNAUTHORIZED_WRITE,,True,True,True,True,2,0
access_control-wrapper-1,"{""sender"":""attacker"",""value"":0}","{""noise_0"":1,""noise_1"":0,""noise_2"":1,""noise_3"":0}",True,UNAUTHORIZED_WRITE,UNAUTHORIZED_WRITE,,True,True,True,True,2,0
access_control-wrapper-1,"{""sender"":""attacker"",""value"":1}","{""noise_0"":1,""noise_1"":0,""noise_2"":1,""noise_3"":0}",True,UNAUTHORIZED_WRITE,UNAUTHORIZED_WRITE,,True,True,True,True,2,0
access_control-wrapper-1,"{""sender"":""owner0"",""value"":0}","{""noise_0"":1,""noise_1"":0,""noise_2"":1,""noise_3"":0}",True,UNAUTHORIZED_WRITE,,,True,True,True,True,2,0
access_control-wrapper-1,"{""sender"":""owner0"",""value"":1}","{""noise_0"":1,""noise_1"":0,""noise_2"":1,""noise_3"":0}",True,UNAUTHORIZED_WRITE,,,True,True,True,True,2,0
access_control-wrapper-1,"{""sender"":""user"",""value"":0}","{""noise_0"":1,""noise_1"":0,""noise_2"":1,""noise_3"":0}",True,UNAUTHORIZED_WRITE,UNAUTHORIZED_WRITE,,True,True,True,True,2,0
access_control-wrapper-1,"{""sender"":""user"",""value"":1}","{""noise_0"":1,""noise_1"":0,""noise_2"":1,""noise_3"":0}",True,UNAUTHORIZED_WRITE,UNAUTHORIZED_WRITE,,True,True,True,True,2,0
access_control-wrapper-1,"{""sender"":""attacker"",""value"":0}","{""noise_0"":1,""noise_1"":0,""noise_2"":1,""noise_3"":1}",True,UNAUTHORIZED_WRITE,UNAUTHORIZED_WRITE,,True,True,True,True,2,0
access_control-wrapper-1,"{""sender"":""attacker"",""value"":1}","{""noise_0"":1,""noise_1"":0,""noise_2"":1,""noise_3"":1}",True,UNAUTHORIZED_WRITE,UNAUTHORIZED_WRITE,,True,True,True,True,2,0
access_control-wrapper-1,"{""sender"":""owner0"",""value"":0}","{""noise_0"":1,""noise_1"":0,""noise_2"":1,""noise_3"":1}",True,UNAUTHORIZED_WRITE,,,True,True,True,True,2,0
access_control-wrapper-1,"{""sender"":""owner0"",""value"":1}","{""noise_0"":1,""noise_1"":0,""noise_2"":1,""noise_3"":1}",True,UNAUTHORIZED_WRITE,,,True,True,True,True,2,0
access_control-wrapper-1,"{""sender"":""user"",""value"":0}","{""noise_0"":1,""noise_1"":0,""noise_2"":1,""noise_3"":1}",True,UNAUTHORIZED_WRITE,UNAUTHORIZED_WRITE,,True,True,True,True,2,0
access_control-wrapper-1,"{""sender"":""user"",""value"":1}","{""noise_0"":1,""noise_1"":0,""noise_2"":1,""noise_3"":1}",True,UNAUTHORIZED_WRITE,UNAUTHORIZED_WRITE,,True,True,True,True,2,0
access_control-wrapper-1,"{""sender"":""attacker"",""value"":0}","{""noise_0"":1,""noise_1"":1,""noise_2"":0,""noise_3"":0}",True,UNAUTHORIZED_WRITE,UNAUTHORIZED_WRITE,,True,True,True,True,2,0
access_control-wrapper-1,"{""sender"":""attacker"",""value"":1}","{""noise_0"":1,""noise_1"":1,""noise_2"":0,""noise_3"":0}",True,UNAUTHORIZED_WRITE,UNAUTHORIZED_WRITE,,True,True,True,True,2,0
access_control-wrapper-1,"{""sender"":""owner0"",""value"":0}","{""noise_0"":1,""noise_1"":1,""noise_2"":0,""noise_3"":0}",True,UNAUTHORIZED_WRITE,,,True,True,True,True,2,0
access_control-wrapper-1,"{""sender"":""owner0"",""value"":1}","{""noise_0"":1,""noise_1"":1,""noise_2"":0,""noise_3"":0}",True,UNAUTHORIZED_WRITE,,,True,True,True,True,2,0
access_control-wrapper-1,"{""sender"":""user"",""value"":0}","{""noise_0"":1,""noise_1"":1,""noise_2"":0,""noise_3"":0}",True,UNAUTHORIZED_WRITE,UNAUTHORIZED_WRITE,,True,True,True,True,2,0
access_control-wrapper-1,"{""sender"":""user"",""value"":1}","{""noise_0"":1,""noise_1"":1,""noise_2"":0,""noise_3"":0}",True,UNAUTHORIZED_WRITE,UNAUTHORIZED_WRITE,,True,True,True,True,2,0
access_control-wrapper-1,"{""sender"":""attacker"",""value"":0}","{""noise_0"":1,""noise_1"":1,""noise_2"":0,""noise_3"":1}",True,UNAUTHORIZED_WRITE,UNAUTHORIZED_WRITE,,True,True,True,True,2,0
access_control-wrapper-1,"{""sender"":""attacker"",""value"":1}","{""noise_0"":1,""noise_1"":1,""noise_2"":0,""noise_3"":1}",True,UNAUTHORIZED_WRITE,UNAUTHORIZED_WRITE,,True,True,True,True,2,0
access_control-wrapper-1,"{""sender"":""owner0"",""value"":0}","{""noise_0"":1,""noise_1"":1,""noise_2"":0,""noise_3"":1}",True,UNAUTHORIZED_WRITE,,,True,True,True,True,2,0
access_control-wrapper-1,"{""sender"":""owner0"",""value"":1}","{""noise_0"":1,""noise_1"":1,""noise_2"":0,""noise_3"":1}",True,UNAUTHORIZED_WRITE,,,True,True,True,True,2,0
access_control-wrapper-1,"{""sender"":""user"",""value"":0}","{""noise_0"":1,""noise_1"":1,""noise_2"":0,""noise_3"":1}",True,UNAUTHORIZED_WRITE,UNAUTHORIZED_WRITE,,True,True,True,True,2,0
access_control-wrapper-1,"{""sender"":""user"",""value"":1}","{""noise_0"":1,""noise_1"":1,""noise_2"":0,""noise_3"":1}",True,UNAUTHORIZED_WRITE,UNAUTHORIZED_WRITE,,True,True,True,True,2,0
access_control-wrapper-1,"{""sender"":""attacker"",""value"":0}","{""noise_0"":1,""noise_1"":1,""noise_2"":1,""noise_3"":0}",True,UNAUTHORIZED_WRITE,UNAUTHORIZED_WRITE,,True,True,True,True,2,0
access_control-wrapper-1,"{""sender"":""attacker"",""value"":1}","{""noise_0"":1,""noise_1"":1,""noise_2"":1,""noise_3"":0}",True,UNAUTHORIZED_WRITE,UNAUTHORIZED_WRITE,,True,True,True,True,2,0
access_control-wrapper-1,"{""sender"":""owner0"",""value"":0}","{""noise_0"":1,""noise_1"":1,""noise_2"":1,""noise_3"":0}",True,UNAUTHORIZED_WRITE,,,True,True,True,True,2,0
access_control-wrapper-1,"{""sender"":""owner0"",""value"":1}","{""noise_0"":1,""noise_1"":1,""noise_2"":1,""noise_3"":0}",True,UNAUTHORIZED_WRITE,,,True,True,True,True,2,0
access_control-wrapper-1,"{""sender"":""user"",""value"":0}","{""noise_0"":1,""noise_1"":1,""noise_2"":1,""noise_3"":0}",True,UNAUTHORIZED_WRITE,UNAUTHORIZED_WRITE,,True,True,True,True,2,0
access_control-wrapper-1,"{""sender"":""user"",""value"":1}","{""noise_0"":1,""noise_1"":1,""noise_2"":1,""noise_3"":0}",True,UNAUTHORIZED_WRITE,UNAUTHORIZED_WRITE,,True,True,True,True,2,0
access_control-wrapper-1,"{""sender"":""attacker"",""value"":0}","{""noise_0"":1,""noise_1"":1,""noise_2"":1,""noise_3"":1}",True,UNAUTHORIZED_WRITE,UNAUTHORIZED_WRITE,,True,True,True,True,2,0
access_control-wrapper-1,"{""sender"":""attacker"",""value"":1}","{""noise_0"":1,""noise_1"":1,""noise_2"":1,""noise_3"":1}",True,UNAUTHORIZED_WRITE,UNAUTHORIZED_WRITE,,True,True,True,True,2,0
access_control-wrapper-1,"{""sender"":""owner0"",""value"":0}","{""noise_0"":1,""noise_1"":1,""noise_2"":1,""noise_3"":1}",True,UNAUTHORIZED_WRITE,,,True,True,True,True,2,0
access_control-wrapper-1,"{""sender"":""owner0"",""value"":1}","{""noise_0"":1,""noise_1"":1,""noise_2"":1,""noise_3"":1}",True,UNAUTHORIZED_WRITE,,,True,True,True,True,2,0
access_control-wrapper-1,"{""sender"":""user"",""value"":0}","{""noise_0"":1,""noise_1"":1,""noise_2"":1,""noise_3"":1}",True,UNAUTHORIZED_WRITE,UNAUTHORIZED_WRITE,,True,True,True,True,2,0
access_control-wrapper-1,"{""sender"":""user"",""value"":1}","{""noise_0"":1,""noise_1"":1,""noise_2"":1,""noise_3"":1}",True,UNAUTHORIZED_WRITE,UNAUTHORIZED_WRITE,,True,True,True,True,2,0
access_control-wrapper-2,"{""sender"":""attacker"",""value"":0}","{""noise_0"":0,""noise_1"":0,""noise_2"":0,""noise_3"":0}",True,UNAUTHORIZED_WRITE,UNAUTHORIZED_WRITE,,True,True,True,True,2,0
access_control-wrapper-2,"{""sender"":""attacker"",""value"":1}","{""noise_0"":0,""noise_1"":0,""noise_2"":0,""noise_3"":0}",True,UNAUTHORIZED_WRITE,UNAUTHORIZED_WRITE,,True,True,True,True,2,0
access_control-wrapper-2,"{""sender"":""owner0"",""value"":0}","{""noise_0"":0,""noise_1"":0,""noise_2"":0,""noise_3"":0}",True,UNAUTHORIZED_WRITE,,,True,True,True,True,2,0
access_control-wrapper-2,"{""sender"":""owner0"",""value"":1}","{""noise_0"":0,""noise_1"":0,""noise_2"":0,""noise_3"":0}",True,UNAUTHORIZED_WRITE,,,True,True,True,True,2,0
access_control-wrapper-2,"{""sender"":""user"",""value"":0}","{""noise_0"":0,""noise_1"":0,""noise_2"":0,""noise_3"":0}",True,UNAUTHORIZED_WRITE,UNAUTHORIZED_WRITE,,True,True,True,True,2,0
access_control-wrapper-2,"{""sender"":""user"",""value"":1}","{""noise_0"":0,""noise_1"":0,""noise_2"":0,""noise_3"":0}",True,UNAUTHORIZED_WRITE,UNAUTHORIZED_WRITE,,True,True,True,True,2,0
access_control-wrapper-2,"{""sender"":""attacker"",""value"":0}","{""noise_0"":0,""noise_1"":0,""noise_2"":0,""noise_3"":1}",True,UNAUTHORIZED_WRITE,UNAUTHORIZED_WRITE,,True,True,True,True,2,0
access_control-wrapper-2,"{""sender"":""attacker"",""value"":1}","{""noise_0"":0,""noise_1"":0,""noise_2"":0,""noise_3"":1}",True,UNAUTHORIZED_WRITE,UNAUTHORIZED_WRITE,,True,True,True,True,2,0
access_control-wrapper-2,"{""sender"":""owner0"",""value"":0}","{""noise_0"":0,""noise_1"":0,""noise_2"":0,""noise_3"":1}",True,UNAUTHORIZED_WRITE,,,True,True,True,True,2,0
access_control-wrapper-2,"{""sender"":""owner0"",""value"":1}","{""noise_0"":0,""noise_1"":0,""noise_2"":0,""noise_3"":1}",True,UNAUTHORIZED_WRITE,,,True,True,True,True,2,0
access_control-wrapper-2,"{""sender"":""user"",""value"":0}","{""noise_0"":0,""noise_1"":0,""noise_2"":0,""noise_3"":1}",True,UNAUTHORIZED_WRITE,UNAUTHORIZED_WRITE,,True,True,True,True,2,0
access_control-wrapper-2,"{""sender"":""user"",""value"":1}","{""noise_0"":0,""noise_1"":0,""noise_2"":0,""noise_3"":1}",True,UNAUTHORIZED_WRITE,UNAUTHORIZED_WRITE,,True,True,True,True,2,0
access_control-wrapper-2,"{""sender"":""attacker"",""value"":0}","{""noise_0"":0,""noise_1"":0,""noise_2"":1,""noise_3"":0}",True,UNAUTHORIZED_WRITE,UNAUTHORIZED_WRITE,,True,True,True,True,2,0
access_control-wrapper-2,"{""sender"":""attacker"",""value"":1}","{""noise_0"":0,""noise_1"":0,""noise_2"":1,""noise_3"":0}",True,UNAUTHORIZED_WRITE,UNAUTHORIZED_WRITE,,True,True,True,True,2,0
access_control-wrapper-2,"{""sender"":""owner0"",""value"":0}","{""noise_0"":0,""noise_1"":0,""noise_2"":1,""noise_3"":0}",True,UNAUTHORIZED_WRITE,,,True,True,True,True,2,0
access_control-wrapper-2,"{""sender"":""owner0"",""value"":1}","{""noise_0"":0,""noise_1"":0,""noise_2"":1,""noise_3"":0}",True,UNAUTHORIZED_WRITE,,,True,True,True,True,2,0
access_control-wrapper-2,"{""sender"":""user"",""value"":0}","{""noise_0"":0,""noise_1"":0,""noise_2"":1,""noise_3"":0}",True,UNAUTHORIZED_WRITE,UNAUTHORIZED_WRITE,,True,True,True,True,2,0
access_control-wrapper-2,"{""sender"":""user"",""value"":1}","{""noise_0"":0,""noise_1"":0,""noise_2"":1,""noise_3"":0}",True,UNAUTHORIZED_WRITE,UNAUTHORIZED_WRITE,,True,True,True,True,2,0
access_control-wrapper-2,"{""sender"":""attacker"",""value"":0}","{""noise_0"":0,""noise_1"":0,""noise_2"":1,""noise_3"":1}",True,UNAUTHORIZED_WRITE,UNAUTHORIZED_WRITE,,True,True,True,True,2,0
access_control-wrapper-2,"{""sender"":""attacker"",""value"":1}","{""noise_0"":0,""noise_1"":0,""noise_2"":1,""noise_3"":1}",True,UNAUTHORIZED_WRITE,UNAUTHORIZED_WRITE,,True,True,True,True,2,0
access_control-wrapper-2,"{""sender"":""owner0"",""value"":0}","{""noise_0"":0,""noise_1"":0,""noise_2"":1,""noise_3"":1}",True,UNAUTHORIZED_WRITE,,,True,True,True,True,2,0
access_control-wrapper-2,"{""sender"":""owner0"",""value"":1}","{""noise_0"":0,""noise_1"":0,""noise_2"":1,""noise_3"":1}",True,UNAUTHORIZED_WRITE,,,True,True,True,True,2,0
access_control-wrapper-2,"{""sender"":""user"",""value"":0}","{""noise_0"":0,""noise_1"":0,""noise_2"":1,""noise_3"":1}",True,UNAUTHORIZED_WRITE,UNAUTHORIZED_WRITE,,True,True,True,True,2,0
access_control-wrapper-2,"{""sender"":""user"",""value"":1}","{""noise_0"":0,""noise_1"":0,""noise_2"":1,""noise_3"":1}",True,UNAUTHORIZED_WRITE,UNAUTHORIZED_WRITE,,True,True,True,True,2,0
access_control-wrapper-2,"{""sender"":""attacker"",""value"":0}","{""noise_0"":0,""noise_1"":1,""noise_2"":0,""noise_3"":0}",True,UNAUTHORIZED_WRITE,UNAUTHORIZED_WRITE,,True,True,True,True,2,0
access_control-wrapper-2,"{""sender"":""attacker"",""value"":1}","{""noise_0"":0,""noise_1"":1,""noise_2"":0,""noise_3"":0}",True,UNAUTHORIZED_WRITE,UNAUTHORIZED_WRITE,,True,True,True,True,2,0
access_control-wrapper-2,"{""sender"":""owner0"",""value"":0}","{""noise_0"":0,""noise_1"":1,""noise_2"":0,""noise_3"":0}",True,UNAUTHORIZED_WRITE,,,True,True,True,True,2,0
access_control-wrapper-2,"{""sender"":""owner0"",""value"":1}","{""noise_0"":0,""noise_1"":1,""noise_2"":0,""noise_3"":0}",True,UNAUTHORIZED_WRITE,,,True,True,True,True,2,0
access_control-wrapper-2,"{""sender"":""user"",""value"":0}","{""noise_0"":0,""noise_1"":1,""noise_2"":0,""noise_3"":0}",True,UNAUTHORIZED_WRITE,UNAUTHORIZED_WRITE,,True,True,True,True,2,0
access_control-wrapper-2,"{""sender"":""user"",""value"":1}","{""noise_0"":0,""noise_1"":1,""noise_2"":0,""noise_3"":0}",True,UNAUTHORIZED_WRITE,UNAUTHORIZED_WRITE,,True,True,True,True,2,0
access_control-wrapper-2,"{""sender"":""attacker"",""value"":0}","{""noise_0"":0,""noise_1"":1,""noise_2"":0,""noise_3"":1}",True,UNAUTHORIZED_WRITE,UNAUTHORIZED_WRITE,,True,True,True,True,2,0
access_control-wrapper-2,"{""sender"":""attacker"",""value"":1}","{""noise_0"":0,""noise_1"":1,""noise_2"":0,""noise_3"":1}",True,UNAUTHORIZED_WRITE,UNAUTHORIZED_WRITE,,True,True,True,True,2,0
access_control-wrapper-2,"{""sender"":""owner0"",""value"":0}","{""noise_0"":0,""noise_1"":1,""noise_2"":0,""noise_3"":1}",True,UNAUTHORIZED_WRITE,,,True,True,True,True,2,0
access_control-wrapper-2,"{""sender"":""owner0"",""value"":1}","{""noise_0"":0,""noise_1"":1,""noise_2"":0,""noise_3"":1}",True,UNAUTHORIZED_WRITE,,,True,True,True,True,2,0
access_control-wrapper-2,"{""sender"":""user"",""value"":0}","{""noise_0"":0,""noise_1"":1,""noise_2"":0,""noise_3"":1}",True,UNAUTHORIZED_WRITE,UNAUTHORIZED_WRITE,,True,True,True,True,2,0
access_control-wrapper-2,"{""sender"":""user"",""value"":1}","{""noise_0"":0,""noise_1"":1,""noise_2"":0,""noise_3"":1}",True,UNAUTHORIZED_WRITE,UNAUTHORIZED_WRITE,,True,True,True,True,2,0
access_control-wrapper-2,"{""sender"":""attacker"",""value"":0}","{""noise_0"":0,""noise_1"":1,""noise_2"":1,""noise_3"":0}",True,UNAUTHORIZED_WRITE,UNAUTHORIZED_WRITE,,True,True,True,True,2,0
access_control-wrapper-2,"{""sender"":""attacker"",""value"":1}","{""noise_0"":0,""noise_1"":1,""noise_2"":1,""noise_3"":0}",True,UNAUTHORIZED_WRITE,UNAUTHORIZED_WRITE,,True,True,True,True,2,0
access_control-wrapper-2,"{""sender"":""owner0"",""value"":0}","{""noise_0"":0,""noise_1"":1,""noise_2"":1,""noise_3"":0}",True,UNAUTHORIZED_WRITE,,,True,True,True,True,2,0
access_control-wrapper-2,"{""sender"":""owner0"",""value"":1}","{""noise_0"":0,""noise_1"":1,""noise_2"":1,""noise_3"":0}",True,UNAUTHORIZED_WRITE,,,True,True,True,True,2,0
access_control-wrapper-2,"{""sender"":""user"",""value"":0}","{""noise_0"":0,""noise_1"":1,""noise_2"":1,""noise_3"":0}",True,UNAUTHORIZED_WRITE,UNAUTHORIZED_WRITE,,True,True,True,True,2,0
access_control-wrapper-2,"{""sender"":""user"",""value"":1}","{""noise_0"":0,""noise_1"":1,""noise_2"":1,""noise_3"":0}",True,UNAUTHORIZED_WRITE,UNAUTHORIZED_WRITE,,True,True,True,True,2,0
access_control-wrapper-2,"{""sender"":""attacker"",""value"":0}","{""noise_0"":0,""noise_1"":1,""noise_2"":1,""noise_3"":1}",True,UNAUTHORIZED_WRITE,UNAUTHORIZED_WRITE,,True,True,True,True,2,0
access_control-wrapper-2,"{""sender"":""attacker"",""value"":1}","{""noise_0"":0,""noise_1"":1,""noise_2"":1,""noise_3"":1}",True,UNAUTHORIZED_WRITE,UNAUTHORIZED_WRITE,,True,True,True,True,2,0
access_control-wrapper-2,"{""sender"":""owner0"",""value"":0}","{""noise_0"":0,""noise_1"":1,""noise_2"":1,""noise_3"":1}",True,UNAUTHORIZED_WRITE,,,True,True,True,True,2,0
access_control-wrapper-2,"{""sender"":""owner0"",""value"":1}","{""noise_0"":0,""noise_1"":1,""noise_2"":1,""noise_3"":1}",True,UNAUTHORIZED_WRITE,,,True,True,True,True,2,0
access_control-wrapper-2,"{""sender"":""user"",""value"":0}","{""noise_0"":0,""noise_1"":1,""noise_2"":1,""noise_3"":1}",True,UNAUTHORIZED_WRITE,UNAUTHORIZED_WRITE,,True,True,True,True,2,0
access_control-wrapper-2,"{""sender"":""user"",""value"":1}","{""noise_0"":0,""noise_1"":1,""noise_2"":1,""noise_3"":1}",True,UNAUTHORIZED_WRITE,UNAUTHORIZED_WRITE,,True,True,True,True,2,0
access_control-wrapper-2,"{""sender"":""attacker"",""value"":0}","{""noise_0"":1,""noise_1"":0,""noise_2"":0,""noise_3"":0}",True,UNAUTHORIZED_WRITE,UNAUTHORIZED_WRITE,,True,True,True,True,2,0
access_control-wrapper-2,"{""sender"":""attacker"",""value"":1}","{""noise_0"":1,""noise_1"":0,""noise_2"":0,""noise_3"":0}",True,UNAUTHORIZED_WRITE,UNAUTHORIZED_WRITE,,True,True,True,True,2,0
access_control-wrapper-2,"{""sender"":""owner0"",""value"":0}","{""noise_0"":1,""noise_1"":0,""noise_2"":0,""noise_3"":0}",True,UNAUTHORIZED_WRITE,,,True,True,True,True,2,0
access_control-wrapper-2,"{""sender"":""owner0"",""value"":1}","{""noise_0"":1,""noise_1"":0,""noise_2"":0,""noise_3"":0}",True,UNAUTHORIZED_WRITE,,,True,True,True,True,2,0
access_control-wrapper-2,"{""sender"":""user"",""value"":0}","{""noise_0"":1,""noise_1"":0,""noise_2"":0,""noise_3"":0}",True,UNAUTHORIZED_WRITE,UNAUTHORIZED_WRITE,,True,True,True,True,2,0
access_control-wrapper-2,"{""sender"":""user"",""value"":1}","{""noise_0"":1,""noise_1"":0,""noise_2"":0,""noise_3"":0}",True,UNAUTHORIZED_WRITE,UNAUTHORIZED_WRITE,,True,True,True,True,2,0
access_control-wrapper-2,"{""sender"":""attacker"",""value"":0}","{""noise_0"":1,""noise_1"":0,""noise_2"":0,""noise_3"":1}",True,UNAUTHORIZED_WRITE,UNAUTHORIZED_WRITE,,True,True,True,True,2,0
access_control-wrapper-2,"{""sender"":""attacker"",""value"":1}","{""noise_0"":1,""noise_1"":0,""noise_2"":0,""noise_3"":1}",True,UNAUTHORIZED_WRITE,UNAUTHORIZED_WRITE,,True,True,True,True,2,0
access_control-wrapper-2,"{""sender"":""owner0"",""value"":0}","{""noise_0"":1,""noise_1"":0,""noise_2"":0,""noise_3"":1}",True,UNAUTHORIZED_WRITE,,,True,True,True,True,2,0
access_control-wrapper-2,"{""sender"":""owner0"",""value"":1}","{""noise_0"":1,""noise_1"":0,""noise_2"":0,""noise_3"":1}",True,UNAUTHORIZED_WRITE,,,True,True,True,True,2,0
access_control-wrapper-2,"{""sender"":""user"",""value"":0}","{""noise_0"":1,""noise_1"":0,""noise_2"":0,""noise_3"":1}",True,UNAUTHORIZED_WRITE,UNAUTHORIZED_WRITE,,True,True,True,True,2,0
access_control-wrapper-2,"{""sender"":""user"",""value"":1}","{""noise_0"":1,""noise_1"":0,""noise_2"":0,""noise_3"":1}",True,UNAUTHORIZED_WRITE,UNAUTHORIZED_WRITE,,True,True,True,True,2,0
access_control-wrapper-2,"{""sender"":""attacker"",""value"":0}","{""noise_0"":1,""noise_1"":0,""noise_2"":1,""noise_3"":0}",True,UNAUTHORIZED_WRITE,UNAUTHORIZED_WRITE,,True,True,True,True,2,0
access_control-wrapper-2,"{""sender"":""attacker"",""value"":1}","{""noise_0"":1,""noise_1"":0,""noise_2"":1,""noise_3"":0}",True,UNAUTHORIZED_WRITE,UNAUTHORIZED_WRITE,,True,True,True,True,2,0
access_control-wrapper-2,"{""sender"":""owner0"",""value"":0}","{""noise_0"":1,""noise_1"":0,""noise_2"":1,""noise_3"":0}",True,UNAUTHORIZED_WRITE,,,True,True,True,True,2,0
access_control-wrapper-2,"{""sender"":""owner0"",""value"":1}","{""noise_0"":1,""noise_1"":0,""noise_2"":1,""noise_3"":0}",True,UNAUTHORIZED_WRITE,,,True,True,True,True,2,0
access_control-wrapper-2,"{""sender"":""user"",""value"":0}","{""noise_0"":1,""noise_1"":0,""noise_2"":1,""noise_3"":0}",True,UNAUTHORIZED_WRITE,UNAUTHORIZED_WRITE,,True,True,True,True,2,0
access_control-wrapper-2,"{""sender"":""user"",""value"":1}","{""noise_0"":1,""noise_1"":0,""noise_2"":1,""noise_3"":0}",True,UNAUTHORIZED_WRITE,UNAUTHORIZED_WRITE,,True,True,True,True,2,0
access_control-wrapper-2,"{""sender"":""attacker"",""value"":0}","{""noise_0"":1,""noise_1"":0,""noise_2"":1,""noise_3"":1}",True,UNAUTHORIZED_WRITE,UNAUTHORIZED_WRITE,,True,True,True,True,2,0
access_control-wrapper-2,"{""sender"":""attacker"",""value"":1}","{""noise_0"":1,""noise_1"":0,""noise_2"":1,""noise_3"":1}",True,UNAUTHORIZED_WRITE,UNAUTHORIZED_WRITE,,True,True,True,True,2,0
access_control-wrapper-2,"{""sender"":""owner0"",""value"":0}","{""noise_0"":1,""noise_1"":0,""noise_2"":1,""noise_3"":1}",True,UNAUTHORIZED_WRITE,,,True,True,True,True,2,0
access_control-wrapper-2,"{""sender"":""owner0"",""value"":1}","{""noise_0"":1,""noise_1"":0,""noise_2"":1,""noise_3"":1}",True,UNAUTHORIZED_WRITE,,,True,True,True,True,2,0
access_control-wrapper-2,"{""sender"":""user"",""value"":0}","{""noise_0"":1,""noise_1"":0,""noise_2"":1,""noise_3"":1}",True,UNAUTHORIZED_WRITE,UNAUTHORIZED_WRITE,,True,True,True,True,2,0
access_control-wrapper-2,"{""sender"":""user"",""value"":1}","{""noise_0"":1,""noise_1"":0,""noise_2"":1,""noise_3"":1}",True,UNAUTHORIZED_WRITE,UNAUTHORIZED_WRITE,,True,True,True,True,2,0
access_control-wrapper-2,"{""sender"":""attacker"",""value"":0}","{""noise_0"":1,""noise_1"":1,""noise_2"":0,""noise_3"":0}",True,UNAUTHORIZED_WRITE,UNAUTHORIZED_WRITE,,True,True,True,True,2,0
access_control-wrapper-2,"{""sender"":""attacker"",""value"":1}","{""noise_0"":1,""noise_1"":1,""noise_2"":0,""noise_3"":0}",True,UNAUTHORIZED_WRITE,UNAUTHORIZED_WRITE,,True,True,True,True,2,0
access_control-wrapper-2,"{""sender"":""owner0"",""value"":0}","{""noise_0"":1,""noise_1"":1,""noise_2"":0,""noise_3"":0}",True,UNAUTHORIZED_WRITE,,,True,True,True,True,2,0
access_control-wrapper-2,"{""sender"":""owner0"",""value"":1}","{""noise_0"":1,""noise_1"":1,""noise_2"":0,""noise_3"":0}",True,UNAUTHORIZED_WRITE,,,True,True,True,True,2,0
access_control-wrapper-2,"{""sender"":""user"",""value"":0}","{""noise_0"":1,""noise_1"":1,""noise_2"":0,""noise_3"":0}",True,UNAUTHORIZED_WRITE,UNAUTHORIZED_WRITE,,True,True,True,True,2,0
access_control-wrapper-2,"{""sender"":""user"",""value"":1}","{""noise_0"":1,""noise_1"":1,""noise_2"":0,""noise_3"":0}",True,UNAUTHORIZED_WRITE,UNAUTHORIZED_WRITE,,True,True,True,True,2,0
access_control-wrapper-2,"{""sender"":""attacker"",""value"":0}","{""noise_0"":1,""noise_1"":1,""noise_2"":0,""noise_3"":1}",True,UNAUTHORIZED_WRITE,UNAUTHORIZED_WRITE,,True,True,True,True,2,0
access_control-wrapper-2,"{""sender"":""attacker"",""value"":1}","{""noise_0"":1,""noise_1"":1,""noise_2"":0,""noise_3"":1}",True,UNAUTHORIZED_WRITE,UNAUTHORIZED_WRITE,,True,True,True,True,2,0
access_control-wrapper-2,"{""sender"":""owner0"",""value"":0}","{""noise_0"":1,""noise_1"":1,""noise_2"":0,""noise_3"":1}",True,UNAUTHORIZED_WRITE,,,True,True,True,True,2,0
access_control-wrapper-2,"{""sender"":""owner0"",""value"":1}","{""noise_0"":1,""noise_1"":1,""noise_2"":0,""noise_3"":1}",True,UNAUTHORIZED_WRITE,,,True,True,True,True,2,0
access_control-wrapper-2,"{""sender"":""user"",""value"":0}","{""noise_0"":1,""noise_1"":1,""noise_2"":0,""noise_3"":1}",True,UNAUTHORIZED_WRITE,UNAUTHORIZED_WRITE,,True,True,True,True,2,0
access_control-wrapper-2,"{""sender"":""user"",""value"":1}","{""noise_0"":1,""noise_1"":1,""noise_2"":0,""noise_3"":1}",True,UNAUTHORIZED_WRITE,UNAUTHORIZED_WRITE,,True,True,True,True,2,0
access_control-wrapper-2,"{""sender"":""attacker"",""value"":0}","{""noise_0"":1,""noise_1"":1,""noise_2"":1,""noise_3"":0}",True,UNAUTHORIZED_WRITE,UNAUTHORIZED_WRITE,,True,True,True,True,2,0
access_control-wrapper-2,"{""sender"":""attacker"",""value"":1}","{""noise_0"":1,""noise_1"":1,""noise_2"":1,""noise_3"":0}",True,UNAUTHORIZED_WRITE,UNAUTHORIZED_WRITE,,True,True,True,True,2,0
access_control-wrapper-2,"{""sender"":""owner0"",""value"":0}","{""noise_0"":1,""noise_1"":1,""noise_2"":1,""noise_3"":0}",True,UNAUTHORIZED_WRITE,,,True,True,True,True,2,0
access_control-wrapper-2,"{""sender"":""owner0"",""value"":1}","{""noise_0"":1,""noise_1"":1,""noise_2"":1,""noise_3"":0}",True,UNAUTHORIZED_WRITE,,,True,True,True,True,2,0
access_control-wrapper-2,"{""sender"":""user"",""value"":0}","{""noise_0"":1,""noise_1"":1,""noise_2"":1,""noise_3"":0}",True,UNAUTHORIZED_WRITE,UNAUTHORIZED_WRITE,,True,True,True,True,2,0
access_control-wrapper-2,"{""sender"":""user"",""value"":1}","{""noise_0"":1,""noise_1"":1,""noise_2"":1,""noise_3"":0}",True,UNAUTHORIZED_WRITE,UNAUTHORIZED_WRITE,,True,True,True,True,2,0
access_control-wrapper-2,"{""sender"":""attacker"",""value"":0}","{""noise_0"":1,""noise_1"":1,""noise_2"":1,""noise_3"":1}",True,UNAUTHORIZED_WRITE,UNAUTHORIZED_WRITE,,True,True,True,True,2,0
access_control-wrapper-2,"{""sender"":""attacker"",""value"":1}","{""noise_0"":1,""noise_1"":1,""noise_2"":1,""noise_3"":1}",True,UNAUTHORIZED_WRITE,UNAUTHORIZED_WRITE,,True,True,True,True,2,0
access_control-wrapper-2,"{""sender"":""owner0"",""value"":0}","{""noise_0"":1,""noise_1"":1,""noise_2"":1,""noise_3"":1}",True,UNAUTHORIZED_WRITE,,,True,True,True,True,2,0
access_control-wrapper-2,"{""sender"":""owner0"",""value"":1}","{""noise_0"":1,""noise_1"":1,""noise_2"":1,""noise_3"":1}",True,UNAUTHORIZED_WRITE,,,True,True,True,True,2,0
access_control-wrapper-2,"{""sender"":""user"",""value"":0}","{""noise_0"":1,""noise_1"":1,""noise_2"":1,""noise_3"":1}",True,UNAUTHORIZED_WRITE,UNAUTHORIZED_WRITE,,True,True,True,True,2,0
access_control-wrapper-2,"{""sender"":""user"",""value"":1}","{""noise_0"":1,""noise_1"":1,""noise_2"":1,""noise_3"":1}",True,UNAUTHORIZED_WRITE,UNAUTHORIZED_WRITE,,True,True,True,True,2,0
access_control-wrapper-3,"{""sender"":""attacker"",""value"":0}","{""noise_0"":0,""noise_1"":0,""noise_2"":0,""noise_3"":0}",True,UNAUTHORIZED_WRITE,UNAUTHORIZED_WRITE,,True,True,True,True,2,0
access_control-wrapper-3,"{""sender"":""attacker"",""value"":1}","{""noise_0"":0,""noise_1"":0,""noise_2"":0,""noise_3"":0}",True,UNAUTHORIZED_WRITE,UNAUTHORIZED_WRITE,,True,True,True,True,2,0
access_control-wrapper-3,"{""sender"":""owner0"",""value"":0}","{""noise_0"":0,""noise_1"":0,""noise_2"":0,""noise_3"":0}",True,UNAUTHORIZED_WRITE,,,True,True,True,True,2,0
access_control-wrapper-3,"{""sender"":""owner0"",""value"":1}","{""noise_0"":0,""noise_1"":0,""noise_2"":0,""noise_3"":0}",True,UNAUTHORIZED_WRITE,,,True,True,True,True,2,0
access_control-wrapper-3,"{""sender"":""user"",""value"":0}","{""noise_0"":0,""noise_1"":0,""noise_2"":0,""noise_3"":0}",True,UNAUTHORIZED_WRITE,UNAUTHORIZED_WRITE,,True,True,True,True,2,0
access_control-wrapper-3,"{""sender"":""user"",""value"":1}","{""noise_0"":0,""noise_1"":0,""noise_2"":0,""noise_3"":0}",True,UNAUTHORIZED_WRITE,UNAUTHORIZED_WRITE,,True,True,True,True,2,0
access_control-wrapper-3,"{""sender"":""attacker"",""value"":0}","{""noise_0"":0,""noise_1"":0,""noise_2"":0,""noise_3"":1}",True,UNAUTHORIZED_WRITE,UNAUTHORIZED_WRITE,,True,True,True,True,2,0
access_control-wrapper-3,"{""sender"":""attacker"",""value"":1}","{""noise_0"":0,""noise_1"":0,""noise_2"":0,""noise_3"":1}",True,UNAUTHORIZED_WRITE,UNAUTHORIZED_WRITE,,True,True,True,True,2,0
access_control-wrapper-3,"{""sender"":""owner0"",""value"":0}","{""noise_0"":0,""noise_1"":0,""noise_2"":0,""noise_3"":1}",True,UNAUTHORIZED_WRITE,,,True,True,True,True,2,0
access_control-wrapper-3,"{""sender"":""owner0"",""value"":1}","{""noise_0"":0,""noise_1"":0,""noise_2"":0,""noise_3"":1}",True,UNAUTHORIZED_WRITE,,,True,True,True,True,2,0
access_control-wrapper-3,"{""sender"":""user"",""value"":0}","{""noise_0"":0,""noise_1"":0,""noise_2"":0,""noise_3"":1}",True,UNAUTHORIZED_WRITE,UNAUTHORIZED_WRITE,,True,True,True,True,2,0
access_control-wrapper-3,"{""sender"":""user"",""value"":1}","{""noise_0"":0,""noise_1"":0,""noise_2"":0,""noise_3"":1}",True,UNAUTHORIZED_WRITE,UNAUTHORIZED_WRITE,,True,True,True,True,2,0
access_control-wrapper-3,"{""sender"":""attacker"",""value"":0}","{""noise_0"":0,""noise_1"":0,""noise_2"":1,""noise_3"":0}",True,UNAUTHORIZED_WRITE,UNAUTHORIZED_WRITE,,True,True,True,True,2,0
access_control-wrapper-3,"{""sender"":""attacker"",""value"":1}","{""noise_0"":0,""noise_1"":0,""noise_2"":1,""noise_3"":0}",True,UNAUTHORIZED_WRITE,UNAUTHORIZED_WRITE,,True,True,True,True,2,0
access_control-wrapper-3,"{""sender"":""owner0"",""value"":0}","{""noise_0"":0,""noise_1"":0,""noise_2"":1,""noise_3"":0}",True,UNAUTHORIZED_WRITE,,,True,True,True,True,2,0
access_control-wrapper-3,"{""sender"":""owner0"",""value"":1}","{""noise_0"":0,""noise_1"":0,""noise_2"":1,""noise_3"":0}",True,UNAUTHORIZED_WRITE,,,True,True,True,True,2,0
access_control-wrapper-3,"{""sender"":""user"",""value"":0}","{""noise_0"":0,""noise_1"":0,""noise_2"":1,""noise_3"":0}",True,UNAUTHORIZED_WRITE,UNAUTHORIZED_WRITE,,True,True,True,True,2,0
access_control-wrapper-3,"{""sender"":""user"",""value"":1}","{""noise_0"":0,""noise_1"":0,""noise_2"":1,""noise_3"":0}",True,UNAUTHORIZED_WRITE,UNAUTHORIZED_WRITE,,True,True,True,True,2,0
access_control-wrapper-3,"{""sender"":""attacker"",""value"":0}","{""noise_0"":0,""noise_1"":0,""noise_2"":1,""noise_3"":1}",True,UNAUTHORIZED_WRITE,UNAUTHORIZED_WRITE,,True,True,True,True,2,0
access_control-wrapper-3,"{""sender"":""attacker"",""value"":1}","{""noise_0"":0,""noise_1"":0,""noise_2"":1,""noise_3"":1}",True,UNAUTHORIZED_WRITE,UNAUTHORIZED_WRITE,,True,True,True,True,2,0
access_control-wrapper-3,"{""sender"":""owner0"",""value"":0}","{""noise_0"":0,""noise_1"":0,""noise_2"":1,""noise_3"":1}",True,UNAUTHORIZED_WRITE,,,True,True,True,True,2,0
access_control-wrapper-3,"{""sender"":""owner0"",""value"":1}","{""noise_0"":0,""noise_1"":0,""noise_2"":1,""noise_3"":1}",True,UNAUTHORIZED_WRITE,,,True,True,True,True,2,0
access_control-wrapper-3,"{""sender"":""user"",""value"":0}","{""noise_0"":0,""noise_1"":0,""noise_2"":1,""noise_3"":1}",True,UNAUTHORIZED_WRITE,UNAUTHORIZED_WRITE,,True,True,True,True,2,0
access_control-wrapper-3,"{""sender"":""user"",""value"":1}","{""noise_0"":0,""noise_1"":0,""noise_2"":1,""noise_3"":1}",True,UNAUTHORIZED_WRITE,UNAUTHORIZED_WRITE,,True,True,True,True,2,0
access_control-wrapper-3,"{""sender"":""attacker"",""value"":0}","{""noise_0"":0,""noise_1"":1,""noise_2"":0,""noise_3"":0}",True,UNAUTHORIZED_WRITE,UNAUTHORIZED_WRITE,,True,True,True,True,2,0
access_control-wrapper-3,"{""sender"":""attacker"",""value"":1}","{""noise_0"":0,""noise_1"":1,""noise_2"":0,""noise_3"":0}",True,UNAUTHORIZED_WRITE,UNAUTHORIZED_WRITE,,True,True,True,True,2,0
access_control-wrapper-3,"{""sender"":""owner0"",""value"":0}","{""noise_0"":0,""noise_1"":1,""noise_2"":0,""noise_3"":0}",True,UNAUTHORIZED_WRITE,,,True,True,True,True,2,0
access_control-wrapper-3,"{""sender"":""owner0"",""value"":1}","{""noise_0"":0,""noise_1"":1,""noise_2"":0,""noise_3"":0}",True,UNAUTHORIZED_WRITE,,,True,True,True,True,2,0
access_control-wrapper-3,"{""sender"":""user"",""value"":0}","{""noise_0"":0,""noise_1"":1,""noise_2"":0,""noise_3"":0}",True,UNAUTHORIZED_WRITE,UNAUTHORIZED_WRITE,,True,True,True,True,2,0
access_control-wrapper-3,"{""sender"":""user"",""value"":1}","{""noise_0"":0,""noise_1"":1,""noise_2"":0,""noise_3"":0}",True,UNAUTHORIZED_WRITE,UNAUTHORIZED_WRITE,,True,True,True,True,2,0
access_control-wrapper-3,"{""sender"":""attacker"",""value"":0}","{""noise_0"":0,""noise_1"":1,""noise_2"":0,""noise_3"":1}",True,UNAUTHORIZED_WRITE,UNAUTHORIZED_WRITE,,True,True,True,True,2,0
access_control-wrapper-3,"{""sender"":""attacker"",""value"":1}","{""noise_0"":0,""noise_1"":1,""noise_2"":0,""noise_3"":1}",True,UNAUTHORIZED_WRITE,UNAUTHORIZED_WRITE,,True,True,True,True,2,0
access_control-wrapper-3,"{""sender"":""owner0"",""value"":0}","{""noise_0"":0,""noise_1"":1,""noise_2"":0,""noise_3"":1}",True,UNAUTHORIZED_WRITE,,,True,True,True,True,2,0
access_control-wrapper-3,"{""sender"":""owner0"",""value"":1}","{""noise_0"":0,""noise_1"":1,""noise_2"":0,""noise_3"":1}",True,UNAUTHORIZED_WRITE,,,True,True,True,True,2,0
access_control-wrapper-3,"{""sender"":""user"",""value"":0}","{""noise_0"":0,""noise_1"":1,""noise_2"":0,""noise_3"":1}",True,UNAUTHORIZED_WRITE,UNAUTHORIZED_WRITE,,True,True,True,True,2,0
access_control-wrapper-3,"{""sender"":""user"",""value"":1}","{""noise_0"":0,""noise_1"":1,""noise_2"":0,""noise_3"":1}",True,UNAUTHORIZED_WRITE,UNAUTHORIZED_WRITE,,True,True,True,True,2,0
access_control-wrapper-3,"{""sender"":""attacker"",""value"":0}","{""noise_0"":0,""noise_1"":1,""noise_2"":1,""noise_3"":0}",True,UNAUTHORIZED_WRITE,UNAUTHORIZED_WRITE,,True,True,True,True,2,0
access_control-wrapper-3,"{""sender"":""attacker"",""value"":1}","{""noise_0"":0,""noise_1"":1,""noise_2"":1,""noise_3"":0}",True,UNAUTHORIZED_WRITE,UNAUTHORIZED_WRITE,,True,True,True,True,2,0
access_control-wrapper-3,"{""sender"":""owner0"",""value"":0}","{""noise_0"":0,""noise_1"":1,""noise_2"":1,""noise_3"":0}",True,UNAUTHORIZED_WRITE,,,True,True,True,True,2,0
access_control-wrapper-3,"{""sender"":""owner0"",""value"":1}","{""noise_0"":0,""noise_1"":1,""noise_2"":1,""noise_3"":0}",True,UNAUTHORIZED_WRITE,,,True,True,True,True,2,0
access_control-wrapper-3,"{""sender"":""user"",""value"":0}","{""noise_0"":0,""noise_1"":1,""noise_2"":1,""noise_3"":0}",True,UNAUTHORIZED_WRITE,UNAUTHORIZED_WRITE,,True,True,True,True,2,0
access_control-wrapper-3,"{""sender"":""user"",""value"":1}","{""noise_0"":0,""noise_1"":1,""noise_2"":1,""noise_3"":0}",True,UNAUTHORIZED_WRITE,UNAUTHORIZED_WRITE,,True,True,True,True,2,0
access_control-wrapper-3,"{""sender"":""attacker"",""value"":0}","{""noise_0"":0,""noise_1"":1,""noise_2"":1,""noise_3"":1}",True,UNAUTHORIZED_WRITE,UNAUTHORIZED_WRITE,,True,True,True,True,2,0
access_control-wrapper-3,"{""sender"":""attacker"",""value"":1}","{""noise_0"":0,""noise_1"":1,""noise_2"":1,""noise_3"":1}",True,UNAUTHORIZED_WRITE,UNAUTHORIZED_WRITE,,True,True,True,True,2,0
access_control-wrapper-3,"{""sender"":""owner0"",""value"":0}","{""noise_0"":0,""noise_1"":1,""noise_2"":1,""noise_3"":1}",True,UNAUTHORIZED_WRITE,,,True,True,True,True,2,0
access_control-wrapper-3,"{""sender"":""owner0"",""value"":1}","{""noise_0"":0,""noise_1"":1,""noise_2"":1,""noise_3"":1}",True,UNAUTHORIZED_WRITE,,,True,True,True,True,2,0
access_control-wrapper-3,"{""sender"":""user"",""value"":0}","{""noise_0"":0,""noise_1"":1,""noise_2"":1,""noise_3"":1}",True,UNAUTHORIZED_WRITE,UNAUTHORIZED_WRITE,,True,True,True,True,2,0
access_control-wrapper-3,"{""sender"":""user"",""value"":1}","{""noise_0"":0,""noise_1"":1,""noise_2"":1,""noise_3"":1}",True,UNAUTHORIZED_WRITE,UNAUTHORIZED_WRITE,,True,True,True,True,2,0
access_control-wrapper-3,"{""sender"":""attacker"",""value"":0}","{""noise_0"":1,""noise_1"":0,""noise_2"":0,""noise_3"":0}",True,UNAUTHORIZED_WRITE,UNAUTHORIZED_WRITE,,True,True,True,True,2,0
access_control-wrapper-3,"{""sender"":""attacker"",""value"":1}","{""noise_0"":1,""noise_1"":0,""noise_2"":0,""noise_3"":0}",True,UNAUTHORIZED_WRITE,UNAUTHORIZED_WRITE,,True,True,True,True,2,0
access_control-wrapper-3,"{""sender"":""owner0"",""value"":0}","{""noise_0"":1,""noise_1"":0,""noise_2"":0,""noise_3"":0}",True,UNAUTHORIZED_WRITE,,,True,True,True,True,2,0
access_control-wrapper-3,"{""sender"":""owner0"",""value"":1}","{""noise_0"":1,""noise_1"":0,""noise_2"":0,""noise_3"":0}",True,UNAUTHORIZED_WRITE,,,True,True,True,True,2,0
access_control-wrapper-3,"{""sender"":""user"",""value"":0}","{""noise_0"":1,""noise_1"":0,""noise_2"":0,""noise_3"":0}",True,UNAUTHORIZED_WRITE,UNAUTHORIZED_WRITE,,True,True,True,True,2,0
access_control-wrapper-3,"{""sender"":""user"",""value"":1}","{""noise_0"":1,""noise_1"":0,""noise_2"":0,""noise_3"":0}",True,UNAUTHORIZED_WRITE,UNAUTHORIZED_WRITE,,True,True,True,True,2,0
access_control-wrapper-3,"{""sender"":""attacker"",""value"":0}","{""noise_0"":1,""noise_1"":0,""noise_2"":0,""noise_3"":1}",True,UNAUTHORIZED_WRITE,UNAUTHORIZED_WRITE,,True,True,True,True,2,0
access_control-wrapper-3,"{""sender"":""attacker"",""value"":1}","{""noise_0"":1,""noise_1"":0,""noise_2"":0,""noise_3"":1}",True,UNAUTHORIZED_WRITE,UNAUTHORIZED_WRITE,,True,True,True,True,2,0
access_control-wrapper-3,"{""sender"":""owner0"",""value"":0}","{""noise_0"":1,""noise_1"":0,""noise_2"":0,""noise_3"":1}",True,UNAUTHORIZED_WRITE,,,True,True,True,True,2,0
access_control-wrapper-3,"{""sender"":""owner0"",""value"":1}","{""noise_0"":1,""noise_1"":0,""noise_2"":0,""noise_3"":1}",True,UNAUTHORIZED_WRITE,,,True,True,True,True,2,0
access_control-wrapper-3,"{""sender"":""user"",""value"":0}","{""noise_0"":1,""noise_1"":0,""noise_2"":0,""noise_3"":1}",True,UNAUTHORIZED_WRITE,UNAUTHORIZED_WRITE,,True,True,True,True,2,0
access_control-wrapper-3,"{""sender"":""user"",""value"":1}","{""noise_0"":1,""noise_1"":0,""noise_2"":0,""noise_3"":1}",True,UNAUTHORIZED_WRITE,UNAUTHORIZED_WRITE,,True,True,True,True,2,0
access_control-wrapper-3,"{""sender"":""attacker"",""value"":0}","{""noise_0"":1,""noise_1"":0,""noise_2"":1,""noise_3"":0}",True,UNAUTHORIZED_WRITE,UNAUTHORIZED_WRITE,,True,True,True,True,2,0
access_control-wrapper-3,"{""sender"":""attacker"",""value"":1}","{""noise_0"":1,""noise_1"":0,""noise_2"":1,""noise_3"":0}",True,UNAUTHORIZED_WRITE,UNAUTHORIZED_WRITE,,True,True,True,True,2,0
access_control-wrapper-3,"{""sender"":""owner0"",""value"":0}","{""noise_0"":1,""noise_1"":0,""noise_2"":1,""noise_3"":0}",True,UNAUTHORIZED_WRITE,,,True,True,True,True,2,0
access_control-wrapper-3,"{""sender"":""owner0"",""value"":1}","{""noise_0"":1,""noise_1"":0,""noise_2"":1,""noise_3"":0}",True,UNAUTHORIZED_WRITE,,,True,True,True,True,2,0
access_control-wrapper-3,"{""sender"":""user"",""value"":0}","{""noise_0"":1,""noise_1"":0,""noise_2"":1,""noise_3"":0}",True,UNAUTHORIZED_WRITE,UNAUTHORIZED_WRITE,,True,True,True,True,2,0
access_control-wrapper-3,"{""sender"":""user"",""value"":1}","{""noise_0"":1,""noise_1"":0,""noise_2"":1,""noise_3"":0}",True,UNAUTHORIZED_WRITE,UNAUTHORIZED_WRITE,,True,True,True,True,2,0
access_control-wrapper-3,"{""sender"":""attacker"",""value"":0}","{""noise_0"":1,""noise_1"":0,""noise_2"":1,""noise_3"":1}",True,UNAUTHORIZED_WRITE,UNAUTHORIZED_WRITE,,True,True,True,True,2,0
access_control-wrapper-3,"{""sender"":""attacker"",""value"":1}","{""noise_0"":1,""noise_1"":0,""noise_2"":1,""noise_3"":1}",True,UNAUTHORIZED_WRITE,UNAUTHORIZED_WRITE,,True,True,True,True,2,0
access_control-wrapper-3,"{""sender"":""owner0"",""value"":0}","{""noise_0"":1,""noise_1"":0,""noise_2"":1,""noise_3"":1}",True,UNAUTHORIZED_WRITE,,,True,True,True,True,2,0
access_control-wrapper-3,"{""sender"":""owner0"",""value"":1}","{""noise_0"":1,""noise_1"":0,""noise_2"":1,""noise_3"":1}",True,UNAUTHORIZED_WRITE,,,True,True,True,True,2,0
access_control-wrapper-3,"{""sender"":""user"",""value"":0}","{""noise_0"":1,""noise_1"":0,""noise_2"":1,""noise_3"":1}",True,UNAUTHORIZED_WRITE,UNAUTHORIZED_WRITE,,True,True,True,True,2,0
access_control-wrapper-3,"{""sender"":""user"",""value"":1}","{""noise_0"":1,""noise_1"":0,""noise_2"":1,""noise_3"":1}",True,UNAUTHORIZED_WRITE,UNAUTHORIZED_WRITE,,True,True,True,True,2,0
access_control-wrapper-3,"{""sender"":""attacker"",""value"":0}","{""noise_0"":1,""noise_1"":1,""noise_2"":0,""noise_3"":0}",True,UNAUTHORIZED_WRITE,UNAUTHORIZED_WRITE,,True,True,True,True,2,0
access_control-wrapper-3,"{""sender"":""attacker"",""value"":1}","{""noise_0"":1,""noise_1"":1,""noise_2"":0,""noise_3"":0}",True,UNAUTHORIZED_WRITE,UNAUTHORIZED_WRITE,,True,True,True,True,2,0
access_control-wrapper-3,"{""sender"":""owner0"",""value"":0}","{""noise_0"":1,""noise_1"":1,""noise_2"":0,""noise_3"":0}",True,UNAUTHORIZED_WRITE,,,True,True,True,True,2,0
access_control-wrapper-3,"{""sender"":""owner0"",""value"":1}","{""noise_0"":1,""noise_1"":1,""noise_2"":0,""noise_3"":0}",True,UNAUTHORIZED_WRITE,,,True,True,True,True,2,0
access_control-wrapper-3,"{""sender"":""user"",""value"":0}","{""noise_0"":1,""noise_1"":1,""noise_2"":0,""noise_3"":0}",True,UNAUTHORIZED_WRITE,UNAUTHORIZED_WRITE,,True,True,True,True,2,0
access_control-wrapper-3,"{""sender"":""user"",""value"":1}","{""noise_0"":1,""noise_1"":1,""noise_2"":0,""noise_3"":0}",True,UNAUTHORIZED_WRITE,UNAUTHORIZED_WRITE,,True,True,True,True,2,0
access_control-wrapper-3,"{""sender"":""attacker"",""value"":0}","{""noise_0"":1,""noise_1"":1,""noise_2"":0,""noise_3"":1}",True,UNAUTHORIZED_WRITE,UNAUTHORIZED_WRITE,,True,True,True,True,2,0
access_control-wrapper-3,"{""sender"":""attacker"",""value"":1}","{""noise_0"":1,""noise_1"":1,""noise_2"":0,""noise_3"":1}",True,UNAUTHORIZED_WRITE,UNAUTHORIZED_WRITE,,True,True,True,True,2,0
access_control-wrapper-3,"{""sender"":""owner0"",""value"":0}","{""noise_0"":1,""noise_1"":1,""noise_2"":0,""noise_3"":1}",True,UNAUTHORIZED_WRITE,,,True,True,True,True,2,0
access_control-wrapper-3,"{""sender"":""owner0"",""value"":1}","{""noise_0"":1,""noise_1"":1,""noise_2"":0,""noise_3"":1}",True,UNAUTHORIZED_WRITE,,,True,True,True,True,2,0
access_control-wrapper-3,"{""sender"":""user"",""value"":0}","{""noise_0"":1,""noise_1"":1,""noise_2"":0,""noise_3"":1}",True,UNAUTHORIZED_WRITE,UNAUTHORIZED_WRITE,,True,True,True,True,2,0
access_control-wrapper-3,"{""sender"":""user"",""value"":1}","{""noise_0"":1,""noise_1"":1,""noise_2"":0,""noise_3"":1}",True,UNAUTHORIZED_WRITE,UNAUTHORIZED_WRITE,,True,True,True,True,2,0
access_control-wrapper-3,"{""sender"":""attacker"",""value"":0}","{""noise_0"":1,""noise_1"":1,""noise_2"":1,""noise_3"":0}",True,UNAUTHORIZED_WRITE,UNAUTHORIZED_WRITE,,True,True,True,True,2,0
access_control-wrapper-3,"{""sender"":""attacker"",""value"":1}","{""noise_0"":1,""noise_1"":1,""noise_2"":1,""noise_3"":0}",True,UNAUTHORIZED_WRITE,UNAUTHORIZED_WRITE,,True,True,True,True,2,0
access_control-wrapper-3,"{""sender"":""owner0"",""value"":0}","{""noise_0"":1,""noise_1"":1,""noise_2"":1,""noise_3"":0}",True,UNAUTHORIZED_WRITE,,,True,True,True,True,2,0
access_control-wrapper-3,"{""sender"":""owner0"",""value"":1}","{""noise_0"":1,""noise_1"":1,""noise_2"":1,""noise_3"":0}",True,UNAUTHORIZED_WRITE,,,True,True,True,True,2,0
access_control-wrapper-3,"{""sender"":""user"",""value"":0}","{""noise_0"":1,""noise_1"":1,""noise_2"":1,""noise_3"":0}",True,UNAUTHORIZED_WRITE,UNAUTHORIZED_WRITE,,True,True,True,True,2,0
access_control-wrapper-3,"{""sender"":""user"",""value"":1}","{""noise_0"":1,""noise_1"":1,""noise_2"":1,""noise_3"":0}",True,UNAUTHORIZED_WRITE,UNAUTHORIZED_WRITE,,True,True,True,True,2,0
access_control-wrapper-3,"{""sender"":""attacker"",""value"":0}","{""noise_0"":1,""noise_1"":1,""noise_2"":1,""noise_3"":1}",True,UNAUTHORIZED_WRITE,UNAUTHORIZED_WRITE,,True,True,True,True,2,0
access_control-wrapper-3,"{""sender"":""attacker"",""value"":1}","{""noise_0"":1,""noise_1"":1,""noise_2"":1,""noise_3"":1}",True,UNAUTHORIZED_WRITE,UNAUTHORIZED_WRITE,,True,True,True,True,2,0
access_control-wrapper-3,"{""sender"":""owner0"",""value"":0}","{""noise_0"":1,""noise_1"":1,""noise_2"":1,""noise_3"":1}",True,UNAUTHORIZED_WRITE,,,True,True,True,True,2,0
access_control-wrapper-3,"{""sender"":""owner0"",""value"":1}","{""noise_0"":1,""noise_1"":1,""noise_2"":1,""noise_3"":1}",True,UNAUTHORIZED_WRITE,,,True,True,True,True,2,0
access_control-wrapper-3,"{""sender"":""user"",""value"":0}","{""noise_0"":1,""noise_1"":1,""noise_2"":1,""noise_3"":1}",True,UNAUTHORIZED_WRITE,UNAUTHORIZED_WRITE,,True,True,True,True,2,0
access_control-wrapper-3,"{""sender"":""user"",""value"":1}","{""noise_0"":1,""noise_1"":1,""noise_2"":1,""noise_3"":1}",True,UNAUTHORIZED_WRITE,UNAUTHORIZED_WRITE,,True,True,True,True,2,0
access_control-wrapper-4,"{""sender"":""attacker"",""value"":0}","{""noise_0"":0,""noise_1"":0,""noise_2"":0,""noise_3"":0}",True,UNAUTHORIZED_WRITE,UNAUTHORIZED_WRITE,,True,True,True,True,2,0
access_control-wrapper-4,"{""sender"":""attacker"",""value"":1}","{""noise_0"":0,""noise_1"":0,""noise_2"":0,""noise_3"":0}",True,UNAUTHORIZED_WRITE,UNAUTHORIZED_WRITE,,True,True,True,True,2,0
access_control-wrapper-4,"{""sender"":""owner0"",""value"":0}","{""noise_0"":0,""noise_1"":0,""noise_2"":0,""noise_3"":0}",True,UNAUTHORIZED_WRITE,,,True,True,True,True,2,0
access_control-wrapper-4,"{""sender"":""owner0"",""value"":1}","{""noise_0"":0,""noise_1"":0,""noise_2"":0,""noise_3"":0}",True,UNAUTHORIZED_WRITE,,,True,True,True,True,2,0
access_control-wrapper-4,"{""sender"":""user"",""value"":0}","{""noise_0"":0,""noise_1"":0,""noise_2"":0,""noise_3"":0}",True,UNAUTHORIZED_WRITE,UNAUTHORIZED_WRITE,,True,True,True,True,2,0
access_control-wrapper-4,"{""sender"":""user"",""value"":1}","{""noise_0"":0,""noise_1"":0,""noise_2"":0,""noise_3"":0}",True,UNAUTHORIZED_WRITE,UNAUTHORIZED_WRITE,,True,True,True,True,2,0
access_control-wrapper-4,"{""sender"":""attacker"",""value"":0}","{""noise_0"":0,""noise_1"":0,""noise_2"":0,""noise_3"":1}",True,UNAUTHORIZED_WRITE,UNAUTHORIZED_WRITE,,True,True,True,True,2,0
access_control-wrapper-4,"{""sender"":""attacker"",""value"":1}","{""noise_0"":0,""noise_1"":0,""noise_2"":0,""noise_3"":1}",True,UNAUTHORIZED_WRITE,UNAUTHORIZED_WRITE,,True,True,True,True,2,0
access_control-wrapper-4,"{""sender"":""owner0"",""value"":0}","{""noise_0"":0,""noise_1"":0,""noise_2"":0,""noise_3"":1}",True,UNAUTHORIZED_WRITE,,,True,True,True,True,2,0
access_control-wrapper-4,"{""sender"":""owner0"",""value"":1}","{""noise_0"":0,""noise_1"":0,""noise_2"":0,""noise_3"":1}",True,UNAUTHORIZED_WRITE,,,True,True,True,True,2,0
access_control-wrapper-4,"{""sender"":""user"",""value"":0}","{""noise_0"":0,""noise_1"":0,""noise_2"":0,""noise_3"":1}",True,UNAUTHORIZED_WRITE,UNAUTHORIZED_WRITE,,True,True,True,True,2,0
access_control-wrapper-4,"{""sender"":""user"",""value"":1}","{""noise_0"":0,""noise_1"":0,""noise_2"":0,""noise_3"":1}",True,UNAUTHORIZED_WRITE,UNAUTHORIZED_WRITE,,True,True,True,True,2,0
access_control-wrapper-4,"{""sender"":""attacker"",""value"":0}","{""noise_0"":0,""noise_1"":0,""noise_2"":1,""noise_3"":0}",True,UNAUTHORIZED_WRITE,UNAUTHORIZED_WRITE,,True,True,True,True,2,0
access_control-wrapper-4,"{""sender"":""attacker"",""value"":1}","{""noise_0"":0,""noise_1"":0,""noise_2"":1,""noise_3"":0}",True,UNAUTHORIZED_WRITE,UNAUTHORIZED_WRITE,,True,True,True,True,2,0
access_control-wrapper-4,"{""sender"":""owner0"",""value"":0}","{""noise_0"":0,""noise_1"":0,""noise_2"":1,""noise_3"":0}",True,UNAUTHORIZED_WRITE,,,True,True,True,True,2,0
access_control-wrapper-4,"{""sender"":""owner0"",""value"":1}","{""noise_0"":0,""noise_1"":0,""noise_2"":1,""noise_3"":0}",True,UNAUTHORIZED_WRITE,,,True,True,True,True,2,0
access_control-wrapper-4,"{""sender"":""user"",""value"":0}","{""noise_0"":0,""noise_1"":0,""noise_2"":1,""noise_3"":0}",True,UNAUTHORIZED_WRITE,UNAUTHORIZED_WRITE,,True,True,True,True,2,0
access_control-wrapper-4,"{""sender"":""user"",""value"":1}","{""noise_0"":0,""noise_1"":0,""noise_2"":1,""noise_3"":0}",True,UNAUTHORIZED_WRITE,UNAUTHORIZED_WRITE,,True,True,True,True,2,0
access_control-wrapper-4,"{""sender"":""attacker"",""value"":0}","{""noise_0"":0,""noise_1"":0,""noise_2"":1,""noise_3"":1}",True,UNAUTHORIZED_WRITE,UNAUTHORIZED_WRITE,,True,True,True,True,2,0
access_control-wrapper-4,"{""sender"":""attacker"",""value"":1}","{""noise_0"":0,""noise_1"":0,""noise_2"":1,""noise_3"":1}",True,UNAUTHORIZED_WRITE,UNAUTHORIZED_WRITE,,True,True,True,True,2,0
access_control-wrapper-4,"{""sender"":""owner0"",""value"":0}","{""noise_0"":0,""noise_1"":0,""noise_2"":1,""noise_3"":1}",True,UNAUTHORIZED_WRITE,,,True,True,True,True,2,0
access_control-wrapper-4,"{""sender"":""owner0"",""value"":1}","{""noise_0"":0,""noise_1"":0,""noise_2"":1,""noise_3"":1}",True,UNAUTHORIZED_WRITE,,,True,True,True,True,2,0
access_control-wrapper-4,"{""sender"":""user"",""value"":0}","{""noise_0"":0,""noise_1"":0,""noise_2"":1,""noise_3"":1}",True,UNAUTHORIZED_WRITE,UNAUTHORIZED_WRITE,,True,True,True,True,2,0
access_control-wrapper-4,"{""sender"":""user"",""value"":1}","{""noise_0"":0,""noise_1"":0,""noise_2"":1,""noise_3"":1}",True,UNAUTHORIZED_WRITE,UNAUTHORIZED_WRITE,,True,True,True,True,2,0
access_control-wrapper-4,"{""sender"":""attacker"",""value"":0}","{""noise_0"":0,""noise_1"":1,""noise_2"":0,""noise_3"":0}",True,UNAUTHORIZED_WRITE,UNAUTHORIZED_WRITE,,True,True,True,True,2,0
access_control-wrapper-4,"{""sender"":""attacker"",""value"":1}","{""noise_0"":0,""noise_1"":1,""noise_2"":0,""noise_3"":0}",True,UNAUTHORIZED_WRITE,UNAUTHORIZED_WRITE,,True,True,True,True,2,0
access_control-wrapper-4,"{""sender"":""owner0"",""value"":0}","{""noise_0"":0,""noise_1"":1,""noise_2"":0,""noise_3"":0}",True,UNAUTHORIZED_WRITE,,,True,True,True,True,2,0
access_control-wrapper-4,"{""sender"":""owner0"",""value"":1}","{""noise_0"":0,""noise_1"":1,""noise_2"":0,""noise_3"":0}",True,UNAUTHORIZED_WRITE,,,True,True,True,True,2,0
access_control-wrapper-4,"{""sender"":""user"",""value"":0}","{""noise_0"":0,""noise_1"":1,""noise_2"":0,""noise_3"":0}",True,UNAUTHORIZED_WRITE,UNAUTHORIZED_WRITE,,True,True,True,True,2,0
access_control-wrapper-4,"{""sender"":""user"",""value"":1}","{""noise_0"":0,""noise_1"":1,""noise_2"":0,""noise_3"":0}",True,UNAUTHORIZED_WRITE,UNAUTHORIZED_WRITE,,True,True,True,True,2,0
access_control-wrapper-4,"{""sender"":""attacker"",""value"":0}","{""noise_0"":0,""noise_1"":1,""noise_2"":0,""noise_3"":1}",True,UNAUTHORIZED_WRITE,UNAUTHORIZED_WRITE,,True,True,True,True,2,0
access_control-wrapper-4,"{""sender"":""attacker"",""value"":1}","{""noise_0"":0,""noise_1"":1,""noise_2"":0,""noise_3"":1}",True,UNAUTHORIZED_WRITE,UNAUTHORIZED_WRITE,,True,True,True,True,2,0
access_control-wrapper-4,"{""sender"":""owner0"",""value"":0}","{""noise_0"":0,""noise_1"":1,""noise_2"":0,""noise_3"":1}",True,UNAUTHORIZED_WRITE,,,True,True,True,True,2,0
access_control-wrapper-4,"{""sender"":""owner0"",""value"":1}","{""noise_0"":0,""noise_1"":1,""noise_2"":0,""noise_3"":1}",True,UNAUTHORIZED_WRITE,,,True,True,True,True,2,0
access_control-wrapper-4,"{""sender"":""user"",""value"":0}","{""noise_0"":0,""noise_1"":1,""noise_2"":0,""noise_3"":1}",True,UNAUTHORIZED_WRITE,UNAUTHORIZED_WRITE,,True,True,True,True,2,0
access_control-wrapper-4,"{""sender"":""user"",""value"":1}","{""noise_0"":0,""noise_1"":1,""noise_2"":0,""noise_3"":1}",True,UNAUTHORIZED_WRITE,UNAUTHORIZED_WRITE,,True,True,True,True,2,0
access_control-wrapper-4,"{""sender"":""attacker"",""value"":0}","{""noise_0"":0,""noise_1"":1,""noise_2"":1,""noise_3"":0}",True,UNAUTHORIZED_WRITE,UNAUTHORIZED_WRITE,,True,True,True,True,2,0
access_control-wrapper-4,"{""sender"":""attacker"",""value"":1}","{""noise_0"":0,""noise_1"":1,""noise_2"":1,""noise_3"":0}",True,UNAUTHORIZED_WRITE,UNAUTHORIZED_WRITE,,True,True,True,True,2,0
access_control-wrapper-4,"{""sender"":""owner0"",""value"":0}","{""noise_0"":0,""noise_1"":1,""noise_2"":1,""noise_3"":0}",True,UNAUTHORIZED_WRITE,,,True,True,True,True,2,0
access_control-wrapper-4,"{""sender"":""owner0"",""value"":1}","{""noise_0"":0,""noise_1"":1,""noise_2"":1,""noise_3"":0}",True,UNAUTHORIZED_WRITE,,,True,True,True,True,2,0
access_control-wrapper-4,"{""sender"":""user"",""value"":0}","{""noise_0"":0,""noise_1"":1,""noise_2"":1,""noise_3"":0}",True,UNAUTHORIZED_WRITE,UNAUTHORIZED_WRITE,,True,True,True,True,2,0
access_control-wrapper-4,"{""sender"":""user"",""value"":1}","{""noise_0"":0,""noise_1"":1,""noise_2"":1,""noise_3"":0}",True,UNAUTHORIZED_WRITE,UNAUTHORIZED_WRITE,,True,True,True,True,2,0
access_control-wrapper-4,"{""sender"":""attacker"",""value"":0}","{""noise_0"":0,""noise_1"":1,""noise_2"":1,""noise_3"":1}",True,UNAUTHORIZED_WRITE,UNAUTHORIZED_WRITE,,True,True,True,True,2,0
access_control-wrapper-4,"{""sender"":""attacker"",""value"":1}","{""noise_0"":0,""noise_1"":1,""noise_2"":1,""noise_3"":1}",True,UNAUTHORIZED_WRITE,UNAUTHORIZED_WRITE,,True,True,True,True,2,0
access_control-wrapper-4,"{""sender"":""owner0"",""value"":0}","{""noise_0"":0,""noise_1"":1,""noise_2"":1,""noise_3"":1}",True,UNAUTHORIZED_WRITE,,,True,True,True,True,2,0
access_control-wrapper-4,"{""sender"":""owner0"",""value"":1}","{""noise_0"":0,""noise_1"":1,""noise_2"":1,""noise_3"":1}",True,UNAUTHORIZED_WRITE,,,True,True,True,True,2,0
access_control-wrapper-4,"{""sender"":""user"",""value"":0}","{""noise_0"":0,""noise_1"":1,""noise_2"":1,""noise_3"":1}",True,UNAUTHORIZED_WRITE,UNAUTHORIZED_WRITE,,True,True,True,True,2,0
access_control-wrapper-4,"{""sender"":""user"",""value"":1}","{""noise_0"":0,""noise_1"":1,""noise_2"":1,""noise_3"":1}",True,UNAUTHORIZED_WRITE,UNAUTHORIZED_WRITE,,True,True,True,True,2,0
access_control-wrapper-4,"{""sender"":""attacker"",""value"":0}","{""noise_0"":1,""noise_1"":0,""noise_2"":0,""noise_3"":0}",True,UNAUTHORIZED_WRITE,UNAUTHORIZED_WRITE,,True,True,True,True,2,0
access_control-wrapper-4,"{""sender"":""attacker"",""value"":1}","{""noise_0"":1,""noise_1"":0,""noise_2"":0,""noise_3"":0}",True,UNAUTHORIZED_WRITE,UNAUTHORIZED_WRITE,,True,True,True,True,2,0
access_control-wrapper-4,"{""sender"":""owner0"",""value"":0}","{""noise_0"":1,""noise_1"":0,""noise_2"":0,""noise_3"":0}",True,UNAUTHORIZED_WRITE,,,True,True,True,True,2,0
access_control-wrapper-4,"{""sender"":""owner0"",""value"":1}","{""noise_0"":1,""noise_1"":0,""noise_2"":0,""noise_3"":0}",True,UNAUTHORIZED_WRITE,,,True,True,True,True,2,0
access_control-wrapper-4,"{""sender"":""user"",""value"":0}","{""noise_0"":1,""noise_1"":0,""noise_2"":0,""noise_3"":0}",True,UNAUTHORIZED_WRITE,UNAUTHORIZED_WRITE,,True,True,True,True,2,0
access_control-wrapper-4,"{""sender"":""user"",""value"":1}","{""noise_0"":1,""noise_1"":0,""noise_2"":0,""noise_3"":0}",True,UNAUTHORIZED_WRITE,UNAUTHORIZED_WRITE,,True,True,True,True,2,0
access_control-wrapper-4,"{""sender"":""attacker"",""value"":0}","{""noise_0"":1,""noise_1"":0,""noise_2"":0,""noise_3"":1}",True,UNAUTHORIZED_WRITE,UNAUTHORIZED_WRITE,,True,True,True,True,2,0
access_control-wrapper-4,"{""sender"":""attacker"",""value"":1}","{""noise_0"":1,""noise_1"":0,""noise_2"":0,""noise_3"":1}",True,UNAUTHORIZED_WRITE,UNAUTHORIZED_WRITE,,True,True,True,True,2,0
access_control-wrapper-4,"{""sender"":""owner0"",""value"":0}","{""noise_0"":1,""noise_1"":0,""noise_2"":0,""noise_3"":1}",True,UNAUTHORIZED_WRITE,,,True,True,True,True,2,0
access_control-wrapper-4,"{""sender"":""owner0"",""value"":1}","{""noise_0"":1,""noise_1"":0,""noise_2"":0,""noise_3"":1}",True,UNAUTHORIZED_WRITE,,,True,True,True,True,2,0
access_control-wrapper-4,"{""sender"":""user"",""value"":0}","{""noise_0"":1,""noise_1"":0,""noise_2"":0,""noise_3"":1}",True,UNAUTHORIZED_WRITE,UNAUTHORIZED_WRITE,,True,True,True,True,2,0
access_control-wrapper-4,"{""sender"":""user"",""value"":1}","{""noise_0"":1,""noise_1"":0,""noise_2"":0,""noise_3"":1}",True,UNAUTHORIZED_WRITE,UNAUTHORIZED_WRITE,,True,True,True,True,2,0
access_control-wrapper-4,"{""sender"":""attacker"",""value"":0}","{""noise_0"":1,""noise_1"":0,""noise_2"":1,""noise_3"":0}",True,UNAUTHORIZED_WRITE,UNAUTHORIZED_WRITE,,True,True,True,True,2,0
access_control-wrapper-4,"{""sender"":""attacker"",""value"":1}","{""noise_0"":1,""noise_1"":0,""noise_2"":1,""noise_3"":0}",True,UNAUTHORIZED_WRITE,UNAUTHORIZED_WRITE,,True,True,True,True,2,0
access_control-wrapper-4,"{""sender"":""owner0"",""value"":0}","{""noise_0"":1,""noise_1"":0,""noise_2"":1,""noise_3"":0}",True,UNAUTHORIZED_WRITE,,,True,True,True,True,2,0
access_control-wrapper-4,"{""sender"":""owner0"",""value"":1}","{""noise_0"":1,""noise_1"":0,""noise_2"":1,""noise_3"":0}",True,UNAUTHORIZED_WRITE,,,True,True,True,True,2,0
access_control-wrapper-4,"{""sender"":""user"",""value"":0}","{""noise_0"":1,""noise_1"":0,""noise_2"":1,""noise_3"":0}",True,UNAUTHORIZED_WRITE,UNAUTHORIZED_WRITE,,True,True,True,True,2,0
access_control-wrapper-4,"{""sender"":""user"",""value"":1}","{""noise_0"":1,""noise_1"":0,""noise_2"":1,""noise_3"":0}",True,UNAUTHORIZED_WRITE,UNAUTHORIZED_WRITE,,True,True,True,True,2,0
access_control-wrapper-4,"{""sender"":""attacker"",""value"":0}","{""noise_0"":1,""noise_1"":0,""noise_2"":1,""noise_3"":1}",True,UNAUTHORIZED_WRITE,UNAUTHORIZED_WRITE,,True,True,True,True,2,0
access_control-wrapper-4,"{""sender"":""attacker"",""value"":1}","{""noise_0"":1,""noise_1"":0,""noise_2"":1,""noise_3"":1}",True,UNAUTHORIZED_WRITE,UNAUTHORIZED_WRITE,,True,True,True,True,2,0
access_control-wrapper-4,"{""sender"":""owner0"",""value"":0}","{""noise_0"":1,""noise_1"":0,""noise_2"":1,""noise_3"":1}",True,UNAUTHORIZED_WRITE,,,True,True,True,True,2,0
access_control-wrapper-4,"{""sender"":""owner0"",""value"":1}","{""noise_0"":1,""noise_1"":0,""noise_2"":1,""noise_3"":1}",True,UNAUTHORIZED_WRITE,,,True,True,True,True,2,0
access_control-wrapper-4,"{""sender"":""user"",""value"":0}","{""noise_0"":1,""noise_1"":0,""noise_2"":1,""noise_3"":1}",True,UNAUTHORIZED_WRITE,UNAUTHORIZED_WRITE,,True,True,True,True,2,0
access_control-wrapper-4,"{""sender"":""user"",""value"":1}","{""noise_0"":1,""noise_1"":0,""noise_2"":1,""noise_3"":1}",True,UNAUTHORIZED_WRITE,UNAUTHORIZED_WRITE,,True,True,True,True,2,0
access_control-wrapper-4,"{""sender"":""attacker"",""value"":0}","{""noise_0"":1,""noise_1"":1,""noise_2"":0,""noise_3"":0}",True,UNAUTHORIZED_WRITE,UNAUTHORIZED_WRITE,,True,True,True,True,2,0
access_control-wrapper-4,"{""sender"":""attacker"",""value"":1}","{""noise_0"":1,""noise_1"":1,""noise_2"":0,""noise_3"":0}",True,UNAUTHORIZED_WRITE,UNAUTHORIZED_WRITE,,True,True,True,True,2,0
access_control-wrapper-4,"{""sender"":""owner0"",""value"":0}","{""noise_0"":1,""noise_1"":1,""noise_2"":0,""noise_3"":0}",True,UNAUTHORIZED_WRITE,,,True,True,True,True,2,0
access_control-wrapper-4,"{""sender"":""owner0"",""value"":1}","{""noise_0"":1,""noise_1"":1,""noise_2"":0,""noise_3"":0}",True,UNAUTHORIZED_WRITE,,,True,True,True,True,2,0
access_control-wrapper-4,"{""sender"":""user"",""value"":0}","{""noise_0"":1,""noise_1"":1,""noise_2"":0,""noise_3"":0}",True,UNAUTHORIZED_WRITE,UNAUTHORIZED_WRITE,,True,True,True,True,2,0
access_control-wrapper-4,"{""sender"":""user"",""value"":1}","{""noise_0"":1,""noise_1"":1,""noise_2"":0,""noise_3"":0}",True,UNAUTHORIZED_WRITE,UNAUTHORIZED_WRITE,,True,True,True,True,2,0
access_control-wrapper-4,"{""sender"":""attacker"",""value"":0}","{""noise_0"":1,""noise_1"":1,""noise_2"":0,""noise_3"":1}",True,UNAUTHORIZED_WRITE,UNAUTHORIZED_WRITE,,True,True,True,True,2,0
access_control-wrapper-4,"{""sender"":""attacker"",""value"":1}","{""noise_0"":1,""noise_1"":1,""noise_2"":0,""noise_3"":1}",True,UNAUTHORIZED_WRITE,UNAUTHORIZED_WRITE,,True,True,True,True,2,0
access_control-wrapper-4,"{""sender"":""owner0"",""value"":0}","{""noise_0"":1,""noise_1"":1,""noise_2"":0,""noise_3"":1}",True,UNAUTHORIZED_WRITE,,,True,True,True,True,2,0
access_control-wrapper-4,"{""sender"":""owner0"",""value"":1}","{""noise_0"":1,""noise_1"":1,""noise_2"":0,""noise_3"":1}",True,UNAUTHORIZED_WRITE,,,True,True,True,True,2,0
access_control-wrapper-4,"{""sender"":""user"",""value"":0}","{""noise_0"":1,""noise_1"":1,""noise_2"":0,""noise_3"":1}",True,UNAUTHORIZED_WRITE,UNAUTHORIZED_WRITE,,True,True,True,True,2,0
access_control-wrapper-4,"{""sender"":""user"",""value"":1}","{""noise_0"":1,""noise_1"":1,""noise_2"":0,""noise_3"":1}",True,UNAUTHORIZED_WRITE,UNAUTHORIZED_WRITE,,True,True,True,True,2,0
access_control-wrapper-4,"{""sender"":""attacker"",""value"":0}","{""noise_0"":1,""noise_1"":1,""noise_2"":1,""noise_3"":0}",True,UNAUTHORIZED_WRITE,UNAUTHORIZED_WRITE,,True,True,True,True,2,0
access_control-wrapper-4,"{""sender"":""attacker"",""value"":1}","{""noise_0"":1,""noise_1"":1,""noise_2"":1,""noise_3"":0}",True,UNAUTHORIZED_WRITE,UNAUTHORIZED_WRITE,,True,True,True,True,2,0
access_control-wrapper-4,"{""sender"":""owner0"",""value"":0}","{""noise_0"":1,""noise_1"":1,""noise_2"":1,""noise_3"":0}",True,UNAUTHORIZED_WRITE,,,True,True,True,True,2,0
access_control-wrapper-4,"{""sender"":""owner0"",""value"":1}","{""noise_0"":1,""noise_1"":1,""noise_2"":1,""noise_3"":0}",True,UNAUTHORIZED_WRITE,,,True,True,True,True,2,0
access_control-wrapper-4,"{""sender"":""user"",""value"":0}","{""noise_0"":1,""noise_1"":1,""noise_2"":1,""noise_3"":0}",True,UNAUTHORIZED_WRITE,UNAUTHORIZED_WRITE,,True,True,True,True,2,0
access_control-wrapper-4,"{""sender"":""user"",""value"":1}","{""noise_0"":1,""noise_1"":1,""noise_2"":1,""noise_3"":0}",True,UNAUTHORIZED_WRITE,UNAUTHORIZED_WRITE,,True,True,True,True,2,0
access_control-wrapper-4,"{""sender"":""attacker"",""value"":0}","{""noise_0"":1,""noise_1"":1,""noise_2"":1,""noise_3"":1}",True,UNAUTHORIZED_WRITE,UNAUTHORIZED_WRITE,,True,True,True,True,2,0
access_control-wrapper-4,"{""sender"":""attacker"",""value"":1}","{""noise_0"":1,""noise_1"":1,""noise_2"":1,""noise_3"":1}",True,UNAUTHORIZED_WRITE,UNAUTHORIZED_WRITE,,True,True,True,True,2,0
access_control-wrapper-4,"{""sender"":""owner0"",""value"":0}","{""noise_0"":1,""noise_1"":1,""noise_2"":1,""noise_3"":1}",True,UNAUTHORIZED_WRITE,,,True,True,True,True,2,0
access_control-wrapper-4,"{""sender"":""owner0"",""value"":1}","{""noise_0"":1,""noise_1"":1,""noise_2"":1,""noise_3"":1}",True,UNAUTHORIZED_WRITE,,,True,True,True,True,2,0
access_control-wrapper-4,"{""sender"":""user"",""value"":0}","{""noise_0"":1,""noise_1"":1,""noise_2"":1,""noise_3"":1}",True,UNAUTHORIZED_WRITE,UNAUTHORIZED_WRITE,,True,True,True,True,2,0
access_control-wrapper-4,"{""sender"":""user"",""value"":1}","{""noise_0"":1,""noise_1"":1,""noise_2"":1,""noise_3"":1}",True,UNAUTHORIZED_WRITE,UNAUTHORIZED_WRITE,,True,True,True,True,2,0
access_control-wrapper-5,"{""sender"":""attacker"",""value"":0}","{""noise_0"":0,""noise_1"":0,""noise_2"":0,""noise_3"":0}",True,UNAUTHORIZED_WRITE,UNAUTHORIZED_WRITE,,True,True,True,True,2,0
access_control-wrapper-5,"{""sender"":""attacker"",""value"":1}","{""noise_0"":0,""noise_1"":0,""noise_2"":0,""noise_3"":0}",True,UNAUTHORIZED_WRITE,UNAUTHORIZED_WRITE,,True,True,True,True,2,0
access_control-wrapper-5,"{""sender"":""owner0"",""value"":0}","{""noise_0"":0,""noise_1"":0,""noise_2"":0,""noise_3"":0}",True,UNAUTHORIZED_WRITE,,,True,True,True,True,2,0
access_control-wrapper-5,"{""sender"":""owner0"",""value"":1}","{""noise_0"":0,""noise_1"":0,""noise_2"":0,""noise_3"":0}",True,UNAUTHORIZED_WRITE,,,True,True,True,True,2,0
access_control-wrapper-5,"{""sender"":""user"",""value"":0}","{""noise_0"":0,""noise_1"":0,""noise_2"":0,""noise_3"":0}",True,UNAUTHORIZED_WRITE,UNAUTHORIZED_WRITE,,True,True,True,True,2,0
access_control-wrapper-5,"{""sender"":""user"",""value"":1}","{""noise_0"":0,""noise_1"":0,""noise_2"":0,""noise_3"":0}",True,UNAUTHORIZED_WRITE,UNAUTHORIZED_WRITE,,True,True,True,True,2,0
access_control-wrapper-5,"{""sender"":""attacker"",""value"":0}","{""noise_0"":0,""noise_1"":0,""noise_2"":0,""noise_3"":1}",True,UNAUTHORIZED_WRITE,UNAUTHORIZED_WRITE,,True,True,True,True,2,0
access_control-wrapper-5,"{""sender"":""attacker"",""value"":1}","{""noise_0"":0,""noise_1"":0,""noise_2"":0,""noise_3"":1}",True,UNAUTHORIZED_WRITE,UNAUTHORIZED_WRITE,,True,True,True,True,2,0
access_control-wrapper-5,"{""sender"":""owner0"",""value"":0}","{""noise_0"":0,""noise_1"":0,""noise_2"":0,""noise_3"":1}",True,UNAUTHORIZED_WRITE,,,True,True,True,True,2,0
access_control-wrapper-5,"{""sender"":""owner0"",""value"":1}","{""noise_0"":0,""noise_1"":0,""noise_2"":0,""noise_3"":1}",True,UNAUTHORIZED_WRITE,,,True,True,True,True,2,0
access_control-wrapper-5,"{""sender"":""user"",""value"":0}","{""noise_0"":0,""noise_1"":0,""noise_2"":0,""noise_3"":1}",True,UNAUTHORIZED_WRITE,UNAUTHORIZED_WRITE,,True,True,True,True,2,0
access_control-wrapper-5,"{""sender"":""user"",""value"":1}","{""noise_0"":0,""noise_1"":0,""noise_2"":0,""noise_3"":1}",True,UNAUTHORIZED_WRITE,UNAUTHORIZED_WRITE,,True,True,True,True,2,0
access_control-wrapper-5,"{""sender"":""attacker"",""value"":0}","{""noise_0"":0,""noise_1"":0,""noise_2"":1,""noise_3"":0}",True,UNAUTHORIZED_WRITE,UNAUTHORIZED_WRITE,,True,True,True,True,2,0
access_control-wrapper-5,"{""sender"":""attacker"",""value"":1}","{""noise_0"":0,""noise_1"":0,""noise_2"":1,""noise_3"":0}",True,UNAUTHORIZED_WRITE,UNAUTHORIZED_WRITE,,True,True,True,True,2,0
access_control-wrapper-5,"{""sender"":""owner0"",""value"":0}","{""noise_0"":0,""noise_1"":0,""noise_2"":1,""noise_3"":0}",True,UNAUTHORIZED_WRITE,,,True,True,True,True,2,0
access_control-wrapper-5,"{""sender"":""owner0"",""value"":1}","{""noise_0"":0,""noise_1"":0,""noise_2"":1,""noise_3"":0}",True,UNAUTHORIZED_WRITE,,,True,True,True,True,2,0
access_control-wrapper-5,"{""sender"":""user"",""value"":0}","{""noise_0"":0,""noise_1"":0,""noise_2"":1,""noise_3"":0}",True,UNAUTHORIZED_WRITE,UNAUTHORIZED_WRITE,,True,True,True,True,2,0
access_control-wrapper-5,"{""sender"":""user"",""value"":1}","{""noise_0"":0,""noise_1"":0,""noise_2"":1,""noise_3"":0}",True,UNAUTHORIZED_WRITE,UNAUTHORIZED_WRITE,,True,True,True,True,2,0
access_control-wrapper-5,"{""sender"":""attacker"",""value"":0}","{""noise_0"":0,""noise_1"":0,""noise_2"":1,""noise_3"":1}",True,UNAUTHORIZED_WRITE,UNAUTHORIZED_WRITE,,True,True,True,True,2,0
access_control-wrapper-5,"{""sender"":""attacker"",""value"":1}","{""noise_0"":0,""noise_1"":0,""noise_2"":1,""noise_3"":1}",True,UNAUTHORIZED_WRITE,UNAUTHORIZED_WRITE,,True,True,True,True,2,0
access_control-wrapper-5,"{""sender"":""owner0"",""value"":0}","{""noise_0"":0,""noise_1"":0,""noise_2"":1,""noise_3"":1}",True,UNAUTHORIZED_WRITE,,,True,True,True,True,2,0
access_control-wrapper-5,"{""sender"":""owner0"",""value"":1}","{""noise_0"":0,""noise_1"":0,""noise_2"":1,""noise_3"":1}",True,UNAUTHORIZED_WRITE,,,True,True,True,True,2,0
access_control-wrapper-5,"{""sender"":""user"",""value"":0}","{""noise_0"":0,""noise_1"":0,""noise_2"":1,""noise_3"":1}",True,UNAUTHORIZED_WRITE,UNAUTHORIZED_WRITE,,True,True,True,True,2,0
access_control-wrapper-5,"{""sender"":""user"",""value"":1}","{""noise_0"":0,""noise_1"":0,""noise_2"":1,""noise_3"":1}",True,UNAUTHORIZED_WRITE,UNAUTHORIZED_WRITE,,True,True,True,True,2,0
access_control-wrapper-5,"{""sender"":""attacker"",""value"":0}","{""noise_0"":0,""noise_1"":1,""noise_2"":0,""noise_3"":0}",True,UNAUTHORIZED_WRITE,UNAUTHORIZED_WRITE,,True,True,True,True,2,0
access_control-wrapper-5,"{""sender"":""attacker"",""value"":1}","{""noise_0"":0,""noise_1"":1,""noise_2"":0,""noise_3"":0}",True,UNAUTHORIZED_WRITE,UNAUTHORIZED_WRITE,,True,True,True,True,2,0
access_control-wrapper-5,"{""sender"":""owner0"",""value"":0}","{""noise_0"":0,""noise_1"":1,""noise_2"":0,""noise_3"":0}",True,UNAUTHORIZED_WRITE,,,True,True,True,True,2,0
access_control-wrapper-5,"{""sender"":""owner0"",""value"":1}","{""noise_0"":0,""noise_1"":1,""noise_2"":0,""noise_3"":0}",True,UNAUTHORIZED_WRITE,,,True,True,True,True,2,0
access_control-wrapper-5,"{""sender"":""user"",""value"":0}","{""noise_0"":0,""noise_1"":1,""noise_2"":0,""noise_3"":0}",True,UNAUTHORIZED_WRITE,UNAUTHORIZED_WRITE,,True,True,True,True,2,0
access_control-wrapper-5,"{""sender"":""user"",""value"":1}","{""noise_0"":0,""noise_1"":1,""noise_2"":0,""noise_3"":0}",True,UNAUTHORIZED_WRITE,UNAUTHORIZED_WRITE,,True,True,True,True,2,0
access_control-wrapper-5,"{""sender"":""attacker"",""value"":0}","{""noise_0"":0,""noise_1"":1,""noise_2"":0,""noise_3"":1}",True,UNAUTHORIZED_WRITE,UNAUTHORIZED_WRITE,,True,True,True,True,2,0
access_control-wrapper-5,"{""sender"":""attacker"",""value"":1}","{""noise_0"":0,""noise_1"":1,""noise_2"":0,""noise_3"":1}",True,UNAUTHORIZED_WRITE,UNAUTHORIZED_WRITE,,True,True,True,True,2,0
access_control-wrapper-5,"{""sender"":""owner0"",""value"":0}","{""noise_0"":0,""noise_1"":1,""noise_2"":0,""noise_3"":1}",True,UNAUTHORIZED_WRITE,,,True,True,True,True,2,0
access_control-wrapper-5,"{""sender"":""owner0"",""value"":1}","{""noise_0"":0,""noise_1"":1,""noise_2"":0,""noise_3"":1}",True,UNAUTHORIZED_WRITE,,,True,True,True,True,2,0
access_control-wrapper-5,"{""sender"":""user"",""value"":0}","{""noise_0"":0,""noise_1"":1,""noise_2"":0,""noise_3"":1}",True,UNAUTHORIZED_WRITE,UNAUTHORIZED_WRITE,,True,True,True,True,2,0
access_control-wrapper-5,"{""sender"":""user"",""value"":1}","{""noise_0"":0,""noise_1"":1,""noise_2"":0,""noise_3"":1}",True,UNAUTHORIZED_WRITE,UNAUTHORIZED_WRITE,,True,True,True,True,2,0
access_control-wrapper-5,"{""sender"":""attacker"",""value"":0}","{""noise_0"":0,""noise_1"":1,""noise_2"":1,""noise_3"":0}",True,UNAUTHORIZED_WRITE,UNAUTHORIZED_WRITE,,True,True,True,True,2,0
access_control-wrapper-5,"{""sender"":""attacker"",""value"":1}","{""noise_0"":0,""noise_1"":1,""noise_2"":1,""noise_3"":0}",True,UNAUTHORIZED_WRITE,UNAUTHORIZED_WRITE,,True,True,True,True,2,0
access_control-wrapper-5,"{""sender"":""owner0"",""value"":0}","{""noise_0"":0,""noise_1"":1,""noise_2"":1,""noise_3"":0}",True,UNAUTHORIZED_WRITE,,,True,True,True,True,2,0
access_control-wrapper-5,"{""sender"":""owner0"",""value"":1}","{""noise_0"":0,""noise_1"":1,""noise_2"":1,""noise_3"":0}",True,UNAUTHORIZED_WRITE,,,True,True,True,True,2,0
access_control-wrapper-5,"{""sender"":""user"",""value"":0}","{""noise_0"":0,""noise_1"":1,""noise_2"":1,""noise_3"":0}",True,UNAUTHORIZED_WRITE,UNAUTHORIZED_WRITE,,True,True,True,True,2,0
access_control-wrapper-5,"{""sender"":""user"",""value"":1}","{""noise_0"":0,""noise_1"":1,""noise_2"":1,""noise_3"":0}",True,UNAUTHORIZED_WRITE,UNAUTHORIZED_WRITE,,True,True,True,True,2,0
access_control-wrapper-5,"{""sender"":""attacker"",""value"":0}","{""noise_0"":0,""noise_1"":1,""noise_2"":1,""noise_3"":1}",True,UNAUTHORIZED_WRITE,UNAUTHORIZED_WRITE,,True,True,True,True,2,0
access_control-wrapper-5,"{""sender"":""attacker"",""value"":1}","{""noise_0"":0,""noise_1"":1,""noise_2"":1,""noise_3"":1}",True,UNAUTHORIZED_WRITE,UNAUTHORIZED_WRITE,,True,True,True,True,2,0
access_control-wrapper-5,"{""sender"":""owner0"",""value"":0}","{""noise_0"":0,""noise_1"":1,""noise_2"":1,""noise_3"":1}",True,UNAUTHORIZED_WRITE,,,True,True,True,True,2,0
access_control-wrapper-5,"{""sender"":""owner0"",""value"":1}","{""noise_0"":0,""noise_1"":1,""noise_2"":1,""noise_3"":1}",True,UNAUTHORIZED_WRITE,,,True,True,True,True,2,0
access_control-wrapper-5,"{""sender"":""user"",""value"":0}","{""noise_0"":0,""noise_1"":1,""noise_2"":1,""noise_3"":1}",True,UNAUTHORIZED_WRITE,UNAUTHORIZED_WRITE,,True,True,True,True,2,0
access_control-wrapper-5,"{""sender"":""user"",""value"":1}","{""noise_0"":0,""noise_1"":1,""noise_2"":1,""noise_3"":1}",True,UNAUTHORIZED_WRITE,UNAUTHORIZED_WRITE,,True,True,True,True,2,0
access_control-wrapper-5,"{""sender"":""attacker"",""value"":0}","{""noise_0"":1,""noise_1"":0,""noise_2"":0,""noise_3"":0}",True,UNAUTHORIZED_WRITE,UNAUTHORIZED_WRITE,,True,True,True,True,2,0
access_control-wrapper-5,"{""sender"":""attacker"",""value"":1}","{""noise_0"":1,""noise_1"":0,""noise_2"":0,""noise_3"":0}",True,UNAUTHORIZED_WRITE,UNAUTHORIZED_WRITE,,True,True,True,True,2,0
access_control-wrapper-5,"{""sender"":""owner0"",""value"":0}","{""noise_0"":1,""noise_1"":0,""noise_2"":0,""noise_3"":0}",True,UNAUTHORIZED_WRITE,,,True,True,True,True,2,0
access_control-wrapper-5,"{""sender"":""owner0"",""value"":1}","{""noise_0"":1,""noise_1"":0,""noise_2"":0,""noise_3"":0}",True,UNAUTHORIZED_WRITE,,,True,True,True,True,2,0
access_control-wrapper-5,"{""sender"":""user"",""value"":0}","{""noise_0"":1,""noise_1"":0,""noise_2"":0,""noise_3"":0}",True,UNAUTHORIZED_WRITE,UNAUTHORIZED_WRITE,,True,True,True,True,2,0
access_control-wrapper-5,"{""sender"":""user"",""value"":1}","{""noise_0"":1,""noise_1"":0,""noise_2"":0,""noise_3"":0}",True,UNAUTHORIZED_WRITE,UNAUTHORIZED_WRITE,,True,True,True,True,2,0
access_control-wrapper-5,"{""sender"":""attacker"",""value"":0}","{""noise_0"":1,""noise_1"":0,""noise_2"":0,""noise_3"":1}",True,UNAUTHORIZED_WRITE,UNAUTHORIZED_WRITE,,True,True,True,True,2,0
access_control-wrapper-5,"{""sender"":""attacker"",""value"":1}","{""noise_0"":1,""noise_1"":0,""noise_2"":0,""noise_3"":1}",True,UNAUTHORIZED_WRITE,UNAUTHORIZED_WRITE,,True,True,True,True,2,0
access_control-wrapper-5,"{""sender"":""owner0"",""value"":0}","{""noise_0"":1,""noise_1"":0,""noise_2"":0,""noise_3"":1}",True,UNAUTHORIZED_WRITE,,,True,True,True,True,2,0
access_control-wrapper-5,"{""sender"":""owner0"",""value"":1}","{""noise_0"":1,""noise_1"":0,""noise_2"":0,""noise_3"":1}",True,UNAUTHORIZED_WRITE,,,True,True,True,True,2,0
access_control-wrapper-5,"{""sender"":""user"",""value"":0}","{""noise_0"":1,""noise_1"":0,""noise_2"":0,""noise_3"":1}",True,UNAUTHORIZED_WRITE,UNAUTHORIZED_WRITE,,True,True,True,True,2,0
access_control-wrapper-5,"{""sender"":""user"",""value"":1}","{""noise_0"":1,""noise_1"":0,""noise_2"":0,""noise_3"":1}",True,UNAUTHORIZED_WRITE,UNAUTHORIZED_WRITE,,True,True,True,True,2,0
access_control-wrapper-5,"{""sender"":""attacker"",""value"":0}","{""noise_0"":1,""noise_1"":0,""noise_2"":1,""noise_3"":0}",True,UNAUTHORIZED_WRITE,UNAUTHORIZED_WRITE,,True,True,True,True,2,0
access_control-wrapper-5,"{""sender"":""attacker"",""value"":1}","{""noise_0"":1,""noise_1"":0,""noise_2"":1,""noise_3"":0}",True,UNAUTHORIZED_WRITE,UNAUTHORIZED_WRITE,,True,True,True,True,2,0
access_control-wrapper-5,"{""sender"":""owner0"",""value"":0}","{""noise_0"":1,""noise_1"":0,""noise_2"":1,""noise_3"":0}",True,UNAUTHORIZED_WRITE,,,True,True,True,True,2,0
access_control-wrapper-5,"{""sender"":""owner0"",""value"":1}","{""noise_0"":1,""noise_1"":0,""noise_2"":1,""noise_3"":0}",True,UNAUTHORIZED_WRITE,,,True,True,True,True,2,0
access_control-wrapper-5,"{""sender"":""user"",""value"":0}","{""noise_0"":1,""noise_1"":0,""noise_2"":1,""noise_3"":0}",True,UNAUTHORIZED_WRITE,UNAUTHORIZED_WRITE,,True,True,True,True,2,0
access_control-wrapper-5,"{""sender"":""user"",""value"":1}","{""noise_0"":1,""noise_1"":0,""noise_2"":1,""noise_3"":0}",True,UNAUTHORIZED_WRITE,UNAUTHORIZED_WRITE,,True,True,True,True,2,0
access_control-wrapper-5,"{""sender"":""attacker"",""value"":0}","{""noise_0"":1,""noise_1"":0,""noise_2"":1,""noise_3"":1}",True,UNAUTHORIZED_WRITE,UNAUTHORIZED_WRITE,,True,True,True,True,2,0
access_control-wrapper-5,"{""sender"":""attacker"",""value"":1}","{""noise_0"":1,""noise_1"":0,""noise_2"":1,""noise_3"":1}",True,UNAUTHORIZED_WRITE,UNAUTHORIZED_WRITE,,True,True,True,True,2,0
access_control-wrapper-5,"{""sender"":""owner0"",""value"":0}","{""noise_0"":1,""noise_1"":0,""noise_2"":1,""noise_3"":1}",True,UNAUTHORIZED_WRITE,,,True,True,True,True,2,0
access_control-wrapper-5,"{""sender"":""owner0"",""value"":1}","{""noise_0"":1,""noise_1"":0,""noise_2"":1,""noise_3"":1}",True,UNAUTHORIZED_WRITE,,,True,True,True,True,2,0
access_control-wrapper-5,"{""sender"":""user"",""value"":0}","{""noise_0"":1,""noise_1"":0,""noise_2"":1,""noise_3"":1}",True,UNAUTHORIZED_WRITE,UNAUTHORIZED_WRITE,,True,True,True,True,2,0
access_control-wrapper-5,"{""sender"":""user"",""value"":1}","{""noise_0"":1,""noise_1"":0,""noise_2"":1,""noise_3"":1}",True,UNAUTHORIZED_WRITE,UNAUTHORIZED_WRITE,,True,True,True,True,2,0
access_control-wrapper-5,"{""sender"":""attacker"",""value"":0}","{""noise_0"":1,""noise_1"":1,""noise_2"":0,""noise_3"":0}",True,UNAUTHORIZED_WRITE,UNAUTHORIZED_WRITE,,True,True,True,True,2,0
access_control-wrapper-5,"{""sender"":""attacker"",""value"":1}","{""noise_0"":1,""noise_1"":1,""noise_2"":0,""noise_3"":0}",True,UNAUTHORIZED_WRITE,UNAUTHORIZED_WRITE,,True,True,True,True,2,0
access_control-wrapper-5,"{""sender"":""owner0"",""value"":0}","{""noise_0"":1,""noise_1"":1,""noise_2"":0,""noise_3"":0}",True,UNAUTHORIZED_WRITE,,,True,True,True,True,2,0
access_control-wrapper-5,"{""sender"":""owner0"",""value"":1}","{""noise_0"":1,""noise_1"":1,""noise_2"":0,""noise_3"":0}",True,UNAUTHORIZED_WRITE,,,True,True,True,True,2,0
access_control-wrapper-5,"{""sender"":""user"",""value"":0}","{""noise_0"":1,""noise_1"":1,""noise_2"":0,""noise_3"":0}",True,UNAUTHORIZED_WRITE,UNAUTHORIZED_WRITE,,True,True,True,True,2,0
access_control-wrapper-5,"{""sender"":""user"",""value"":1}","{""noise_0"":1,""noise_1"":1,""noise_2"":0,""noise_3"":0}",True,UNAUTHORIZED_WRITE,UNAUTHORIZED_WRITE,,True,True,True,True,2,0
access_control-wrapper-5,"{""sender"":""attacker"",""value"":0}","{""noise_0"":1,""noise_1"":1,""noise_2"":0,""noise_3"":1}",True,UNAUTHORIZED_WRITE,UNAUTHORIZED_WRITE,,True,True,True,True,2,0
access_control-wrapper-5,"{""sender"":""attacker"",""value"":1}","{""noise_0"":1,""noise_1"":1,""noise_2"":0,""noise_3"":1}",True,UNAUTHORIZED_WRITE,UNAUTHORIZED_WRITE,,True,True,True,True,2,0
access_control-wrapper-5,"{""sender"":""owner0"",""value"":0}","{""noise_0"":1,""noise_1"":1,""noise_2"":0,""noise_3"":1}",True,UNAUTHORIZED_WRITE,,,True,True,True,True,2,0
access_control-wrapper-5,"{""sender"":""owner0"",""value"":1}","{""noise_0"":1,""noise_1"":1,""noise_2"":0,""noise_3"":1}",True,UNAUTHORIZED_WRITE,,,True,True,True,True,2,0
access_control-wrapper-5,"{""sender"":""user"",""value"":0}","{""noise_0"":1,""noise_1"":1,""noise_2"":0,""noise_3"":1}",True,UNAUTHORIZED_WRITE,UNAUTHORIZED_WRITE,,True,True,True,True,2,0
access_control-wrapper-5,"{""sender"":""user"",""value"":1}","{""noise_0"":1,""noise_1"":1,""noise_2"":0,""noise_3"":1}",True,UNAUTHORIZED_WRITE,UNAUTHORIZED_WRITE,,True,True,True,True,2,0
access_control-wrapper-5,"{""sender"":""attacker"",""value"":0}","{""noise_0"":1,""noise_1"":1,""noise_2"":1,""noise_3"":0}",True,UNAUTHORIZED_WRITE,UNAUTHORIZED_WRITE,,True,True,True,True,2,0
access_control-wrapper-5,"{""sender"":""attacker"",""value"":1}","{""noise_0"":1,""noise_1"":1,""noise_2"":1,""noise_3"":0}",True,UNAUTHORIZED_WRITE,UNAUTHORIZED_WRITE,,True,True,True,True,2,0
access_control-wrapper-5,"{""sender"":""owner0"",""value"":0}","{""noise_0"":1,""noise_1"":1,""noise_2"":1,""noise_3"":0}",True,UNAUTHORIZED_WRITE,,,True,True,True,True,2,0
access_control-wrapper-5,"{""sender"":""owner0"",""value"":1}","{""noise_0"":1,""noise_1"":1,""noise_2"":1,""noise_3"":0}",True,UNAUTHORIZED_WRITE,,,True,True,True,True,2,0
access_control-wrapper-5,"{""sender"":""user"",""value"":0}","{""noise_0"":1,""noise_1"":1,""noise_2"":1,""noise_3"":0}",True,UNAUTHORIZED_WRITE,UNAUTHORIZED_WRITE,,True,True,True,True,2,0
access_control-wrapper-5,"{""sender"":""user"",""value"":1}","{""noise_0"":1,""noise_1"":1,""noise_2"":1,""noise_3"":0}",True,UNAUTHORIZED_WRITE,UNAUTHORIZED_WRITE,,True,True,True,True,2,0
access_control-wrapper-5,"{""sender"":""attacker"",""value"":0}","{""noise_0"":1,""noise_1"":1,""noise_2"":1,""noise_3"":1}",True,UNAUTHORIZED_WRITE,UNAUTHORIZED_WRITE,,True,True,True,True,2,0
access_control-wrapper-5,"{""sender"":""attacker"",""value"":1}","{""noise_0"":1,""noise_1"":1,""noise_2"":1,""noise_3"":1}",True,UNAUTHORIZED_WRITE,UNAUTHORIZED_WRITE,,True,True,True,True,2,0
access_control-wrapper-5,"{""sender"":""owner0"",""value"":0}","{""noise_0"":1,""noise_1"":1,""noise_2"":1,""noise_3"":1}",True,UNAUTHORIZED_WRITE,,,True,True,True,True,2,0
access_control-wrapper-5,"{""sender"":""owner0"",""value"":1}","{""noise_0"":1,""noise_1"":1,""noise_2"":1,""noise_3"":1}",True,UNAUTHORIZED_WRITE,,,True,True,True,True,2,0
access_control-wrapper-5,"{""sender"":""user"",""value"":0}","{""noise_0"":1,""noise_1"":1,""noise_2"":1,""noise_3"":1}",True,UNAUTHORIZED_WRITE,UNAUTHORIZED_WRITE,,True,True,True,True,2,0
access_control-wrapper-5,"{""sender"":""user"",""value"":1}","{""noise_0"":1,""noise_1"":1,""noise_2"":1,""noise_3"":1}",True,UNAUTHORIZED_WRITE,UNAUTHORIZED_WRITE,,True,True,True,True,2,0
reentrancy-wrapper-0,"{""amount"":1,""reenter"":false,""sender"":""user""}","{""noise_0"":0,""noise_1"":0,""noise_2"":0,""noise_3"":0}",True,REENTRANT_WITHDRAWAL,,,True,True,True,True,2,0
reentrancy-wrapper-0,"{""amount"":1,""reenter"":true,""sender"":""user""}","{""noise_0"":0,""noise_1"":0,""noise_2"":0,""noise_3"":0}",True,REENTRANT_WITHDRAWAL,REENTRANT_WITHDRAWAL,,True,True,True,True,2,0
reentrancy-wrapper-0,"{""amount"":2,""reenter"":false,""sender"":""user""}","{""noise_0"":0,""noise_1"":0,""noise_2"":0,""noise_3"":0}",True,REENTRANT_WITHDRAWAL,,,True,True,True,True,2,0
reentrancy-wrapper-0,"{""amount"":2,""reenter"":true,""sender"":""user""}","{""noise_0"":0,""noise_1"":0,""noise_2"":0,""noise_3"":0}",True,REENTRANT_WITHDRAWAL,REENTRANT_WITHDRAWAL,,True,True,True,True,2,0
reentrancy-wrapper-0,"{""amount"":1,""reenter"":false,""sender"":""user""}","{""noise_0"":0,""noise_1"":0,""noise_2"":0,""noise_3"":1}",True,REENTRANT_WITHDRAWAL,,,True,True,True,True,2,0
reentrancy-wrapper-0,"{""amount"":1,""reenter"":true,""sender"":""user""}","{""noise_0"":0,""noise_1"":0,""noise_2"":0,""noise_3"":1}",True,REENTRANT_WITHDRAWAL,REENTRANT_WITHDRAWAL,,True,True,True,True,2,0
reentrancy-wrapper-0,"{""amount"":2,""reenter"":false,""sender"":""user""}","{""noise_0"":0,""noise_1"":0,""noise_2"":0,""noise_3"":1}",True,REENTRANT_WITHDRAWAL,,,True,True,True,True,2,0
reentrancy-wrapper-0,"{""amount"":2,""reenter"":true,""sender"":""user""}","{""noise_0"":0,""noise_1"":0,""noise_2"":0,""noise_3"":1}",True,REENTRANT_WITHDRAWAL,REENTRANT_WITHDRAWAL,,True,True,True,True,2,0
reentrancy-wrapper-0,"{""amount"":1,""reenter"":false,""sender"":""user""}","{""noise_0"":0,""noise_1"":0,""noise_2"":1,""noise_3"":0}",True,REENTRANT_WITHDRAWAL,,,True,True,True,True,2,0
reentrancy-wrapper-0,"{""amount"":1,""reenter"":true,""sender"":""user""}","{""noise_0"":0,""noise_1"":0,""noise_2"":1,""noise_3"":0}",True,REENTRANT_WITHDRAWAL,REENTRANT_WITHDRAWAL,,True,True,True,True,2,0
reentrancy-wrapper-0,"{""amount"":2,""reenter"":false,""sender"":""user""}","{""noise_0"":0,""noise_1"":0,""noise_2"":1,""noise_3"":0}",True,REENTRANT_WITHDRAWAL,,,True,True,True,True,2,0
reentrancy-wrapper-0,"{""amount"":2,""reenter"":true,""sender"":""user""}","{""noise_0"":0,""noise_1"":0,""noise_2"":1,""noise_3"":0}",True,REENTRANT_WITHDRAWAL,REENTRANT_WITHDRAWAL,,True,True,True,True,2,0
reentrancy-wrapper-0,"{""amount"":1,""reenter"":false,""sender"":""user""}","{""noise_0"":0,""noise_1"":0,""noise_2"":1,""noise_3"":1}",True,REENTRANT_WITHDRAWAL,,,True,True,True,True,2,0
reentrancy-wrapper-0,"{""amount"":1,""reenter"":true,""sender"":""user""}","{""noise_0"":0,""noise_1"":0,""noise_2"":1,""noise_3"":1}",True,REENTRANT_WITHDRAWAL,REENTRANT_WITHDRAWAL,,True,True,True,True,2,0
reentrancy-wrapper-0,"{""amount"":2,""reenter"":false,""sender"":""user""}","{""noise_0"":0,""noise_1"":0,""noise_2"":1,""noise_3"":1}",True,REENTRANT_WITHDRAWAL,,,True,True,True,True,2,0
reentrancy-wrapper-0,"{""amount"":2,""reenter"":true,""sender"":""user""}","{""noise_0"":0,""noise_1"":0,""noise_2"":1,""noise_3"":1}",True,REENTRANT_WITHDRAWAL,REENTRANT_WITHDRAWAL,,True,True,True,True,2,0
reentrancy-wrapper-0,"{""amount"":1,""reenter"":false,""sender"":""user""}","{""noise_0"":0,""noise_1"":1,""noise_2"":0,""noise_3"":0}",True,REENTRANT_WITHDRAWAL,,,True,True,True,True,2,0
reentrancy-wrapper-0,"{""amount"":1,""reenter"":true,""sender"":""user""}","{""noise_0"":0,""noise_1"":1,""noise_2"":0,""noise_3"":0}",True,REENTRANT_WITHDRAWAL,REENTRANT_WITHDRAWAL,,True,True,True,True,2,0
reentrancy-wrapper-0,"{""amount"":2,""reenter"":false,""sender"":""user""}","{""noise_0"":0,""noise_1"":1,""noise_2"":0,""noise_3"":0}",True,REENTRANT_WITHDRAWAL,,,True,True,True,True,2,0
reentrancy-wrapper-0,"{""amount"":2,""reenter"":true,""sender"":""user""}","{""noise_0"":0,""noise_1"":1,""noise_2"":0,""noise_3"":0}",True,REENTRANT_WITHDRAWAL,REENTRANT_WITHDRAWAL,,True,True,True,True,2,0
reentrancy-wrapper-0,"{""amount"":1,""reenter"":false,""sender"":""user""}","{""noise_0"":0,""noise_1"":1,""noise_2"":0,""noise_3"":1}",True,REENTRANT_WITHDRAWAL,,,True,True,True,True,2,0
reentrancy-wrapper-0,"{""amount"":1,""reenter"":true,""sender"":""user""}","{""noise_0"":0,""noise_1"":1,""noise_2"":0,""noise_3"":1}",True,REENTRANT_WITHDRAWAL,REENTRANT_WITHDRAWAL,,True,True,True,True,2,0
reentrancy-wrapper-0,"{""amount"":2,""reenter"":false,""sender"":""user""}","{""noise_0"":0,""noise_1"":1,""noise_2"":0,""noise_3"":1}",True,REENTRANT_WITHDRAWAL,,,True,True,True,True,2,0
reentrancy-wrapper-0,"{""amount"":2,""reenter"":true,""sender"":""user""}","{""noise_0"":0,""noise_1"":1,""noise_2"":0,""noise_3"":1}",True,REENTRANT_WITHDRAWAL,REENTRANT_WITHDRAWAL,,True,True,True,True,2,0
reentrancy-wrapper-0,"{""amount"":1,""reenter"":false,""sender"":""user""}","{""noise_0"":0,""noise_1"":1,""noise_2"":1,""noise_3"":0}",True,REENTRANT_WITHDRAWAL,,,True,True,True,True,2,0
reentrancy-wrapper-0,"{""amount"":1,""reenter"":true,""sender"":""user""}","{""noise_0"":0,""noise_1"":1,""noise_2"":1,""noise_3"":0}",True,REENTRANT_WITHDRAWAL,REENTRANT_WITHDRAWAL,,True,True,True,True,2,0
reentrancy-wrapper-0,"{""amount"":2,""reenter"":false,""sender"":""user""}","{""noise_0"":0,""noise_1"":1,""noise_2"":1,""noise_3"":0}",True,REENTRANT_WITHDRAWAL,,,True,True,True,True,2,0
reentrancy-wrapper-0,"{""amount"":2,""reenter"":true,""sender"":""user""}","{""noise_0"":0,""noise_1"":1,""noise_2"":1,""noise_3"":0}",True,REENTRANT_WITHDRAWAL,REENTRANT_WITHDRAWAL,,True,True,True,True,2,0
reentrancy-wrapper-0,"{""amount"":1,""reenter"":false,""sender"":""user""}","{""noise_0"":0,""noise_1"":1,""noise_2"":1,""noise_3"":1}",True,REENTRANT_WITHDRAWAL,,,True,True,True,True,2,0
reentrancy-wrapper-0,"{""amount"":1,""reenter"":true,""sender"":""user""}","{""noise_0"":0,""noise_1"":1,""noise_2"":1,""noise_3"":1}",True,REENTRANT_WITHDRAWAL,REENTRANT_WITHDRAWAL,,True,True,True,True,2,0
reentrancy-wrapper-0,"{""amount"":2,""reenter"":false,""sender"":""user""}","{""noise_0"":0,""noise_1"":1,""noise_2"":1,""noise_3"":1}",True,REENTRANT_WITHDRAWAL,,,True,True,True,True,2,0
reentrancy-wrapper-0,"{""amount"":2,""reenter"":true,""sender"":""user""}","{""noise_0"":0,""noise_1"":1,""noise_2"":1,""noise_3"":1}",True,REENTRANT_WITHDRAWAL,REENTRANT_WITHDRAWAL,,True,True,True,True,2,0
reentrancy-wrapper-0,"{""amount"":1,""reenter"":false,""sender"":""user""}","{""noise_0"":1,""noise_1"":0,""noise_2"":0,""noise_3"":0}",True,REENTRANT_WITHDRAWAL,,,True,True,True,True,2,0
reentrancy-wrapper-0,"{""amount"":1,""reenter"":true,""sender"":""user""}","{""noise_0"":1,""noise_1"":0,""noise_2"":0,""noise_3"":0}",True,REENTRANT_WITHDRAWAL,REENTRANT_WITHDRAWAL,,True,True,True,True,2,0
reentrancy-wrapper-0,"{""amount"":2,""reenter"":false,""sender"":""user""}","{""noise_0"":1,""noise_1"":0,""noise_2"":0,""noise_3"":0}",True,REENTRANT_WITHDRAWAL,,,True,True,True,True,2,0
reentrancy-wrapper-0,"{""amount"":2,""reenter"":true,""sender"":""user""}","{""noise_0"":1,""noise_1"":0,""noise_2"":0,""noise_3"":0}",True,REENTRANT_WITHDRAWAL,REENTRANT_WITHDRAWAL,,True,True,True,True,2,0
reentrancy-wrapper-0,"{""amount"":1,""reenter"":false,""sender"":""user""}","{""noise_0"":1,""noise_1"":0,""noise_2"":0,""noise_3"":1}",True,REENTRANT_WITHDRAWAL,,,True,True,True,True,2,0
reentrancy-wrapper-0,"{""amount"":1,""reenter"":true,""sender"":""user""}","{""noise_0"":1,""noise_1"":0,""noise_2"":0,""noise_3"":1}",True,REENTRANT_WITHDRAWAL,REENTRANT_WITHDRAWAL,,True,True,True,True,2,0
reentrancy-wrapper-0,"{""amount"":2,""reenter"":false,""sender"":""user""}","{""noise_0"":1,""noise_1"":0,""noise_2"":0,""noise_3"":1}",True,REENTRANT_WITHDRAWAL,,,True,True,True,True,2,0
reentrancy-wrapper-0,"{""amount"":2,""reenter"":true,""sender"":""user""}","{""noise_0"":1,""noise_1"":0,""noise_2"":0,""noise_3"":1}",True,REENTRANT_WITHDRAWAL,REENTRANT_WITHDRAWAL,,True,True,True,True,2,0
reentrancy-wrapper-0,"{""amount"":1,""reenter"":false,""sender"":""user""}","{""noise_0"":1,""noise_1"":0,""noise_2"":1,""noise_3"":0}",True,REENTRANT_WITHDRAWAL,,,True,True,True,True,2,0
reentrancy-wrapper-0,"{""amount"":1,""reenter"":true,""sender"":""user""}","{""noise_0"":1,""noise_1"":0,""noise_2"":1,""noise_3"":0}",True,REENTRANT_WITHDRAWAL,REENTRANT_WITHDRAWAL,,True,True,True,True,2,0
reentrancy-wrapper-0,"{""amount"":2,""reenter"":false,""sender"":""user""}","{""noise_0"":1,""noise_1"":0,""noise_2"":1,""noise_3"":0}",True,REENTRANT_WITHDRAWAL,,,True,True,True,True,2,0
reentrancy-wrapper-0,"{""amount"":2,""reenter"":true,""sender"":""user""}","{""noise_0"":1,""noise_1"":0,""noise_2"":1,""noise_3"":0}",True,REENTRANT_WITHDRAWAL,REENTRANT_WITHDRAWAL,,True,True,True,True,2,0
reentrancy-wrapper-0,"{""amount"":1,""reenter"":false,""sender"":""user""}","{""noise_0"":1,""noise_1"":0,""noise_2"":1,""noise_3"":1}",True,REENTRANT_WITHDRAWAL,,,True,True,True,True,2,0
reentrancy-wrapper-0,"{""amount"":1,""reenter"":true,""sender"":""user""}","{""noise_0"":1,""noise_1"":0,""noise_2"":1,""noise_3"":1}",True,REENTRANT_WITHDRAWAL,REENTRANT_WITHDRAWAL,,True,True,True,True,2,0
reentrancy-wrapper-0,"{""amount"":2,""reenter"":false,""sender"":""user""}","{""noise_0"":1,""noise_1"":0,""noise_2"":1,""noise_3"":1}",True,REENTRANT_WITHDRAWAL,,,True,True,True,True,2,0
reentrancy-wrapper-0,"{""amount"":2,""reenter"":true,""sender"":""user""}","{""noise_0"":1,""noise_1"":0,""noise_2"":1,""noise_3"":1}",True,REENTRANT_WITHDRAWAL,REENTRANT_WITHDRAWAL,,True,True,True,True,2,0
reentrancy-wrapper-0,"{""amount"":1,""reenter"":false,""sender"":""user""}","{""noise_0"":1,""noise_1"":1,""noise_2"":0,""noise_3"":0}",True,REENTRANT_WITHDRAWAL,,,True,True,True,True,2,0
reentrancy-wrapper-0,"{""amount"":1,""reenter"":true,""sender"":""user""}","{""noise_0"":1,""noise_1"":1,""noise_2"":0,""noise_3"":0}",True,REENTRANT_WITHDRAWAL,REENTRANT_WITHDRAWAL,,True,True,True,True,2,0
reentrancy-wrapper-0,"{""amount"":2,""reenter"":false,""sender"":""user""}","{""noise_0"":1,""noise_1"":1,""noise_2"":0,""noise_3"":0}",True,REENTRANT_WITHDRAWAL,,,True,True,True,True,2,0
reentrancy-wrapper-0,"{""amount"":2,""reenter"":true,""sender"":""user""}","{""noise_0"":1,""noise_1"":1,""noise_2"":0,""noise_3"":0}",True,REENTRANT_WITHDRAWAL,REENTRANT_WITHDRAWAL,,True,True,True,True,2,0
reentrancy-wrapper-0,"{""amount"":1,""reenter"":false,""sender"":""user""}","{""noise_0"":1,""noise_1"":1,""noise_2"":0,""noise_3"":1}",True,REENTRANT_WITHDRAWAL,,,True,True,True,True,2,0
reentrancy-wrapper-0,"{""amount"":1,""reenter"":true,""sender"":""user""}","{""noise_0"":1,""noise_1"":1,""noise_2"":0,""noise_3"":1}",True,REENTRANT_WITHDRAWAL,REENTRANT_WITHDRAWAL,,True,True,True,True,2,0
reentrancy-wrapper-0,"{""amount"":2,""reenter"":false,""sender"":""user""}","{""noise_0"":1,""noise_1"":1,""noise_2"":0,""noise_3"":1}",True,REENTRANT_WITHDRAWAL,,,True,True,True,True,2,0
reentrancy-wrapper-0,"{""amount"":2,""reenter"":true,""sender"":""user""}","{""noise_0"":1,""noise_1"":1,""noise_2"":0,""noise_3"":1}",True,REENTRANT_WITHDRAWAL,REENTRANT_WITHDRAWAL,,True,True,True,True,2,0
reentrancy-wrapper-0,"{""amount"":1,""reenter"":false,""sender"":""user""}","{""noise_0"":1,""noise_1"":1,""noise_2"":1,""noise_3"":0}",True,REENTRANT_WITHDRAWAL,,,True,True,True,True,2,0
reentrancy-wrapper-0,"{""amount"":1,""reenter"":true,""sender"":""user""}","{""noise_0"":1,""noise_1"":1,""noise_2"":1,""noise_3"":0}",True,REENTRANT_WITHDRAWAL,REENTRANT_WITHDRAWAL,,True,True,True,True,2,0
reentrancy-wrapper-0,"{""amount"":2,""reenter"":false,""sender"":""user""}","{""noise_0"":1,""noise_1"":1,""noise_2"":1,""noise_3"":0}",True,REENTRANT_WITHDRAWAL,,,True,True,True,True,2,0
reentrancy-wrapper-0,"{""amount"":2,""reenter"":true,""sender"":""user""}","{""noise_0"":1,""noise_1"":1,""noise_2"":1,""noise_3"":0}",True,REENTRANT_WITHDRAWAL,REENTRANT_WITHDRAWAL,,True,True,True,True,2,0
reentrancy-wrapper-0,"{""amount"":1,""reenter"":false,""sender"":""user""}","{""noise_0"":1,""noise_1"":1,""noise_2"":1,""noise_3"":1}",True,REENTRANT_WITHDRAWAL,,,True,True,True,True,2,0
reentrancy-wrapper-0,"{""amount"":1,""reenter"":true,""sender"":""user""}","{""noise_0"":1,""noise_1"":1,""noise_2"":1,""noise_3"":1}",True,REENTRANT_WITHDRAWAL,REENTRANT_WITHDRAWAL,,True,True,True,True,2,0
reentrancy-wrapper-0,"{""amount"":2,""reenter"":false,""sender"":""user""}","{""noise_0"":1,""noise_1"":1,""noise_2"":1,""noise_3"":1}",True,REENTRANT_WITHDRAWAL,,,True,True,True,True,2,0
reentrancy-wrapper-0,"{""amount"":2,""reenter"":true,""sender"":""user""}","{""noise_0"":1,""noise_1"":1,""noise_2"":1,""noise_3"":1}",True,REENTRANT_WITHDRAWAL,REENTRANT_WITHDRAWAL,,True,True,True,True,2,0
reentrancy-wrapper-1,"{""amount"":1,""reenter"":false,""sender"":""user""}","{""noise_0"":0,""noise_1"":0,""noise_2"":0,""noise_3"":0}",True,REENTRANT_WITHDRAWAL,,,True,True,True,True,2,0
reentrancy-wrapper-1,"{""amount"":1,""reenter"":true,""sender"":""user""}","{""noise_0"":0,""noise_1"":0,""noise_2"":0,""noise_3"":0}",True,REENTRANT_WITHDRAWAL,REENTRANT_WITHDRAWAL,,True,True,True,True,2,0
reentrancy-wrapper-1,"{""amount"":2,""reenter"":false,""sender"":""user""}","{""noise_0"":0,""noise_1"":0,""noise_2"":0,""noise_3"":0}",True,REENTRANT_WITHDRAWAL,,,True,True,True,True,2,0
reentrancy-wrapper-1,"{""amount"":2,""reenter"":true,""sender"":""user""}","{""noise_0"":0,""noise_1"":0,""noise_2"":0,""noise_3"":0}",True,REENTRANT_WITHDRAWAL,REENTRANT_WITHDRAWAL,,True,True,True,True,2,0
reentrancy-wrapper-1,"{""amount"":1,""reenter"":false,""sender"":""user""}","{""noise_0"":0,""noise_1"":0,""noise_2"":0,""noise_3"":1}",True,REENTRANT_WITHDRAWAL,,,True,True,True,True,2,0
reentrancy-wrapper-1,"{""amount"":1,""reenter"":true,""sender"":""user""}","{""noise_0"":0,""noise_1"":0,""noise_2"":0,""noise_3"":1}",True,REENTRANT_WITHDRAWAL,REENTRANT_WITHDRAWAL,,True,True,True,True,2,0
reentrancy-wrapper-1,"{""amount"":2,""reenter"":false,""sender"":""user""}","{""noise_0"":0,""noise_1"":0,""noise_2"":0,""noise_3"":1}",True,REENTRANT_WITHDRAWAL,,,True,True,True,True,2,0
reentrancy-wrapper-1,"{""amount"":2,""reenter"":true,""sender"":""user""}","{""noise_0"":0,""noise_1"":0,""noise_2"":0,""noise_3"":1}",True,REENTRANT_WITHDRAWAL,REENTRANT_WITHDRAWAL,,True,True,True,True,2,0
reentrancy-wrapper-1,"{""amount"":1,""reenter"":false,""sender"":""user""}","{""noise_0"":0,""noise_1"":0,""noise_2"":1,""noise_3"":0}",True,REENTRANT_WITHDRAWAL,,,True,True,True,True,2,0
reentrancy-wrapper-1,"{""amount"":1,""reenter"":true,""sender"":""user""}","{""noise_0"":0,""noise_1"":0,""noise_2"":1,""noise_3"":0}",True,REENTRANT_WITHDRAWAL,REENTRANT_WITHDRAWAL,,True,True,True,True,2,0
reentrancy-wrapper-1,"{""amount"":2,""reenter"":false,""sender"":""user""}","{""noise_0"":0,""noise_1"":0,""noise_2"":1,""noise_3"":0}",True,REENTRANT_WITHDRAWAL,,,True,True,True,True,2,0
reentrancy-wrapper-1,"{""amount"":2,""reenter"":true,""sender"":""user""}","{""noise_0"":0,""noise_1"":0,""noise_2"":1,""noise_3"":0}",True,REENTRANT_WITHDRAWAL,REENTRANT_WITHDRAWAL,,True,True,True,True,2,0
reentrancy-wrapper-1,"{""amount"":1,""reenter"":false,""sender"":""user""}","{""noise_0"":0,""noise_1"":0,""noise_2"":1,""noise_3"":1}",True,REENTRANT_WITHDRAWAL,,,True,True,True,True,2,0
reentrancy-wrapper-1,"{""amount"":1,""reenter"":true,""sender"":""user""}","{""noise_0"":0,""noise_1"":0,""noise_2"":1,""noise_3"":1}",True,REENTRANT_WITHDRAWAL,REENTRANT_WITHDRAWAL,,True,True,True,True,2,0
reentrancy-wrapper-1,"{""amount"":2,""reenter"":false,""sender"":""user""}","{""noise_0"":0,""noise_1"":0,""noise_2"":1,""noise_3"":1}",True,REENTRANT_WITHDRAWAL,,,True,True,True,True,2,0
reentrancy-wrapper-1,"{""amount"":2,""reenter"":true,""sender"":""user""}","{""noise_0"":0,""noise_1"":0,""noise_2"":1,""noise_3"":1}",True,REENTRANT_WITHDRAWAL,REENTRANT_WITHDRAWAL,,True,True,True,True,2,0
reentrancy-wrapper-1,"{""amount"":1,""reenter"":false,""sender"":""user""}","{""noise_0"":0,""noise_1"":1,""noise_2"":0,""noise_3"":0}",True,REENTRANT_WITHDRAWAL,,,True,True,True,True,2,0
reentrancy-wrapper-1,"{""amount"":1,""reenter"":true,""sender"":""user""}","{""noise_0"":0,""noise_1"":1,""noise_2"":0,""noise_3"":0}",True,REENTRANT_WITHDRAWAL,REENTRANT_WITHDRAWAL,,True,True,True,True,2,0
reentrancy-wrapper-1,"{""amount"":2,""reenter"":false,""sender"":""user""}","{""noise_0"":0,""noise_1"":1,""noise_2"":0,""noise_3"":0}",True,REENTRANT_WITHDRAWAL,,,True,True,True,True,2,0
reentrancy-wrapper-1,"{""amount"":2,""reenter"":true,""sender"":""user""}","{""noise_0"":0,""noise_1"":1,""noise_2"":0,""noise_3"":0}",True,REENTRANT_WITHDRAWAL,REENTRANT_WITHDRAWAL,,True,True,True,True,2,0
reentrancy-wrapper-1,"{""amount"":1,""reenter"":false,""sender"":""user""}","{""noise_0"":0,""noise_1"":1,""noise_2"":0,""noise_3"":1}",True,REENTRANT_WITHDRAWAL,,,True,True,True,True,2,0
reentrancy-wrapper-1,"{""amount"":1,""reenter"":true,""sender"":""user""}","{""noise_0"":0,""noise_1"":1,""noise_2"":0,""noise_3"":1}",True,REENTRANT_WITHDRAWAL,REENTRANT_WITHDRAWAL,,True,True,True,True,2,0
reentrancy-wrapper-1,"{""amount"":2,""reenter"":false,""sender"":""user""}","{""noise_0"":0,""noise_1"":1,""noise_2"":0,""noise_3"":1}",True,REENTRANT_WITHDRAWAL,,,True,True,True,True,2,0
reentrancy-wrapper-1,"{""amount"":2,""reenter"":true,""sender"":""user""}","{""noise_0"":0,""noise_1"":1,""noise_2"":0,""noise_3"":1}",True,REENTRANT_WITHDRAWAL,REENTRANT_WITHDRAWAL,,True,True,True,True,2,0
reentrancy-wrapper-1,"{""amount"":1,""reenter"":false,""sender"":""user""}","{""noise_0"":0,""noise_1"":1,""noise_2"":1,""noise_3"":0}",True,REENTRANT_WITHDRAWAL,,,True,True,True,True,2,0
reentrancy-wrapper-1,"{""amount"":1,""reenter"":true,""sender"":""user""}","{""noise_0"":0,""noise_1"":1,""noise_2"":1,""noise_3"":0}",True,REENTRANT_WITHDRAWAL,REENTRANT_WITHDRAWAL,,True,True,True,True,2,0
reentrancy-wrapper-1,"{""amount"":2,""reenter"":false,""sender"":""user""}","{""noise_0"":0,""noise_1"":1,""noise_2"":1,""noise_3"":0}",True,REENTRANT_WITHDRAWAL,,,True,True,True,True,2,0
reentrancy-wrapper-1,"{""amount"":2,""reenter"":true,""sender"":""user""}","{""noise_0"":0,""noise_1"":1,""noise_2"":1,""noise_3"":0}",True,REENTRANT_WITHDRAWAL,REENTRANT_WITHDRAWAL,,True,True,True,True,2,0
reentrancy-wrapper-1,"{""amount"":1,""reenter"":false,""sender"":""user""}","{""noise_0"":0,""noise_1"":1,""noise_2"":1,""noise_3"":1}",True,REENTRANT_WITHDRAWAL,,,True,True,True,True,2,0
reentrancy-wrapper-1,"{""amount"":1,""reenter"":true,""sender"":""user""}","{""noise_0"":0,""noise_1"":1,""noise_2"":1,""noise_3"":1}",True,REENTRANT_WITHDRAWAL,REENTRANT_WITHDRAWAL,,True,True,True,True,2,0
reentrancy-wrapper-1,"{""amount"":2,""reenter"":false,""sender"":""user""}","{""noise_0"":0,""noise_1"":1,""noise_2"":1,""noise_3"":1}",True,REENTRANT_WITHDRAWAL,,,True,True,True,True,2,0
reentrancy-wrapper-1,"{""amount"":2,""reenter"":true,""sender"":""user""}","{""noise_0"":0,""noise_1"":1,""noise_2"":1,""noise_3"":1}",True,REENTRANT_WITHDRAWAL,REENTRANT_WITHDRAWAL,,True,True,True,True,2,0
reentrancy-wrapper-1,"{""amount"":1,""reenter"":false,""sender"":""user""}","{""noise_0"":1,""noise_1"":0,""noise_2"":0,""noise_3"":0}",True,REENTRANT_WITHDRAWAL,,,True,True,True,True,2,0
reentrancy-wrapper-1,"{""amount"":1,""reenter"":true,""sender"":""user""}","{""noise_0"":1,""noise_1"":0,""noise_2"":0,""noise_3"":0}",True,REENTRANT_WITHDRAWAL,REENTRANT_WITHDRAWAL,,True,True,True,True,2,0
reentrancy-wrapper-1,"{""amount"":2,""reenter"":false,""sender"":""user""}","{""noise_0"":1,""noise_1"":0,""noise_2"":0,""noise_3"":0}",True,REENTRANT_WITHDRAWAL,,,True,True,True,True,2,0
reentrancy-wrapper-1,"{""amount"":2,""reenter"":true,""sender"":""user""}","{""noise_0"":1,""noise_1"":0,""noise_2"":0,""noise_3"":0}",True,REENTRANT_WITHDRAWAL,REENTRANT_WITHDRAWAL,,True,True,True,True,2,0
reentrancy-wrapper-1,"{""amount"":1,""reenter"":false,""sender"":""user""}","{""noise_0"":1,""noise_1"":0,""noise_2"":0,""noise_3"":1}",True,REENTRANT_WITHDRAWAL,,,True,True,True,True,2,0
reentrancy-wrapper-1,"{""amount"":1,""reenter"":true,""sender"":""user""}","{""noise_0"":1,""noise_1"":0,""noise_2"":0,""noise_3"":1}",True,REENTRANT_WITHDRAWAL,REENTRANT_WITHDRAWAL,,True,True,True,True,2,0
reentrancy-wrapper-1,"{""amount"":2,""reenter"":false,""sender"":""user""}","{""noise_0"":1,""noise_1"":0,""noise_2"":0,""noise_3"":1}",True,REENTRANT_WITHDRAWAL,,,True,True,True,True,2,0
reentrancy-wrapper-1,"{""amount"":2,""reenter"":true,""sender"":""user""}","{""noise_0"":1,""noise_1"":0,""noise_2"":0,""noise_3"":1}",True,REENTRANT_WITHDRAWAL,REENTRANT_WITHDRAWAL,,True,True,True,True,2,0
reentrancy-wrapper-1,"{""amount"":1,""reenter"":false,""sender"":""user""}","{""noise_0"":1,""noise_1"":0,""noise_2"":1,""noise_3"":0}",True,REENTRANT_WITHDRAWAL,,,True,True,True,True,2,0
reentrancy-wrapper-1,"{""amount"":1,""reenter"":true,""sender"":""user""}","{""noise_0"":1,""noise_1"":0,""noise_2"":1,""noise_3"":0}",True,REENTRANT_WITHDRAWAL,REENTRANT_WITHDRAWAL,,True,True,True,True,2,0
reentrancy-wrapper-1,"{""amount"":2,""reenter"":false,""sender"":""user""}","{""noise_0"":1,""noise_1"":0,""noise_2"":1,""noise_3"":0}",True,REENTRANT_WITHDRAWAL,,,True,True,True,True,2,0
reentrancy-wrapper-1,"{""amount"":2,""reenter"":true,""sender"":""user""}","{""noise_0"":1,""noise_1"":0,""noise_2"":1,""noise_3"":0}",True,REENTRANT_WITHDRAWAL,REENTRANT_WITHDRAWAL,,True,True,True,True,2,0
reentrancy-wrapper-1,"{""amount"":1,""reenter"":false,""sender"":""user""}","{""noise_0"":1,""noise_1"":0,""noise_2"":1,""noise_3"":1}",True,REENTRANT_WITHDRAWAL,,,True,True,True,True,2,0
reentrancy-wrapper-1,"{""amount"":1,""reenter"":true,""sender"":""user""}","{""noise_0"":1,""noise_1"":0,""noise_2"":1,""noise_3"":1}",True,REENTRANT_WITHDRAWAL,REENTRANT_WITHDRAWAL,,True,True,True,True,2,0
reentrancy-wrapper-1,"{""amount"":2,""reenter"":false,""sender"":""user""}","{""noise_0"":1,""noise_1"":0,""noise_2"":1,""noise_3"":1}",True,REENTRANT_WITHDRAWAL,,,True,True,True,True,2,0
reentrancy-wrapper-1,"{""amount"":2,""reenter"":true,""sender"":""user""}","{""noise_0"":1,""noise_1"":0,""noise_2"":1,""noise_3"":1}",True,REENTRANT_WITHDRAWAL,REENTRANT_WITHDRAWAL,,True,True,True,True,2,0
reentrancy-wrapper-1,"{""amount"":1,""reenter"":false,""sender"":""user""}","{""noise_0"":1,""noise_1"":1,""noise_2"":0,""noise_3"":0}",True,REENTRANT_WITHDRAWAL,,,True,True,True,True,2,0
reentrancy-wrapper-1,"{""amount"":1,""reenter"":true,""sender"":""user""}","{""noise_0"":1,""noise_1"":1,""noise_2"":0,""noise_3"":0}",True,REENTRANT_WITHDRAWAL,REENTRANT_WITHDRAWAL,,True,True,True,True,2,0
reentrancy-wrapper-1,"{""amount"":2,""reenter"":false,""sender"":""user""}","{""noise_0"":1,""noise_1"":1,""noise_2"":0,""noise_3"":0}",True,REENTRANT_WITHDRAWAL,,,True,True,True,True,2,0
reentrancy-wrapper-1,"{""amount"":2,""reenter"":true,""sender"":""user""}","{""noise_0"":1,""noise_1"":1,""noise_2"":0,""noise_3"":0}",True,REENTRANT_WITHDRAWAL,REENTRANT_WITHDRAWAL,,True,True,True,True,2,0
reentrancy-wrapper-1,"{""amount"":1,""reenter"":false,""sender"":""user""}","{""noise_0"":1,""noise_1"":1,""noise_2"":0,""noise_3"":1}",True,REENTRANT_WITHDRAWAL,,,True,True,True,True,2,0
reentrancy-wrapper-1,"{""amount"":1,""reenter"":true,""sender"":""user""}","{""noise_0"":1,""noise_1"":1,""noise_2"":0,""noise_3"":1}",True,REENTRANT_WITHDRAWAL,REENTRANT_WITHDRAWAL,,True,True,True,True,2,0
reentrancy-wrapper-1,"{""amount"":2,""reenter"":false,""sender"":""user""}","{""noise_0"":1,""noise_1"":1,""noise_2"":0,""noise_3"":1}",True,REENTRANT_WITHDRAWAL,,,True,True,True,True,2,0
reentrancy-wrapper-1,"{""amount"":2,""reenter"":true,""sender"":""user""}","{""noise_0"":1,""noise_1"":1,""noise_2"":0,""noise_3"":1}",True,REENTRANT_WITHDRAWAL,REENTRANT_WITHDRAWAL,,True,True,True,True,2,0
reentrancy-wrapper-1,"{""amount"":1,""reenter"":false,""sender"":""user""}","{""noise_0"":1,""noise_1"":1,""noise_2"":1,""noise_3"":0}",True,REENTRANT_WITHDRAWAL,,,True,True,True,True,2,0
reentrancy-wrapper-1,"{""amount"":1,""reenter"":true,""sender"":""user""}","{""noise_0"":1,""noise_1"":1,""noise_2"":1,""noise_3"":0}",True,REENTRANT_WITHDRAWAL,REENTRANT_WITHDRAWAL,,True,True,True,True,2,0
reentrancy-wrapper-1,"{""amount"":2,""reenter"":false,""sender"":""user""}","{""noise_0"":1,""noise_1"":1,""noise_2"":1,""noise_3"":0}",True,REENTRANT_WITHDRAWAL,,,True,True,True,True,2,0
reentrancy-wrapper-1,"{""amount"":2,""reenter"":true,""sender"":""user""}","{""noise_0"":1,""noise_1"":1,""noise_2"":1,""noise_3"":0}",True,REENTRANT_WITHDRAWAL,REENTRANT_WITHDRAWAL,,True,True,True,True,2,0
reentrancy-wrapper-1,"{""amount"":1,""reenter"":false,""sender"":""user""}","{""noise_0"":1,""noise_1"":1,""noise_2"":1,""noise_3"":1}",True,REENTRANT_WITHDRAWAL,,,True,True,True,True,2,0
reentrancy-wrapper-1,"{""amount"":1,""reenter"":true,""sender"":""user""}","{""noise_0"":1,""noise_1"":1,""noise_2"":1,""noise_3"":1}",True,REENTRANT_WITHDRAWAL,REENTRANT_WITHDRAWAL,,True,True,True,True,2,0
reentrancy-wrapper-1,"{""amount"":2,""reenter"":false,""sender"":""user""}","{""noise_0"":1,""noise_1"":1,""noise_2"":1,""noise_3"":1}",True,REENTRANT_WITHDRAWAL,,,True,True,True,True,2,0
reentrancy-wrapper-1,"{""amount"":2,""reenter"":true,""sender"":""user""}","{""noise_0"":1,""noise_1"":1,""noise_2"":1,""noise_3"":1}",True,REENTRANT_WITHDRAWAL,REENTRANT_WITHDRAWAL,,True,True,True,True,2,0
reentrancy-wrapper-2,"{""amount"":1,""reenter"":false,""sender"":""user""}","{""noise_0"":0,""noise_1"":0,""noise_2"":0,""noise_3"":0}",True,REENTRANT_WITHDRAWAL,,,True,True,True,True,2,0
reentrancy-wrapper-2,"{""amount"":1,""reenter"":true,""sender"":""user""}","{""noise_0"":0,""noise_1"":0,""noise_2"":0,""noise_3"":0}",True,REENTRANT_WITHDRAWAL,REENTRANT_WITHDRAWAL,,True,True,True,True,2,0
reentrancy-wrapper-2,"{""amount"":2,""reenter"":false,""sender"":""user""}","{""noise_0"":0,""noise_1"":0,""noise_2"":0,""noise_3"":0}",True,REENTRANT_WITHDRAWAL,,,True,True,True,True,2,0
reentrancy-wrapper-2,"{""amount"":2,""reenter"":true,""sender"":""user""}","{""noise_0"":0,""noise_1"":0,""noise_2"":0,""noise_3"":0}",True,REENTRANT_WITHDRAWAL,REENTRANT_WITHDRAWAL,,True,True,True,True,2,0
reentrancy-wrapper-2,"{""amount"":1,""reenter"":false,""sender"":""user""}","{""noise_0"":0,""noise_1"":0,""noise_2"":0,""noise_3"":1}",True,REENTRANT_WITHDRAWAL,,,True,True,True,True,2,0
reentrancy-wrapper-2,"{""amount"":1,""reenter"":true,""sender"":""user""}","{""noise_0"":0,""noise_1"":0,""noise_2"":0,""noise_3"":1}",True,REENTRANT_WITHDRAWAL,REENTRANT_WITHDRAWAL,,True,True,True,True,2,0
reentrancy-wrapper-2,"{""amount"":2,""reenter"":false,""sender"":""user""}","{""noise_0"":0,""noise_1"":0,""noise_2"":0,""noise_3"":1}",True,REENTRANT_WITHDRAWAL,,,True,True,True,True,2,0
reentrancy-wrapper-2,"{""amount"":2,""reenter"":true,""sender"":""user""}","{""noise_0"":0,""noise_1"":0,""noise_2"":0,""noise_3"":1}",True,REENTRANT_WITHDRAWAL,REENTRANT_WITHDRAWAL,,True,True,True,True,2,0
reentrancy-wrapper-2,"{""amount"":1,""reenter"":false,""sender"":""user""}","{""noise_0"":0,""noise_1"":0,""noise_2"":1,""noise_3"":0}",True,REENTRANT_WITHDRAWAL,,,True,True,True,True,2,0
reentrancy-wrapper-2,"{""amount"":1,""reenter"":true,""sender"":""user""}","{""noise_0"":0,""noise_1"":0,""noise_2"":1,""noise_3"":0}",True,REENTRANT_WITHDRAWAL,REENTRANT_WITHDRAWAL,,True,True,True,True,2,0
reentrancy-wrapper-2,"{""amount"":2,""reenter"":false,""sender"":""user""}","{""noise_0"":0,""noise_1"":0,""noise_2"":1,""noise_3"":0}",True,REENTRANT_WITHDRAWAL,,,True,True,True,True,2,0
reentrancy-wrapper-2,"{""amount"":2,""reenter"":true,""sender"":""user""}","{""noise_0"":0,""noise_1"":0,""noise_2"":1,""noise_3"":0}",True,REENTRANT_WITHDRAWAL,REENTRANT_WITHDRAWAL,,True,True,True,True,2,0
reentrancy-wrapper-2,"{""amount"":1,""reenter"":false,""sender"":""user""}","{""noise_0"":0,""noise_1"":0,""noise_2"":1,""noise_3"":1}",True,REENTRANT_WITHDRAWAL,,,True,True,True,True,2,0
reentrancy-wrapper-2,"{""amount"":1,""reenter"":true,""sender"":""user""}","{""noise_0"":0,""noise_1"":0,""noise_2"":1,""noise_3"":1}",True,REENTRANT_WITHDRAWAL,REENTRANT_WITHDRAWAL,,True,True,True,True,2,0
reentrancy-wrapper-2,"{""amount"":2,""reenter"":false,""sender"":""user""}","{""noise_0"":0,""noise_1"":0,""noise_2"":1,""noise_3"":1}",True,REENTRANT_WITHDRAWAL,,,True,True,True,True,2,0
reentrancy-wrapper-2,"{""amount"":2,""reenter"":true,""sender"":""user""}","{""noise_0"":0,""noise_1"":0,""noise_2"":1,""noise_3"":1}",True,REENTRANT_WITHDRAWAL,REENTRANT_WITHDRAWAL,,True,True,True,True,2,0
reentrancy-wrapper-2,"{""amount"":1,""reenter"":false,""sender"":""user""}","{""noise_0"":0,""noise_1"":1,""noise_2"":0,""noise_3"":0}",True,REENTRANT_WITHDRAWAL,,,True,True,True,True,2,0
reentrancy-wrapper-2,"{""amount"":1,""reenter"":true,""sender"":""user""}","{""noise_0"":0,""noise_1"":1,""noise_2"":0,""noise_3"":0}",True,REENTRANT_WITHDRAWAL,REENTRANT_WITHDRAWAL,,True,True,True,True,2,0
reentrancy-wrapper-2,"{""amount"":2,""reenter"":false,""sender"":""user""}","{""noise_0"":0,""noise_1"":1,""noise_2"":0,""noise_3"":0}",True,REENTRANT_WITHDRAWAL,,,True,True,True,True,2,0
reentrancy-wrapper-2,"{""amount"":2,""reenter"":true,""sender"":""user""}","{""noise_0"":0,""noise_1"":1,""noise_2"":0,""noise_3"":0}",True,REENTRANT_WITHDRAWAL,REENTRANT_WITHDRAWAL,,True,True,True,True,2,0
reentrancy-wrapper-2,"{""amount"":1,""reenter"":false,""sender"":""user""}","{""noise_0"":0,""noise_1"":1,""noise_2"":0,""noise_3"":1}",True,REENTRANT_WITHDRAWAL,,,True,True,True,True,2,0
reentrancy-wrapper-2,"{""amount"":1,""reenter"":true,""sender"":""user""}","{""noise_0"":0,""noise_1"":1,""noise_2"":0,""noise_3"":1}",True,REENTRANT_WITHDRAWAL,REENTRANT_WITHDRAWAL,,True,True,True,True,2,0
reentrancy-wrapper-2,"{""amount"":2,""reenter"":false,""sender"":""user""}","{""noise_0"":0,""noise_1"":1,""noise_2"":0,""noise_3"":1}",True,REENTRANT_WITHDRAWAL,,,True,True,True,True,2,0
reentrancy-wrapper-2,"{""amount"":2,""reenter"":true,""sender"":""user""}","{""noise_0"":0,""noise_1"":1,""noise_2"":0,""noise_3"":1}",True,REENTRANT_WITHDRAWAL,REENTRANT_WITHDRAWAL,,True,True,True,True,2,0
reentrancy-wrapper-2,"{""amount"":1,""reenter"":false,""sender"":""user""}","{""noise_0"":0,""noise_1"":1,""noise_2"":1,""noise_3"":0}",True,REENTRANT_WITHDRAWAL,,,True,True,True,True,2,0
reentrancy-wrapper-2,"{""amount"":1,""reenter"":true,""sender"":""user""}","{""noise_0"":0,""noise_1"":1,""noise_2"":1,""noise_3"":0}",True,REENTRANT_WITHDRAWAL,REENTRANT_WITHDRAWAL,,True,True,True,True,2,0
reentrancy-wrapper-2,"{""amount"":2,""reenter"":false,""sender"":""user""}","{""noise_0"":0,""noise_1"":1,""noise_2"":1,""noise_3"":0}",True,REENTRANT_WITHDRAWAL,,,True,True,True,True,2,0
reentrancy-wrapper-2,"{""amount"":2,""reenter"":true,""sender"":""user""}","{""noise_0"":0,""noise_1"":1,""noise_2"":1,""noise_3"":0}",True,REENTRANT_WITHDRAWAL,REENTRANT_WITHDRAWAL,,True,True,True,True,2,0
reentrancy-wrapper-2,"{""amount"":1,""reenter"":false,""sender"":""user""}","{""noise_0"":0,""noise_1"":1,""noise_2"":1,""noise_3"":1}",True,REENTRANT_WITHDRAWAL,,,True,True,True,True,2,0
reentrancy-wrapper-2,"{""amount"":1,""reenter"":true,""sender"":""user""}","{""noise_0"":0,""noise_1"":1,""noise_2"":1,""noise_3"":1}",True,REENTRANT_WITHDRAWAL,REENTRANT_WITHDRAWAL,,True,True,True,True,2,0
reentrancy-wrapper-2,"{""amount"":2,""reenter"":false,""sender"":""user""}","{""noise_0"":0,""noise_1"":1,""noise_2"":1,""noise_3"":1}",True,REENTRANT_WITHDRAWAL,,,True,True,True,True,2,0
reentrancy-wrapper-2,"{""amount"":2,""reenter"":true,""sender"":""user""}","{""noise_0"":0,""noise_1"":1,""noise_2"":1,""noise_3"":1}",True,REENTRANT_WITHDRAWAL,REENTRANT_WITHDRAWAL,,True,True,True,True,2,0
reentrancy-wrapper-2,"{""amount"":1,""reenter"":false,""sender"":""user""}","{""noise_0"":1,""noise_1"":0,""noise_2"":0,""noise_3"":0}",True,REENTRANT_WITHDRAWAL,,,True,True,True,True,2,0
reentrancy-wrapper-2,"{""amount"":1,""reenter"":true,""sender"":""user""}","{""noise_0"":1,""noise_1"":0,""noise_2"":0,""noise_3"":0}",True,REENTRANT_WITHDRAWAL,REENTRANT_WITHDRAWAL,,True,True,True,True,2,0
reentrancy-wrapper-2,"{""amount"":2,""reenter"":false,""sender"":""user""}","{""noise_0"":1,""noise_1"":0,""noise_2"":0,""noise_3"":0}",True,REENTRANT_WITHDRAWAL,,,True,True,True,True,2,0
reentrancy-wrapper-2,"{""amount"":2,""reenter"":true,""sender"":""user""}","{""noise_0"":1,""noise_1"":0,""noise_2"":0,""noise_3"":0}",True,REENTRANT_WITHDRAWAL,REENTRANT_WITHDRAWAL,,True,True,True,True,2,0
reentrancy-wrapper-2,"{""amount"":1,""reenter"":false,""sender"":""user""}","{""noise_0"":1,""noise_1"":0,""noise_2"":0,""noise_3"":1}",True,REENTRANT_WITHDRAWAL,,,True,True,True,True,2,0
reentrancy-wrapper-2,"{""amount"":1,""reenter"":true,""sender"":""user""}","{""noise_0"":1,""noise_1"":0,""noise_2"":0,""noise_3"":1}",True,REENTRANT_WITHDRAWAL,REENTRANT_WITHDRAWAL,,True,True,True,True,2,0
reentrancy-wrapper-2,"{""amount"":2,""reenter"":false,""sender"":""user""}","{""noise_0"":1,""noise_1"":0,""noise_2"":0,""noise_3"":1}",True,REENTRANT_WITHDRAWAL,,,True,True,True,True,2,0
reentrancy-wrapper-2,"{""amount"":2,""reenter"":true,""sender"":""user""}","{""noise_0"":1,""noise_1"":0,""noise_2"":0,""noise_3"":1}",True,REENTRANT_WITHDRAWAL,REENTRANT_WITHDRAWAL,,True,True,True,True,2,0
reentrancy-wrapper-2,"{""amount"":1,""reenter"":false,""sender"":""user""}","{""noise_0"":1,""noise_1"":0,""noise_2"":1,""noise_3"":0}",True,REENTRANT_WITHDRAWAL,,,True,True,True,True,2,0
reentrancy-wrapper-2,"{""amount"":1,""reenter"":true,""sender"":""user""}","{""noise_0"":1,""noise_1"":0,""noise_2"":1,""noise_3"":0}",True,REENTRANT_WITHDRAWAL,REENTRANT_WITHDRAWAL,,True,True,True,True,2,0
reentrancy-wrapper-2,"{""amount"":2,""reenter"":false,""sender"":""user""}","{""noise_0"":1,""noise_1"":0,""noise_2"":1,""noise_3"":0}",True,REENTRANT_WITHDRAWAL,,,True,True,True,True,2,0
reentrancy-wrapper-2,"{""amount"":2,""reenter"":true,""sender"":""user""}","{""noise_0"":1,""noise_1"":0,""noise_2"":1,""noise_3"":0}",True,REENTRANT_WITHDRAWAL,REENTRANT_WITHDRAWAL,,True,True,True,True,2,0
reentrancy-wrapper-2,"{""amount"":1,""reenter"":false,""sender"":""user""}","{""noise_0"":1,""noise_1"":0,""noise_2"":1,""noise_3"":1}",True,REENTRANT_WITHDRAWAL,,,True,True,True,True,2,0
reentrancy-wrapper-2,"{""amount"":1,""reenter"":true,""sender"":""user""}","{""noise_0"":1,""noise_1"":0,""noise_2"":1,""noise_3"":1}",True,REENTRANT_WITHDRAWAL,REENTRANT_WITHDRAWAL,,True,True,True,True,2,0
reentrancy-wrapper-2,"{""amount"":2,""reenter"":false,""sender"":""user""}","{""noise_0"":1,""noise_1"":0,""noise_2"":1,""noise_3"":1}",True,REENTRANT_WITHDRAWAL,,,True,True,True,True,2,0
reentrancy-wrapper-2,"{""amount"":2,""reenter"":true,""sender"":""user""}","{""noise_0"":1,""noise_1"":0,""noise_2"":1,""noise_3"":1}",True,REENTRANT_WITHDRAWAL,REENTRANT_WITHDRAWAL,,True,True,True,True,2,0
reentrancy-wrapper-2,"{""amount"":1,""reenter"":false,""sender"":""user""}","{""noise_0"":1,""noise_1"":1,""noise_2"":0,""noise_3"":0}",True,REENTRANT_WITHDRAWAL,,,True,True,True,True,2,0
reentrancy-wrapper-2,"{""amount"":1,""reenter"":true,""sender"":""user""}","{""noise_0"":1,""noise_1"":1,""noise_2"":0,""noise_3"":0}",True,REENTRANT_WITHDRAWAL,REENTRANT_WITHDRAWAL,,True,True,True,True,2,0
reentrancy-wrapper-2,"{""amount"":2,""reenter"":false,""sender"":""user""}","{""noise_0"":1,""noise_1"":1,""noise_2"":0,""noise_3"":0}",True,REENTRANT_WITHDRAWAL,,,True,True,True,True,2,0
reentrancy-wrapper-2,"{""amount"":2,""reenter"":true,""sender"":""user""}","{""noise_0"":1,""noise_1"":1,""noise_2"":0,""noise_3"":0}",True,REENTRANT_WITHDRAWAL,REENTRANT_WITHDRAWAL,,True,True,True,True,2,0
reentrancy-wrapper-2,"{""amount"":1,""reenter"":false,""sender"":""user""}","{""noise_0"":1,""noise_1"":1,""noise_2"":0,""noise_3"":1}",True,REENTRANT_WITHDRAWAL,,,True,True,True,True,2,0
reentrancy-wrapper-2,"{""amount"":1,""reenter"":true,""sender"":""user""}","{""noise_0"":1,""noise_1"":1,""noise_2"":0,""noise_3"":1}",True,REENTRANT_WITHDRAWAL,REENTRANT_WITHDRAWAL,,True,True,True,True,2,0
reentrancy-wrapper-2,"{""amount"":2,""reenter"":false,""sender"":""user""}","{""noise_0"":1,""noise_1"":1,""noise_2"":0,""noise_3"":1}",True,REENTRANT_WITHDRAWAL,,,True,True,True,True,2,0
reentrancy-wrapper-2,"{""amount"":2,""reenter"":true,""sender"":""user""}","{""noise_0"":1,""noise_1"":1,""noise_2"":0,""noise_3"":1}",True,REENTRANT_WITHDRAWAL,REENTRANT_WITHDRAWAL,,True,True,True,True,2,0
reentrancy-wrapper-2,"{""amount"":1,""reenter"":false,""sender"":""user""}","{""noise_0"":1,""noise_1"":1,""noise_2"":1,""noise_3"":0}",True,REENTRANT_WITHDRAWAL,,,True,True,True,True,2,0
reentrancy-wrapper-2,"{""amount"":1,""reenter"":true,""sender"":""user""}","{""noise_0"":1,""noise_1"":1,""noise_2"":1,""noise_3"":0}",True,REENTRANT_WITHDRAWAL,REENTRANT_WITHDRAWAL,,True,True,True,True,2,0
reentrancy-wrapper-2,"{""amount"":2,""reenter"":false,""sender"":""user""}","{""noise_0"":1,""noise_1"":1,""noise_2"":1,""noise_3"":0}",True,REENTRANT_WITHDRAWAL,,,True,True,True,True,2,0
reentrancy-wrapper-2,"{""amount"":2,""reenter"":true,""sender"":""user""}","{""noise_0"":1,""noise_1"":1,""noise_2"":1,""noise_3"":0}",True,REENTRANT_WITHDRAWAL,REENTRANT_WITHDRAWAL,,True,True,True,True,2,0
reentrancy-wrapper-2,"{""amount"":1,""reenter"":false,""sender"":""user""}","{""noise_0"":1,""noise_1"":1,""noise_2"":1,""noise_3"":1}",True,REENTRANT_WITHDRAWAL,,,True,True,True,True,2,0
reentrancy-wrapper-2,"{""amount"":1,""reenter"":true,""sender"":""user""}","{""noise_0"":1,""noise_1"":1,""noise_2"":1,""noise_3"":1}",True,REENTRANT_WITHDRAWAL,REENTRANT_WITHDRAWAL,,True,True,True,True,2,0
reentrancy-wrapper-2,"{""amount"":2,""reenter"":false,""sender"":""user""}","{""noise_0"":1,""noise_1"":1,""noise_2"":1,""noise_3"":1}",True,REENTRANT_WITHDRAWAL,,,True,True,True,True,2,0
reentrancy-wrapper-2,"{""amount"":2,""reenter"":true,""sender"":""user""}","{""noise_0"":1,""noise_1"":1,""noise_2"":1,""noise_3"":1}",True,REENTRANT_WITHDRAWAL,REENTRANT_WITHDRAWAL,,True,True,True,True,2,0
reentrancy-wrapper-3,"{""amount"":1,""reenter"":false,""sender"":""user""}","{""noise_0"":0,""noise_1"":0,""noise_2"":0,""noise_3"":0}",True,REENTRANT_WITHDRAWAL,,,True,True,True,True,2,0
reentrancy-wrapper-3,"{""amount"":1,""reenter"":true,""sender"":""user""}","{""noise_0"":0,""noise_1"":0,""noise_2"":0,""noise_3"":0}",True,REENTRANT_WITHDRAWAL,REENTRANT_WITHDRAWAL,,True,True,True,True,2,0
reentrancy-wrapper-3,"{""amount"":2,""reenter"":false,""sender"":""user""}","{""noise_0"":0,""noise_1"":0,""noise_2"":0,""noise_3"":0}",True,REENTRANT_WITHDRAWAL,,,True,True,True,True,2,0
reentrancy-wrapper-3,"{""amount"":2,""reenter"":true,""sender"":""user""}","{""noise_0"":0,""noise_1"":0,""noise_2"":0,""noise_3"":0}",True,REENTRANT_WITHDRAWAL,REENTRANT_WITHDRAWAL,,True,True,True,True,2,0
reentrancy-wrapper-3,"{""amount"":1,""reenter"":false,""sender"":""user""}","{""noise_0"":0,""noise_1"":0,""noise_2"":0,""noise_3"":1}",True,REENTRANT_WITHDRAWAL,,,True,True,True,True,2,0
reentrancy-wrapper-3,"{""amount"":1,""reenter"":true,""sender"":""user""}","{""noise_0"":0,""noise_1"":0,""noise_2"":0,""noise_3"":1}",True,REENTRANT_WITHDRAWAL,REENTRANT_WITHDRAWAL,,True,True,True,True,2,0
reentrancy-wrapper-3,"{""amount"":2,""reenter"":false,""sender"":""user""}","{""noise_0"":0,""noise_1"":0,""noise_2"":0,""noise_3"":1}",True,REENTRANT_WITHDRAWAL,,,True,True,True,True,2,0
reentrancy-wrapper-3,"{""amount"":2,""reenter"":true,""sender"":""user""}","{""noise_0"":0,""noise_1"":0,""noise_2"":0,""noise_3"":1}",True,REENTRANT_WITHDRAWAL,REENTRANT_WITHDRAWAL,,True,True,True,True,2,0
reentrancy-wrapper-3,"{""amount"":1,""reenter"":false,""sender"":""user""}","{""noise_0"":0,""noise_1"":0,""noise_2"":1,""noise_3"":0}",True,REENTRANT_WITHDRAWAL,,,True,True,True,True,2,0
reentrancy-wrapper-3,"{""amount"":1,""reenter"":true,""sender"":""user""}","{""noise_0"":0,""noise_1"":0,""noise_2"":1,""noise_3"":0}",True,REENTRANT_WITHDRAWAL,REENTRANT_WITHDRAWAL,,True,True,True,True,2,0
reentrancy-wrapper-3,"{""amount"":2,""reenter"":false,""sender"":""user""}","{""noise_0"":0,""noise_1"":0,""noise_2"":1,""noise_3"":0}",True,REENTRANT_WITHDRAWAL,,,True,True,True,True,2,0
reentrancy-wrapper-3,"{""amount"":2,""reenter"":true,""sender"":""user""}","{""noise_0"":0,""noise_1"":0,""noise_2"":1,""noise_3"":0}",True,REENTRANT_WITHDRAWAL,REENTRANT_WITHDRAWAL,,True,True,True,True,2,0
reentrancy-wrapper-3,"{""amount"":1,""reenter"":false,""sender"":""user""}","{""noise_0"":0,""noise_1"":0,""noise_2"":1,""noise_3"":1}",True,REENTRANT_WITHDRAWAL,,,True,True,True,True,2,0
reentrancy-wrapper-3,"{""amount"":1,""reenter"":true,""sender"":""user""}","{""noise_0"":0,""noise_1"":0,""noise_2"":1,""noise_3"":1}",True,REENTRANT_WITHDRAWAL,REENTRANT_WITHDRAWAL,,True,True,True,True,2,0
reentrancy-wrapper-3,"{""amount"":2,""reenter"":false,""sender"":""user""}","{""noise_0"":0,""noise_1"":0,""noise_2"":1,""noise_3"":1}",True,REENTRANT_WITHDRAWAL,,,True,True,True,True,2,0
reentrancy-wrapper-3,"{""amount"":2,""reenter"":true,""sender"":""user""}","{""noise_0"":0,""noise_1"":0,""noise_2"":1,""noise_3"":1}",True,REENTRANT_WITHDRAWAL,REENTRANT_WITHDRAWAL,,True,True,True,True,2,0
reentrancy-wrapper-3,"{""amount"":1,""reenter"":false,""sender"":""user""}","{""noise_0"":0,""noise_1"":1,""noise_2"":0,""noise_3"":0}",True,REENTRANT_WITHDRAWAL,,,True,True,True,True,2,0
reentrancy-wrapper-3,"{""amount"":1,""reenter"":true,""sender"":""user""}","{""noise_0"":0,""noise_1"":1,""noise_2"":0,""noise_3"":0}",True,REENTRANT_WITHDRAWAL,REENTRANT_WITHDRAWAL,,True,True,True,True,2,0
reentrancy-wrapper-3,"{""amount"":2,""reenter"":false,""sender"":""user""}","{""noise_0"":0,""noise_1"":1,""noise_2"":0,""noise_3"":0}",True,REENTRANT_WITHDRAWAL,,,True,True,True,True,2,0
reentrancy-wrapper-3,"{""amount"":2,""reenter"":true,""sender"":""user""}","{""noise_0"":0,""noise_1"":1,""noise_2"":0,""noise_3"":0}",True,REENTRANT_WITHDRAWAL,REENTRANT_WITHDRAWAL,,True,True,True,True,2,0
reentrancy-wrapper-3,"{""amount"":1,""reenter"":false,""sender"":""user""}","{""noise_0"":0,""noise_1"":1,""noise_2"":0,""noise_3"":1}",True,REENTRANT_WITHDRAWAL,,,True,True,True,True,2,0
reentrancy-wrapper-3,"{""amount"":1,""reenter"":true,""sender"":""user""}","{""noise_0"":0,""noise_1"":1,""noise_2"":0,""noise_3"":1}",True,REENTRANT_WITHDRAWAL,REENTRANT_WITHDRAWAL,,True,True,True,True,2,0
reentrancy-wrapper-3,"{""amount"":2,""reenter"":false,""sender"":""user""}","{""noise_0"":0,""noise_1"":1,""noise_2"":0,""noise_3"":1}",True,REENTRANT_WITHDRAWAL,,,True,True,True,True,2,0
reentrancy-wrapper-3,"{""amount"":2,""reenter"":true,""sender"":""user""}","{""noise_0"":0,""noise_1"":1,""noise_2"":0,""noise_3"":1}",True,REENTRANT_WITHDRAWAL,REENTRANT_WITHDRAWAL,,True,True,True,True,2,0
reentrancy-wrapper-3,"{""amount"":1,""reenter"":false,""sender"":""user""}","{""noise_0"":0,""noise_1"":1,""noise_2"":1,""noise_3"":0}",True,REENTRANT_WITHDRAWAL,,,True,True,True,True,2,0
reentrancy-wrapper-3,"{""amount"":1,""reenter"":true,""sender"":""user""}","{""noise_0"":0,""noise_1"":1,""noise_2"":1,""noise_3"":0}",True,REENTRANT_WITHDRAWAL,REENTRANT_WITHDRAWAL,,True,True,True,True,2,0
reentrancy-wrapper-3,"{""amount"":2,""reenter"":false,""sender"":""user""}","{""noise_0"":0,""noise_1"":1,""noise_2"":1,""noise_3"":0}",True,REENTRANT_WITHDRAWAL,,,True,True,True,True,2,0
reentrancy-wrapper-3,"{""amount"":2,""reenter"":true,""sender"":""user""}","{""noise_0"":0,""noise_1"":1,""noise_2"":1,""noise_3"":0}",True,REENTRANT_WITHDRAWAL,REENTRANT_WITHDRAWAL,,True,True,True,True,2,0
reentrancy-wrapper-3,"{""amount"":1,""reenter"":false,""sender"":""user""}","{""noise_0"":0,""noise_1"":1,""noise_2"":1,""noise_3"":1}",True,REENTRANT_WITHDRAWAL,,,True,True,True,True,2,0
reentrancy-wrapper-3,"{""amount"":1,""reenter"":true,""sender"":""user""}","{""noise_0"":0,""noise_1"":1,""noise_2"":1,""noise_3"":1}",True,REENTRANT_WITHDRAWAL,REENTRANT_WITHDRAWAL,,True,True,True,True,2,0
reentrancy-wrapper-3,"{""amount"":2,""reenter"":false,""sender"":""user""}","{""noise_0"":0,""noise_1"":1,""noise_2"":1,""noise_3"":1}",True,REENTRANT_WITHDRAWAL,,,True,True,True,True,2,0
reentrancy-wrapper-3,"{""amount"":2,""reenter"":true,""sender"":""user""}","{""noise_0"":0,""noise_1"":1,""noise_2"":1,""noise_3"":1}",True,REENTRANT_WITHDRAWAL,REENTRANT_WITHDRAWAL,,True,True,True,True,2,0
reentrancy-wrapper-3,"{""amount"":1,""reenter"":false,""sender"":""user""}","{""noise_0"":1,""noise_1"":0,""noise_2"":0,""noise_3"":0}",True,REENTRANT_WITHDRAWAL,,,True,True,True,True,2,0
reentrancy-wrapper-3,"{""amount"":1,""reenter"":true,""sender"":""user""}","{""noise_0"":1,""noise_1"":0,""noise_2"":0,""noise_3"":0}",True,REENTRANT_WITHDRAWAL,REENTRANT_WITHDRAWAL,,True,True,True,True,2,0
reentrancy-wrapper-3,"{""amount"":2,""reenter"":false,""sender"":""user""}","{""noise_0"":1,""noise_1"":0,""noise_2"":0,""noise_3"":0}",True,REENTRANT_WITHDRAWAL,,,True,True,True,True,2,0
reentrancy-wrapper-3,"{""amount"":2,""reenter"":true,""sender"":""user""}","{""noise_0"":1,""noise_1"":0,""noise_2"":0,""noise_3"":0}",True,REENTRANT_WITHDRAWAL,REENTRANT_WITHDRAWAL,,True,True,True,True,2,0
reentrancy-wrapper-3,"{""amount"":1,""reenter"":false,""sender"":""user""}","{""noise_0"":1,""noise_1"":0,""noise_2"":0,""noise_3"":1}",True,REENTRANT_WITHDRAWAL,,,True,True,True,True,2,0
reentrancy-wrapper-3,"{""amount"":1,""reenter"":true,""sender"":""user""}","{""noise_0"":1,""noise_1"":0,""noise_2"":0,""noise_3"":1}",True,REENTRANT_WITHDRAWAL,REENTRANT_WITHDRAWAL,,True,True,True,True,2,0
reentrancy-wrapper-3,"{""amount"":2,""reenter"":false,""sender"":""user""}","{""noise_0"":1,""noise_1"":0,""noise_2"":0,""noise_3"":1}",True,REENTRANT_WITHDRAWAL,,,True,True,True,True,2,0
reentrancy-wrapper-3,"{""amount"":2,""reenter"":true,""sender"":""user""}","{""noise_0"":1,""noise_1"":0,""noise_2"":0,""noise_3"":1}",True,REENTRANT_WITHDRAWAL,REENTRANT_WITHDRAWAL,,True,True,True,True,2,0
reentrancy-wrapper-3,"{""amount"":1,""reenter"":false,""sender"":""user""}","{""noise_0"":1,""noise_1"":0,""noise_2"":1,""noise_3"":0}",True,REENTRANT_WITHDRAWAL,,,True,True,True,True,2,0
reentrancy-wrapper-3,"{""amount"":1,""reenter"":true,""sender"":""user""}","{""noise_0"":1,""noise_1"":0,""noise_2"":1,""noise_3"":0}",True,REENTRANT_WITHDRAWAL,REENTRANT_WITHDRAWAL,,True,True,True,True,2,0
reentrancy-wrapper-3,"{""amount"":2,""reenter"":false,""sender"":""user""}","{""noise_0"":1,""noise_1"":0,""noise_2"":1,""noise_3"":0}",True,REENTRANT_WITHDRAWAL,,,True,True,True,True,2,0
reentrancy-wrapper-3,"{""amount"":2,""reenter"":true,""sender"":""user""}","{""noise_0"":1,""noise_1"":0,""noise_2"":1,""noise_3"":0}",True,REENTRANT_WITHDRAWAL,REENTRANT_WITHDRAWAL,,True,True,True,True,2,0
reentrancy-wrapper-3,"{""amount"":1,""reenter"":false,""sender"":""user""}","{""noise_0"":1,""noise_1"":0,""noise_2"":1,""noise_3"":1}",True,REENTRANT_WITHDRAWAL,,,True,True,True,True,2,0
reentrancy-wrapper-3,"{""amount"":1,""reenter"":true,""sender"":""user""}","{""noise_0"":1,""noise_1"":0,""noise_2"":1,""noise_3"":1}",True,REENTRANT_WITHDRAWAL,REENTRANT_WITHDRAWAL,,True,True,True,True,2,0
reentrancy-wrapper-3,"{""amount"":2,""reenter"":false,""sender"":""user""}","{""noise_0"":1,""noise_1"":0,""noise_2"":1,""noise_3"":1}",True,REENTRANT_WITHDRAWAL,,,True,True,True,True,2,0
reentrancy-wrapper-3,"{""amount"":2,""reenter"":true,""sender"":""user""}","{""noise_0"":1,""noise_1"":0,""noise_2"":1,""noise_3"":1}",True,REENTRANT_WITHDRAWAL,REENTRANT_WITHDRAWAL,,True,True,True,True,2,0
reentrancy-wrapper-3,"{""amount"":1,""reenter"":false,""sender"":""user""}","{""noise_0"":1,""noise_1"":1,""noise_2"":0,""noise_3"":0}",True,REENTRANT_WITHDRAWAL,,,True,True,True,True,2,0
reentrancy-wrapper-3,"{""amount"":1,""reenter"":true,""sender"":""user""}","{""noise_0"":1,""noise_1"":1,""noise_2"":0,""noise_3"":0}",True,REENTRANT_WITHDRAWAL,REENTRANT_WITHDRAWAL,,True,True,True,True,2,0
reentrancy-wrapper-3,"{""amount"":2,""reenter"":false,""sender"":""user""}","{""noise_0"":1,""noise_1"":1,""noise_2"":0,""noise_3"":0}",True,REENTRANT_WITHDRAWAL,,,True,True,True,True,2,0
reentrancy-wrapper-3,"{""amount"":2,""reenter"":true,""sender"":""user""}","{""noise_0"":1,""noise_1"":1,""noise_2"":0,""noise_3"":0}",True,REENTRANT_WITHDRAWAL,REENTRANT_WITHDRAWAL,,True,True,True,True,2,0
reentrancy-wrapper-3,"{""amount"":1,""reenter"":false,""sender"":""user""}","{""noise_0"":1,""noise_1"":1,""noise_2"":0,""noise_3"":1}",True,REENTRANT_WITHDRAWAL,,,True,True,True,True,2,0
reentrancy-wrapper-3,"{""amount"":1,""reenter"":true,""sender"":""user""}","{""noise_0"":1,""noise_1"":1,""noise_2"":0,""noise_3"":1}",True,REENTRANT_WITHDRAWAL,REENTRANT_WITHDRAWAL,,True,True,True,True,2,0
reentrancy-wrapper-3,"{""amount"":2,""reenter"":false,""sender"":""user""}","{""noise_0"":1,""noise_1"":1,""noise_2"":0,""noise_3"":1}",True,REENTRANT_WITHDRAWAL,,,True,True,True,True,2,0
reentrancy-wrapper-3,"{""amount"":2,""reenter"":true,""sender"":""user""}","{""noise_0"":1,""noise_1"":1,""noise_2"":0,""noise_3"":1}",True,REENTRANT_WITHDRAWAL,REENTRANT_WITHDRAWAL,,True,True,True,True,2,0
reentrancy-wrapper-3,"{""amount"":1,""reenter"":false,""sender"":""user""}","{""noise_0"":1,""noise_1"":1,""noise_2"":1,""noise_3"":0}",True,REENTRANT_WITHDRAWAL,,,True,True,True,True,2,0
reentrancy-wrapper-3,"{""amount"":1,""reenter"":true,""sender"":""user""}","{""noise_0"":1,""noise_1"":1,""noise_2"":1,""noise_3"":0}",True,REENTRANT_WITHDRAWAL,REENTRANT_WITHDRAWAL,,True,True,True,True,2,0
reentrancy-wrapper-3,"{""amount"":2,""reenter"":false,""sender"":""user""}","{""noise_0"":1,""noise_1"":1,""noise_2"":1,""noise_3"":0}",True,REENTRANT_WITHDRAWAL,,,True,True,True,True,2,0
reentrancy-wrapper-3,"{""amount"":2,""reenter"":true,""sender"":""user""}","{""noise_0"":1,""noise_1"":1,""noise_2"":1,""noise_3"":0}",True,REENTRANT_WITHDRAWAL,REENTRANT_WITHDRAWAL,,True,True,True,True,2,0
reentrancy-wrapper-3,"{""amount"":1,""reenter"":false,""sender"":""user""}","{""noise_0"":1,""noise_1"":1,""noise_2"":1,""noise_3"":1}",True,REENTRANT_WITHDRAWAL,,,True,True,True,True,2,0
reentrancy-wrapper-3,"{""amount"":1,""reenter"":true,""sender"":""user""}","{""noise_0"":1,""noise_1"":1,""noise_2"":1,""noise_3"":1}",True,REENTRANT_WITHDRAWAL,REENTRANT_WITHDRAWAL,,True,True,True,True,2,0
reentrancy-wrapper-3,"{""amount"":2,""reenter"":false,""sender"":""user""}","{""noise_0"":1,""noise_1"":1,""noise_2"":1,""noise_3"":1}",True,REENTRANT_WITHDRAWAL,,,True,True,True,True,2,0
reentrancy-wrapper-3,"{""amount"":2,""reenter"":true,""sender"":""user""}","{""noise_0"":1,""noise_1"":1,""noise_2"":1,""noise_3"":1}",True,REENTRANT_WITHDRAWAL,REENTRANT_WITHDRAWAL,,True,True,True,True,2,0
reentrancy-wrapper-4,"{""amount"":1,""reenter"":false,""sender"":""user""}","{""noise_0"":0,""noise_1"":0,""noise_2"":0,""noise_3"":0}",True,REENTRANT_WITHDRAWAL,,,True,True,True,True,2,0
reentrancy-wrapper-4,"{""amount"":1,""reenter"":true,""sender"":""user""}","{""noise_0"":0,""noise_1"":0,""noise_2"":0,""noise_3"":0}",True,REENTRANT_WITHDRAWAL,REENTRANT_WITHDRAWAL,,True,True,True,True,2,0
reentrancy-wrapper-4,"{""amount"":2,""reenter"":false,""sender"":""user""}","{""noise_0"":0,""noise_1"":0,""noise_2"":0,""noise_3"":0}",True,REENTRANT_WITHDRAWAL,,,True,True,True,True,2,0
reentrancy-wrapper-4,"{""amount"":2,""reenter"":true,""sender"":""user""}","{""noise_0"":0,""noise_1"":0,""noise_2"":0,""noise_3"":0}",True,REENTRANT_WITHDRAWAL,REENTRANT_WITHDRAWAL,,True,True,True,True,2,0
reentrancy-wrapper-4,"{""amount"":1,""reenter"":false,""sender"":""user""}","{""noise_0"":0,""noise_1"":0,""noise_2"":0,""noise_3"":1}",True,REENTRANT_WITHDRAWAL,,,True,True,True,True,2,0
reentrancy-wrapper-4,"{""amount"":1,""reenter"":true,""sender"":""user""}","{""noise_0"":0,""noise_1"":0,""noise_2"":0,""noise_3"":1}",True,REENTRANT_WITHDRAWAL,REENTRANT_WITHDRAWAL,,True,True,True,True,2,0
reentrancy-wrapper-4,"{""amount"":2,""reenter"":false,""sender"":""user""}","{""noise_0"":0,""noise_1"":0,""noise_2"":0,""noise_3"":1}",True,REENTRANT_WITHDRAWAL,,,True,True,True,True,2,0
reentrancy-wrapper-4,"{""amount"":2,""reenter"":true,""sender"":""user""}","{""noise_0"":0,""noise_1"":0,""noise_2"":0,""noise_3"":1}",True,REENTRANT_WITHDRAWAL,REENTRANT_WITHDRAWAL,,True,True,True,True,2,0
reentrancy-wrapper-4,"{""amount"":1,""reenter"":false,""sender"":""user""}","{""noise_0"":0,""noise_1"":0,""noise_2"":1,""noise_3"":0}",True,REENTRANT_WITHDRAWAL,,,True,True,True,True,2,0
reentrancy-wrapper-4,"{""amount"":1,""reenter"":true,""sender"":""user""}","{""noise_0"":0,""noise_1"":0,""noise_2"":1,""noise_3"":0}",True,REENTRANT_WITHDRAWAL,REENTRANT_WITHDRAWAL,,True,True,True,True,2,0
reentrancy-wrapper-4,"{""amount"":2,""reenter"":false,""sender"":""user""}","{""noise_0"":0,""noise_1"":0,""noise_2"":1,""noise_3"":0}",True,REENTRANT_WITHDRAWAL,,,True,True,True,True,2,0
reentrancy-wrapper-4,"{""amount"":2,""reenter"":true,""sender"":""user""}","{""noise_0"":0,""noise_1"":0,""noise_2"":1,""noise_3"":0}",True,REENTRANT_WITHDRAWAL,REENTRANT_WITHDRAWAL,,True,True,True,True,2,0
reentrancy-wrapper-4,"{""amount"":1,""reenter"":false,""sender"":""user""}","{""noise_0"":0,""noise_1"":0,""noise_2"":1,""noise_3"":1}",True,REENTRANT_WITHDRAWAL,,,True,True,True,True,2,0
reentrancy-wrapper-4,"{""amount"":1,""reenter"":true,""sender"":""user""}","{""noise_0"":0,""noise_1"":0,""noise_2"":1,""noise_3"":1}",True,REENTRANT_WITHDRAWAL,REENTRANT_WITHDRAWAL,,True,True,True,True,2,0
reentrancy-wrapper-4,"{""amount"":2,""reenter"":false,""sender"":""user""}","{""noise_0"":0,""noise_1"":0,""noise_2"":1,""noise_3"":1}",True,REENTRANT_WITHDRAWAL,,,True,True,True,True,2,0
reentrancy-wrapper-4,"{""amount"":2,""reenter"":true,""sender"":""user""}","{""noise_0"":0,""noise_1"":0,""noise_2"":1,""noise_3"":1}",True,REENTRANT_WITHDRAWAL,REENTRANT_WITHDRAWAL,,True,True,True,True,2,0
reentrancy-wrapper-4,"{""amount"":1,""reenter"":false,""sender"":""user""}","{""noise_0"":0,""noise_1"":1,""noise_2"":0,""noise_3"":0}",True,REENTRANT_WITHDRAWAL,,,True,True,True,True,2,0
reentrancy-wrapper-4,"{""amount"":1,""reenter"":true,""sender"":""user""}","{""noise_0"":0,""noise_1"":1,""noise_2"":0,""noise_3"":0}",True,REENTRANT_WITHDRAWAL,REENTRANT_WITHDRAWAL,,True,True,True,True,2,0
reentrancy-wrapper-4,"{""amount"":2,""reenter"":false,""sender"":""user""}","{""noise_0"":0,""noise_1"":1,""noise_2"":0,""noise_3"":0}",True,REENTRANT_WITHDRAWAL,,,True,True,True,True,2,0
reentrancy-wrapper-4,"{""amount"":2,""reenter"":true,""sender"":""user""}","{""noise_0"":0,""noise_1"":1,""noise_2"":0,""noise_3"":0}",True,REENTRANT_WITHDRAWAL,REENTRANT_WITHDRAWAL,,True,True,True,True,2,0
reentrancy-wrapper-4,"{""amount"":1,""reenter"":false,""sender"":""user""}","{""noise_0"":0,""noise_1"":1,""noise_2"":0,""noise_3"":1}",True,REENTRANT_WITHDRAWAL,,,True,True,True,True,2,0
reentrancy-wrapper-4,"{""amount"":1,""reenter"":true,""sender"":""user""}","{""noise_0"":0,""noise_1"":1,""noise_2"":0,""noise_3"":1}",True,REENTRANT_WITHDRAWAL,REENTRANT_WITHDRAWAL,,True,True,True,True,2,0
reentrancy-wrapper-4,"{""amount"":2,""reenter"":false,""sender"":""user""}","{""noise_0"":0,""noise_1"":1,""noise_2"":0,""noise_3"":1}",True,REENTRANT_WITHDRAWAL,,,True,True,True,True,2,0
reentrancy-wrapper-4,"{""amount"":2,""reenter"":true,""sender"":""user""}","{""noise_0"":0,""noise_1"":1,""noise_2"":0,""noise_3"":1}",True,REENTRANT_WITHDRAWAL,REENTRANT_WITHDRAWAL,,True,True,True,True,2,0
reentrancy-wrapper-4,"{""amount"":1,""reenter"":false,""sender"":""user""}","{""noise_0"":0,""noise_1"":1,""noise_2"":1,""noise_3"":0}",True,REENTRANT_WITHDRAWAL,,,True,True,True,True,2,0
reentrancy-wrapper-4,"{""amount"":1,""reenter"":true,""sender"":""user""}","{""noise_0"":0,""noise_1"":1,""noise_2"":1,""noise_3"":0}",True,REENTRANT_WITHDRAWAL,REENTRANT_WITHDRAWAL,,True,True,True,True,2,0
reentrancy-wrapper-4,"{""amount"":2,""reenter"":false,""sender"":""user""}","{""noise_0"":0,""noise_1"":1,""noise_2"":1,""noise_3"":0}",True,REENTRANT_WITHDRAWAL,,,True,True,True,True,2,0
reentrancy-wrapper-4,"{""amount"":2,""reenter"":true,""sender"":""user""}","{""noise_0"":0,""noise_1"":1,""noise_2"":1,""noise_3"":0}",True,REENTRANT_WITHDRAWAL,REENTRANT_WITHDRAWAL,,True,True,True,True,2,0
reentrancy-wrapper-4,"{""amount"":1,""reenter"":false,""sender"":""user""}","{""noise_0"":0,""noise_1"":1,""noise_2"":1,""noise_3"":1}",True,REENTRANT_WITHDRAWAL,,,True,True,True,True,2,0
reentrancy-wrapper-4,"{""amount"":1,""reenter"":true,""sender"":""user""}","{""noise_0"":0,""noise_1"":1,""noise_2"":1,""noise_3"":1}",True,REENTRANT_WITHDRAWAL,REENTRANT_WITHDRAWAL,,True,True,True,True,2,0
reentrancy-wrapper-4,"{""amount"":2,""reenter"":false,""sender"":""user""}","{""noise_0"":0,""noise_1"":1,""noise_2"":1,""noise_3"":1}",True,REENTRANT_WITHDRAWAL,,,True,True,True,True,2,0
reentrancy-wrapper-4,"{""amount"":2,""reenter"":true,""sender"":""user""}","{""noise_0"":0,""noise_1"":1,""noise_2"":1,""noise_3"":1}",True,REENTRANT_WITHDRAWAL,REENTRANT_WITHDRAWAL,,True,True,True,True,2,0
reentrancy-wrapper-4,"{""amount"":1,""reenter"":false,""sender"":""user""}","{""noise_0"":1,""noise_1"":0,""noise_2"":0,""noise_3"":0}",True,REENTRANT_WITHDRAWAL,,,True,True,True,True,2,0
reentrancy-wrapper-4,"{""amount"":1,""reenter"":true,""sender"":""user""}","{""noise_0"":1,""noise_1"":0,""noise_2"":0,""noise_3"":0}",True,REENTRANT_WITHDRAWAL,REENTRANT_WITHDRAWAL,,True,True,True,True,2,0
reentrancy-wrapper-4,"{""amount"":2,""reenter"":false,""sender"":""user""}","{""noise_0"":1,""noise_1"":0,""noise_2"":0,""noise_3"":0}",True,REENTRANT_WITHDRAWAL,,,True,True,True,True,2,0
reentrancy-wrapper-4,"{""amount"":2,""reenter"":true,""sender"":""user""}","{""noise_0"":1,""noise_1"":0,""noise_2"":0,""noise_3"":0}",True,REENTRANT_WITHDRAWAL,REENTRANT_WITHDRAWAL,,True,True,True,True,2,0
reentrancy-wrapper-4,"{""amount"":1,""reenter"":false,""sender"":""user""}","{""noise_0"":1,""noise_1"":0,""noise_2"":0,""noise_3"":1}",True,REENTRANT_WITHDRAWAL,,,True,True,True,True,2,0
reentrancy-wrapper-4,"{""amount"":1,""reenter"":true,""sender"":""user""}","{""noise_0"":1,""noise_1"":0,""noise_2"":0,""noise_3"":1}",True,REENTRANT_WITHDRAWAL,REENTRANT_WITHDRAWAL,,True,True,True,True,2,0
reentrancy-wrapper-4,"{""amount"":2,""reenter"":false,""sender"":""user""}","{""noise_0"":1,""noise_1"":0,""noise_2"":0,""noise_3"":1}",True,REENTRANT_WITHDRAWAL,,,True,True,True,True,2,0
reentrancy-wrapper-4,"{""amount"":2,""reenter"":true,""sender"":""user""}","{""noise_0"":1,""noise_1"":0,""noise_2"":0,""noise_3"":1}",True,REENTRANT_WITHDRAWAL,REENTRANT_WITHDRAWAL,,True,True,True,True,2,0
reentrancy-wrapper-4,"{""amount"":1,""reenter"":false,""sender"":""user""}","{""noise_0"":1,""noise_1"":0,""noise_2"":1,""noise_3"":0}",True,REENTRANT_WITHDRAWAL,,,True,True,True,True,2,0
reentrancy-wrapper-4,"{""amount"":1,""reenter"":true,""sender"":""user""}","{""noise_0"":1,""noise_1"":0,""noise_2"":1,""noise_3"":0}",True,REENTRANT_WITHDRAWAL,REENTRANT_WITHDRAWAL,,True,True,True,True,2,0
reentrancy-wrapper-4,"{""amount"":2,""reenter"":false,""sender"":""user""}","{""noise_0"":1,""noise_1"":0,""noise_2"":1,""noise_3"":0}",True,REENTRANT_WITHDRAWAL,,,True,True,True,True,2,0
reentrancy-wrapper-4,"{""amount"":2,""reenter"":true,""sender"":""user""}","{""noise_0"":1,""noise_1"":0,""noise_2"":1,""noise_3"":0}",True,REENTRANT_WITHDRAWAL,REENTRANT_WITHDRAWAL,,True,True,True,True,2,0
reentrancy-wrapper-4,"{""amount"":1,""reenter"":false,""sender"":""user""}","{""noise_0"":1,""noise_1"":0,""noise_2"":1,""noise_3"":1}",True,REENTRANT_WITHDRAWAL,,,True,True,True,True,2,0
reentrancy-wrapper-4,"{""amount"":1,""reenter"":true,""sender"":""user""}","{""noise_0"":1,""noise_1"":0,""noise_2"":1,""noise_3"":1}",True,REENTRANT_WITHDRAWAL,REENTRANT_WITHDRAWAL,,True,True,True,True,2,0
reentrancy-wrapper-4,"{""amount"":2,""reenter"":false,""sender"":""user""}","{""noise_0"":1,""noise_1"":0,""noise_2"":1,""noise_3"":1}",True,REENTRANT_WITHDRAWAL,,,True,True,True,True,2,0
reentrancy-wrapper-4,"{""amount"":2,""reenter"":true,""sender"":""user""}","{""noise_0"":1,""noise_1"":0,""noise_2"":1,""noise_3"":1}",True,REENTRANT_WITHDRAWAL,REENTRANT_WITHDRAWAL,,True,True,True,True,2,0
reentrancy-wrapper-4,"{""amount"":1,""reenter"":false,""sender"":""user""}","{""noise_0"":1,""noise_1"":1,""noise_2"":0,""noise_3"":0}",True,REENTRANT_WITHDRAWAL,,,True,True,True,True,2,0
reentrancy-wrapper-4,"{""amount"":1,""reenter"":true,""sender"":""user""}","{""noise_0"":1,""noise_1"":1,""noise_2"":0,""noise_3"":0}",True,REENTRANT_WITHDRAWAL,REENTRANT_WITHDRAWAL,,True,True,True,True,2,0
reentrancy-wrapper-4,"{""amount"":2,""reenter"":false,""sender"":""user""}","{""noise_0"":1,""noise_1"":1,""noise_2"":0,""noise_3"":0}",True,REENTRANT_WITHDRAWAL,,,True,True,True,True,2,0
reentrancy-wrapper-4,"{""amount"":2,""reenter"":true,""sender"":""user""}","{""noise_0"":1,""noise_1"":1,""noise_2"":0,""noise_3"":0}",True,REENTRANT_WITHDRAWAL,REENTRANT_WITHDRAWAL,,True,True,True,True,2,0
reentrancy-wrapper-4,"{""amount"":1,""reenter"":false,""sender"":""user""}","{""noise_0"":1,""noise_1"":1,""noise_2"":0,""noise_3"":1}",True,REENTRANT_WITHDRAWAL,,,True,True,True,True,2,0
reentrancy-wrapper-4,"{""amount"":1,""reenter"":true,""sender"":""user""}","{""noise_0"":1,""noise_1"":1,""noise_2"":0,""noise_3"":1}",True,REENTRANT_WITHDRAWAL,REENTRANT_WITHDRAWAL,,True,True,True,True,2,0
reentrancy-wrapper-4,"{""amount"":2,""reenter"":false,""sender"":""user""}","{""noise_0"":1,""noise_1"":1,""noise_2"":0,""noise_3"":1}",True,REENTRANT_WITHDRAWAL,,,True,True,True,True,2,0
reentrancy-wrapper-4,"{""amount"":2,""reenter"":true,""sender"":""user""}","{""noise_0"":1,""noise_1"":1,""noise_2"":0,""noise_3"":1}",True,REENTRANT_WITHDRAWAL,REENTRANT_WITHDRAWAL,,True,True,True,True,2,0
reentrancy-wrapper-4,"{""amount"":1,""reenter"":false,""sender"":""user""}","{""noise_0"":1,""noise_1"":1,""noise_2"":1,""noise_3"":0}",True,REENTRANT_WITHDRAWAL,,,True,True,True,True,2,0
reentrancy-wrapper-4,"{""amount"":1,""reenter"":true,""sender"":""user""}","{""noise_0"":1,""noise_1"":1,""noise_2"":1,""noise_3"":0}",True,REENTRANT_WITHDRAWAL,REENTRANT_WITHDRAWAL,,True,True,True,True,2,0
reentrancy-wrapper-4,"{""amount"":2,""reenter"":false,""sender"":""user""}","{""noise_0"":1,""noise_1"":1,""noise_2"":1,""noise_3"":0}",True,REENTRANT_WITHDRAWAL,,,True,True,True,True,2,0
reentrancy-wrapper-4,"{""amount"":2,""reenter"":true,""sender"":""user""}","{""noise_0"":1,""noise_1"":1,""noise_2"":1,""noise_3"":0}",True,REENTRANT_WITHDRAWAL,REENTRANT_WITHDRAWAL,,True,True,True,True,2,0
reentrancy-wrapper-4,"{""amount"":1,""reenter"":false,""sender"":""user""}","{""noise_0"":1,""noise_1"":1,""noise_2"":1,""noise_3"":1}",True,REENTRANT_WITHDRAWAL,,,True,True,True,True,2,0
reentrancy-wrapper-4,"{""amount"":1,""reenter"":true,""sender"":""user""}","{""noise_0"":1,""noise_1"":1,""noise_2"":1,""noise_3"":1}",True,REENTRANT_WITHDRAWAL,REENTRANT_WITHDRAWAL,,True,True,True,True,2,0
reentrancy-wrapper-4,"{""amount"":2,""reenter"":false,""sender"":""user""}","{""noise_0"":1,""noise_1"":1,""noise_2"":1,""noise_3"":1}",True,REENTRANT_WITHDRAWAL,,,True,True,True,True,2,0
reentrancy-wrapper-4,"{""amount"":2,""reenter"":true,""sender"":""user""}","{""noise_0"":1,""noise_1"":1,""noise_2"":1,""noise_3"":1}",True,REENTRANT_WITHDRAWAL,REENTRANT_WITHDRAWAL,,True,True,True,True,2,0
reentrancy-wrapper-5,"{""amount"":1,""reenter"":false,""sender"":""user""}","{""noise_0"":0,""noise_1"":0,""noise_2"":0,""noise_3"":0}",True,REENTRANT_WITHDRAWAL,,,True,True,True,True,2,0
reentrancy-wrapper-5,"{""amount"":1,""reenter"":true,""sender"":""user""}","{""noise_0"":0,""noise_1"":0,""noise_2"":0,""noise_3"":0}",True,REENTRANT_WITHDRAWAL,REENTRANT_WITHDRAWAL,,True,True,True,True,2,0
reentrancy-wrapper-5,"{""amount"":2,""reenter"":false,""sender"":""user""}","{""noise_0"":0,""noise_1"":0,""noise_2"":0,""noise_3"":0}",True,REENTRANT_WITHDRAWAL,,,True,True,True,True,2,0
reentrancy-wrapper-5,"{""amount"":2,""reenter"":true,""sender"":""user""}","{""noise_0"":0,""noise_1"":0,""noise_2"":0,""noise_3"":0}",True,REENTRANT_WITHDRAWAL,REENTRANT_WITHDRAWAL,,True,True,True,True,2,0
reentrancy-wrapper-5,"{""amount"":1,""reenter"":false,""sender"":""user""}","{""noise_0"":0,""noise_1"":0,""noise_2"":0,""noise_3"":1}",True,REENTRANT_WITHDRAWAL,,,True,True,True,True,2,0
reentrancy-wrapper-5,"{""amount"":1,""reenter"":true,""sender"":""user""}","{""noise_0"":0,""noise_1"":0,""noise_2"":0,""noise_3"":1}",True,REENTRANT_WITHDRAWAL,REENTRANT_WITHDRAWAL,,True,True,True,True,2,0
reentrancy-wrapper-5,"{""amount"":2,""reenter"":false,""sender"":""user""}","{""noise_0"":0,""noise_1"":0,""noise_2"":0,""noise_3"":1}",True,REENTRANT_WITHDRAWAL,,,True,True,True,True,2,0
reentrancy-wrapper-5,"{""amount"":2,""reenter"":true,""sender"":""user""}","{""noise_0"":0,""noise_1"":0,""noise_2"":0,""noise_3"":1}",True,REENTRANT_WITHDRAWAL,REENTRANT_WITHDRAWAL,,True,True,True,True,2,0
reentrancy-wrapper-5,"{""amount"":1,""reenter"":false,""sender"":""user""}","{""noise_0"":0,""noise_1"":0,""noise_2"":1,""noise_3"":0}",True,REENTRANT_WITHDRAWAL,,,True,True,True,True,2,0
reentrancy-wrapper-5,"{""amount"":1,""reenter"":true,""sender"":""user""}","{""noise_0"":0,""noise_1"":0,""noise_2"":1,""noise_3"":0}",True,REENTRANT_WITHDRAWAL,REENTRANT_WITHDRAWAL,,True,True,True,True,2,0
reentrancy-wrapper-5,"{""amount"":2,""reenter"":false,""sender"":""user""}","{""noise_0"":0,""noise_1"":0,""noise_2"":1,""noise_3"":0}",True,REENTRANT_WITHDRAWAL,,,True,True,True,True,2,0
reentrancy-wrapper-5,"{""amount"":2,""reenter"":true,""sender"":""user""}","{""noise_0"":0,""noise_1"":0,""noise_2"":1,""noise_3"":0}",True,REENTRANT_WITHDRAWAL,REENTRANT_WITHDRAWAL,,True,True,True,True,2,0
reentrancy-wrapper-5,"{""amount"":1,""reenter"":false,""sender"":""user""}","{""noise_0"":0,""noise_1"":0,""noise_2"":1,""noise_3"":1}",True,REENTRANT_WITHDRAWAL,,,True,True,True,True,2,0
reentrancy-wrapper-5,"{""amount"":1,""reenter"":true,""sender"":""user""}","{""noise_0"":0,""noise_1"":0,""noise_2"":1,""noise_3"":1}",True,REENTRANT_WITHDRAWAL,REENTRANT_WITHDRAWAL,,True,True,True,True,2,0
reentrancy-wrapper-5,"{""amount"":2,""reenter"":false,""sender"":""user""}","{""noise_0"":0,""noise_1"":0,""noise_2"":1,""noise_3"":1}",True,REENTRANT_WITHDRAWAL,,,True,True,True,True,2,0
reentrancy-wrapper-5,"{""amount"":2,""reenter"":true,""sender"":""user""}","{""noise_0"":0,""noise_1"":0,""noise_2"":1,""noise_3"":1}",True,REENTRANT_WITHDRAWAL,REENTRANT_WITHDRAWAL,,True,True,True,True,2,0
reentrancy-wrapper-5,"{""amount"":1,""reenter"":false,""sender"":""user""}","{""noise_0"":0,""noise_1"":1,""noise_2"":0,""noise_3"":0}",True,REENTRANT_WITHDRAWAL,,,True,True,True,True,2,0
reentrancy-wrapper-5,"{""amount"":1,""reenter"":true,""sender"":""user""}","{""noise_0"":0,""noise_1"":1,""noise_2"":0,""noise_3"":0}",True,REENTRANT_WITHDRAWAL,REENTRANT_WITHDRAWAL,,True,True,True,True,2,0
reentrancy-wrapper-5,"{""amount"":2,""reenter"":false,""sender"":""user""}","{""noise_0"":0,""noise_1"":1,""noise_2"":0,""noise_3"":0}",True,REENTRANT_WITHDRAWAL,,,True,True,True,True,2,0
reentrancy-wrapper-5,"{""amount"":2,""reenter"":true,""sender"":""user""}","{""noise_0"":0,""noise_1"":1,""noise_2"":0,""noise_3"":0}",True,REENTRANT_WITHDRAWAL,REENTRANT_WITHDRAWAL,,True,True,True,True,2,0
reentrancy-wrapper-5,"{""amount"":1,""reenter"":false,""sender"":""user""}","{""noise_0"":0,""noise_1"":1,""noise_2"":0,""noise_3"":1}",True,REENTRANT_WITHDRAWAL,,,True,True,True,True,2,0
reentrancy-wrapper-5,"{""amount"":1,""reenter"":true,""sender"":""user""}","{""noise_0"":0,""noise_1"":1,""noise_2"":0,""noise_3"":1}",True,REENTRANT_WITHDRAWAL,REENTRANT_WITHDRAWAL,,True,True,True,True,2,0
reentrancy-wrapper-5,"{""amount"":2,""reenter"":false,""sender"":""user""}","{""noise_0"":0,""noise_1"":1,""noise_2"":0,""noise_3"":1}",True,REENTRANT_WITHDRAWAL,,,True,True,True,True,2,0
reentrancy-wrapper-5,"{""amount"":2,""reenter"":true,""sender"":""user""}","{""noise_0"":0,""noise_1"":1,""noise_2"":0,""noise_3"":1}",True,REENTRANT_WITHDRAWAL,REENTRANT_WITHDRAWAL,,True,True,True,True,2,0
reentrancy-wrapper-5,"{""amount"":1,""reenter"":false,""sender"":""user""}","{""noise_0"":0,""noise_1"":1,""noise_2"":1,""noise_3"":0}",True,REENTRANT_WITHDRAWAL,,,True,True,True,True,2,0
reentrancy-wrapper-5,"{""amount"":1,""reenter"":true,""sender"":""user""}","{""noise_0"":0,""noise_1"":1,""noise_2"":1,""noise_3"":0}",True,REENTRANT_WITHDRAWAL,REENTRANT_WITHDRAWAL,,True,True,True,True,2,0
reentrancy-wrapper-5,"{""amount"":2,""reenter"":false,""sender"":""user""}","{""noise_0"":0,""noise_1"":1,""noise_2"":1,""noise_3"":0}",True,REENTRANT_WITHDRAWAL,,,True,True,True,True,2,0
reentrancy-wrapper-5,"{""amount"":2,""reenter"":true,""sender"":""user""}","{""noise_0"":0,""noise_1"":1,""noise_2"":1,""noise_3"":0}",True,REENTRANT_WITHDRAWAL,REENTRANT_WITHDRAWAL,,True,True,True,True,2,0
reentrancy-wrapper-5,"{""amount"":1,""reenter"":false,""sender"":""user""}","{""noise_0"":0,""noise_1"":1,""noise_2"":1,""noise_3"":1}",True,REENTRANT_WITHDRAWAL,,,True,True,True,True,2,0
reentrancy-wrapper-5,"{""amount"":1,""reenter"":true,""sender"":""user""}","{""noise_0"":0,""noise_1"":1,""noise_2"":1,""noise_3"":1}",True,REENTRANT_WITHDRAWAL,REENTRANT_WITHDRAWAL,,True,True,True,True,2,0
reentrancy-wrapper-5,"{""amount"":2,""reenter"":false,""sender"":""user""}","{""noise_0"":0,""noise_1"":1,""noise_2"":1,""noise_3"":1}",True,REENTRANT_WITHDRAWAL,,,True,True,True,True,2,0
reentrancy-wrapper-5,"{""amount"":2,""reenter"":true,""sender"":""user""}","{""noise_0"":0,""noise_1"":1,""noise_2"":1,""noise_3"":1}",True,REENTRANT_WITHDRAWAL,REENTRANT_WITHDRAWAL,,True,True,True,True,2,0
reentrancy-wrapper-5,"{""amount"":1,""reenter"":false,""sender"":""user""}","{""noise_0"":1,""noise_1"":0,""noise_2"":0,""noise_3"":0}",True,REENTRANT_WITHDRAWAL,,,True,True,True,True,2,0
reentrancy-wrapper-5,"{""amount"":1,""reenter"":true,""sender"":""user""}","{""noise_0"":1,""noise_1"":0,""noise_2"":0,""noise_3"":0}",True,REENTRANT_WITHDRAWAL,REENTRANT_WITHDRAWAL,,True,True,True,True,2,0
reentrancy-wrapper-5,"{""amount"":2,""reenter"":false,""sender"":""user""}","{""noise_0"":1,""noise_1"":0,""noise_2"":0,""noise_3"":0}",True,REENTRANT_WITHDRAWAL,,,True,True,True,True,2,0
reentrancy-wrapper-5,"{""amount"":2,""reenter"":true,""sender"":""user""}","{""noise_0"":1,""noise_1"":0,""noise_2"":0,""noise_3"":0}",True,REENTRANT_WITHDRAWAL,REENTRANT_WITHDRAWAL,,True,True,True,True,2,0
reentrancy-wrapper-5,"{""amount"":1,""reenter"":false,""sender"":""user""}","{""noise_0"":1,""noise_1"":0,""noise_2"":0,""noise_3"":1}",True,REENTRANT_WITHDRAWAL,,,True,True,True,True,2,0
reentrancy-wrapper-5,"{""amount"":1,""reenter"":true,""sender"":""user""}","{""noise_0"":1,""noise_1"":0,""noise_2"":0,""noise_3"":1}",True,REENTRANT_WITHDRAWAL,REENTRANT_WITHDRAWAL,,True,True,True,True,2,0
reentrancy-wrapper-5,"{""amount"":2,""reenter"":false,""sender"":""user""}","{""noise_0"":1,""noise_1"":0,""noise_2"":0,""noise_3"":1}",True,REENTRANT_WITHDRAWAL,,,True,True,True,True,2,0
reentrancy-wrapper-5,"{""amount"":2,""reenter"":true,""sender"":""user""}","{""noise_0"":1,""noise_1"":0,""noise_2"":0,""noise_3"":1}",True,REENTRANT_WITHDRAWAL,REENTRANT_WITHDRAWAL,,True,True,True,True,2,0
reentrancy-wrapper-5,"{""amount"":1,""reenter"":false,""sender"":""user""}","{""noise_0"":1,""noise_1"":0,""noise_2"":1,""noise_3"":0}",True,REENTRANT_WITHDRAWAL,,,True,True,True,True,2,0
reentrancy-wrapper-5,"{""amount"":1,""reenter"":true,""sender"":""user""}","{""noise_0"":1,""noise_1"":0,""noise_2"":1,""noise_3"":0}",True,REENTRANT_WITHDRAWAL,REENTRANT_WITHDRAWAL,,True,True,True,True,2,0
reentrancy-wrapper-5,"{""amount"":2,""reenter"":false,""sender"":""user""}","{""noise_0"":1,""noise_1"":0,""noise_2"":1,""noise_3"":0}",True,REENTRANT_WITHDRAWAL,,,True,True,True,True,2,0
reentrancy-wrapper-5,"{""amount"":2,""reenter"":true,""sender"":""user""}","{""noise_0"":1,""noise_1"":0,""noise_2"":1,""noise_3"":0}",True,REENTRANT_WITHDRAWAL,REENTRANT_WITHDRAWAL,,True,True,True,True,2,0
reentrancy-wrapper-5,"{""amount"":1,""reenter"":false,""sender"":""user""}","{""noise_0"":1,""noise_1"":0,""noise_2"":1,""noise_3"":1}",True,REENTRANT_WITHDRAWAL,,,True,True,True,True,2,0
reentrancy-wrapper-5,"{""amount"":1,""reenter"":true,""sender"":""user""}","{""noise_0"":1,""noise_1"":0,""noise_2"":1,""noise_3"":1}",True,REENTRANT_WITHDRAWAL,REENTRANT_WITHDRAWAL,,True,True,True,True,2,0
reentrancy-wrapper-5,"{""amount"":2,""reenter"":false,""sender"":""user""}","{""noise_0"":1,""noise_1"":0,""noise_2"":1,""noise_3"":1}",True,REENTRANT_WITHDRAWAL,,,True,True,True,True,2,0
reentrancy-wrapper-5,"{""amount"":2,""reenter"":true,""sender"":""user""}","{""noise_0"":1,""noise_1"":0,""noise_2"":1,""noise_3"":1}",True,REENTRANT_WITHDRAWAL,REENTRANT_WITHDRAWAL,,True,True,True,True,2,0
reentrancy-wrapper-5,"{""amount"":1,""reenter"":false,""sender"":""user""}","{""noise_0"":1,""noise_1"":1,""noise_2"":0,""noise_3"":0}",True,REENTRANT_WITHDRAWAL,,,True,True,True,True,2,0
reentrancy-wrapper-5,"{""amount"":1,""reenter"":true,""sender"":""user""}","{""noise_0"":1,""noise_1"":1,""noise_2"":0,""noise_3"":0}",True,REENTRANT_WITHDRAWAL,REENTRANT_WITHDRAWAL,,True,True,True,True,2,0
reentrancy-wrapper-5,"{""amount"":2,""reenter"":false,""sender"":""user""}","{""noise_0"":1,""noise_1"":1,""noise_2"":0,""noise_3"":0}",True,REENTRANT_WITHDRAWAL,,,True,True,True,True,2,0
reentrancy-wrapper-5,"{""amount"":2,""reenter"":true,""sender"":""user""}","{""noise_0"":1,""noise_1"":1,""noise_2"":0,""noise_3"":0}",True,REENTRANT_WITHDRAWAL,REENTRANT_WITHDRAWAL,,True,True,True,True,2,0
reentrancy-wrapper-5,"{""amount"":1,""reenter"":false,""sender"":""user""}","{""noise_0"":1,""noise_1"":1,""noise_2"":0,""noise_3"":1}",True,REENTRANT_WITHDRAWAL,,,True,True,True,True,2,0
reentrancy-wrapper-5,"{""amount"":1,""reenter"":true,""sender"":""user""}","{""noise_0"":1,""noise_1"":1,""noise_2"":0,""noise_3"":1}",True,REENTRANT_WITHDRAWAL,REENTRANT_WITHDRAWAL,,True,True,True,True,2,0
reentrancy-wrapper-5,"{""amount"":2,""reenter"":false,""sender"":""user""}","{""noise_0"":1,""noise_1"":1,""noise_2"":0,""noise_3"":1}",True,REENTRANT_WITHDRAWAL,,,True,True,True,True,2,0
reentrancy-wrapper-5,"{""amount"":2,""reenter"":true,""sender"":""user""}","{""noise_0"":1,""noise_1"":1,""noise_2"":0,""noise_3"":1}",True,REENTRANT_WITHDRAWAL,REENTRANT_WITHDRAWAL,,True,True,True,True,2,0
reentrancy-wrapper-5,"{""amount"":1,""reenter"":false,""sender"":""user""}","{""noise_0"":1,""noise_1"":1,""noise_2"":1,""noise_3"":0}",True,REENTRANT_WITHDRAWAL,,,True,True,True,True,2,0
reentrancy-wrapper-5,"{""amount"":1,""reenter"":true,""sender"":""user""}","{""noise_0"":1,""noise_1"":1,""noise_2"":1,""noise_3"":0}",True,REENTRANT_WITHDRAWAL,REENTRANT_WITHDRAWAL,,True,True,True,True,2,0
reentrancy-wrapper-5,"{""amount"":2,""reenter"":false,""sender"":""user""}","{""noise_0"":1,""noise_1"":1,""noise_2"":1,""noise_3"":0}",True,REENTRANT_WITHDRAWAL,,,True,True,True,True,2,0
reentrancy-wrapper-5,"{""amount"":2,""reenter"":true,""sender"":""user""}","{""noise_0"":1,""noise_1"":1,""noise_2"":1,""noise_3"":0}",True,REENTRANT_WITHDRAWAL,REENTRANT_WITHDRAWAL,,True,True,True,True,2,0
reentrancy-wrapper-5,"{""amount"":1,""reenter"":false,""sender"":""user""}","{""noise_0"":1,""noise_1"":1,""noise_2"":1,""noise_3"":1}",True,REENTRANT_WITHDRAWAL,,,True,True,True,True,2,0
reentrancy-wrapper-5,"{""amount"":1,""reenter"":true,""sender"":""user""}","{""noise_0"":1,""noise_1"":1,""noise_2"":1,""noise_3"":1}",True,REENTRANT_WITHDRAWAL,REENTRANT_WITHDRAWAL,,True,True,True,True,2,0
reentrancy-wrapper-5,"{""amount"":2,""reenter"":false,""sender"":""user""}","{""noise_0"":1,""noise_1"":1,""noise_2"":1,""noise_3"":1}",True,REENTRANT_WITHDRAWAL,,,True,True,True,True,2,0
reentrancy-wrapper-5,"{""amount"":2,""reenter"":true,""sender"":""user""}","{""noise_0"":1,""noise_1"":1,""noise_2"":1,""noise_3"":1}",True,REENTRANT_WITHDRAWAL,REENTRANT_WITHDRAWAL,,True,True,True,True,2,0
unchecked_call-wrapper-0,"{""call_ok"":false,""value"":0}","{""noise_0"":0,""noise_1"":0,""noise_2"":0,""noise_3"":0}",True,UNCHECKED_CALL_FAILURE,UNCHECKED_CALL_FAILURE,,True,True,True,True,2,0
unchecked_call-wrapper-0,"{""call_ok"":false,""value"":1}","{""noise_0"":0,""noise_1"":0,""noise_2"":0,""noise_3"":0}",True,UNCHECKED_CALL_FAILURE,UNCHECKED_CALL_FAILURE,,True,True,True,True,2,0
unchecked_call-wrapper-0,"{""call_ok"":true,""value"":0}","{""noise_0"":0,""noise_1"":0,""noise_2"":0,""noise_3"":0}",True,UNCHECKED_CALL_FAILURE,,,True,True,True,True,2,0
unchecked_call-wrapper-0,"{""call_ok"":true,""value"":1}","{""noise_0"":0,""noise_1"":0,""noise_2"":0,""noise_3"":0}",True,UNCHECKED_CALL_FAILURE,,,True,True,True,True,2,0
unchecked_call-wrapper-0,"{""call_ok"":false,""value"":0}","{""noise_0"":0,""noise_1"":0,""noise_2"":0,""noise_3"":1}",True,UNCHECKED_CALL_FAILURE,UNCHECKED_CALL_FAILURE,,True,True,True,True,2,0
unchecked_call-wrapper-0,"{""call_ok"":false,""value"":1}","{""noise_0"":0,""noise_1"":0,""noise_2"":0,""noise_3"":1}",True,UNCHECKED_CALL_FAILURE,UNCHECKED_CALL_FAILURE,,True,True,True,True,2,0
unchecked_call-wrapper-0,"{""call_ok"":true,""value"":0}","{""noise_0"":0,""noise_1"":0,""noise_2"":0,""noise_3"":1}",True,UNCHECKED_CALL_FAILURE,,,True,True,True,True,2,0
unchecked_call-wrapper-0,"{""call_ok"":true,""value"":1}","{""noise_0"":0,""noise_1"":0,""noise_2"":0,""noise_3"":1}",True,UNCHECKED_CALL_FAILURE,,,True,True,True,True,2,0
unchecked_call-wrapper-0,"{""call_ok"":false,""value"":0}","{""noise_0"":0,""noise_1"":0,""noise_2"":1,""noise_3"":0}",True,UNCHECKED_CALL_FAILURE,UNCHECKED_CALL_FAILURE,,True,True,True,True,2,0
unchecked_call-wrapper-0,"{""call_ok"":false,""value"":1}","{""noise_0"":0,""noise_1"":0,""noise_2"":1,""noise_3"":0}",True,UNCHECKED_CALL_FAILURE,UNCHECKED_CALL_FAILURE,,True,True,True,True,2,0
unchecked_call-wrapper-0,"{""call_ok"":true,""value"":0}","{""noise_0"":0,""noise_1"":0,""noise_2"":1,""noise_3"":0}",True,UNCHECKED_CALL_FAILURE,,,True,True,True,True,2,0
unchecked_call-wrapper-0,"{""call_ok"":true,""value"":1}","{""noise_0"":0,""noise_1"":0,""noise_2"":1,""noise_3"":0}",True,UNCHECKED_CALL_FAILURE,,,True,True,True,True,2,0
unchecked_call-wrapper-0,"{""call_ok"":false,""value"":0}","{""noise_0"":0,""noise_1"":0,""noise_2"":1,""noise_3"":1}",True,UNCHECKED_CALL_FAILURE,UNCHECKED_CALL_FAILURE,,True,True,True,True,2,0
unchecked_call-wrapper-0,"{""call_ok"":false,""value"":1}","{""noise_0"":0,""noise_1"":0,""noise_2"":1,""noise_3"":1}",True,UNCHECKED_CALL_FAILURE,UNCHECKED_CALL_FAILURE,,True,True,True,True,2,0
unchecked_call-wrapper-0,"{""call_ok"":true,""value"":0}","{""noise_0"":0,""noise_1"":0,""noise_2"":1,""noise_3"":1}",True,UNCHECKED_CALL_FAILURE,,,True,True,True,True,2,0
unchecked_call-wrapper-0,"{""call_ok"":true,""value"":1}","{""noise_0"":0,""noise_1"":0,""noise_2"":1,""noise_3"":1}",True,UNCHECKED_CALL_FAILURE,,,True,True,True,True,2,0
unchecked_call-wrapper-0,"{""call_ok"":false,""value"":0}","{""noise_0"":0,""noise_1"":1,""noise_2"":0,""noise_3"":0}",True,UNCHECKED_CALL_FAILURE,UNCHECKED_CALL_FAILURE,,True,True,True,True,2,0
unchecked_call-wrapper-0,"{""call_ok"":false,""value"":1}","{""noise_0"":0,""noise_1"":1,""noise_2"":0,""noise_3"":0}",True,UNCHECKED_CALL_FAILURE,UNCHECKED_CALL_FAILURE,,True,True,True,True,2,0
unchecked_call-wrapper-0,"{""call_ok"":true,""value"":0}","{""noise_0"":0,""noise_1"":1,""noise_2"":0,""noise_3"":0}",True,UNCHECKED_CALL_FAILURE,,,True,True,True,True,2,0
unchecked_call-wrapper-0,"{""call_ok"":true,""value"":1}","{""noise_0"":0,""noise_1"":1,""noise_2"":0,""noise_3"":0}",True,UNCHECKED_CALL_FAILURE,,,True,True,True,True,2,0
unchecked_call-wrapper-0,"{""call_ok"":false,""value"":0}","{""noise_0"":0,""noise_1"":1,""noise_2"":0,""noise_3"":1}",True,UNCHECKED_CALL_FAILURE,UNCHECKED_CALL_FAILURE,,True,True,True,True,2,0
unchecked_call-wrapper-0,"{""call_ok"":false,""value"":1}","{""noise_0"":0,""noise_1"":1,""noise_2"":0,""noise_3"":1}",True,UNCHECKED_CALL_FAILURE,UNCHECKED_CALL_FAILURE,,True,True,True,True,2,0
unchecked_call-wrapper-0,"{""call_ok"":true,""value"":0}","{""noise_0"":0,""noise_1"":1,""noise_2"":0,""noise_3"":1}",True,UNCHECKED_CALL_FAILURE,,,True,True,True,True,2,0
unchecked_call-wrapper-0,"{""call_ok"":true,""value"":1}","{""noise_0"":0,""noise_1"":1,""noise_2"":0,""noise_3"":1}",True,UNCHECKED_CALL_FAILURE,,,True,True,True,True,2,0
unchecked_call-wrapper-0,"{""call_ok"":false,""value"":0}","{""noise_0"":0,""noise_1"":1,""noise_2"":1,""noise_3"":0}",True,UNCHECKED_CALL_FAILURE,UNCHECKED_CALL_FAILURE,,True,True,True,True,2,0
unchecked_call-wrapper-0,"{""call_ok"":false,""value"":1}","{""noise_0"":0,""noise_1"":1,""noise_2"":1,""noise_3"":0}",True,UNCHECKED_CALL_FAILURE,UNCHECKED_CALL_FAILURE,,True,True,True,True,2,0
unchecked_call-wrapper-0,"{""call_ok"":true,""value"":0}","{""noise_0"":0,""noise_1"":1,""noise_2"":1,""noise_3"":0}",True,UNCHECKED_CALL_FAILURE,,,True,True,True,True,2,0
unchecked_call-wrapper-0,"{""call_ok"":true,""value"":1}","{""noise_0"":0,""noise_1"":1,""noise_2"":1,""noise_3"":0}",True,UNCHECKED_CALL_FAILURE,,,True,True,True,True,2,0
unchecked_call-wrapper-0,"{""call_ok"":false,""value"":0}","{""noise_0"":0,""noise_1"":1,""noise_2"":1,""noise_3"":1}",True,UNCHECKED_CALL_FAILURE,UNCHECKED_CALL_FAILURE,,True,True,True,True,2,0
unchecked_call-wrapper-0,"{""call_ok"":false,""value"":1}","{""noise_0"":0,""noise_1"":1,""noise_2"":1,""noise_3"":1}",True,UNCHECKED_CALL_FAILURE,UNCHECKED_CALL_FAILURE,,True,True,True,True,2,0
unchecked_call-wrapper-0,"{""call_ok"":true,""value"":0}","{""noise_0"":0,""noise_1"":1,""noise_2"":1,""noise_3"":1}",True,UNCHECKED_CALL_FAILURE,,,True,True,True,True,2,0
unchecked_call-wrapper-0,"{""call_ok"":true,""value"":1}","{""noise_0"":0,""noise_1"":1,""noise_2"":1,""noise_3"":1}",True,UNCHECKED_CALL_FAILURE,,,True,True,True,True,2,0
unchecked_call-wrapper-0,"{""call_ok"":false,""value"":0}","{""noise_0"":1,""noise_1"":0,""noise_2"":0,""noise_3"":0}",True,UNCHECKED_CALL_FAILURE,UNCHECKED_CALL_FAILURE,,True,True,True,True,2,0
unchecked_call-wrapper-0,"{""call_ok"":false,""value"":1}","{""noise_0"":1,""noise_1"":0,""noise_2"":0,""noise_3"":0}",True,UNCHECKED_CALL_FAILURE,UNCHECKED_CALL_FAILURE,,True,True,True,True,2,0
unchecked_call-wrapper-0,"{""call_ok"":true,""value"":0}","{""noise_0"":1,""noise_1"":0,""noise_2"":0,""noise_3"":0}",True,UNCHECKED_CALL_FAILURE,,,True,True,True,True,2,0
unchecked_call-wrapper-0,"{""call_ok"":true,""value"":1}","{""noise_0"":1,""noise_1"":0,""noise_2"":0,""noise_3"":0}",True,UNCHECKED_CALL_FAILURE,,,True,True,True,True,2,0
unchecked_call-wrapper-0,"{""call_ok"":false,""value"":0}","{""noise_0"":1,""noise_1"":0,""noise_2"":0,""noise_3"":1}",True,UNCHECKED_CALL_FAILURE,UNCHECKED_CALL_FAILURE,,True,True,True,True,2,0
unchecked_call-wrapper-0,"{""call_ok"":false,""value"":1}","{""noise_0"":1,""noise_1"":0,""noise_2"":0,""noise_3"":1}",True,UNCHECKED_CALL_FAILURE,UNCHECKED_CALL_FAILURE,,True,True,True,True,2,0
unchecked_call-wrapper-0,"{""call_ok"":true,""value"":0}","{""noise_0"":1,""noise_1"":0,""noise_2"":0,""noise_3"":1}",True,UNCHECKED_CALL_FAILURE,,,True,True,True,True,2,0
unchecked_call-wrapper-0,"{""call_ok"":true,""value"":1}","{""noise_0"":1,""noise_1"":0,""noise_2"":0,""noise_3"":1}",True,UNCHECKED_CALL_FAILURE,,,True,True,True,True,2,0
unchecked_call-wrapper-0,"{""call_ok"":false,""value"":0}","{""noise_0"":1,""noise_1"":0,""noise_2"":1,""noise_3"":0}",True,UNCHECKED_CALL_FAILURE,UNCHECKED_CALL_FAILURE,,True,True,True,True,2,0
unchecked_call-wrapper-0,"{""call_ok"":false,""value"":1}","{""noise_0"":1,""noise_1"":0,""noise_2"":1,""noise_3"":0}",True,UNCHECKED_CALL_FAILURE,UNCHECKED_CALL_FAILURE,,True,True,True,True,2,0
unchecked_call-wrapper-0,"{""call_ok"":true,""value"":0}","{""noise_0"":1,""noise_1"":0,""noise_2"":1,""noise_3"":0}",True,UNCHECKED_CALL_FAILURE,,,True,True,True,True,2,0
unchecked_call-wrapper-0,"{""call_ok"":true,""value"":1}","{""noise_0"":1,""noise_1"":0,""noise_2"":1,""noise_3"":0}",True,UNCHECKED_CALL_FAILURE,,,True,True,True,True,2,0
unchecked_call-wrapper-0,"{""call_ok"":false,""value"":0}","{""noise_0"":1,""noise_1"":0,""noise_2"":1,""noise_3"":1}",True,UNCHECKED_CALL_FAILURE,UNCHECKED_CALL_FAILURE,,True,True,True,True,2,0
unchecked_call-wrapper-0,"{""call_ok"":false,""value"":1}","{""noise_0"":1,""noise_1"":0,""noise_2"":1,""noise_3"":1}",True,UNCHECKED_CALL_FAILURE,UNCHECKED_CALL_FAILURE,,True,True,True,True,2,0
unchecked_call-wrapper-0,"{""call_ok"":true,""value"":0}","{""noise_0"":1,""noise_1"":0,""noise_2"":1,""noise_3"":1}",True,UNCHECKED_CALL_FAILURE,,,True,True,True,True,2,0
unchecked_call-wrapper-0,"{""call_ok"":true,""value"":1}","{""noise_0"":1,""noise_1"":0,""noise_2"":1,""noise_3"":1}",True,UNCHECKED_CALL_FAILURE,,,True,True,True,True,2,0
unchecked_call-wrapper-0,"{""call_ok"":false,""value"":0}","{""noise_0"":1,""noise_1"":1,""noise_2"":0,""noise_3"":0}",True,UNCHECKED_CALL_FAILURE,UNCHECKED_CALL_FAILURE,,True,True,True,True,2,0
unchecked_call-wrapper-0,"{""call_ok"":false,""value"":1}","{""noise_0"":1,""noise_1"":1,""noise_2"":0,""noise_3"":0}",True,UNCHECKED_CALL_FAILURE,UNCHECKED_CALL_FAILURE,,True,True,True,True,2,0
unchecked_call-wrapper-0,"{""call_ok"":true,""value"":0}","{""noise_0"":1,""noise_1"":1,""noise_2"":0,""noise_3"":0}",True,UNCHECKED_CALL_FAILURE,,,True,True,True,True,2,0
unchecked_call-wrapper-0,"{""call_ok"":true,""value"":1}","{""noise_0"":1,""noise_1"":1,""noise_2"":0,""noise_3"":0}",True,UNCHECKED_CALL_FAILURE,,,True,True,True,True,2,0
unchecked_call-wrapper-0,"{""call_ok"":false,""value"":0}","{""noise_0"":1,""noise_1"":1,""noise_2"":0,""noise_3"":1}",True,UNCHECKED_CALL_FAILURE,UNCHECKED_CALL_FAILURE,,True,True,True,True,2,0
unchecked_call-wrapper-0,"{""call_ok"":false,""value"":1}","{""noise_0"":1,""noise_1"":1,""noise_2"":0,""noise_3"":1}",True,UNCHECKED_CALL_FAILURE,UNCHECKED_CALL_FAILURE,,True,True,True,True,2,0
unchecked_call-wrapper-0,"{""call_ok"":true,""value"":0}","{""noise_0"":1,""noise_1"":1,""noise_2"":0,""noise_3"":1}",True,UNCHECKED_CALL_FAILURE,,,True,True,True,True,2,0
unchecked_call-wrapper-0,"{""call_ok"":true,""value"":1}","{""noise_0"":1,""noise_1"":1,""noise_2"":0,""noise_3"":1}",True,UNCHECKED_CALL_FAILURE,,,True,True,True,True,2,0
unchecked_call-wrapper-0,"{""call_ok"":false,""value"":0}","{""noise_0"":1,""noise_1"":1,""noise_2"":1,""noise_3"":0}",True,UNCHECKED_CALL_FAILURE,UNCHECKED_CALL_FAILURE,,True,True,True,True,2,0
unchecked_call-wrapper-0,"{""call_ok"":false,""value"":1}","{""noise_0"":1,""noise_1"":1,""noise_2"":1,""noise_3"":0}",True,UNCHECKED_CALL_FAILURE,UNCHECKED_CALL_FAILURE,,True,True,True,True,2,0
unchecked_call-wrapper-0,"{""call_ok"":true,""value"":0}","{""noise_0"":1,""noise_1"":1,""noise_2"":1,""noise_3"":0}",True,UNCHECKED_CALL_FAILURE,,,True,True,True,True,2,0
unchecked_call-wrapper-0,"{""call_ok"":true,""value"":1}","{""noise_0"":1,""noise_1"":1,""noise_2"":1,""noise_3"":0}",True,UNCHECKED_CALL_FAILURE,,,True,True,True,True,2,0
unchecked_call-wrapper-0,"{""call_ok"":false,""value"":0}","{""noise_0"":1,""noise_1"":1,""noise_2"":1,""noise_3"":1}",True,UNCHECKED_CALL_FAILURE,UNCHECKED_CALL_FAILURE,,True,True,True,True,2,0
unchecked_call-wrapper-0,"{""call_ok"":false,""value"":1}","{""noise_0"":1,""noise_1"":1,""noise_2"":1,""noise_3"":1}",True,UNCHECKED_CALL_FAILURE,UNCHECKED_CALL_FAILURE,,True,True,True,True,2,0
unchecked_call-wrapper-0,"{""call_ok"":true,""value"":0}","{""noise_0"":1,""noise_1"":1,""noise_2"":1,""noise_3"":1}",True,UNCHECKED_CALL_FAILURE,,,True,True,True,True,2,0
unchecked_call-wrapper-0,"{""call_ok"":true,""value"":1}","{""noise_0"":1,""noise_1"":1,""noise_2"":1,""noise_3"":1}",True,UNCHECKED_CALL_FAILURE,,,True,True,True,True,2,0
unchecked_call-wrapper-1,"{""call_ok"":false,""value"":0}","{""noise_0"":0,""noise_1"":0,""noise_2"":0,""noise_3"":0}",True,UNCHECKED_CALL_FAILURE,UNCHECKED_CALL_FAILURE,,True,True,True,True,2,0
unchecked_call-wrapper-1,"{""call_ok"":false,""value"":1}","{""noise_0"":0,""noise_1"":0,""noise_2"":0,""noise_3"":0}",True,UNCHECKED_CALL_FAILURE,UNCHECKED_CALL_FAILURE,,True,True,True,True,2,0
unchecked_call-wrapper-1,"{""call_ok"":true,""value"":0}","{""noise_0"":0,""noise_1"":0,""noise_2"":0,""noise_3"":0}",True,UNCHECKED_CALL_FAILURE,,,True,True,True,True,2,0
unchecked_call-wrapper-1,"{""call_ok"":true,""value"":1}","{""noise_0"":0,""noise_1"":0,""noise_2"":0,""noise_3"":0}",True,UNCHECKED_CALL_FAILURE,,,True,True,True,True,2,0
unchecked_call-wrapper-1,"{""call_ok"":false,""value"":0}","{""noise_0"":0,""noise_1"":0,""noise_2"":0,""noise_3"":1}",True,UNCHECKED_CALL_FAILURE,UNCHECKED_CALL_FAILURE,,True,True,True,True,2,0
unchecked_call-wrapper-1,"{""call_ok"":false,""value"":1}","{""noise_0"":0,""noise_1"":0,""noise_2"":0,""noise_3"":1}",True,UNCHECKED_CALL_FAILURE,UNCHECKED_CALL_FAILURE,,True,True,True,True,2,0
unchecked_call-wrapper-1,"{""call_ok"":true,""value"":0}","{""noise_0"":0,""noise_1"":0,""noise_2"":0,""noise_3"":1}",True,UNCHECKED_CALL_FAILURE,,,True,True,True,True,2,0
unchecked_call-wrapper-1,"{""call_ok"":true,""value"":1}","{""noise_0"":0,""noise_1"":0,""noise_2"":0,""noise_3"":1}",True,UNCHECKED_CALL_FAILURE,,,True,True,True,True,2,0
unchecked_call-wrapper-1,"{""call_ok"":false,""value"":0}","{""noise_0"":0,""noise_1"":0,""noise_2"":1,""noise_3"":0}",True,UNCHECKED_CALL_FAILURE,UNCHECKED_CALL_FAILURE,,True,True,True,True,2,0
unchecked_call-wrapper-1,"{""call_ok"":false,""value"":1}","{""noise_0"":0,""noise_1"":0,""noise_2"":1,""noise_3"":0}",True,UNCHECKED_CALL_FAILURE,UNCHECKED_CALL_FAILURE,,True,True,True,True,2,0
unchecked_call-wrapper-1,"{""call_ok"":true,""value"":0}","{""noise_0"":0,""noise_1"":0,""noise_2"":1,""noise_3"":0}",True,UNCHECKED_CALL_FAILURE,,,True,True,True,True,2,0
unchecked_call-wrapper-1,"{""call_ok"":true,""value"":1}","{""noise_0"":0,""noise_1"":0,""noise_2"":1,""noise_3"":0}",True,UNCHECKED_CALL_FAILURE,,,True,True,True,True,2,0
unchecked_call-wrapper-1,"{""call_ok"":false,""value"":0}","{""noise_0"":0,""noise_1"":0,""noise_2"":1,""noise_3"":1}",True,UNCHECKED_CALL_FAILURE,UNCHECKED_CALL_FAILURE,,True,True,True,True,2,0
unchecked_call-wrapper-1,"{""call_ok"":false,""value"":1}","{""noise_0"":0,""noise_1"":0,""noise_2"":1,""noise_3"":1}",True,UNCHECKED_CALL_FAILURE,UNCHECKED_CALL_FAILURE,,True,True,True,True,2,0
unchecked_call-wrapper-1,"{""call_ok"":true,""value"":0}","{""noise_0"":0,""noise_1"":0,""noise_2"":1,""noise_3"":1}",True,UNCHECKED_CALL_FAILURE,,,True,True,True,True,2,0
unchecked_call-wrapper-1,"{""call_ok"":true,""value"":1}","{""noise_0"":0,""noise_1"":0,""noise_2"":1,""noise_3"":1}",True,UNCHECKED_CALL_FAILURE,,,True,True,True,True,2,0
unchecked_call-wrapper-1,"{""call_ok"":false,""value"":0}","{""noise_0"":0,""noise_1"":1,""noise_2"":0,""noise_3"":0}",True,UNCHECKED_CALL_FAILURE,UNCHECKED_CALL_FAILURE,,True,True,True,True,2,0
unchecked_call-wrapper-1,"{""call_ok"":false,""value"":1}","{""noise_0"":0,""noise_1"":1,""noise_2"":0,""noise_3"":0}",True,UNCHECKED_CALL_FAILURE,UNCHECKED_CALL_FAILURE,,True,True,True,True,2,0
unchecked_call-wrapper-1,"{""call_ok"":true,""value"":0}","{""noise_0"":0,""noise_1"":1,""noise_2"":0,""noise_3"":0}",True,UNCHECKED_CALL_FAILURE,,,True,True,True,True,2,0
unchecked_call-wrapper-1,"{""call_ok"":true,""value"":1}","{""noise_0"":0,""noise_1"":1,""noise_2"":0,""noise_3"":0}",True,UNCHECKED_CALL_FAILURE,,,True,True,True,True,2,0
unchecked_call-wrapper-1,"{""call_ok"":false,""value"":0}","{""noise_0"":0,""noise_1"":1,""noise_2"":0,""noise_3"":1}",True,UNCHECKED_CALL_FAILURE,UNCHECKED_CALL_FAILURE,,True,True,True,True,2,0
unchecked_call-wrapper-1,"{""call_ok"":false,""value"":1}","{""noise_0"":0,""noise_1"":1,""noise_2"":0,""noise_3"":1}",True,UNCHECKED_CALL_FAILURE,UNCHECKED_CALL_FAILURE,,True,True,True,True,2,0
unchecked_call-wrapper-1,"{""call_ok"":true,""value"":0}","{""noise_0"":0,""noise_1"":1,""noise_2"":0,""noise_3"":1}",True,UNCHECKED_CALL_FAILURE,,,True,True,True,True,2,0
unchecked_call-wrapper-1,"{""call_ok"":true,""value"":1}","{""noise_0"":0,""noise_1"":1,""noise_2"":0,""noise_3"":1}",True,UNCHECKED_CALL_FAILURE,,,True,True,True,True,2,0
unchecked_call-wrapper-1,"{""call_ok"":false,""value"":0}","{""noise_0"":0,""noise_1"":1,""noise_2"":1,""noise_3"":0}",True,UNCHECKED_CALL_FAILURE,UNCHECKED_CALL_FAILURE,,True,True,True,True,2,0
unchecked_call-wrapper-1,"{""call_ok"":false,""value"":1}","{""noise_0"":0,""noise_1"":1,""noise_2"":1,""noise_3"":0}",True,UNCHECKED_CALL_FAILURE,UNCHECKED_CALL_FAILURE,,True,True,True,True,2,0
unchecked_call-wrapper-1,"{""call_ok"":true,""value"":0}","{""noise_0"":0,""noise_1"":1,""noise_2"":1,""noise_3"":0}",True,UNCHECKED_CALL_FAILURE,,,True,True,True,True,2,0
unchecked_call-wrapper-1,"{""call_ok"":true,""value"":1}","{""noise_0"":0,""noise_1"":1,""noise_2"":1,""noise_3"":0}",True,UNCHECKED_CALL_FAILURE,,,True,True,True,True,2,0
unchecked_call-wrapper-1,"{""call_ok"":false,""value"":0}","{""noise_0"":0,""noise_1"":1,""noise_2"":1,""noise_3"":1}",True,UNCHECKED_CALL_FAILURE,UNCHECKED_CALL_FAILURE,,True,True,True,True,2,0
unchecked_call-wrapper-1,"{""call_ok"":false,""value"":1}","{""noise_0"":0,""noise_1"":1,""noise_2"":1,""noise_3"":1}",True,UNCHECKED_CALL_FAILURE,UNCHECKED_CALL_FAILURE,,True,True,True,True,2,0
unchecked_call-wrapper-1,"{""call_ok"":true,""value"":0}","{""noise_0"":0,""noise_1"":1,""noise_2"":1,""noise_3"":1}",True,UNCHECKED_CALL_FAILURE,,,True,True,True,True,2,0
unchecked_call-wrapper-1,"{""call_ok"":true,""value"":1}","{""noise_0"":0,""noise_1"":1,""noise_2"":1,""noise_3"":1}",True,UNCHECKED_CALL_FAILURE,,,True,True,True,True,2,0
unchecked_call-wrapper-1,"{""call_ok"":false,""value"":0}","{""noise_0"":1,""noise_1"":0,""noise_2"":0,""noise_3"":0}",True,UNCHECKED_CALL_FAILURE,UNCHECKED_CALL_FAILURE,,True,True,True,True,2,0
unchecked_call-wrapper-1,"{""call_ok"":false,""value"":1}","{""noise_0"":1,""noise_1"":0,""noise_2"":0,""noise_3"":0}",True,UNCHECKED_CALL_FAILURE,UNCHECKED_CALL_FAILURE,,True,True,True,True,2,0
unchecked_call-wrapper-1,"{""call_ok"":true,""value"":0}","{""noise_0"":1,""noise_1"":0,""noise_2"":0,""noise_3"":0}",True,UNCHECKED_CALL_FAILURE,,,True,True,True,True,2,0
unchecked_call-wrapper-1,"{""call_ok"":true,""value"":1}","{""noise_0"":1,""noise_1"":0,""noise_2"":0,""noise_3"":0}",True,UNCHECKED_CALL_FAILURE,,,True,True,True,True,2,0
unchecked_call-wrapper-1,"{""call_ok"":false,""value"":0}","{""noise_0"":1,""noise_1"":0,""noise_2"":0,""noise_3"":1}",True,UNCHECKED_CALL_FAILURE,UNCHECKED_CALL_FAILURE,,True,True,True,True,2,0
unchecked_call-wrapper-1,"{""call_ok"":false,""value"":1}","{""noise_0"":1,""noise_1"":0,""noise_2"":0,""noise_3"":1}",True,UNCHECKED_CALL_FAILURE,UNCHECKED_CALL_FAILURE,,True,True,True,True,2,0
unchecked_call-wrapper-1,"{""call_ok"":true,""value"":0}","{""noise_0"":1,""noise_1"":0,""noise_2"":0,""noise_3"":1}",True,UNCHECKED_CALL_FAILURE,,,True,True,True,True,2,0
unchecked_call-wrapper-1,"{""call_ok"":true,""value"":1}","{""noise_0"":1,""noise_1"":0,""noise_2"":0,""noise_3"":1}",True,UNCHECKED_CALL_FAILURE,,,True,True,True,True,2,0
unchecked_call-wrapper-1,"{""call_ok"":false,""value"":0}","{""noise_0"":1,""noise_1"":0,""noise_2"":1,""noise_3"":0}",True,UNCHECKED_CALL_FAILURE,UNCHECKED_CALL_FAILURE,,True,True,True,True,2,0
unchecked_call-wrapper-1,"{""call_ok"":false,""value"":1}","{""noise_0"":1,""noise_1"":0,""noise_2"":1,""noise_3"":0}",True,UNCHECKED_CALL_FAILURE,UNCHECKED_CALL_FAILURE,,True,True,True,True,2,0
unchecked_call-wrapper-1,"{""call_ok"":true,""value"":0}","{""noise_0"":1,""noise_1"":0,""noise_2"":1,""noise_3"":0}",True,UNCHECKED_CALL_FAILURE,,,True,True,True,True,2,0
unchecked_call-wrapper-1,"{""call_ok"":true,""value"":1}","{""noise_0"":1,""noise_1"":0,""noise_2"":1,""noise_3"":0}",True,UNCHECKED_CALL_FAILURE,,,True,True,True,True,2,0
unchecked_call-wrapper-1,"{""call_ok"":false,""value"":0}","{""noise_0"":1,""noise_1"":0,""noise_2"":1,""noise_3"":1}",True,UNCHECKED_CALL_FAILURE,UNCHECKED_CALL_FAILURE,,True,True,True,True,2,0
unchecked_call-wrapper-1,"{""call_ok"":false,""value"":1}","{""noise_0"":1,""noise_1"":0,""noise_2"":1,""noise_3"":1}",True,UNCHECKED_CALL_FAILURE,UNCHECKED_CALL_FAILURE,,True,True,True,True,2,0
unchecked_call-wrapper-1,"{""call_ok"":true,""value"":0}","{""noise_0"":1,""noise_1"":0,""noise_2"":1,""noise_3"":1}",True,UNCHECKED_CALL_FAILURE,,,True,True,True,True,2,0
unchecked_call-wrapper-1,"{""call_ok"":true,""value"":1}","{""noise_0"":1,""noise_1"":0,""noise_2"":1,""noise_3"":1}",True,UNCHECKED_CALL_FAILURE,,,True,True,True,True,2,0
unchecked_call-wrapper-1,"{""call_ok"":false,""value"":0}","{""noise_0"":1,""noise_1"":1,""noise_2"":0,""noise_3"":0}",True,UNCHECKED_CALL_FAILURE,UNCHECKED_CALL_FAILURE,,True,True,True,True,2,0
unchecked_call-wrapper-1,"{""call_ok"":false,""value"":1}","{""noise_0"":1,""noise_1"":1,""noise_2"":0,""noise_3"":0}",True,UNCHECKED_CALL_FAILURE,UNCHECKED_CALL_FAILURE,,True,True,True,True,2,0
unchecked_call-wrapper-1,"{""call_ok"":true,""value"":0}","{""noise_0"":1,""noise_1"":1,""noise_2"":0,""noise_3"":0}",True,UNCHECKED_CALL_FAILURE,,,True,True,True,True,2,0
unchecked_call-wrapper-1,"{""call_ok"":true,""value"":1}","{""noise_0"":1,""noise_1"":1,""noise_2"":0,""noise_3"":0}",True,UNCHECKED_CALL_FAILURE,,,True,True,True,True,2,0
unchecked_call-wrapper-1,"{""call_ok"":false,""value"":0}","{""noise_0"":1,""noise_1"":1,""noise_2"":0,""noise_3"":1}",True,UNCHECKED_CALL_FAILURE,UNCHECKED_CALL_FAILURE,,True,True,True,True,2,0
unchecked_call-wrapper-1,"{""call_ok"":false,""value"":1}","{""noise_0"":1,""noise_1"":1,""noise_2"":0,""noise_3"":1}",True,UNCHECKED_CALL_FAILURE,UNCHECKED_CALL_FAILURE,,True,True,True,True,2,0
unchecked_call-wrapper-1,"{""call_ok"":true,""value"":0}","{""noise_0"":1,""noise_1"":1,""noise_2"":0,""noise_3"":1}",True,UNCHECKED_CALL_FAILURE,,,True,True,True,True,2,0
unchecked_call-wrapper-1,"{""call_ok"":true,""value"":1}","{""noise_0"":1,""noise_1"":1,""noise_2"":0,""noise_3"":1}",True,UNCHECKED_CALL_FAILURE,,,True,True,True,True,2,0
unchecked_call-wrapper-1,"{""call_ok"":false,""value"":0}","{""noise_0"":1,""noise_1"":1,""noise_2"":1,""noise_3"":0}",True,UNCHECKED_CALL_FAILURE,UNCHECKED_CALL_FAILURE,,True,True,True,True,2,0
unchecked_call-wrapper-1,"{""call_ok"":false,""value"":1}","{""noise_0"":1,""noise_1"":1,""noise_2"":1,""noise_3"":0}",True,UNCHECKED_CALL_FAILURE,UNCHECKED_CALL_FAILURE,,True,True,True,True,2,0
unchecked_call-wrapper-1,"{""call_ok"":true,""value"":0}","{""noise_0"":1,""noise_1"":1,""noise_2"":1,""noise_3"":0}",True,UNCHECKED_CALL_FAILURE,,,True,True,True,True,2,0
unchecked_call-wrapper-1,"{""call_ok"":true,""value"":1}","{""noise_0"":1,""noise_1"":1,""noise_2"":1,""noise_3"":0}",True,UNCHECKED_CALL_FAILURE,,,True,True,True,True,2,0
unchecked_call-wrapper-1,"{""call_ok"":false,""value"":0}","{""noise_0"":1,""noise_1"":1,""noise_2"":1,""noise_3"":1}",True,UNCHECKED_CALL_FAILURE,UNCHECKED_CALL_FAILURE,,True,True,True,True,2,0
unchecked_call-wrapper-1,"{""call_ok"":false,""value"":1}","{""noise_0"":1,""noise_1"":1,""noise_2"":1,""noise_3"":1}",True,UNCHECKED_CALL_FAILURE,UNCHECKED_CALL_FAILURE,,True,True,True,True,2,0
unchecked_call-wrapper-1,"{""call_ok"":true,""value"":0}","{""noise_0"":1,""noise_1"":1,""noise_2"":1,""noise_3"":1}",True,UNCHECKED_CALL_FAILURE,,,True,True,True,True,2,0
unchecked_call-wrapper-1,"{""call_ok"":true,""value"":1}","{""noise_0"":1,""noise_1"":1,""noise_2"":1,""noise_3"":1}",True,UNCHECKED_CALL_FAILURE,,,True,True,True,True,2,0
unchecked_call-wrapper-2,"{""call_ok"":false,""value"":0}","{""noise_0"":0,""noise_1"":0,""noise_2"":0,""noise_3"":0}",True,UNCHECKED_CALL_FAILURE,UNCHECKED_CALL_FAILURE,,True,True,True,True,2,0
unchecked_call-wrapper-2,"{""call_ok"":false,""value"":1}","{""noise_0"":0,""noise_1"":0,""noise_2"":0,""noise_3"":0}",True,UNCHECKED_CALL_FAILURE,UNCHECKED_CALL_FAILURE,,True,True,True,True,2,0
unchecked_call-wrapper-2,"{""call_ok"":true,""value"":0}","{""noise_0"":0,""noise_1"":0,""noise_2"":0,""noise_3"":0}",True,UNCHECKED_CALL_FAILURE,,,True,True,True,True,2,0
unchecked_call-wrapper-2,"{""call_ok"":true,""value"":1}","{""noise_0"":0,""noise_1"":0,""noise_2"":0,""noise_3"":0}",True,UNCHECKED_CALL_FAILURE,,,True,True,True,True,2,0
unchecked_call-wrapper-2,"{""call_ok"":false,""value"":0}","{""noise_0"":0,""noise_1"":0,""noise_2"":0,""noise_3"":1}",True,UNCHECKED_CALL_FAILURE,UNCHECKED_CALL_FAILURE,,True,True,True,True,2,0
unchecked_call-wrapper-2,"{""call_ok"":false,""value"":1}","{""noise_0"":0,""noise_1"":0,""noise_2"":0,""noise_3"":1}",True,UNCHECKED_CALL_FAILURE,UNCHECKED_CALL_FAILURE,,True,True,True,True,2,0
unchecked_call-wrapper-2,"{""call_ok"":true,""value"":0}","{""noise_0"":0,""noise_1"":0,""noise_2"":0,""noise_3"":1}",True,UNCHECKED_CALL_FAILURE,,,True,True,True,True,2,0
unchecked_call-wrapper-2,"{""call_ok"":true,""value"":1}","{""noise_0"":0,""noise_1"":0,""noise_2"":0,""noise_3"":1}",True,UNCHECKED_CALL_FAILURE,,,True,True,True,True,2,0
unchecked_call-wrapper-2,"{""call_ok"":false,""value"":0}","{""noise_0"":0,""noise_1"":0,""noise_2"":1,""noise_3"":0}",True,UNCHECKED_CALL_FAILURE,UNCHECKED_CALL_FAILURE,,True,True,True,True,2,0
unchecked_call-wrapper-2,"{""call_ok"":false,""value"":1}","{""noise_0"":0,""noise_1"":0,""noise_2"":1,""noise_3"":0}",True,UNCHECKED_CALL_FAILURE,UNCHECKED_CALL_FAILURE,,True,True,True,True,2,0
unchecked_call-wrapper-2,"{""call_ok"":true,""value"":0}","{""noise_0"":0,""noise_1"":0,""noise_2"":1,""noise_3"":0}",True,UNCHECKED_CALL_FAILURE,,,True,True,True,True,2,0
unchecked_call-wrapper-2,"{""call_ok"":true,""value"":1}","{""noise_0"":0,""noise_1"":0,""noise_2"":1,""noise_3"":0}",True,UNCHECKED_CALL_FAILURE,,,True,True,True,True,2,0
unchecked_call-wrapper-2,"{""call_ok"":false,""value"":0}","{""noise_0"":0,""noise_1"":0,""noise_2"":1,""noise_3"":1}",True,UNCHECKED_CALL_FAILURE,UNCHECKED_CALL_FAILURE,,True,True,True,True,2,0
unchecked_call-wrapper-2,"{""call_ok"":false,""value"":1}","{""noise_0"":0,""noise_1"":0,""noise_2"":1,""noise_3"":1}",True,UNCHECKED_CALL_FAILURE,UNCHECKED_CALL_FAILURE,,True,True,True,True,2,0
unchecked_call-wrapper-2,"{""call_ok"":true,""value"":0}","{""noise_0"":0,""noise_1"":0,""noise_2"":1,""noise_3"":1}",True,UNCHECKED_CALL_FAILURE,,,True,True,True,True,2,0
unchecked_call-wrapper-2,"{""call_ok"":true,""value"":1}","{""noise_0"":0,""noise_1"":0,""noise_2"":1,""noise_3"":1}",True,UNCHECKED_CALL_FAILURE,,,True,True,True,True,2,0
unchecked_call-wrapper-2,"{""call_ok"":false,""value"":0}","{""noise_0"":0,""noise_1"":1,""noise_2"":0,""noise_3"":0}",True,UNCHECKED_CALL_FAILURE,UNCHECKED_CALL_FAILURE,,True,True,True,True,2,0
unchecked_call-wrapper-2,"{""call_ok"":false,""value"":1}","{""noise_0"":0,""noise_1"":1,""noise_2"":0,""noise_3"":0}",True,UNCHECKED_CALL_FAILURE,UNCHECKED_CALL_FAILURE,,True,True,True,True,2,0
unchecked_call-wrapper-2,"{""call_ok"":true,""value"":0}","{""noise_0"":0,""noise_1"":1,""noise_2"":0,""noise_3"":0}",True,UNCHECKED_CALL_FAILURE,,,True,True,True,True,2,0
unchecked_call-wrapper-2,"{""call_ok"":true,""value"":1}","{""noise_0"":0,""noise_1"":1,""noise_2"":0,""noise_3"":0}",True,UNCHECKED_CALL_FAILURE,,,True,True,True,True,2,0
unchecked_call-wrapper-2,"{""call_ok"":false,""value"":0}","{""noise_0"":0,""noise_1"":1,""noise_2"":0,""noise_3"":1}",True,UNCHECKED_CALL_FAILURE,UNCHECKED_CALL_FAILURE,,True,True,True,True,2,0
unchecked_call-wrapper-2,"{""call_ok"":false,""value"":1}","{""noise_0"":0,""noise_1"":1,""noise_2"":0,""noise_3"":1}",True,UNCHECKED_CALL_FAILURE,UNCHECKED_CALL_FAILURE,,True,True,True,True,2,0
unchecked_call-wrapper-2,"{""call_ok"":true,""value"":0}","{""noise_0"":0,""noise_1"":1,""noise_2"":0,""noise_3"":1}",True,UNCHECKED_CALL_FAILURE,,,True,True,True,True,2,0
unchecked_call-wrapper-2,"{""call_ok"":true,""value"":1}","{""noise_0"":0,""noise_1"":1,""noise_2"":0,""noise_3"":1}",True,UNCHECKED_CALL_FAILURE,,,True,True,True,True,2,0
unchecked_call-wrapper-2,"{""call_ok"":false,""value"":0}","{""noise_0"":0,""noise_1"":1,""noise_2"":1,""noise_3"":0}",True,UNCHECKED_CALL_FAILURE,UNCHECKED_CALL_FAILURE,,True,True,True,True,2,0
unchecked_call-wrapper-2,"{""call_ok"":false,""value"":1}","{""noise_0"":0,""noise_1"":1,""noise_2"":1,""noise_3"":0}",True,UNCHECKED_CALL_FAILURE,UNCHECKED_CALL_FAILURE,,True,True,True,True,2,0
unchecked_call-wrapper-2,"{""call_ok"":true,""value"":0}","{""noise_0"":0,""noise_1"":1,""noise_2"":1,""noise_3"":0}",True,UNCHECKED_CALL_FAILURE,,,True,True,True,True,2,0
unchecked_call-wrapper-2,"{""call_ok"":true,""value"":1}","{""noise_0"":0,""noise_1"":1,""noise_2"":1,""noise_3"":0}",True,UNCHECKED_CALL_FAILURE,,,True,True,True,True,2,0
unchecked_call-wrapper-2,"{""call_ok"":false,""value"":0}","{""noise_0"":0,""noise_1"":1,""noise_2"":1,""noise_3"":1}",True,UNCHECKED_CALL_FAILURE,UNCHECKED_CALL_FAILURE,,True,True,True,True,2,0
unchecked_call-wrapper-2,"{""call_ok"":false,""value"":1}","{""noise_0"":0,""noise_1"":1,""noise_2"":1,""noise_3"":1}",True,UNCHECKED_CALL_FAILURE,UNCHECKED_CALL_FAILURE,,True,True,True,True,2,0
unchecked_call-wrapper-2,"{""call_ok"":true,""value"":0}","{""noise_0"":0,""noise_1"":1,""noise_2"":1,""noise_3"":1}",True,UNCHECKED_CALL_FAILURE,,,True,True,True,True,2,0
unchecked_call-wrapper-2,"{""call_ok"":true,""value"":1}","{""noise_0"":0,""noise_1"":1,""noise_2"":1,""noise_3"":1}",True,UNCHECKED_CALL_FAILURE,,,True,True,True,True,2,0
unchecked_call-wrapper-2,"{""call_ok"":false,""value"":0}","{""noise_0"":1,""noise_1"":0,""noise_2"":0,""noise_3"":0}",True,UNCHECKED_CALL_FAILURE,UNCHECKED_CALL_FAILURE,,True,True,True,True,2,0
unchecked_call-wrapper-2,"{""call_ok"":false,""value"":1}","{""noise_0"":1,""noise_1"":0,""noise_2"":0,""noise_3"":0}",True,UNCHECKED_CALL_FAILURE,UNCHECKED_CALL_FAILURE,,True,True,True,True,2,0
unchecked_call-wrapper-2,"{""call_ok"":true,""value"":0}","{""noise_0"":1,""noise_1"":0,""noise_2"":0,""noise_3"":0}",True,UNCHECKED_CALL_FAILURE,,,True,True,True,True,2,0
unchecked_call-wrapper-2,"{""call_ok"":true,""value"":1}","{""noise_0"":1,""noise_1"":0,""noise_2"":0,""noise_3"":0}",True,UNCHECKED_CALL_FAILURE,,,True,True,True,True,2,0
unchecked_call-wrapper-2,"{""call_ok"":false,""value"":0}","{""noise_0"":1,""noise_1"":0,""noise_2"":0,""noise_3"":1}",True,UNCHECKED_CALL_FAILURE,UNCHECKED_CALL_FAILURE,,True,True,True,True,2,0
unchecked_call-wrapper-2,"{""call_ok"":false,""value"":1}","{""noise_0"":1,""noise_1"":0,""noise_2"":0,""noise_3"":1}",True,UNCHECKED_CALL_FAILURE,UNCHECKED_CALL_FAILURE,,True,True,True,True,2,0
unchecked_call-wrapper-2,"{""call_ok"":true,""value"":0}","{""noise_0"":1,""noise_1"":0,""noise_2"":0,""noise_3"":1}",True,UNCHECKED_CALL_FAILURE,,,True,True,True,True,2,0
unchecked_call-wrapper-2,"{""call_ok"":true,""value"":1}","{""noise_0"":1,""noise_1"":0,""noise_2"":0,""noise_3"":1}",True,UNCHECKED_CALL_FAILURE,,,True,True,True,True,2,0
unchecked_call-wrapper-2,"{""call_ok"":false,""value"":0}","{""noise_0"":1,""noise_1"":0,""noise_2"":1,""noise_3"":0}",True,UNCHECKED_CALL_FAILURE,UNCHECKED_CALL_FAILURE,,True,True,True,True,2,0
unchecked_call-wrapper-2,"{""call_ok"":false,""value"":1}","{""noise_0"":1,""noise_1"":0,""noise_2"":1,""noise_3"":0}",True,UNCHECKED_CALL_FAILURE,UNCHECKED_CALL_FAILURE,,True,True,True,True,2,0
unchecked_call-wrapper-2,"{""call_ok"":true,""value"":0}","{""noise_0"":1,""noise_1"":0,""noise_2"":1,""noise_3"":0}",True,UNCHECKED_CALL_FAILURE,,,True,True,True,True,2,0
unchecked_call-wrapper-2,"{""call_ok"":true,""value"":1}","{""noise_0"":1,""noise_1"":0,""noise_2"":1,""noise_3"":0}",True,UNCHECKED_CALL_FAILURE,,,True,True,True,True,2,0
unchecked_call-wrapper-2,"{""call_ok"":false,""value"":0}","{""noise_0"":1,""noise_1"":0,""noise_2"":1,""noise_3"":1}",True,UNCHECKED_CALL_FAILURE,UNCHECKED_CALL_FAILURE,,True,True,True,True,2,0
unchecked_call-wrapper-2,"{""call_ok"":false,""value"":1}","{""noise_0"":1,""noise_1"":0,""noise_2"":1,""noise_3"":1}",True,UNCHECKED_CALL_FAILURE,UNCHECKED_CALL_FAILURE,,True,True,True,True,2,0
unchecked_call-wrapper-2,"{""call_ok"":true,""value"":0}","{""noise_0"":1,""noise_1"":0,""noise_2"":1,""noise_3"":1}",True,UNCHECKED_CALL_FAILURE,,,True,True,True,True,2,0
unchecked_call-wrapper-2,"{""call_ok"":true,""value"":1}","{""noise_0"":1,""noise_1"":0,""noise_2"":1,""noise_3"":1}",True,UNCHECKED_CALL_FAILURE,,,True,True,True,True,2,0
unchecked_call-wrapper-2,"{""call_ok"":false,""value"":0}","{""noise_0"":1,""noise_1"":1,""noise_2"":0,""noise_3"":0}",True,UNCHECKED_CALL_FAILURE,UNCHECKED_CALL_FAILURE,,True,True,True,True,2,0
unchecked_call-wrapper-2,"{""call_ok"":false,""value"":1}","{""noise_0"":1,""noise_1"":1,""noise_2"":0,""noise_3"":0}",True,UNCHECKED_CALL_FAILURE,UNCHECKED_CALL_FAILURE,,True,True,True,True,2,0
unchecked_call-wrapper-2,"{""call_ok"":true,""value"":0}","{""noise_0"":1,""noise_1"":1,""noise_2"":0,""noise_3"":0}",True,UNCHECKED_CALL_FAILURE,,,True,True,True,True,2,0
unchecked_call-wrapper-2,"{""call_ok"":true,""value"":1}","{""noise_0"":1,""noise_1"":1,""noise_2"":0,""noise_3"":0}",True,UNCHECKED_CALL_FAILURE,,,True,True,True,True,2,0
unchecked_call-wrapper-2,"{""call_ok"":false,""value"":0}","{""noise_0"":1,""noise_1"":1,""noise_2"":0,""noise_3"":1}",True,UNCHECKED_CALL_FAILURE,UNCHECKED_CALL_FAILURE,,True,True,True,True,2,0
unchecked_call-wrapper-2,"{""call_ok"":false,""value"":1}","{""noise_0"":1,""noise_1"":1,""noise_2"":0,""noise_3"":1}",True,UNCHECKED_CALL_FAILURE,UNCHECKED_CALL_FAILURE,,True,True,True,True,2,0
unchecked_call-wrapper-2,"{""call_ok"":true,""value"":0}","{""noise_0"":1,""noise_1"":1,""noise_2"":0,""noise_3"":1}",True,UNCHECKED_CALL_FAILURE,,,True,True,True,True,2,0
unchecked_call-wrapper-2,"{""call_ok"":true,""value"":1}","{""noise_0"":1,""noise_1"":1,""noise_2"":0,""noise_3"":1}",True,UNCHECKED_CALL_FAILURE,,,True,True,True,True,2,0
unchecked_call-wrapper-2,"{""call_ok"":false,""value"":0}","{""noise_0"":1,""noise_1"":1,""noise_2"":1,""noise_3"":0}",True,UNCHECKED_CALL_FAILURE,UNCHECKED_CALL_FAILURE,,True,True,True,True,2,0
unchecked_call-wrapper-2,"{""call_ok"":false,""value"":1}","{""noise_0"":1,""noise_1"":1,""noise_2"":1,""noise_3"":0}",True,UNCHECKED_CALL_FAILURE,UNCHECKED_CALL_FAILURE,,True,True,True,True,2,0
unchecked_call-wrapper-2,"{""call_ok"":true,""value"":0}","{""noise_0"":1,""noise_1"":1,""noise_2"":1,""noise_3"":0}",True,UNCHECKED_CALL_FAILURE,,,True,True,True,True,2,0
unchecked_call-wrapper-2,"{""call_ok"":true,""value"":1}","{""noise_0"":1,""noise_1"":1,""noise_2"":1,""noise_3"":0}",True,UNCHECKED_CALL_FAILURE,,,True,True,True,True,2,0
unchecked_call-wrapper-2,"{""call_ok"":false,""value"":0}","{""noise_0"":1,""noise_1"":1,""noise_2"":1,""noise_3"":1}",True,UNCHECKED_CALL_FAILURE,UNCHECKED_CALL_FAILURE,,True,True,True,True,2,0
unchecked_call-wrapper-2,"{""call_ok"":false,""value"":1}","{""noise_0"":1,""noise_1"":1,""noise_2"":1,""noise_3"":1}",True,UNCHECKED_CALL_FAILURE,UNCHECKED_CALL_FAILURE,,True,True,True,True,2,0
unchecked_call-wrapper-2,"{""call_ok"":true,""value"":0}","{""noise_0"":1,""noise_1"":1,""noise_2"":1,""noise_3"":1}",True,UNCHECKED_CALL_FAILURE,,,True,True,True,True,2,0
unchecked_call-wrapper-2,"{""call_ok"":true,""value"":1}","{""noise_0"":1,""noise_1"":1,""noise_2"":1,""noise_3"":1}",True,UNCHECKED_CALL_FAILURE,,,True,True,True,True,2,0
unchecked_call-wrapper-3,"{""call_ok"":false,""value"":0}","{""noise_0"":0,""noise_1"":0,""noise_2"":0,""noise_3"":0}",True,UNCHECKED_CALL_FAILURE,UNCHECKED_CALL_FAILURE,,True,True,True,True,2,0
unchecked_call-wrapper-3,"{""call_ok"":false,""value"":1}","{""noise_0"":0,""noise_1"":0,""noise_2"":0,""noise_3"":0}",True,UNCHECKED_CALL_FAILURE,UNCHECKED_CALL_FAILURE,,True,True,True,True,2,0
unchecked_call-wrapper-3,"{""call_ok"":true,""value"":0}","{""noise_0"":0,""noise_1"":0,""noise_2"":0,""noise_3"":0}",True,UNCHECKED_CALL_FAILURE,,,True,True,True,True,2,0
unchecked_call-wrapper-3,"{""call_ok"":true,""value"":1}","{""noise_0"":0,""noise_1"":0,""noise_2"":0,""noise_3"":0}",True,UNCHECKED_CALL_FAILURE,,,True,True,True,True,2,0
unchecked_call-wrapper-3,"{""call_ok"":false,""value"":0}","{""noise_0"":0,""noise_1"":0,""noise_2"":0,""noise_3"":1}",True,UNCHECKED_CALL_FAILURE,UNCHECKED_CALL_FAILURE,,True,True,True,True,2,0
unchecked_call-wrapper-3,"{""call_ok"":false,""value"":1}","{""noise_0"":0,""noise_1"":0,""noise_2"":0,""noise_3"":1}",True,UNCHECKED_CALL_FAILURE,UNCHECKED_CALL_FAILURE,,True,True,True,True,2,0
unchecked_call-wrapper-3,"{""call_ok"":true,""value"":0}","{""noise_0"":0,""noise_1"":0,""noise_2"":0,""noise_3"":1}",True,UNCHECKED_CALL_FAILURE,,,True,True,True,True,2,0
unchecked_call-wrapper-3,"{""call_ok"":true,""value"":1}","{""noise_0"":0,""noise_1"":0,""noise_2"":0,""noise_3"":1}",True,UNCHECKED_CALL_FAILURE,,,True,True,True,True,2,0
unchecked_call-wrapper-3,"{""call_ok"":false,""value"":0}","{""noise_0"":0,""noise_1"":0,""noise_2"":1,""noise_3"":0}",True,UNCHECKED_CALL_FAILURE,UNCHECKED_CALL_FAILURE,,True,True,True,True,2,0
unchecked_call-wrapper-3,"{""call_ok"":false,""value"":1}","{""noise_0"":0,""noise_1"":0,""noise_2"":1,""noise_3"":0}",True,UNCHECKED_CALL_FAILURE,UNCHECKED_CALL_FAILURE,,True,True,True,True,2,0
unchecked_call-wrapper-3,"{""call_ok"":true,""value"":0}","{""noise_0"":0,""noise_1"":0,""noise_2"":1,""noise_3"":0}",True,UNCHECKED_CALL_FAILURE,,,True,True,True,True,2,0
unchecked_call-wrapper-3,"{""call_ok"":true,""value"":1}","{""noise_0"":0,""noise_1"":0,""noise_2"":1,""noise_3"":0}",True,UNCHECKED_CALL_FAILURE,,,True,True,True,True,2,0
unchecked_call-wrapper-3,"{""call_ok"":false,""value"":0}","{""noise_0"":0,""noise_1"":0,""noise_2"":1,""noise_3"":1}",True,UNCHECKED_CALL_FAILURE,UNCHECKED_CALL_FAILURE,,True,True,True,True,2,0
unchecked_call-wrapper-3,"{""call_ok"":false,""value"":1}","{""noise_0"":0,""noise_1"":0,""noise_2"":1,""noise_3"":1}",True,UNCHECKED_CALL_FAILURE,UNCHECKED_CALL_FAILURE,,True,True,True,True,2,0
unchecked_call-wrapper-3,"{""call_ok"":true,""value"":0}","{""noise_0"":0,""noise_1"":0,""noise_2"":1,""noise_3"":1}",True,UNCHECKED_CALL_FAILURE,,,True,True,True,True,2,0
unchecked_call-wrapper-3,"{""call_ok"":true,""value"":1}","{""noise_0"":0,""noise_1"":0,""noise_2"":1,""noise_3"":1}",True,UNCHECKED_CALL_FAILURE,,,True,True,True,True,2,0
unchecked_call-wrapper-3,"{""call_ok"":false,""value"":0}","{""noise_0"":0,""noise_1"":1,""noise_2"":0,""noise_3"":0}",True,UNCHECKED_CALL_FAILURE,UNCHECKED_CALL_FAILURE,,True,True,True,True,2,0
unchecked_call-wrapper-3,"{""call_ok"":false,""value"":1}","{""noise_0"":0,""noise_1"":1,""noise_2"":0,""noise_3"":0}",True,UNCHECKED_CALL_FAILURE,UNCHECKED_CALL_FAILURE,,True,True,True,True,2,0
unchecked_call-wrapper-3,"{""call_ok"":true,""value"":0}","{""noise_0"":0,""noise_1"":1,""noise_2"":0,""noise_3"":0}",True,UNCHECKED_CALL_FAILURE,,,True,True,True,True,2,0
unchecked_call-wrapper-3,"{""call_ok"":true,""value"":1}","{""noise_0"":0,""noise_1"":1,""noise_2"":0,""noise_3"":0}",True,UNCHECKED_CALL_FAILURE,,,True,True,True,True,2,0
unchecked_call-wrapper-3,"{""call_ok"":false,""value"":0}","{""noise_0"":0,""noise_1"":1,""noise_2"":0,""noise_3"":1}",True,UNCHECKED_CALL_FAILURE,UNCHECKED_CALL_FAILURE,,True,True,True,True,2,0
unchecked_call-wrapper-3,"{""call_ok"":false,""value"":1}","{""noise_0"":0,""noise_1"":1,""noise_2"":0,""noise_3"":1}",True,UNCHECKED_CALL_FAILURE,UNCHECKED_CALL_FAILURE,,True,True,True,True,2,0
unchecked_call-wrapper-3,"{""call_ok"":true,""value"":0}","{""noise_0"":0,""noise_1"":1,""noise_2"":0,""noise_3"":1}",True,UNCHECKED_CALL_FAILURE,,,True,True,True,True,2,0
unchecked_call-wrapper-3,"{""call_ok"":true,""value"":1}","{""noise_0"":0,""noise_1"":1,""noise_2"":0,""noise_3"":1}",True,UNCHECKED_CALL_FAILURE,,,True,True,True,True,2,0
unchecked_call-wrapper-3,"{""call_ok"":false,""value"":0}","{""noise_0"":0,""noise_1"":1,""noise_2"":1,""noise_3"":0}",True,UNCHECKED_CALL_FAILURE,UNCHECKED_CALL_FAILURE,,True,True,True,True,2,0
unchecked_call-wrapper-3,"{""call_ok"":false,""value"":1}","{""noise_0"":0,""noise_1"":1,""noise_2"":1,""noise_3"":0}",True,UNCHECKED_CALL_FAILURE,UNCHECKED_CALL_FAILURE,,True,True,True,True,2,0
unchecked_call-wrapper-3,"{""call_ok"":true,""value"":0}","{""noise_0"":0,""noise_1"":1,""noise_2"":1,""noise_3"":0}",True,UNCHECKED_CALL_FAILURE,,,True,True,True,True,2,0
unchecked_call-wrapper-3,"{""call_ok"":true,""value"":1}","{""noise_0"":0,""noise_1"":1,""noise_2"":1,""noise_3"":0}",True,UNCHECKED_CALL_FAILURE,,,True,True,True,True,2,0
unchecked_call-wrapper-3,"{""call_ok"":false,""value"":0}","{""noise_0"":0,""noise_1"":1,""noise_2"":1,""noise_3"":1}",True,UNCHECKED_CALL_FAILURE,UNCHECKED_CALL_FAILURE,,True,True,True,True,2,0
unchecked_call-wrapper-3,"{""call_ok"":false,""value"":1}","{""noise_0"":0,""noise_1"":1,""noise_2"":1,""noise_3"":1}",True,UNCHECKED_CALL_FAILURE,UNCHECKED_CALL_FAILURE,,True,True,True,True,2,0
unchecked_call-wrapper-3,"{""call_ok"":true,""value"":0}","{""noise_0"":0,""noise_1"":1,""noise_2"":1,""noise_3"":1}",True,UNCHECKED_CALL_FAILURE,,,True,True,True,True,2,0
unchecked_call-wrapper-3,"{""call_ok"":true,""value"":1}","{""noise_0"":0,""noise_1"":1,""noise_2"":1,""noise_3"":1}",True,UNCHECKED_CALL_FAILURE,,,True,True,True,True,2,0
unchecked_call-wrapper-3,"{""call_ok"":false,""value"":0}","{""noise_0"":1,""noise_1"":0,""noise_2"":0,""noise_3"":0}",True,UNCHECKED_CALL_FAILURE,UNCHECKED_CALL_FAILURE,,True,True,True,True,2,0
unchecked_call-wrapper-3,"{""call_ok"":false,""value"":1}","{""noise_0"":1,""noise_1"":0,""noise_2"":0,""noise_3"":0}",True,UNCHECKED_CALL_FAILURE,UNCHECKED_CALL_FAILURE,,True,True,True,True,2,0
unchecked_call-wrapper-3,"{""call_ok"":true,""value"":0}","{""noise_0"":1,""noise_1"":0,""noise_2"":0,""noise_3"":0}",True,UNCHECKED_CALL_FAILURE,,,True,True,True,True,2,0
unchecked_call-wrapper-3,"{""call_ok"":true,""value"":1}","{""noise_0"":1,""noise_1"":0,""noise_2"":0,""noise_3"":0}",True,UNCHECKED_CALL_FAILURE,,,True,True,True,True,2,0
unchecked_call-wrapper-3,"{""call_ok"":false,""value"":0}","{""noise_0"":1,""noise_1"":0,""noise_2"":0,""noise_3"":1}",True,UNCHECKED_CALL_FAILURE,UNCHECKED_CALL_FAILURE,,True,True,True,True,2,0
unchecked_call-wrapper-3,"{""call_ok"":false,""value"":1}","{""noise_0"":1,""noise_1"":0,""noise_2"":0,""noise_3"":1}",True,UNCHECKED_CALL_FAILURE,UNCHECKED_CALL_FAILURE,,True,True,True,True,2,0
unchecked_call-wrapper-3,"{""call_ok"":true,""value"":0}","{""noise_0"":1,""noise_1"":0,""noise_2"":0,""noise_3"":1}",True,UNCHECKED_CALL_FAILURE,,,True,True,True,True,2,0
unchecked_call-wrapper-3,"{""call_ok"":true,""value"":1}","{""noise_0"":1,""noise_1"":0,""noise_2"":0,""noise_3"":1}",True,UNCHECKED_CALL_FAILURE,,,True,True,True,True,2,0
unchecked_call-wrapper-3,"{""call_ok"":false,""value"":0}","{""noise_0"":1,""noise_1"":0,""noise_2"":1,""noise_3"":0}",True,UNCHECKED_CALL_FAILURE,UNCHECKED_CALL_FAILURE,,True,True,True,True,2,0
unchecked_call-wrapper-3,"{""call_ok"":false,""value"":1}","{""noise_0"":1,""noise_1"":0,""noise_2"":1,""noise_3"":0}",True,UNCHECKED_CALL_FAILURE,UNCHECKED_CALL_FAILURE,,True,True,True,True,2,0
unchecked_call-wrapper-3,"{""call_ok"":true,""value"":0}","{""noise_0"":1,""noise_1"":0,""noise_2"":1,""noise_3"":0}",True,UNCHECKED_CALL_FAILURE,,,True,True,True,True,2,0
unchecked_call-wrapper-3,"{""call_ok"":true,""value"":1}","{""noise_0"":1,""noise_1"":0,""noise_2"":1,""noise_3"":0}",True,UNCHECKED_CALL_FAILURE,,,True,True,True,True,2,0
unchecked_call-wrapper-3,"{""call_ok"":false,""value"":0}","{""noise_0"":1,""noise_1"":0,""noise_2"":1,""noise_3"":1}",True,UNCHECKED_CALL_FAILURE,UNCHECKED_CALL_FAILURE,,True,True,True,True,2,0
unchecked_call-wrapper-3,"{""call_ok"":false,""value"":1}","{""noise_0"":1,""noise_1"":0,""noise_2"":1,""noise_3"":1}",True,UNCHECKED_CALL_FAILURE,UNCHECKED_CALL_FAILURE,,True,True,True,True,2,0
unchecked_call-wrapper-3,"{""call_ok"":true,""value"":0}","{""noise_0"":1,""noise_1"":0,""noise_2"":1,""noise_3"":1}",True,UNCHECKED_CALL_FAILURE,,,True,True,True,True,2,0
unchecked_call-wrapper-3,"{""call_ok"":true,""value"":1}","{""noise_0"":1,""noise_1"":0,""noise_2"":1,""noise_3"":1}",True,UNCHECKED_CALL_FAILURE,,,True,True,True,True,2,0
unchecked_call-wrapper-3,"{""call_ok"":false,""value"":0}","{""noise_0"":1,""noise_1"":1,""noise_2"":0,""noise_3"":0}",True,UNCHECKED_CALL_FAILURE,UNCHECKED_CALL_FAILURE,,True,True,True,True,2,0
unchecked_call-wrapper-3,"{""call_ok"":false,""value"":1}","{""noise_0"":1,""noise_1"":1,""noise_2"":0,""noise_3"":0}",True,UNCHECKED_CALL_FAILURE,UNCHECKED_CALL_FAILURE,,True,True,True,True,2,0
unchecked_call-wrapper-3,"{""call_ok"":true,""value"":0}","{""noise_0"":1,""noise_1"":1,""noise_2"":0,""noise_3"":0}",True,UNCHECKED_CALL_FAILURE,,,True,True,True,True,2,0
unchecked_call-wrapper-3,"{""call_ok"":true,""value"":1}","{""noise_0"":1,""noise_1"":1,""noise_2"":0,""noise_3"":0}",True,UNCHECKED_CALL_FAILURE,,,True,True,True,True,2,0
unchecked_call-wrapper-3,"{""call_ok"":false,""value"":0}","{""noise_0"":1,""noise_1"":1,""noise_2"":0,""noise_3"":1}",True,UNCHECKED_CALL_FAILURE,UNCHECKED_CALL_FAILURE,,True,True,True,True,2,0
unchecked_call-wrapper-3,"{""call_ok"":false,""value"":1}","{""noise_0"":1,""noise_1"":1,""noise_2"":0,""noise_3"":1}",True,UNCHECKED_CALL_FAILURE,UNCHECKED_CALL_FAILURE,,True,True,True,True,2,0
unchecked_call-wrapper-3,"{""call_ok"":true,""value"":0}","{""noise_0"":1,""noise_1"":1,""noise_2"":0,""noise_3"":1}",True,UNCHECKED_CALL_FAILURE,,,True,True,True,True,2,0
unchecked_call-wrapper-3,"{""call_ok"":true,""value"":1}","{""noise_0"":1,""noise_1"":1,""noise_2"":0,""noise_3"":1}",True,UNCHECKED_CALL_FAILURE,,,True,True,True,True,2,0
unchecked_call-wrapper-3,"{""call_ok"":false,""value"":0}","{""noise_0"":1,""noise_1"":1,""noise_2"":1,""noise_3"":0}",True,UNCHECKED_CALL_FAILURE,UNCHECKED_CALL_FAILURE,,True,True,True,True,2,0
unchecked_call-wrapper-3,"{""call_ok"":false,""value"":1}","{""noise_0"":1,""noise_1"":1,""noise_2"":1,""noise_3"":0}",True,UNCHECKED_CALL_FAILURE,UNCHECKED_CALL_FAILURE,,True,True,True,True,2,0
unchecked_call-wrapper-3,"{""call_ok"":true,""value"":0}","{""noise_0"":1,""noise_1"":1,""noise_2"":1,""noise_3"":0}",True,UNCHECKED_CALL_FAILURE,,,True,True,True,True,2,0
unchecked_call-wrapper-3,"{""call_ok"":true,""value"":1}","{""noise_0"":1,""noise_1"":1,""noise_2"":1,""noise_3"":0}",True,UNCHECKED_CALL_FAILURE,,,True,True,True,True,2,0
unchecked_call-wrapper-3,"{""call_ok"":false,""value"":0}","{""noise_0"":1,""noise_1"":1,""noise_2"":1,""noise_3"":1}",True,UNCHECKED_CALL_FAILURE,UNCHECKED_CALL_FAILURE,,True,True,True,True,2,0
unchecked_call-wrapper-3,"{""call_ok"":false,""value"":1}","{""noise_0"":1,""noise_1"":1,""noise_2"":1,""noise_3"":1}",True,UNCHECKED_CALL_FAILURE,UNCHECKED_CALL_FAILURE,,True,True,True,True,2,0
unchecked_call-wrapper-3,"{""call_ok"":true,""value"":0}","{""noise_0"":1,""noise_1"":1,""noise_2"":1,""noise_3"":1}",True,UNCHECKED_CALL_FAILURE,,,True,True,True,True,2,0
unchecked_call-wrapper-3,"{""call_ok"":true,""value"":1}","{""noise_0"":1,""noise_1"":1,""noise_2"":1,""noise_3"":1}",True,UNCHECKED_CALL_FAILURE,,,True,True,True,True,2,0
unchecked_call-wrapper-4,"{""call_ok"":false,""value"":0}","{""noise_0"":0,""noise_1"":0,""noise_2"":0,""noise_3"":0}",True,UNCHECKED_CALL_FAILURE,UNCHECKED_CALL_FAILURE,,True,True,True,True,2,0
unchecked_call-wrapper-4,"{""call_ok"":false,""value"":1}","{""noise_0"":0,""noise_1"":0,""noise_2"":0,""noise_3"":0}",True,UNCHECKED_CALL_FAILURE,UNCHECKED_CALL_FAILURE,,True,True,True,True,2,0
unchecked_call-wrapper-4,"{""call_ok"":true,""value"":0}","{""noise_0"":0,""noise_1"":0,""noise_2"":0,""noise_3"":0}",True,UNCHECKED_CALL_FAILURE,,,True,True,True,True,2,0
unchecked_call-wrapper-4,"{""call_ok"":true,""value"":1}","{""noise_0"":0,""noise_1"":0,""noise_2"":0,""noise_3"":0}",True,UNCHECKED_CALL_FAILURE,,,True,True,True,True,2,0
unchecked_call-wrapper-4,"{""call_ok"":false,""value"":0}","{""noise_0"":0,""noise_1"":0,""noise_2"":0,""noise_3"":1}",True,UNCHECKED_CALL_FAILURE,UNCHECKED_CALL_FAILURE,,True,True,True,True,2,0
unchecked_call-wrapper-4,"{""call_ok"":false,""value"":1}","{""noise_0"":0,""noise_1"":0,""noise_2"":0,""noise_3"":1}",True,UNCHECKED_CALL_FAILURE,UNCHECKED_CALL_FAILURE,,True,True,True,True,2,0
unchecked_call-wrapper-4,"{""call_ok"":true,""value"":0}","{""noise_0"":0,""noise_1"":0,""noise_2"":0,""noise_3"":1}",True,UNCHECKED_CALL_FAILURE,,,True,True,True,True,2,0
unchecked_call-wrapper-4,"{""call_ok"":true,""value"":1}","{""noise_0"":0,""noise_1"":0,""noise_2"":0,""noise_3"":1}",True,UNCHECKED_CALL_FAILURE,,,True,True,True,True,2,0
unchecked_call-wrapper-4,"{""call_ok"":false,""value"":0}","{""noise_0"":0,""noise_1"":0,""noise_2"":1,""noise_3"":0}",True,UNCHECKED_CALL_FAILURE,UNCHECKED_CALL_FAILURE,,True,True,True,True,2,0
unchecked_call-wrapper-4,"{""call_ok"":false,""value"":1}","{""noise_0"":0,""noise_1"":0,""noise_2"":1,""noise_3"":0}",True,UNCHECKED_CALL_FAILURE,UNCHECKED_CALL_FAILURE,,True,True,True,True,2,0
unchecked_call-wrapper-4,"{""call_ok"":true,""value"":0}","{""noise_0"":0,""noise_1"":0,""noise_2"":1,""noise_3"":0}",True,UNCHECKED_CALL_FAILURE,,,True,True,True,True,2,0
unchecked_call-wrapper-4,"{""call_ok"":true,""value"":1}","{""noise_0"":0,""noise_1"":0,""noise_2"":1,""noise_3"":0}",True,UNCHECKED_CALL_FAILURE,,,True,True,True,True,2,0
unchecked_call-wrapper-4,"{""call_ok"":false,""value"":0}","{""noise_0"":0,""noise_1"":0,""noise_2"":1,""noise_3"":1}",True,UNCHECKED_CALL_FAILURE,UNCHECKED_CALL_FAILURE,,True,True,True,True,2,0
unchecked_call-wrapper-4,"{""call_ok"":false,""value"":1}","{""noise_0"":0,""noise_1"":0,""noise_2"":1,""noise_3"":1}",True,UNCHECKED_CALL_FAILURE,UNCHECKED_CALL_FAILURE,,True,True,True,True,2,0
unchecked_call-wrapper-4,"{""call_ok"":true,""value"":0}","{""noise_0"":0,""noise_1"":0,""noise_2"":1,""noise_3"":1}",True,UNCHECKED_CALL_FAILURE,,,True,True,True,True,2,0
unchecked_call-wrapper-4,"{""call_ok"":true,""value"":1}","{""noise_0"":0,""noise_1"":0,""noise_2"":1,""noise_3"":1}",True,UNCHECKED_CALL_FAILURE,,,True,True,True,True,2,0
unchecked_call-wrapper-4,"{""call_ok"":false,""value"":0}","{""noise_0"":0,""noise_1"":1,""noise_2"":0,""noise_3"":0}",True,UNCHECKED_CALL_FAILURE,UNCHECKED_CALL_FAILURE,,True,True,True,True,2,0
unchecked_call-wrapper-4,"{""call_ok"":false,""value"":1}","{""noise_0"":0,""noise_1"":1,""noise_2"":0,""noise_3"":0}",True,UNCHECKED_CALL_FAILURE,UNCHECKED_CALL_FAILURE,,True,True,True,True,2,0
unchecked_call-wrapper-4,"{""call_ok"":true,""value"":0}","{""noise_0"":0,""noise_1"":1,""noise_2"":0,""noise_3"":0}",True,UNCHECKED_CALL_FAILURE,,,True,True,True,True,2,0
unchecked_call-wrapper-4,"{""call_ok"":true,""value"":1}","{""noise_0"":0,""noise_1"":1,""noise_2"":0,""noise_3"":0}",True,UNCHECKED_CALL_FAILURE,,,True,True,True,True,2,0
unchecked_call-wrapper-4,"{""call_ok"":false,""value"":0}","{""noise_0"":0,""noise_1"":1,""noise_2"":0,""noise_3"":1}",True,UNCHECKED_CALL_FAILURE,UNCHECKED_CALL_FAILURE,,True,True,True,True,2,0
unchecked_call-wrapper-4,"{""call_ok"":false,""value"":1}","{""noise_0"":0,""noise_1"":1,""noise_2"":0,""noise_3"":1}",True,UNCHECKED_CALL_FAILURE,UNCHECKED_CALL_FAILURE,,True,True,True,True,2,0
unchecked_call-wrapper-4,"{""call_ok"":true,""value"":0}","{""noise_0"":0,""noise_1"":1,""noise_2"":0,""noise_3"":1}",True,UNCHECKED_CALL_FAILURE,,,True,True,True,True,2,0
unchecked_call-wrapper-4,"{""call_ok"":true,""value"":1}","{""noise_0"":0,""noise_1"":1,""noise_2"":0,""noise_3"":1}",True,UNCHECKED_CALL_FAILURE,,,True,True,True,True,2,0
unchecked_call-wrapper-4,"{""call_ok"":false,""value"":0}","{""noise_0"":0,""noise_1"":1,""noise_2"":1,""noise_3"":0}",True,UNCHECKED_CALL_FAILURE,UNCHECKED_CALL_FAILURE,,True,True,True,True,2,0
unchecked_call-wrapper-4,"{""call_ok"":false,""value"":1}","{""noise_0"":0,""noise_1"":1,""noise_2"":1,""noise_3"":0}",True,UNCHECKED_CALL_FAILURE,UNCHECKED_CALL_FAILURE,,True,True,True,True,2,0
unchecked_call-wrapper-4,"{""call_ok"":true,""value"":0}","{""noise_0"":0,""noise_1"":1,""noise_2"":1,""noise_3"":0}",True,UNCHECKED_CALL_FAILURE,,,True,True,True,True,2,0
unchecked_call-wrapper-4,"{""call_ok"":true,""value"":1}","{""noise_0"":0,""noise_1"":1,""noise_2"":1,""noise_3"":0}",True,UNCHECKED_CALL_FAILURE,,,True,True,True,True,2,0
unchecked_call-wrapper-4,"{""call_ok"":false,""value"":0}","{""noise_0"":0,""noise_1"":1,""noise_2"":1,""noise_3"":1}",True,UNCHECKED_CALL_FAILURE,UNCHECKED_CALL_FAILURE,,True,True,True,True,2,0
unchecked_call-wrapper-4,"{""call_ok"":false,""value"":1}","{""noise_0"":0,""noise_1"":1,""noise_2"":1,""noise_3"":1}",True,UNCHECKED_CALL_FAILURE,UNCHECKED_CALL_FAILURE,,True,True,True,True,2,0
unchecked_call-wrapper-4,"{""call_ok"":true,""value"":0}","{""noise_0"":0,""noise_1"":1,""noise_2"":1,""noise_3"":1}",True,UNCHECKED_CALL_FAILURE,,,True,True,True,True,2,0
unchecked_call-wrapper-4,"{""call_ok"":true,""value"":1}","{""noise_0"":0,""noise_1"":1,""noise_2"":1,""noise_3"":1}",True,UNCHECKED_CALL_FAILURE,,,True,True,True,True,2,0
unchecked_call-wrapper-4,"{""call_ok"":false,""value"":0}","{""noise_0"":1,""noise_1"":0,""noise_2"":0,""noise_3"":0}",True,UNCHECKED_CALL_FAILURE,UNCHECKED_CALL_FAILURE,,True,True,True,True,2,0
unchecked_call-wrapper-4,"{""call_ok"":false,""value"":1}","{""noise_0"":1,""noise_1"":0,""noise_2"":0,""noise_3"":0}",True,UNCHECKED_CALL_FAILURE,UNCHECKED_CALL_FAILURE,,True,True,True,True,2,0
unchecked_call-wrapper-4,"{""call_ok"":true,""value"":0}","{""noise_0"":1,""noise_1"":0,""noise_2"":0,""noise_3"":0}",True,UNCHECKED_CALL_FAILURE,,,True,True,True,True,2,0
unchecked_call-wrapper-4,"{""call_ok"":true,""value"":1}","{""noise_0"":1,""noise_1"":0,""noise_2"":0,""noise_3"":0}",True,UNCHECKED_CALL_FAILURE,,,True,True,True,True,2,0
unchecked_call-wrapper-4,"{""call_ok"":false,""value"":0}","{""noise_0"":1,""noise_1"":0,""noise_2"":0,""noise_3"":1}",True,UNCHECKED_CALL_FAILURE,UNCHECKED_CALL_FAILURE,,True,True,True,True,2,0
unchecked_call-wrapper-4,"{""call_ok"":false,""value"":1}","{""noise_0"":1,""noise_1"":0,""noise_2"":0,""noise_3"":1}",True,UNCHECKED_CALL_FAILURE,UNCHECKED_CALL_FAILURE,,True,True,True,True,2,0
unchecked_call-wrapper-4,"{""call_ok"":true,""value"":0}","{""noise_0"":1,""noise_1"":0,""noise_2"":0,""noise_3"":1}",True,UNCHECKED_CALL_FAILURE,,,True,True,True,True,2,0
unchecked_call-wrapper-4,"{""call_ok"":true,""value"":1}","{""noise_0"":1,""noise_1"":0,""noise_2"":0,""noise_3"":1}",True,UNCHECKED_CALL_FAILURE,,,True,True,True,True,2,0
unchecked_call-wrapper-4,"{""call_ok"":false,""value"":0}","{""noise_0"":1,""noise_1"":0,""noise_2"":1,""noise_3"":0}",True,UNCHECKED_CALL_FAILURE,UNCHECKED_CALL_FAILURE,,True,True,True,True,2,0
unchecked_call-wrapper-4,"{""call_ok"":false,""value"":1}","{""noise_0"":1,""noise_1"":0,""noise_2"":1,""noise_3"":0}",True,UNCHECKED_CALL_FAILURE,UNCHECKED_CALL_FAILURE,,True,True,True,True,2,0
unchecked_call-wrapper-4,"{""call_ok"":true,""value"":0}","{""noise_0"":1,""noise_1"":0,""noise_2"":1,""noise_3"":0}",True,UNCHECKED_CALL_FAILURE,,,True,True,True,True,2,0
unchecked_call-wrapper-4,"{""call_ok"":true,""value"":1}","{""noise_0"":1,""noise_1"":0,""noise_2"":1,""noise_3"":0}",True,UNCHECKED_CALL_FAILURE,,,True,True,True,True,2,0
unchecked_call-wrapper-4,"{""call_ok"":false,""value"":0}","{""noise_0"":1,""noise_1"":0,""noise_2"":1,""noise_3"":1}",True,UNCHECKED_CALL_FAILURE,UNCHECKED_CALL_FAILURE,,True,True,True,True,2,0
unchecked_call-wrapper-4,"{""call_ok"":false,""value"":1}","{""noise_0"":1,""noise_1"":0,""noise_2"":1,""noise_3"":1}",True,UNCHECKED_CALL_FAILURE,UNCHECKED_CALL_FAILURE,,True,True,True,True,2,0
unchecked_call-wrapper-4,"{""call_ok"":true,""value"":0}","{""noise_0"":1,""noise_1"":0,""noise_2"":1,""noise_3"":1}",True,UNCHECKED_CALL_FAILURE,,,True,True,True,True,2,0
unchecked_call-wrapper-4,"{""call_ok"":true,""value"":1}","{""noise_0"":1,""noise_1"":0,""noise_2"":1,""noise_3"":1}",True,UNCHECKED_CALL_FAILURE,,,True,True,True,True,2,0
unchecked_call-wrapper-4,"{""call_ok"":false,""value"":0}","{""noise_0"":1,""noise_1"":1,""noise_2"":0,""noise_3"":0}",True,UNCHECKED_CALL_FAILURE,UNCHECKED_CALL_FAILURE,,True,True,True,True,2,0
unchecked_call-wrapper-4,"{""call_ok"":false,""value"":1}","{""noise_0"":1,""noise_1"":1,""noise_2"":0,""noise_3"":0}",True,UNCHECKED_CALL_FAILURE,UNCHECKED_CALL_FAILURE,,True,True,True,True,2,0
unchecked_call-wrapper-4,"{""call_ok"":true,""value"":0}","{""noise_0"":1,""noise_1"":1,""noise_2"":0,""noise_3"":0}",True,UNCHECKED_CALL_FAILURE,,,True,True,True,True,2,0
unchecked_call-wrapper-4,"{""call_ok"":true,""value"":1}","{""noise_0"":1,""noise_1"":1,""noise_2"":0,""noise_3"":0}",True,UNCHECKED_CALL_FAILURE,,,True,True,True,True,2,0
unchecked_call-wrapper-4,"{""call_ok"":false,""value"":0}","{""noise_0"":1,""noise_1"":1,""noise_2"":0,""noise_3"":1}",True,UNCHECKED_CALL_FAILURE,UNCHECKED_CALL_FAILURE,,True,True,True,True,2,0
unchecked_call-wrapper-4,"{""call_ok"":false,""value"":1}","{""noise_0"":1,""noise_1"":1,""noise_2"":0,""noise_3"":1}",True,UNCHECKED_CALL_FAILURE,UNCHECKED_CALL_FAILURE,,True,True,True,True,2,0
unchecked_call-wrapper-4,"{""call_ok"":true,""value"":0}","{""noise_0"":1,""noise_1"":1,""noise_2"":0,""noise_3"":1}",True,UNCHECKED_CALL_FAILURE,,,True,True,True,True,2,0
unchecked_call-wrapper-4,"{""call_ok"":true,""value"":1}","{""noise_0"":1,""noise_1"":1,""noise_2"":0,""noise_3"":1}",True,UNCHECKED_CALL_FAILURE,,,True,True,True,True,2,0
unchecked_call-wrapper-4,"{""call_ok"":false,""value"":0}","{""noise_0"":1,""noise_1"":1,""noise_2"":1,""noise_3"":0}",True,UNCHECKED_CALL_FAILURE,UNCHECKED_CALL_FAILURE,,True,True,True,True,2,0
unchecked_call-wrapper-4,"{""call_ok"":false,""value"":1}","{""noise_0"":1,""noise_1"":1,""noise_2"":1,""noise_3"":0}",True,UNCHECKED_CALL_FAILURE,UNCHECKED_CALL_FAILURE,,True,True,True,True,2,0
unchecked_call-wrapper-4,"{""call_ok"":true,""value"":0}","{""noise_0"":1,""noise_1"":1,""noise_2"":1,""noise_3"":0}",True,UNCHECKED_CALL_FAILURE,,,True,True,True,True,2,0
unchecked_call-wrapper-4,"{""call_ok"":true,""value"":1}","{""noise_0"":1,""noise_1"":1,""noise_2"":1,""noise_3"":0}",True,UNCHECKED_CALL_FAILURE,,,True,True,True,True,2,0
unchecked_call-wrapper-4,"{""call_ok"":false,""value"":0}","{""noise_0"":1,""noise_1"":1,""noise_2"":1,""noise_3"":1}",True,UNCHECKED_CALL_FAILURE,UNCHECKED_CALL_FAILURE,,True,True,True,True,2,0
unchecked_call-wrapper-4,"{""call_ok"":false,""value"":1}","{""noise_0"":1,""noise_1"":1,""noise_2"":1,""noise_3"":1}",True,UNCHECKED_CALL_FAILURE,UNCHECKED_CALL_FAILURE,,True,True,True,True,2,0
unchecked_call-wrapper-4,"{""call_ok"":true,""value"":0}","{""noise_0"":1,""noise_1"":1,""noise_2"":1,""noise_3"":1}",True,UNCHECKED_CALL_FAILURE,,,True,True,True,True,2,0
unchecked_call-wrapper-4,"{""call_ok"":true,""value"":1}","{""noise_0"":1,""noise_1"":1,""noise_2"":1,""noise_3"":1}",True,UNCHECKED_CALL_FAILURE,,,True,True,True,True,2,0
unchecked_call-wrapper-5,"{""call_ok"":false,""value"":0}","{""noise_0"":0,""noise_1"":0,""noise_2"":0,""noise_3"":0}",True,UNCHECKED_CALL_FAILURE,UNCHECKED_CALL_FAILURE,,True,True,True,True,2,0
unchecked_call-wrapper-5,"{""call_ok"":false,""value"":1}","{""noise_0"":0,""noise_1"":0,""noise_2"":0,""noise_3"":0}",True,UNCHECKED_CALL_FAILURE,UNCHECKED_CALL_FAILURE,,True,True,True,True,2,0
unchecked_call-wrapper-5,"{""call_ok"":true,""value"":0}","{""noise_0"":0,""noise_1"":0,""noise_2"":0,""noise_3"":0}",True,UNCHECKED_CALL_FAILURE,,,True,True,True,True,2,0
unchecked_call-wrapper-5,"{""call_ok"":true,""value"":1}","{""noise_0"":0,""noise_1"":0,""noise_2"":0,""noise_3"":0}",True,UNCHECKED_CALL_FAILURE,,,True,True,True,True,2,0
unchecked_call-wrapper-5,"{""call_ok"":false,""value"":0}","{""noise_0"":0,""noise_1"":0,""noise_2"":0,""noise_3"":1}",True,UNCHECKED_CALL_FAILURE,UNCHECKED_CALL_FAILURE,,True,True,True,True,2,0
unchecked_call-wrapper-5,"{""call_ok"":false,""value"":1}","{""noise_0"":0,""noise_1"":0,""noise_2"":0,""noise_3"":1}",True,UNCHECKED_CALL_FAILURE,UNCHECKED_CALL_FAILURE,,True,True,True,True,2,0
unchecked_call-wrapper-5,"{""call_ok"":true,""value"":0}","{""noise_0"":0,""noise_1"":0,""noise_2"":0,""noise_3"":1}",True,UNCHECKED_CALL_FAILURE,,,True,True,True,True,2,0
unchecked_call-wrapper-5,"{""call_ok"":true,""value"":1}","{""noise_0"":0,""noise_1"":0,""noise_2"":0,""noise_3"":1}",True,UNCHECKED_CALL_FAILURE,,,True,True,True,True,2,0
unchecked_call-wrapper-5,"{""call_ok"":false,""value"":0}","{""noise_0"":0,""noise_1"":0,""noise_2"":1,""noise_3"":0}",True,UNCHECKED_CALL_FAILURE,UNCHECKED_CALL_FAILURE,,True,True,True,True,2,0
unchecked_call-wrapper-5,"{""call_ok"":false,""value"":1}","{""noise_0"":0,""noise_1"":0,""noise_2"":1,""noise_3"":0}",True,UNCHECKED_CALL_FAILURE,UNCHECKED_CALL_FAILURE,,True,True,True,True,2,0
unchecked_call-wrapper-5,"{""call_ok"":true,""value"":0}","{""noise_0"":0,""noise_1"":0,""noise_2"":1,""noise_3"":0}",True,UNCHECKED_CALL_FAILURE,,,True,True,True,True,2,0
unchecked_call-wrapper-5,"{""call_ok"":true,""value"":1}","{""noise_0"":0,""noise_1"":0,""noise_2"":1,""noise_3"":0}",True,UNCHECKED_CALL_FAILURE,,,True,True,True,True,2,0
unchecked_call-wrapper-5,"{""call_ok"":false,""value"":0}","{""noise_0"":0,""noise_1"":0,""noise_2"":1,""noise_3"":1}",True,UNCHECKED_CALL_FAILURE,UNCHECKED_CALL_FAILURE,,True,True,True,True,2,0
unchecked_call-wrapper-5,"{""call_ok"":false,""value"":1}","{""noise_0"":0,""noise_1"":0,""noise_2"":1,""noise_3"":1}",True,UNCHECKED_CALL_FAILURE,UNCHECKED_CALL_FAILURE,,True,True,True,True,2,0
unchecked_call-wrapper-5,"{""call_ok"":true,""value"":0}","{""noise_0"":0,""noise_1"":0,""noise_2"":1,""noise_3"":1}",True,UNCHECKED_CALL_FAILURE,,,True,True,True,True,2,0
unchecked_call-wrapper-5,"{""call_ok"":true,""value"":1}","{""noise_0"":0,""noise_1"":0,""noise_2"":1,""noise_3"":1}",True,UNCHECKED_CALL_FAILURE,,,True,True,True,True,2,0
unchecked_call-wrapper-5,"{""call_ok"":false,""value"":0}","{""noise_0"":0,""noise_1"":1,""noise_2"":0,""noise_3"":0}",True,UNCHECKED_CALL_FAILURE,UNCHECKED_CALL_FAILURE,,True,True,True,True,2,0
unchecked_call-wrapper-5,"{""call_ok"":false,""value"":1}","{""noise_0"":0,""noise_1"":1,""noise_2"":0,""noise_3"":0}",True,UNCHECKED_CALL_FAILURE,UNCHECKED_CALL_FAILURE,,True,True,True,True,2,0
unchecked_call-wrapper-5,"{""call_ok"":true,""value"":0}","{""noise_0"":0,""noise_1"":1,""noise_2"":0,""noise_3"":0}",True,UNCHECKED_CALL_FAILURE,,,True,True,True,True,2,0
unchecked_call-wrapper-5,"{""call_ok"":true,""value"":1}","{""noise_0"":0,""noise_1"":1,""noise_2"":0,""noise_3"":0}",True,UNCHECKED_CALL_FAILURE,,,True,True,True,True,2,0
unchecked_call-wrapper-5,"{""call_ok"":false,""value"":0}","{""noise_0"":0,""noise_1"":1,""noise_2"":0,""noise_3"":1}",True,UNCHECKED_CALL_FAILURE,UNCHECKED_CALL_FAILURE,,True,True,True,True,2,0
unchecked_call-wrapper-5,"{""call_ok"":false,""value"":1}","{""noise_0"":0,""noise_1"":1,""noise_2"":0,""noise_3"":1}",True,UNCHECKED_CALL_FAILURE,UNCHECKED_CALL_FAILURE,,True,True,True,True,2,0
unchecked_call-wrapper-5,"{""call_ok"":true,""value"":0}","{""noise_0"":0,""noise_1"":1,""noise_2"":0,""noise_3"":1}",True,UNCHECKED_CALL_FAILURE,,,True,True,True,True,2,0
unchecked_call-wrapper-5,"{""call_ok"":true,""value"":1}","{""noise_0"":0,""noise_1"":1,""noise_2"":0,""noise_3"":1}",True,UNCHECKED_CALL_FAILURE,,,True,True,True,True,2,0
unchecked_call-wrapper-5,"{""call_ok"":false,""value"":0}","{""noise_0"":0,""noise_1"":1,""noise_2"":1,""noise_3"":0}",True,UNCHECKED_CALL_FAILURE,UNCHECKED_CALL_FAILURE,,True,True,True,True,2,0
unchecked_call-wrapper-5,"{""call_ok"":false,""value"":1}","{""noise_0"":0,""noise_1"":1,""noise_2"":1,""noise_3"":0}",True,UNCHECKED_CALL_FAILURE,UNCHECKED_CALL_FAILURE,,True,True,True,True,2,0
unchecked_call-wrapper-5,"{""call_ok"":true,""value"":0}","{""noise_0"":0,""noise_1"":1,""noise_2"":1,""noise_3"":0}",True,UNCHECKED_CALL_FAILURE,,,True,True,True,True,2,0
unchecked_call-wrapper-5,"{""call_ok"":true,""value"":1}","{""noise_0"":0,""noise_1"":1,""noise_2"":1,""noise_3"":0}",True,UNCHECKED_CALL_FAILURE,,,True,True,True,True,2,0
unchecked_call-wrapper-5,"{""call_ok"":false,""value"":0}","{""noise_0"":0,""noise_1"":1,""noise_2"":1,""noise_3"":1}",True,UNCHECKED_CALL_FAILURE,UNCHECKED_CALL_FAILURE,,True,True,True,True,2,0
unchecked_call-wrapper-5,"{""call_ok"":false,""value"":1}","{""noise_0"":0,""noise_1"":1,""noise_2"":1,""noise_3"":1}",True,UNCHECKED_CALL_FAILURE,UNCHECKED_CALL_FAILURE,,True,True,True,True,2,0
unchecked_call-wrapper-5,"{""call_ok"":true,""value"":0}","{""noise_0"":0,""noise_1"":1,""noise_2"":1,""noise_3"":1}",True,UNCHECKED_CALL_FAILURE,,,True,True,True,True,2,0
unchecked_call-wrapper-5,"{""call_ok"":true,""value"":1}","{""noise_0"":0,""noise_1"":1,""noise_2"":1,""noise_3"":1}",True,UNCHECKED_CALL_FAILURE,,,True,True,True,True,2,0
unchecked_call-wrapper-5,"{""call_ok"":false,""value"":0}","{""noise_0"":1,""noise_1"":0,""noise_2"":0,""noise_3"":0}",True,UNCHECKED_CALL_FAILURE,UNCHECKED_CALL_FAILURE,,True,True,True,True,2,0
unchecked_call-wrapper-5,"{""call_ok"":false,""value"":1}","{""noise_0"":1,""noise_1"":0,""noise_2"":0,""noise_3"":0}",True,UNCHECKED_CALL_FAILURE,UNCHECKED_CALL_FAILURE,,True,True,True,True,2,0
unchecked_call-wrapper-5,"{""call_ok"":true,""value"":0}","{""noise_0"":1,""noise_1"":0,""noise_2"":0,""noise_3"":0}",True,UNCHECKED_CALL_FAILURE,,,True,True,True,True,2,0
unchecked_call-wrapper-5,"{""call_ok"":true,""value"":1}","{""noise_0"":1,""noise_1"":0,""noise_2"":0,""noise_3"":0}",True,UNCHECKED_CALL_FAILURE,,,True,True,True,True,2,0
unchecked_call-wrapper-5,"{""call_ok"":false,""value"":0}","{""noise_0"":1,""noise_1"":0,""noise_2"":0,""noise_3"":1}",True,UNCHECKED_CALL_FAILURE,UNCHECKED_CALL_FAILURE,,True,True,True,True,2,0
unchecked_call-wrapper-5,"{""call_ok"":false,""value"":1}","{""noise_0"":1,""noise_1"":0,""noise_2"":0,""noise_3"":1}",True,UNCHECKED_CALL_FAILURE,UNCHECKED_CALL_FAILURE,,True,True,True,True,2,0
unchecked_call-wrapper-5,"{""call_ok"":true,""value"":0}","{""noise_0"":1,""noise_1"":0,""noise_2"":0,""noise_3"":1}",True,UNCHECKED_CALL_FAILURE,,,True,True,True,True,2,0
unchecked_call-wrapper-5,"{""call_ok"":true,""value"":1}","{""noise_0"":1,""noise_1"":0,""noise_2"":0,""noise_3"":1}",True,UNCHECKED_CALL_FAILURE,,,True,True,True,True,2,0
unchecked_call-wrapper-5,"{""call_ok"":false,""value"":0}","{""noise_0"":1,""noise_1"":0,""noise_2"":1,""noise_3"":0}",True,UNCHECKED_CALL_FAILURE,UNCHECKED_CALL_FAILURE,,True,True,True,True,2,0
unchecked_call-wrapper-5,"{""call_ok"":false,""value"":1}","{""noise_0"":1,""noise_1"":0,""noise_2"":1,""noise_3"":0}",True,UNCHECKED_CALL_FAILURE,UNCHECKED_CALL_FAILURE,,True,True,True,True,2,0
unchecked_call-wrapper-5,"{""call_ok"":true,""value"":0}","{""noise_0"":1,""noise_1"":0,""noise_2"":1,""noise_3"":0}",True,UNCHECKED_CALL_FAILURE,,,True,True,True,True,2,0
unchecked_call-wrapper-5,"{""call_ok"":true,""value"":1}","{""noise_0"":1,""noise_1"":0,""noise_2"":1,""noise_3"":0}",True,UNCHECKED_CALL_FAILURE,,,True,True,True,True,2,0
unchecked_call-wrapper-5,"{""call_ok"":false,""value"":0}","{""noise_0"":1,""noise_1"":0,""noise_2"":1,""noise_3"":1}",True,UNCHECKED_CALL_FAILURE,UNCHECKED_CALL_FAILURE,,True,True,True,True,2,0
unchecked_call-wrapper-5,"{""call_ok"":false,""value"":1}","{""noise_0"":1,""noise_1"":0,""noise_2"":1,""noise_3"":1}",True,UNCHECKED_CALL_FAILURE,UNCHECKED_CALL_FAILURE,,True,True,True,True,2,0
unchecked_call-wrapper-5,"{""call_ok"":true,""value"":0}","{""noise_0"":1,""noise_1"":0,""noise_2"":1,""noise_3"":1}",True,UNCHECKED_CALL_FAILURE,,,True,True,True,True,2,0
unchecked_call-wrapper-5,"{""call_ok"":true,""value"":1}","{""noise_0"":1,""noise_1"":0,""noise_2"":1,""noise_3"":1}",True,UNCHECKED_CALL_FAILURE,,,True,True,True,True,2,0
unchecked_call-wrapper-5,"{""call_ok"":false,""value"":0}","{""noise_0"":1,""noise_1"":1,""noise_2"":0,""noise_3"":0}",True,UNCHECKED_CALL_FAILURE,UNCHECKED_CALL_FAILURE,,True,True,True,True,2,0
unchecked_call-wrapper-5,"{""call_ok"":false,""value"":1}","{""noise_0"":1,""noise_1"":1,""noise_2"":0,""noise_3"":0}",True,UNCHECKED_CALL_FAILURE,UNCHECKED_CALL_FAILURE,,True,True,True,True,2,0
unchecked_call-wrapper-5,"{""call_ok"":true,""value"":0}","{""noise_0"":1,""noise_1"":1,""noise_2"":0,""noise_3"":0}",True,UNCHECKED_CALL_FAILURE,,,True,True,True,True,2,0
unchecked_call-wrapper-5,"{""call_ok"":true,""value"":1}","{""noise_0"":1,""noise_1"":1,""noise_2"":0,""noise_3"":0}",True,UNCHECKED_CALL_FAILURE,,,True,True,True,True,2,0
unchecked_call-wrapper-5,"{""call_ok"":false,""value"":0}","{""noise_0"":1,""noise_1"":1,""noise_2"":0,""noise_3"":1}",True,UNCHECKED_CALL_FAILURE,UNCHECKED_CALL_FAILURE,,True,True,True,True,2,0
unchecked_call-wrapper-5,"{""call_ok"":false,""value"":1}","{""noise_0"":1,""noise_1"":1,""noise_2"":0,""noise_3"":1}",True,UNCHECKED_CALL_FAILURE,UNCHECKED_CALL_FAILURE,,True,True,True,True,2,0
unchecked_call-wrapper-5,"{""call_ok"":true,""value"":0}","{""noise_0"":1,""noise_1"":1,""noise_2"":0,""noise_3"":1}",True,UNCHECKED_CALL_FAILURE,,,True,True,True,True,2,0
unchecked_call-wrapper-5,"{""call_ok"":true,""value"":1}","{""noise_0"":1,""noise_1"":1,""noise_2"":0,""noise_3"":1}",True,UNCHECKED_CALL_FAILURE,,,True,True,True,True,2,0
unchecked_call-wrapper-5,"{""call_ok"":false,""value"":0}","{""noise_0"":1,""noise_1"":1,""noise_2"":1,""noise_3"":0}",True,UNCHECKED_CALL_FAILURE,UNCHECKED_CALL_FAILURE,,True,True,True,True,2,0
unchecked_call-wrapper-5,"{""call_ok"":false,""value"":1}","{""noise_0"":1,""noise_1"":1,""noise_2"":1,""noise_3"":0}",True,UNCHECKED_CALL_FAILURE,UNCHECKED_CALL_FAILURE,,True,True,True,True,2,0
unchecked_call-wrapper-5,"{""call_ok"":true,""value"":0}","{""noise_0"":1,""noise_1"":1,""noise_2"":1,""noise_3"":0}",True,UNCHECKED_CALL_FAILURE,,,True,True,True,True,2,0
unchecked_call-wrapper-5,"{""call_ok"":true,""value"":1}","{""noise_0"":1,""noise_1"":1,""noise_2"":1,""noise_3"":0}",True,UNCHECKED_CALL_FAILURE,,,True,True,True,True,2,0
unchecked_call-wrapper-5,"{""call_ok"":false,""value"":0}","{""noise_0"":1,""noise_1"":1,""noise_2"":1,""noise_3"":1}",True,UNCHECKED_CALL_FAILURE,UNCHECKED_CALL_FAILURE,,True,True,True,True,2,0
unchecked_call-wrapper-5,"{""call_ok"":false,""value"":1}","{""noise_0"":1,""noise_1"":1,""noise_2"":1,""noise_3"":1}",True,UNCHECKED_CALL_FAILURE,UNCHECKED_CALL_FAILURE,,True,True,True,True,2,0
unchecked_call-wrapper-5,"{""call_ok"":true,""value"":0}","{""noise_0"":1,""noise_1"":1,""noise_2"":1,""noise_3"":1}",True,UNCHECKED_CALL_FAILURE,,,True,True,True,True,2,0
unchecked_call-wrapper-5,"{""call_ok"":true,""value"":1}","{""noise_0"":1,""noise_1"":1,""noise_2"":1,""noise_3"":1}",True,UNCHECKED_CALL_FAILURE,,,True,True,True,True,2,0
