case_index,operator,left,right,producer_status,checker_status,reference_status,producer_value,checker_value,reference_value,producer_error_type,checker_error_type,reference_error_type,definedness_match,value_match_when_defined,matched
0,add,null,,error,error,error,null,null,null,TypeError,TypeError,ReferenceExecutionError,True,True,True
1,add,null,false,error,error,error,null,null,null,TypeError,TypeError,ReferenceExecutionError,True,True,True
2,add,null,true,error,error,error,null,null,null,TypeError,TypeError,ReferenceExecutionError,True,True,True
3,add,null,-1,error,error,error,null,null,null,TypeError,TypeError,ReferenceExecutionError,True,True,True
4,add,null,0,error,error,error,null,null,null,TypeError,TypeError,ReferenceExecutionError,True,True,True
5,add,null,1,error,error,error,null,null,null,TypeError,TypeError,ReferenceExecutionError,True,True,True
6,add,null,"""""",error,error,error,null,null,null,TypeError,TypeError,ReferenceExecutionError,True,True,True
7,add,null,"""x""",error,error,error,null,null,null,TypeError,TypeError,ReferenceExecutionError,True,True,True
8,add,null,[],error,error,error,null,null,null,TypeError,TypeError,ReferenceExecutionError,True,True,True
9,add,null,[1],error,error,error,null,null,null,TypeError,TypeError,ReferenceExecutionError,True,True,True
10,add,null,{},error,error,error,null,null,null,TypeError,TypeError,ReferenceExecutionError,True,True,True
11,add,null,"{""a"":1}",error,error,error,null,null,null,TypeError,TypeError,ReferenceExecutionError,True,True,True
12,add,false,,error,error,error,null,null,null,TypeError,TypeError,ReferenceExecutionError,True,True,True
13,add,false,false,error,error,error,null,null,null,TypeError,TypeError,ReferenceExecutionError,True,True,True
14,add,false,true,error,error,error,null,null,null,TypeError,TypeError,ReferenceExecutionError,True,True,True
15,add,false,-1,error,error,error,null,null,null,TypeError,TypeError,ReferenceExecutionError,True,True,True
16,add,false,0,error,error,error,null,null,null,TypeError,TypeError,ReferenceExecutionError,True,True,True
17,add,false,1,error,error,error,null,null,null,TypeError,TypeError,ReferenceExecutionError,True,True,True
18,add,false,"""""",error,error,error,null,null,null,TypeError,TypeError,ReferenceExecutionError,True,True,True
19,add,false,"""x""",error,error,error,null,null,null,TypeError,TypeError,ReferenceExecutionError,True,True,True
20,add,false,[],error,error,error,null,null,null,TypeError,TypeError,ReferenceExecutionError,True,True,True
21,add,false,[1],error,error,error,null,null,null,TypeError,TypeError,ReferenceExecutionError,True,True,True
22,add,false,{},error,error,error,null,null,null,TypeError,TypeError,ReferenceExecutionError,True,True,True
23,add,false,"{""a"":1}",error,error,error,null,null,null,TypeError,TypeError,ReferenceExecutionError,True,True,True
24,add,true,,error,error,error,null,null,null,TypeError,TypeError,ReferenceExecutionError,True,True,True
25,add,true,false,error,error,error,null,null,null,TypeError,TypeError,ReferenceExecutionError,True,True,True
26,add,true,true,error,error,error,null,null,null,TypeError,TypeError,ReferenceExecutionError,True,True,True
27,add,true,-1,error,error,error,null,null,null,TypeError,TypeError,ReferenceExecutionError,True,True,True
28,add,true,0,error,error,error,null,null,null,TypeError,TypeError,ReferenceExecutionError,True,True,True
29,add,true,1,error,error,error,null,null,null,TypeError,TypeError,ReferenceExecutionError,True,True,True
30,add,true,"""""",error,error,error,null,null,null,TypeError,TypeError,ReferenceExecutionError,True,True,True
31,add,true,"""x""",error,error,error,null,null,null,TypeError,TypeError,ReferenceExecutionError,True,True,True
32,add,true,[],error,error,error,null,null,null,TypeError,TypeError,ReferenceExecutionError,True,True,True
33,add,true,[1],error,error,error,null,null,null,TypeError,TypeError,ReferenceExecutionError,True,True,True
34,add,true,{},error,error,error,null,null,null,TypeError,TypeError,ReferenceExecutionError,True,True,True
35,add,true,"{""a"":1}",error,error,error,null,null,null,TypeError,TypeError,ReferenceExecutionError,True,True,True
36,add,-1,,error,error,error,null,null,null,TypeError,TypeError,ReferenceExecutionError,True,True,True
37,add,-1,false,error,error,error,null,null,null,TypeError,TypeError,ReferenceExecutionError,True,True,True
38,add,-1,true,error,error,error,null,null,null,TypeError,TypeError,ReferenceExecutionError,True,True,True
39,add,-1,-1,defined,defined,defined,"[""int"",-2]","[""int"",-2]","[""int"",-2]",,,,True,True,True
40,add,-1,0,defined,defined,defined,"[""int"",-1]","[""int"",-1]","[""int"",-1]",,,,True,True,True
41,add,-1,1,defined,defined,defined,"[""int"",0]","[""int"",0]","[""int"",0]",,,,True,True,True
42,add,-1,"""""",error,error,error,null,null,null,TypeError,TypeError,ReferenceExecutionError,True,True,True
43,add,-1,"""x""",error,error,error,null,null,null,TypeError,TypeError,ReferenceExecutionError,True,True,True
44,add,-1,[],error,error,error,null,null,null,TypeError,TypeError,ReferenceExecutionError,True,True,True
45,add,-1,[1],error,error,error,null,null,null,TypeError,TypeError,ReferenceExecutionError,True,True,True
46,add,-1,{},error,error,error,null,null,null,TypeError,TypeError,ReferenceExecutionError,True,True,True
47,add,-1,"{""a"":1}",error,error,error,null,null,null,TypeError,TypeError,ReferenceExecutionError,True,True,True
48,add,0,,error,error,error,null,null,null,TypeError,TypeError,ReferenceExecutionError,True,True,True
49,add,0,false,error,error,error,null,null,null,TypeError,TypeError,ReferenceExecutionError,True,True,True
50,add,0,true,error,error,error,null,null,null,TypeError,TypeError,ReferenceExecutionError,True,True,True
51,add,0,-1,defined,defined,defined,"[""int"",-1]","[""int"",-1]","[""int"",-1]",,,,True,True,True
52,add,0,0,defined,defined,defined,"[""int"",0]","[""int"",0]","[""int"",0]",,,,True,True,True
53,add,0,1,defined,defined,defined,"[""int"",1]","[""int"",1]","[""int"",1]",,,,True,True,True
54,add,0,"""""",error,error,error,null,null,null,TypeError,TypeError,ReferenceExecutionError,True,True,True
55,add,0,"""x""",error,error,error,null,null,null,TypeError,TypeError,ReferenceExecutionError,True,True,True
56,add,0,[],error,error,error,null,null,null,TypeError,TypeError,ReferenceExecutionError,True,True,True
57,add,0,[1],error,error,error,null,null,null,TypeError,TypeError,ReferenceExecutionError,True,True,True
58,add,0,{},error,error,error,null,null,null,TypeError,TypeError,ReferenceExecutionError,True,True,True
59,add,0,"{""a"":1}",error,error,error,null,null,null,TypeError,TypeError,ReferenceExecutionError,True,True,True
60,add,1,,error,error,error,null,null,null,TypeError,TypeError,ReferenceExecutionError,True,True,True
61,add,1,false,error,error,error,null,null,null,TypeError,TypeError,ReferenceExecutionError,True,True,True
62,add,1,true,error,error,error,null,null,null,TypeError,TypeError,ReferenceExecutionError,True,True,True
63,add,1,-1,defined,defined,defined,"[""int"",0]","[""int"",0]","[""int"",0]",,,,True,True,True
64,add,1,0,defined,defined,defined,"[""int"",1]","[""int"",1]","[""int"",1]",,,,True,True,True
65,add,1,1,defined,defined,defined,"[""int"",2]","[""int"",2]","[""int"",2]",,,,True,True,True
66,add,1,"""""",error,error,error,null,null,null,TypeError,TypeError,ReferenceExecutionError,True,True,True
67,add,1,"""x""",error,error,error,null,null,null,TypeError,TypeError,ReferenceExecutionError,True,True,True
68,add,1,[],error,error,error,null,null,null,TypeError,TypeError,ReferenceExecutionError,True,True,True
69,add,1,[1],error,error,error,null,null,null,TypeError,TypeError,ReferenceExecutionError,True,True,True
70,add,1,{},error,error,error,null,null,null,TypeError,TypeError,ReferenceExecutionError,True,True,True
71,add,1,"{""a"":1}",error,error,error,null,null,null,TypeError,TypeError,ReferenceExecutionError,True,True,True
72,add,"""""",,error,error,error,null,null,null,TypeError,TypeError,ReferenceExecutionError,True,True,True
73,add,"""""",false,error,error,error,null,null,null,TypeError,TypeError,ReferenceExecutionError,True,True,True
74,add,"""""",true,error,error,error,null,null,null,TypeError,TypeError,ReferenceExecutionError,True,True,True
75,add,"""""",-1,error,error,error,null,null,null,TypeError,TypeError,ReferenceExecutionError,True,True,True
76,add,"""""",0,error,error,error,null,null,null,TypeError,TypeError,ReferenceExecutionError,True,True,True
77,add,"""""",1,error,error,error,null,null,null,TypeError,TypeError,ReferenceExecutionError,True,True,True
78,add,"""""","""""",error,error,error,null,null,null,TypeError,TypeError,ReferenceExecutionError,True,True,True
79,add,"""""","""x""",error,error,error,null,null,null,TypeError,TypeError,ReferenceExecutionError,True,True,True
80,add,"""""",[],error,error,error,null,null,null,TypeError,TypeError,ReferenceExecutionError,True,True,True
81,add,"""""",[1],error,error,error,null,null,null,TypeError,TypeError,ReferenceExecutionError,True,True,True
82,add,"""""",{},error,error,error,null,null,null,TypeError,TypeError,ReferenceExecutionError,True,True,True
83,add,"""""","{""a"":1}",error,error,error,null,null,null,TypeError,TypeError,ReferenceExecutionError,True,True,True
84,add,"""x""",,error,error,error,null,null,null,TypeError,TypeError,ReferenceExecutionError,True,True,True
85,add,"""x""",false,error,error,error,null,null,null,TypeError,TypeError,ReferenceExecutionError,True,True,True
86,add,"""x""",true,error,error,error,null,null,null,TypeError,TypeError,ReferenceExecutionError,True,True,True
87,add,"""x""",-1,error,error,error,null,null,null,TypeError,TypeError,ReferenceExecutionError,True,True,True
88,add,"""x""",0,error,error,error,null,null,null,TypeError,TypeError,ReferenceExecutionError,True,True,True
89,add,"""x""",1,error,error,error,null,null,null,TypeError,TypeError,ReferenceExecutionError,True,True,True
90,add,"""x""","""""",error,error,error,null,null,null,TypeError,TypeError,ReferenceExecutionError,True,True,True
91,add,"""x""","""x""",error,error,error,null,null,null,TypeError,TypeError,ReferenceExecutionError,True,True,True
92,add,"""x""",[],error,error,error,null,null,null,TypeError,TypeError,ReferenceExecutionError,True,True,True
93,add,"""x""",[1],error,error,error,null,null,null,TypeError,TypeError,ReferenceExecutionError,True,True,True
94,add,"""x""",{},error,error,error,null,null,null,TypeError,TypeError,ReferenceExecutionError,True,True,True
95,add,"""x""","{""a"":1}",error,error,error,null,null,null,TypeError,TypeError,ReferenceExecutionError,True,True,True
96,add,[],,error,error,error,null,null,null,TypeError,TypeError,ReferenceExecutionError,True,True,True
97,add,[],false,error,error,error,null,null,null,TypeError,TypeError,ReferenceExecutionError,True,True,True
98,add,[],true,error,error,error,null,null,null,TypeError,TypeError,ReferenceExecutionError,True,True,True
99,add,[],-1,error,error,error,null,null,null,TypeError,TypeError,ReferenceExecutionError,True,True,True
100,add,[],0,error,error,error,null,null,null,TypeError,TypeError,ReferenceExecutionError,True,True,True
101,add,[],1,error,error,error,null,null,null,TypeError,TypeError,ReferenceExecutionError,True,True,True
102,add,[],"""""",error,error,error,null,null,null,TypeError,TypeError,ReferenceExecutionError,True,True,True
103,add,[],"""x""",error,error,error,null,null,null,TypeError,TypeError,ReferenceExecutionError,True,True,True
104,add,[],[],error,error,error,null,null,null,TypeError,TypeError,ReferenceExecutionError,True,True,True
105,add,[],[1],error,error,error,null,null,null,TypeError,TypeError,ReferenceExecutionError,True,True,True
106,add,[],{},error,error,error,null,null,null,TypeError,TypeError,ReferenceExecutionError,True,True,True
107,add,[],"{""a"":1}",error,error,error,null,null,null,TypeError,TypeError,ReferenceExecutionError,True,True,True
108,add,[1],,error,error,error,null,null,null,TypeError,TypeError,ReferenceExecutionError,True,True,True
109,add,[1],false,error,error,error,null,null,null,TypeError,TypeError,ReferenceExecutionError,True,True,True
110,add,[1],true,error,error,error,null,null,null,TypeError,TypeError,ReferenceExecutionError,True,True,True
111,add,[1],-1,error,error,error,null,null,null,TypeError,TypeError,ReferenceExecutionError,True,True,True
112,add,[1],0,error,error,error,null,null,null,TypeError,TypeError,ReferenceExecutionError,True,True,True
113,add,[1],1,error,error,error,null,null,null,TypeError,TypeError,ReferenceExecutionError,True,True,True
114,add,[1],"""""",error,error,error,null,null,null,TypeError,TypeError,ReferenceExecutionError,True,True,True
115,add,[1],"""x""",error,error,error,null,null,null,TypeError,TypeError,ReferenceExecutionError,True,True,True
116,add,[1],[],error,error,error,null,null,null,TypeError,TypeError,ReferenceExecutionError,True,True,True
117,add,[1],[1],error,error,error,null,null,null,TypeError,TypeError,ReferenceExecutionError,True,True,True
118,add,[1],{},error,error,error,null,null,null,TypeError,TypeError,ReferenceExecutionError,True,True,True
119,add,[1],"{""a"":1}",error,error,error,null,null,null,TypeError,TypeError,ReferenceExecutionError,True,True,True
120,add,{},,error,error,error,null,null,null,TypeError,TypeError,ReferenceExecutionError,True,True,True
121,add,{},false,error,error,error,null,null,null,TypeError,TypeError,ReferenceExecutionError,True,True,True
122,add,{},true,error,error,error,null,null,null,TypeError,TypeError,ReferenceExecutionError,True,True,True
123,add,{},-1,error,error,error,null,null,null,TypeError,TypeError,ReferenceExecutionError,True,True,True
124,add,{},0,error,error,error,null,null,null,TypeError,TypeError,ReferenceExecutionError,True,True,True
125,add,{},1,error,error,error,null,null,null,TypeError,TypeError,ReferenceExecutionError,True,True,True
126,add,{},"""""",error,error,error,null,null,null,TypeError,TypeError,ReferenceExecutionError,True,True,True
127,add,{},"""x""",error,error,error,null,null,null,TypeError,TypeError,ReferenceExecutionError,True,True,True
128,add,{},[],error,error,error,null,null,null,TypeError,TypeError,ReferenceExecutionError,True,True,True
129,add,{},[1],error,error,error,null,null,null,TypeError,TypeError,ReferenceExecutionError,True,True,True
130,add,{},{},error,error,error,null,null,null,TypeError,TypeError,ReferenceExecutionError,True,True,True
131,add,{},"{""a"":1}",error,error,error,null,null,null,TypeError,TypeError,ReferenceExecutionError,True,True,True
132,add,"{""a"":1}",,error,error,error,null,null,null,TypeError,TypeError,ReferenceExecutionError,True,True,True
133,add,"{""a"":1}",false,error,error,error,null,null,null,TypeError,TypeError,ReferenceExecutionError,True,True,True
134,add,"{""a"":1}",true,error,error,error,null,null,null,TypeError,TypeError,ReferenceExecutionError,True,True,True
135,add,"{""a"":1}",-1,error,error,error,null,null,null,TypeError,TypeError,ReferenceExecutionError,True,True,True
136,add,"{""a"":1}",0,error,error,error,null,null,null,TypeError,TypeError,ReferenceExecutionError,True,True,True
137,add,"{""a"":1}",1,error,error,error,null,null,null,TypeError,TypeError,ReferenceExecutionError,True,True,True
138,add,"{""a"":1}","""""",error,error,error,null,null,null,TypeError,TypeError,ReferenceExecutionError,True,True,True
139,add,"{""a"":1}","""x""",error,error,error,null,null,null,TypeError,TypeError,ReferenceExecutionError,True,True,True
140,add,"{""a"":1}",[],error,error,error,null,null,null,TypeError,TypeError,ReferenceExecutionError,True,True,True
141,add,"{""a"":1}",[1],error,error,error,null,null,null,TypeError,TypeError,ReferenceExecutionError,True,True,True
142,add,"{""a"":1}",{},error,error,error,null,null,null,TypeError,TypeError,ReferenceExecutionError,True,True,True
143,add,"{""a"":1}","{""a"":1}",error,error,error,null,null,null,TypeError,TypeError,ReferenceExecutionError,True,True,True
144,sub,null,,error,error,error,null,null,null,TypeError,TypeError,ReferenceExecutionError,True,True,True
145,sub,null,false,error,error,error,null,null,null,TypeError,TypeError,ReferenceExecutionError,True,True,True
146,sub,null,true,error,error,error,null,null,null,TypeError,TypeError,ReferenceExecutionError,True,True,True
147,sub,null,-1,error,error,error,null,null,null,TypeError,TypeError,ReferenceExecutionError,True,True,True
148,sub,null,0,error,error,error,null,null,null,TypeError,TypeError,ReferenceExecutionError,True,True,True
149,sub,null,1,error,error,error,null,null,null,TypeError,TypeError,ReferenceExecutionError,True,True,True
150,sub,null,"""""",error,error,error,null,null,null,TypeError,TypeError,ReferenceExecutionError,True,True,True
151,sub,null,"""x""",error,error,error,null,null,null,TypeError,TypeError,ReferenceExecutionError,True,True,True
152,sub,null,[],error,error,error,null,null,null,TypeError,TypeError,ReferenceExecutionError,True,True,True
153,sub,null,[1],error,error,error,null,null,null,TypeError,TypeError,ReferenceExecutionError,True,True,True
154,sub,null,{},error,error,error,null,null,null,TypeError,TypeError,ReferenceExecutionError,True,True,True
155,sub,null,"{""a"":1}",error,error,error,null,null,null,TypeError,TypeError,ReferenceExecutionError,True,True,True
156,sub,false,,error,error,error,null,null,null,TypeError,TypeError,ReferenceExecutionError,True,True,True
157,sub,false,false,error,error,error,null,null,null,TypeError,TypeError,ReferenceExecutionError,True,True,True
158,sub,false,true,error,error,error,null,null,null,TypeError,TypeError,ReferenceExecutionError,True,True,True
159,sub,false,-1,error,error,error,null,null,null,TypeError,TypeError,ReferenceExecutionError,True,True,True
160,sub,false,0,error,error,error,null,null,null,TypeError,TypeError,ReferenceExecutionError,True,True,True
161,sub,false,1,error,error,error,null,null,null,TypeError,TypeError,ReferenceExecutionError,True,True,True
162,sub,false,"""""",error,error,error,null,null,null,TypeError,TypeError,ReferenceExecutionError,True,True,True
163,sub,false,"""x""",error,error,error,null,null,null,TypeError,TypeError,ReferenceExecutionError,True,True,True
164,sub,false,[],error,error,error,null,null,null,TypeError,TypeError,ReferenceExecutionError,True,True,True
165,sub,false,[1],error,error,error,null,null,null,TypeError,TypeError,ReferenceExecutionError,True,True,True
166,sub,false,{},error,error,error,null,null,null,TypeError,TypeError,ReferenceExecutionError,True,True,True
167,sub,false,"{""a"":1}",error,error,error,null,null,null,TypeError,TypeError,ReferenceExecutionError,True,True,True
168,sub,true,,error,error,error,null,null,null,TypeError,TypeError,ReferenceExecutionError,True,True,True
169,sub,true,false,error,error,error,null,null,null,TypeError,TypeError,ReferenceExecutionError,True,True,True
170,sub,true,true,error,error,error,null,null,null,TypeError,TypeError,ReferenceExecutionError,True,True,True
171,sub,true,-1,error,error,error,null,null,null,TypeError,TypeError,ReferenceExecutionError,True,True,True
172,sub,true,0,error,error,error,null,null,null,TypeError,TypeError,ReferenceExecutionError,True,True,True
173,sub,true,1,error,error,error,null,null,null,TypeError,TypeError,ReferenceExecutionError,True,True,True
174,sub,true,"""""",error,error,error,null,null,null,TypeError,TypeError,ReferenceExecutionError,True,True,True
175,sub,true,"""x""",error,error,error,null,null,null,TypeError,TypeError,ReferenceExecutionError,True,True,True
176,sub,true,[],error,error,error,null,null,null,TypeError,TypeError,ReferenceExecutionError,True,True,True
177,sub,true,[1],error,error,error,null,null,null,TypeError,TypeError,ReferenceExecutionError,True,True,True
178,sub,true,{},error,error,error,null,null,null,TypeError,TypeError,ReferenceExecutionError,True,True,True
179,sub,true,"{""a"":1}",error,error,error,null,null,null,TypeError,TypeError,ReferenceExecutionError,True,True,True
180,sub,-1,,error,error,error,null,null,null,TypeError,TypeError,ReferenceExecutionError,True,True,True
181,sub,-1,false,error,error,error,null,null,null,TypeError,TypeError,ReferenceExecutionError,True,True,True
182,sub,-1,true,error,error,error,null,null,null,TypeError,TypeError,ReferenceExecutionError,True,True,True
183,sub,-1,-1,defined,defined,defined,"[""int"",0]","[""int"",0]","[""int"",0]",,,,True,True,True
184,sub,-1,0,defined,defined,defined,"[""int"",-1]","[""int"",-1]","[""int"",-1]",,,,True,True,True
185,sub,-1,1,defined,defined,defined,"[""int"",-2]","[""int"",-2]","[""int"",-2]",,,,True,True,True
186,sub,-1,"""""",error,error,error,null,null,null,TypeError,TypeError,ReferenceExecutionError,True,True,True
187,sub,-1,"""x""",error,error,error,null,null,null,TypeError,TypeError,ReferenceExecutionError,True,True,True
188,sub,-1,[],error,error,error,null,null,null,TypeError,TypeError,ReferenceExecutionError,True,True,True
189,sub,-1,[1],error,error,error,null,null,null,TypeError,TypeError,ReferenceExecutionError,True,True,True
190,sub,-1,{},error,error,error,null,null,null,TypeError,TypeError,ReferenceExecutionError,True,True,True
191,sub,-1,"{""a"":1}",error,error,error,null,null,null,TypeError,TypeError,ReferenceExecutionError,True,True,True
192,sub,0,,error,error,error,null,null,null,TypeError,TypeError,ReferenceExecutionError,True,True,True
193,sub,0,false,error,error,error,null,null,null,TypeError,TypeError,ReferenceExecutionError,True,True,True
194,sub,0,true,error,error,error,null,null,null,TypeError,TypeError,ReferenceExecutionError,True,True,True
195,sub,0,-1,defined,defined,defined,"[""int"",1]","[""int"",1]","[""int"",1]",,,,True,True,True
196,sub,0,0,defined,defined,defined,"[""int"",0]","[""int"",0]","[""int"",0]",,,,True,True,True
197,sub,0,1,defined,defined,defined,"[""int"",-1]","[""int"",-1]","[""int"",-1]",,,,True,True,True
198,sub,0,"""""",error,error,error,null,null,null,TypeError,TypeError,ReferenceExecutionError,True,True,True
199,sub,0,"""x""",error,error,error,null,null,null,TypeError,TypeError,ReferenceExecutionError,True,True,True
200,sub,0,[],error,error,error,null,null,null,TypeError,TypeError,ReferenceExecutionError,True,True,True
201,sub,0,[1],error,error,error,null,null,null,TypeError,TypeError,ReferenceExecutionError,True,True,True
202,sub,0,{},error,error,error,null,null,null,TypeError,TypeError,ReferenceExecutionError,True,True,True
203,sub,0,"{""a"":1}",error,error,error,null,null,null,TypeError,TypeError,ReferenceExecutionError,True,True,True
204,sub,1,,error,error,error,null,null,null,TypeError,TypeError,ReferenceExecutionError,True,True,True
205,sub,1,false,error,error,error,null,null,null,TypeError,TypeError,ReferenceExecutionError,True,True,True
206,sub,1,true,error,error,error,null,null,null,TypeError,TypeError,ReferenceExecutionError,True,True,True
207,sub,1,-1,defined,defined,defined,"[""int"",2]","[""int"",2]","[""int"",2]",,,,True,True,True
208,sub,1,0,defined,defined,defined,"[""int"",1]","[""int"",1]","[""int"",1]",,,,True,True,True
209,sub,1,1,defined,defined,defined,"[""int"",0]","[""int"",0]","[""int"",0]",,,,True,True,True
210,sub,1,"""""",error,error,error,null,null,null,TypeError,TypeError,ReferenceExecutionError,True,True,True
211,sub,1,"""x""",error,error,error,null,null,null,TypeError,TypeError,ReferenceExecutionError,True,True,True
212,sub,1,[],error,error,error,null,null,null,TypeError,TypeError,ReferenceExecutionError,True,True,True
213,sub,1,[1],error,error,error,null,null,null,TypeError,TypeError,ReferenceExecutionError,True,True,True
214,sub,1,{},error,error,error,null,null,null,TypeError,TypeError,ReferenceExecutionError,True,True,True
215,sub,1,"{""a"":1}",error,error,error,null,null,null,TypeError,TypeError,ReferenceExecutionError,True,True,True
216,sub,"""""",,error,error,error,null,null,null,TypeError,TypeError,ReferenceExecutionError,True,True,True
217,sub,"""""",false,error,error,error,null,null,null,TypeError,TypeError,ReferenceExecutionError,True,True,True
218,sub,"""""",true,error,error,error,null,null,null,TypeError,TypeError,ReferenceExecutionError,True,True,True
219,sub,"""""",-1,error,error,error,null,null,null,TypeError,TypeError,ReferenceExecutionError,True,True,True
220,sub,"""""",0,error,error,error,null,null,null,TypeError,TypeError,ReferenceExecutionError,True,True,True
221,sub,"""""",1,error,error,error,null,null,null,TypeError,TypeError,ReferenceExecutionError,True,True,True
222,sub,"""""","""""",error,error,error,null,null,null,TypeError,TypeError,ReferenceExecutionError,True,True,True
223,sub,"""""","""x""",error,error,error,null,null,null,TypeError,TypeError,ReferenceExecutionError,True,True,True
224,sub,"""""",[],error,error,error,null,null,null,TypeError,TypeError,ReferenceExecutionError,True,True,True
225,sub,"""""",[1],error,error,error,null,null,null,TypeError,TypeError,ReferenceExecutionError,True,True,True
226,sub,"""""",{},error,error,error,null,null,null,TypeError,TypeError,ReferenceExecutionError,True,True,True
227,sub,"""""","{""a"":1}",error,error,error,null,null,null,TypeError,TypeError,ReferenceExecutionError,True,True,True
228,sub,"""x""",,error,error,error,null,null,null,TypeError,TypeError,ReferenceExecutionError,True,True,True
229,sub,"""x""",false,error,error,error,null,null,null,TypeError,TypeError,ReferenceExecutionError,True,True,True
230,sub,"""x""",true,error,error,error,null,null,null,TypeError,TypeError,ReferenceExecutionError,True,True,True
231,sub,"""x""",-1,error,error,error,null,null,null,TypeError,TypeError,ReferenceExecutionError,True,True,True
232,sub,"""x""",0,error,error,error,null,null,null,TypeError,TypeError,ReferenceExecutionError,True,True,True
233,sub,"""x""",1,error,error,error,null,null,null,TypeError,TypeError,ReferenceExecutionError,True,True,True
234,sub,"""x""","""""",error,error,error,null,null,null,TypeError,TypeError,ReferenceExecutionError,True,True,True
235,sub,"""x""","""x""",error,error,error,null,null,null,TypeError,TypeError,ReferenceExecutionError,True,True,True
236,sub,"""x""",[],error,error,error,null,null,null,TypeError,TypeError,ReferenceExecutionError,True,True,True
237,sub,"""x""",[1],error,error,error,null,null,null,TypeError,TypeError,ReferenceExecutionError,True,True,True
238,sub,"""x""",{},error,error,error,null,null,null,TypeError,TypeError,ReferenceExecutionError,True,True,True
239,sub,"""x""","{""a"":1}",error,error,error,null,null,null,TypeError,TypeError,ReferenceExecutionError,True,True,True
240,sub,[],,error,error,error,null,null,null,TypeError,TypeError,ReferenceExecutionError,True,True,True
241,sub,[],false,error,error,error,null,null,null,TypeError,TypeError,ReferenceExecutionError,True,True,True
242,sub,[],true,error,error,error,null,null,null,TypeError,TypeError,ReferenceExecutionError,True,True,True
243,sub,[],-1,error,error,error,null,null,null,TypeError,TypeError,ReferenceExecutionError,True,True,True
244,sub,[],0,error,error,error,null,null,null,TypeError,TypeError,ReferenceExecutionError,True,True,True
245,sub,[],1,error,error,error,null,null,null,TypeError,TypeError,ReferenceExecutionError,True,True,True
246,sub,[],"""""",error,error,error,null,null,null,TypeError,TypeError,ReferenceExecutionError,True,True,True
247,sub,[],"""x""",error,error,error,null,null,null,TypeError,TypeError,ReferenceExecutionError,True,True,True
248,sub,[],[],error,error,error,null,null,null,TypeError,TypeError,ReferenceExecutionError,True,True,True
249,sub,[],[1],error,error,error,null,null,null,TypeError,TypeError,ReferenceExecutionError,True,True,True
250,sub,[],{},error,error,error,null,null,null,TypeError,TypeError,ReferenceExecutionError,True,True,True
251,sub,[],"{""a"":1}",error,error,error,null,null,null,TypeError,TypeError,ReferenceExecutionError,True,True,True
252,sub,[1],,error,error,error,null,null,null,TypeError,TypeError,ReferenceExecutionError,True,True,True
253,sub,[1],false,error,error,error,null,null,null,TypeError,TypeError,ReferenceExecutionError,True,True,True
254,sub,[1],true,error,error,error,null,null,null,TypeError,TypeError,ReferenceExecutionError,True,True,True
255,sub,[1],-1,error,error,error,null,null,null,TypeError,TypeError,ReferenceExecutionError,True,True,True
256,sub,[1],0,error,error,error,null,null,null,TypeError,TypeError,ReferenceExecutionError,True,True,True
257,sub,[1],1,error,error,error,null,null,null,TypeError,TypeError,ReferenceExecutionError,True,True,True
258,sub,[1],"""""",error,error,error,null,null,null,TypeError,TypeError,ReferenceExecutionError,True,True,True
259,sub,[1],"""x""",error,error,error,null,null,null,TypeError,TypeError,ReferenceExecutionError,True,True,True
260,sub,[1],[],error,error,error,null,null,null,TypeError,TypeError,ReferenceExecutionError,True,True,True
261,sub,[1],[1],error,error,error,null,null,null,TypeError,TypeError,ReferenceExecutionError,True,True,True
262,sub,[1],{},error,error,error,null,null,null,TypeError,TypeError,ReferenceExecutionError,True,True,True
263,sub,[1],"{""a"":1}",error,error,error,null,null,null,TypeError,TypeError,ReferenceExecutionError,True,True,True
264,sub,{},,error,error,error,null,null,null,TypeError,TypeError,ReferenceExecutionError,True,True,True
265,sub,{},false,error,error,error,null,null,null,TypeError,TypeError,ReferenceExecutionError,True,True,True
266,sub,{},true,error,error,error,null,null,null,TypeError,TypeError,ReferenceExecutionError,True,True,True
267,sub,{},-1,error,error,error,null,null,null,TypeError,TypeError,ReferenceExecutionError,True,True,True
268,sub,{},0,error,error,error,null,null,null,TypeError,TypeError,ReferenceExecutionError,True,True,True
269,sub,{},1,error,error,error,null,null,null,TypeError,TypeError,ReferenceExecutionError,True,True,True
270,sub,{},"""""",error,error,error,null,null,null,TypeError,TypeError,ReferenceExecutionError,True,True,True
271,sub,{},"""x""",error,error,error,null,null,null,TypeError,TypeError,ReferenceExecutionError,True,True,True
272,sub,{},[],error,error,error,null,null,null,TypeError,TypeError,ReferenceExecutionError,True,True,True
273,sub,{},[1],error,error,error,null,null,null,TypeError,TypeError,ReferenceExecutionError,True,True,True
274,sub,{},{},error,error,error,null,null,null,TypeError,TypeError,ReferenceExecutionError,True,True,True
275,sub,{},"{""a"":1}",error,error,error,null,null,null,TypeError,TypeError,ReferenceExecutionError,True,True,True
276,sub,"{""a"":1}",,error,error,error,null,null,null,TypeError,TypeError,ReferenceExecutionError,True,True,True
277,sub,"{""a"":1}",false,error,error,error,null,null,null,TypeError,TypeError,ReferenceExecutionError,True,True,True
278,sub,"{""a"":1}",true,error,error,error,null,null,null,TypeError,TypeError,ReferenceExecutionError,True,True,True
279,sub,"{""a"":1}",-1,error,error,error,null,null,null,TypeError,TypeError,ReferenceExecutionError,True,True,True
280,sub,"{""a"":1}",0,error,error,error,null,null,null,TypeError,TypeError,ReferenceExecutionError,True,True,True
281,sub,"{""a"":1}",1,error,error,error,null,null,null,TypeError,TypeError,ReferenceExecutionError,True,True,True
282,sub,"{""a"":1}","""""",error,error,error,null,null,null,TypeError,TypeError,ReferenceExecutionError,True,True,True
283,sub,"{""a"":1}","""x""",error,error,error,null,null,null,TypeError,TypeError,ReferenceExecutionError,True,True,True
284,sub,"{""a"":1}",[],error,error,error,null,null,null,TypeError,TypeError,ReferenceExecutionError,True,True,True
285,sub,"{""a"":1}",[1],error,error,error,null,null,null,TypeError,TypeError,ReferenceExecutionError,True,True,True
286,sub,"{""a"":1}",{},error,error,error,null,null,null,TypeError,TypeError,ReferenceExecutionError,True,True,True
287,sub,"{""a"":1}","{""a"":1}",error,error,error,null,null,null,TypeError,TypeError,ReferenceExecutionError,True,True,True
288,mul,null,,error,error,error,null,null,null,TypeError,TypeError,ReferenceExecutionError,True,True,True
289,mul,null,false,error,error,error,null,null,null,TypeError,TypeError,ReferenceExecutionError,True,True,True
290,mul,null,true,error,error,error,null,null,null,TypeError,TypeError,ReferenceExecutionError,True,True,True
291,mul,null,-1,error,error,error,null,null,null,TypeError,TypeError,ReferenceExecutionError,True,True,True
292,mul,null,0,error,error,error,null,null,null,TypeError,TypeError,ReferenceExecutionError,True,True,True
293,mul,null,1,error,error,error,null,null,null,TypeError,TypeError,ReferenceExecutionError,True,True,True
294,mul,null,"""""",error,error,error,null,null,null,TypeError,TypeError,ReferenceExecutionError,True,True,True
295,mul,null,"""x""",error,error,error,null,null,null,TypeError,TypeError,ReferenceExecutionError,True,True,True
296,mul,null,[],error,error,error,null,null,null,TypeError,TypeError,ReferenceExecutionError,True,True,True
297,mul,null,[1],error,error,error,null,null,null,TypeError,TypeError,ReferenceExecutionError,True,True,True
298,mul,null,{},error,error,error,null,null,null,TypeError,TypeError,ReferenceExecutionError,True,True,True
299,mul,null,"{""a"":1}",error,error,error,null,null,null,TypeError,TypeError,ReferenceExecutionError,True,True,True
300,mul,false,,error,error,error,null,null,null,TypeError,TypeError,ReferenceExecutionError,True,True,True
301,mul,false,false,error,error,error,null,null,null,TypeError,TypeError,ReferenceExecutionError,True,True,True
302,mul,false,true,error,error,error,null,null,null,TypeError,TypeError,ReferenceExecutionError,True,True,True
303,mul,false,-1,error,error,error,null,null,null,TypeError,TypeError,ReferenceExecutionError,True,True,True
304,mul,false,0,error,error,error,null,null,null,TypeError,TypeError,ReferenceExecutionError,True,True,True
305,mul,false,1,error,error,error,null,null,null,TypeError,TypeError,ReferenceExecutionError,True,True,True
306,mul,false,"""""",error,error,error,null,null,null,TypeError,TypeError,ReferenceExecutionError,True,True,True
307,mul,false,"""x""",error,error,error,null,null,null,TypeError,TypeError,ReferenceExecutionError,True,True,True
308,mul,false,[],error,error,error,null,null,null,TypeError,TypeError,ReferenceExecutionError,True,True,True
309,mul,false,[1],error,error,error,null,null,null,TypeError,TypeError,ReferenceExecutionError,True,True,True
310,mul,false,{},error,error,error,null,null,null,TypeError,TypeError,ReferenceExecutionError,True,True,True
311,mul,false,"{""a"":1}",error,error,error,null,null,null,TypeError,TypeError,ReferenceExecutionError,True,True,True
312,mul,true,,error,error,error,null,null,null,TypeError,TypeError,ReferenceExecutionError,True,True,True
313,mul,true,false,error,error,error,null,null,null,TypeError,TypeError,ReferenceExecutionError,True,True,True
314,mul,true,true,error,error,error,null,null,null,TypeError,TypeError,ReferenceExecutionError,True,True,True
315,mul,true,-1,error,error,error,null,null,null,TypeError,TypeError,ReferenceExecutionError,True,True,True
316,mul,true,0,error,error,error,null,null,null,TypeError,TypeError,ReferenceExecutionError,True,True,True
317,mul,true,1,error,error,error,null,null,null,TypeError,TypeError,ReferenceExecutionError,True,True,True
318,mul,true,"""""",error,error,error,null,null,null,TypeError,TypeError,ReferenceExecutionError,True,True,True
319,mul,true,"""x""",error,error,error,null,null,null,TypeError,TypeError,ReferenceExecutionError,True,True,True
320,mul,true,[],error,error,error,null,null,null,TypeError,TypeError,ReferenceExecutionError,True,True,True
321,mul,true,[1],error,error,error,null,null,null,TypeError,TypeError,ReferenceExecutionError,True,True,True
322,mul,true,{},error,error,error,null,null,null,TypeError,TypeError,ReferenceExecutionError,True,True,True
323,mul,true,"{""a"":1}",error,error,error,null,null,null,TypeError,TypeError,ReferenceExecutionError,True,True,True
324,mul,-1,,error,error,error,null,null,null,TypeError,TypeError,ReferenceExecutionError,True,True,True
325,mul,-1,false,error,error,error,null,null,null,TypeError,TypeError,ReferenceExecutionError,True,True,True
326,mul,-1,true,error,error,error,null,null,null,TypeError,TypeError,ReferenceExecutionError,True,True,True
327,mul,-1,-1,defined,defined,defined,"[""int"",1]","[""int"",1]","[""int"",1]",,,,True,True,True
328,mul,-1,0,defined,defined,defined,"[""int"",0]","[""int"",0]","[""int"",0]",,,,True,True,True
329,mul,-1,1,defined,defined,defined,"[""int"",-1]","[""int"",-1]","[""int"",-1]",,,,True,True,True
330,mul,-1,"""""",error,error,error,null,null,null,TypeError,TypeError,ReferenceExecutionError,True,True,True
331,mul,-1,"""x""",error,error,error,null,null,null,TypeError,TypeError,ReferenceExecutionError,True,True,True
332,mul,-1,[],error,error,error,null,null,null,TypeError,TypeError,ReferenceExecutionError,True,True,True
333,mul,-1,[1],error,error,error,null,null,null,TypeError,TypeError,ReferenceExecutionError,True,True,True
334,mul,-1,{},error,error,error,null,null,null,TypeError,TypeError,ReferenceExecutionError,True,True,True
335,mul,-1,"{""a"":1}",error,error,error,null,null,null,TypeError,TypeError,ReferenceExecutionError,True,True,True
336,mul,0,,error,error,error,null,null,null,TypeError,TypeError,ReferenceExecutionError,True,True,True
337,mul,0,false,error,error,error,null,null,null,TypeError,TypeError,ReferenceExecutionError,True,True,True
338,mul,0,true,error,error,error,null,null,null,TypeError,TypeError,ReferenceExecutionError,True,True,True
339,mul,0,-1,defined,defined,defined,"[""int"",0]","[""int"",0]","[""int"",0]",,,,True,True,True
340,mul,0,0,defined,defined,defined,"[""int"",0]","[""int"",0]","[""int"",0]",,,,True,True,True
341,mul,0,1,defined,defined,defined,"[""int"",0]","[""int"",0]","[""int"",0]",,,,True,True,True
342,mul,0,"""""",error,error,error,null,null,null,TypeError,TypeError,ReferenceExecutionError,True,True,True
343,mul,0,"""x""",error,error,error,null,null,null,TypeError,TypeError,ReferenceExecutionError,True,True,True
344,mul,0,[],error,error,error,null,null,null,TypeError,TypeError,ReferenceExecutionError,True,True,True
345,mul,0,[1],error,error,error,null,null,null,TypeError,TypeError,ReferenceExecutionError,True,True,True
346,mul,0,{},error,error,error,null,null,null,TypeError,TypeError,ReferenceExecutionError,True,True,True
347,mul,0,"{""a"":1}",error,error,error,null,null,null,TypeError,TypeError,ReferenceExecutionError,True,True,True
348,mul,1,,error,error,error,null,null,null,TypeError,TypeError,ReferenceExecutionError,True,True,True
349,mul,1,false,error,error,error,null,null,null,TypeError,TypeError,ReferenceExecutionError,True,True,True
350,mul,1,true,error,error,error,null,null,null,TypeError,TypeError,ReferenceExecutionError,True,True,True
351,mul,1,-1,defined,defined,defined,"[""int"",-1]","[""int"",-1]","[""int"",-1]",,,,True,True,True
352,mul,1,0,defined,defined,defined,"[""int"",0]","[""int"",0]","[""int"",0]",,,,True,True,True
353,mul,1,1,defined,defined,defined,"[""int"",1]","[""int"",1]","[""int"",1]",,,,True,True,True
354,mul,1,"""""",error,error,error,null,null,null,TypeError,TypeError,ReferenceExecutionError,True,True,True
355,mul,1,"""x""",error,error,error,null,null,null,TypeError,TypeError,ReferenceExecutionError,True,True,True
356,mul,1,[],error,error,error,null,null,null,TypeError,TypeError,ReferenceExecutionError,True,True,True
357,mul,1,[1],error,error,error,null,null,null,TypeError,TypeError,ReferenceExecutionError,True,True,True
358,mul,1,{},error,error,error,null,null,null,TypeError,TypeError,ReferenceExecutionError,True,True,True
359,mul,1,"{""a"":1}",error,error,error,null,null,null,TypeError,TypeError,ReferenceExecutionError,True,True,True
360,mul,"""""",,error,error,error,null,null,null,TypeError,TypeError,ReferenceExecutionError,True,True,True
361,mul,"""""",false,error,error,error,null,null,null,TypeError,TypeError,ReferenceExecutionError,True,True,True
362,mul,"""""",true,error,error,error,null,null,null,TypeError,TypeError,ReferenceExecutionError,True,True,True
363,mul,"""""",-1,error,error,error,null,null,null,TypeError,TypeError,ReferenceExecutionError,True,True,True
364,mul,"""""",0,error,error,error,null,null,null,TypeError,TypeError,ReferenceExecutionError,True,True,True
365,mul,"""""",1,error,error,error,null,null,null,TypeError,TypeError,ReferenceExecutionError,True,True,True
366,mul,"""""","""""",error,error,error,null,null,null,TypeError,TypeError,ReferenceExecutionError,True,True,True
367,mul,"""""","""x""",error,error,error,null,null,null,TypeError,TypeError,ReferenceExecutionError,True,True,True
368,mul,"""""",[],error,error,error,null,null,null,TypeError,TypeError,ReferenceExecutionError,True,True,True
369,mul,"""""",[1],error,error,error,null,null,null,TypeError,TypeError,ReferenceExecutionError,True,True,True
370,mul,"""""",{},error,error,error,null,null,null,TypeError,TypeError,ReferenceExecutionError,True,True,True
371,mul,"""""","{""a"":1}",error,error,error,null,null,null,TypeError,TypeError,ReferenceExecutionError,True,True,True
372,mul,"""x""",,error,error,error,null,null,null,TypeError,TypeError,ReferenceExecutionError,True,True,True
373,mul,"""x""",false,error,error,error,null,null,null,TypeError,TypeError,ReferenceExecutionError,True,True,True
374,mul,"""x""",true,error,error,error,null,null,null,TypeError,TypeError,ReferenceExecutionError,True,True,True
375,mul,"""x""",-1,error,error,error,null,null,null,TypeError,TypeError,ReferenceExecutionError,True,True,True
376,mul,"""x""",0,error,error,error,null,null,null,TypeError,TypeError,ReferenceExecutionError,True,True,True
377,mul,"""x""",1,error,error,error,null,null,null,TypeError,TypeError,ReferenceExecutionError,True,True,True
378,mul,"""x""","""""",error,error,error,null,null,null,TypeError,TypeError,ReferenceExecutionError,True,True,True
379,mul,"""x""","""x""",error,error,error,null,null,null,TypeError,TypeError,ReferenceExecutionError,True,True,True
380,mul,"""x""",[],error,error,error,null,null,null,TypeError,TypeError,ReferenceExecutionError,True,True,True
381,mul,"""x""",[1],error,error,error,null,null,null,TypeError,TypeError,ReferenceExecutionError,True,True,True
382,mul,"""x""",{},error,error,error,null,null,null,TypeError,TypeError,ReferenceExecutionError,True,True,True
383,mul,"""x""","{""a"":1}",error,error,error,null,null,null,TypeError,TypeError,ReferenceExecutionError,True,True,True
384,mul,[],,error,error,error,null,null,null,TypeError,TypeError,ReferenceExecutionError,True,True,True
385,mul,[],false,error,error,error,null,null,null,TypeError,TypeError,ReferenceExecutionError,True,True,True
386,mul,[],true,error,error,error,null,null,null,TypeError,TypeError,ReferenceExecutionError,True,True,True
387,mul,[],-1,error,error,error,null,null,null,TypeError,TypeError,ReferenceExecutionError,True,True,True
388,mul,[],0,error,error,error,null,null,null,TypeError,TypeError,ReferenceExecutionError,True,True,True
389,mul,[],1,error,error,error,null,null,null,TypeError,TypeError,ReferenceExecutionError,True,True,True
390,mul,[],"""""",error,error,error,null,null,null,TypeError,TypeError,ReferenceExecutionError,True,True,True
391,mul,[],"""x""",error,error,error,null,null,null,TypeError,TypeError,ReferenceExecutionError,True,True,True
392,mul,[],[],error,error,error,null,null,null,TypeError,TypeError,ReferenceExecutionError,True,True,True
393,mul,[],[1],error,error,error,null,null,null,TypeError,TypeError,ReferenceExecutionError,True,True,True
394,mul,[],{},error,error,error,null,null,null,TypeError,TypeError,ReferenceExecutionError,True,True,True
395,mul,[],"{""a"":1}",error,error,error,null,null,null,TypeError,TypeError,ReferenceExecutionError,True,True,True
396,mul,[1],,error,error,error,null,null,null,TypeError,TypeError,ReferenceExecutionError,True,True,True
397,mul,[1],false,error,error,error,null,null,null,TypeError,TypeError,ReferenceExecutionError,True,True,True
398,mul,[1],true,error,error,error,null,null,null,TypeError,TypeError,ReferenceExecutionError,True,True,True
399,mul,[1],-1,error,error,error,null,null,null,TypeError,TypeError,ReferenceExecutionError,True,True,True
400,mul,[1],0,error,error,error,null,null,null,TypeError,TypeError,ReferenceExecutionError,True,True,True
401,mul,[1],1,error,error,error,null,null,null,TypeError,TypeError,ReferenceExecutionError,True,True,True
402,mul,[1],"""""",error,error,error,null,null,null,TypeError,TypeError,ReferenceExecutionError,True,True,True
403,mul,[1],"""x""",error,error,error,null,null,null,TypeError,TypeError,ReferenceExecutionError,True,True,True
404,mul,[1],[],error,error,error,null,null,null,TypeError,TypeError,ReferenceExecutionError,True,True,True
405,mul,[1],[1],error,error,error,null,null,null,TypeError,TypeError,ReferenceExecutionError,True,True,True
406,mul,[1],{},error,error,error,null,null,null,TypeError,TypeError,ReferenceExecutionError,True,True,True
407,mul,[1],"{""a"":1}",error,error,error,null,null,null,TypeError,TypeError,ReferenceExecutionError,True,True,True
408,mul,{},,error,error,error,null,null,null,TypeError,TypeError,ReferenceExecutionError,True,True,True
409,mul,{},false,error,error,error,null,null,null,TypeError,TypeError,ReferenceExecutionError,True,True,True
410,mul,{},true,error,error,error,null,null,null,TypeError,TypeError,ReferenceExecutionError,True,True,True
411,mul,{},-1,error,error,error,null,null,null,TypeError,TypeError,ReferenceExecutionError,True,True,True
412,mul,{},0,error,error,error,null,null,null,TypeError,TypeError,ReferenceExecutionError,True,True,True
413,mul,{},1,error,error,error,null,null,null,TypeError,TypeError,ReferenceExecutionError,True,True,True
414,mul,{},"""""",error,error,error,null,null,null,TypeError,TypeError,ReferenceExecutionError,True,True,True
415,mul,{},"""x""",error,error,error,null,null,null,TypeError,TypeError,ReferenceExecutionError,True,True,True
416,mul,{},[],error,error,error,null,null,null,TypeError,TypeError,ReferenceExecutionError,True,True,True
417,mul,{},[1],error,error,error,null,null,null,TypeError,TypeError,ReferenceExecutionError,True,True,True
418,mul,{},{},error,error,error,null,null,null,TypeError,TypeError,ReferenceExecutionError,True,True,True
419,mul,{},"{""a"":1}",error,error,error,null,null,null,TypeError,TypeError,ReferenceExecutionError,True,True,True
420,mul,"{""a"":1}",,error,error,error,null,null,null,TypeError,TypeError,ReferenceExecutionError,True,True,True
421,mul,"{""a"":1}",false,error,error,error,null,null,null,TypeError,TypeError,ReferenceExecutionError,True,True,True
422,mul,"{""a"":1}",true,error,error,error,null,null,null,TypeError,TypeError,ReferenceExecutionError,True,True,True
423,mul,"{""a"":1}",-1,error,error,error,null,null,null,TypeError,TypeError,ReferenceExecutionError,True,True,True
424,mul,"{""a"":1}",0,error,error,error,null,null,null,TypeError,TypeError,ReferenceExecutionError,True,True,True
425,mul,"{""a"":1}",1,error,error,error,null,null,null,TypeError,TypeError,ReferenceExecutionError,True,True,True
426,mul,"{""a"":1}","""""",error,error,error,null,null,null,TypeError,TypeError,ReferenceExecutionError,True,True,True
427,mul,"{""a"":1}","""x""",error,error,error,null,null,null,TypeError,TypeError,ReferenceExecutionError,True,True,True
428,mul,"{""a"":1}",[],error,error,error,null,null,null,TypeError,TypeError,ReferenceExecutionError,True,True,True
429,mul,"{""a"":1}",[1],error,error,error,null,null,null,TypeError,TypeError,ReferenceExecutionError,True,True,True
430,mul,"{""a"":1}",{},error,error,error,null,null,null,TypeError,TypeError,ReferenceExecutionError,True,True,True
431,mul,"{""a"":1}","{""a"":1}",error,error,error,null,null,null,TypeError,TypeError,ReferenceExecutionError,True,True,True
432,eq,null,,defined,defined,defined,"[""bool"",true]","[""bool"",true]","[""bool"",true]",,,,True,True,True
433,eq,null,false,defined,defined,defined,"[""bool"",false]","[""bool"",false]","[""bool"",false]",,,,True,True,True
434,eq,null,true,defined,defined,defined,"[""bool"",false]","[""bool"",false]","[""bool"",false]",,,,True,True,True
435,eq,null,-1,defined,defined,defined,"[""bool"",false]","[""bool"",false]","[""bool"",false]",,,,True,True,True
436,eq,null,0,defined,defined,defined,"[""bool"",false]","[""bool"",false]","[""bool"",false]",,,,True,True,True
437,eq,null,1,defined,defined,defined,"[""bool"",false]","[""bool"",false]","[""bool"",false]",,,,True,True,True
438,eq,null,"""""",defined,defined,defined,"[""bool"",false]","[""bool"",false]","[""bool"",false]",,,,True,True,True
439,eq,null,"""x""",defined,defined,defined,"[""bool"",false]","[""bool"",false]","[""bool"",false]",,,,True,True,True
440,eq,null,[],defined,defined,defined,"[""bool"",false]","[""bool"",false]","[""bool"",false]",,,,True,True,True
441,eq,null,[1],defined,defined,defined,"[""bool"",false]","[""bool"",false]","[""bool"",false]",,,,True,True,True
442,eq,null,{},defined,defined,defined,"[""bool"",false]","[""bool"",false]","[""bool"",false]",,,,True,True,True
443,eq,null,"{""a"":1}",defined,defined,defined,"[""bool"",false]","[""bool"",false]","[""bool"",false]",,,,True,True,True
444,eq,false,,defined,defined,defined,"[""bool"",false]","[""bool"",false]","[""bool"",false]",,,,True,True,True
445,eq,false,false,defined,defined,defined,"[""bool"",true]","[""bool"",true]","[""bool"",true]",,,,True,True,True
446,eq,false,true,defined,defined,defined,"[""bool"",false]","[""bool"",false]","[""bool"",false]",,,,True,True,True
447,eq,false,-1,defined,defined,defined,"[""bool"",false]","[""bool"",false]","[""bool"",false]",,,,True,True,True
448,eq,false,0,defined,defined,defined,"[""bool"",false]","[""bool"",false]","[""bool"",false]",,,,True,True,True
449,eq,false,1,defined,defined,defined,"[""bool"",false]","[""bool"",false]","[""bool"",false]",,,,True,True,True
450,eq,false,"""""",defined,defined,defined,"[""bool"",false]","[""bool"",false]","[""bool"",false]",,,,True,True,True
451,eq,false,"""x""",defined,defined,defined,"[""bool"",false]","[""bool"",false]","[""bool"",false]",,,,True,True,True
452,eq,false,[],defined,defined,defined,"[""bool"",false]","[""bool"",false]","[""bool"",false]",,,,True,True,True
453,eq,false,[1],defined,defined,defined,"[""bool"",false]","[""bool"",false]","[""bool"",false]",,,,True,True,True
454,eq,false,{},defined,defined,defined,"[""bool"",false]","[""bool"",false]","[""bool"",false]",,,,True,True,True
455,eq,false,"{""a"":1}",defined,defined,defined,"[""bool"",false]","[""bool"",false]","[""bool"",false]",,,,True,True,True
456,eq,true,,defined,defined,defined,"[""bool"",false]","[""bool"",false]","[""bool"",false]",,,,True,True,True
457,eq,true,false,defined,defined,defined,"[""bool"",false]","[""bool"",false]","[""bool"",false]",,,,True,True,True
458,eq,true,true,defined,defined,defined,"[""bool"",true]","[""bool"",true]","[""bool"",true]",,,,True,True,True
459,eq,true,-1,defined,defined,defined,"[""bool"",false]","[""bool"",false]","[""bool"",false]",,,,True,True,True
460,eq,true,0,defined,defined,defined,"[""bool"",false]","[""bool"",false]","[""bool"",false]",,,,True,True,True
461,eq,true,1,defined,defined,defined,"[""bool"",false]","[""bool"",false]","[""bool"",false]",,,,True,True,True
462,eq,true,"""""",defined,defined,defined,"[""bool"",false]","[""bool"",false]","[""bool"",false]",,,,True,True,True
463,eq,true,"""x""",defined,defined,defined,"[""bool"",false]","[""bool"",false]","[""bool"",false]",,,,True,True,True
464,eq,true,[],defined,defined,defined,"[""bool"",false]","[""bool"",false]","[""bool"",false]",,,,True,True,True
465,eq,true,[1],defined,defined,defined,"[""bool"",false]","[""bool"",false]","[""bool"",false]",,,,True,True,True
466,eq,true,{},defined,defined,defined,"[""bool"",false]","[""bool"",false]","[""bool"",false]",,,,True,True,True
467,eq,true,"{""a"":1}",defined,defined,defined,"[""bool"",false]","[""bool"",false]","[""bool"",false]",,,,True,True,True
468,eq,-1,,defined,defined,defined,"[""bool"",false]","[""bool"",false]","[""bool"",false]",,,,True,True,True
469,eq,-1,false,defined,defined,defined,"[""bool"",false]","[""bool"",false]","[""bool"",false]",,,,True,True,True
470,eq,-1,true,defined,defined,defined,"[""bool"",false]","[""bool"",false]","[""bool"",false]",,,,True,True,True
471,eq,-1,-1,defined,defined,defined,"[""bool"",true]","[""bool"",true]","[""bool"",true]",,,,True,True,True
472,eq,-1,0,defined,defined,defined,"[""bool"",false]","[""bool"",false]","[""bool"",false]",,,,True,True,True
473,eq,-1,1,defined,defined,defined,"[""bool"",false]","[""bool"",false]","[""bool"",false]",,,,True,True,True
474,eq,-1,"""""",defined,defined,defined,"[""bool"",false]","[""bool"",false]","[""bool"",false]",,,,True,True,True
475,eq,-1,"""x""",defined,defined,defined,"[""bool"",false]","[""bool"",false]","[""bool"",false]",,,,True,True,True
476,eq,-1,[],defined,defined,defined,"[""bool"",false]","[""bool"",false]","[""bool"",false]",,,,True,True,True
477,eq,-1,[1],defined,defined,defined,"[""bool"",false]","[""bool"",false]","[""bool"",false]",,,,True,True,True
478,eq,-1,{},defined,defined,defined,"[""bool"",false]","[""bool"",false]","[""bool"",false]",,,,True,True,True
479,eq,-1,"{""a"":1}",defined,defined,defined,"[""bool"",false]","[""bool"",false]","[""bool"",false]",,,,True,True,True
480,eq,0,,defined,defined,defined,"[""bool"",false]","[""bool"",false]","[""bool"",false]",,,,True,True,True
481,eq,0,false,defined,defined,defined,"[""bool"",false]","[""bool"",false]","[""bool"",false]",,,,True,True,True
482,eq,0,true,defined,defined,defined,"[""bool"",false]","[""bool"",false]","[""bool"",false]",,,,True,True,True
483,eq,0,-1,defined,defined,defined,"[""bool"",false]","[""bool"",false]","[""bool"",false]",,,,True,True,True
484,eq,0,0,defined,defined,defined,"[""bool"",true]","[""bool"",true]","[""bool"",true]",,,,True,True,True
485,eq,0,1,defined,defined,defined,"[""bool"",false]","[""bool"",false]","[""bool"",false]",,,,True,True,True
486,eq,0,"""""",defined,defined,defined,"[""bool"",false]","[""bool"",false]","[""bool"",false]",,,,True,True,True
487,eq,0,"""x""",defined,defined,defined,"[""bool"",false]","[""bool"",false]","[""bool"",false]",,,,True,True,True
488,eq,0,[],defined,defined,defined,"[""bool"",false]","[""bool"",false]","[""bool"",false]",,,,True,True,True
489,eq,0,[1],defined,defined,defined,"[""bool"",false]","[""bool"",false]","[""bool"",false]",,,,True,True,True
490,eq,0,{},defined,defined,defined,"[""bool"",false]","[""bool"",false]","[""bool"",false]",,,,True,True,True
491,eq,0,"{""a"":1}",defined,defined,defined,"[""bool"",false]","[""bool"",false]","[""bool"",false]",,,,True,True,True
492,eq,1,,defined,defined,defined,"[""bool"",false]","[""bool"",false]","[""bool"",false]",,,,True,True,True
493,eq,1,false,defined,defined,defined,"[""bool"",false]","[""bool"",false]","[""bool"",false]",,,,True,True,True
494,eq,1,true,defined,defined,defined,"[""bool"",false]","[""bool"",false]","[""bool"",false]",,,,True,True,True
495,eq,1,-1,defined,defined,defined,"[""bool"",false]","[""bool"",false]","[""bool"",false]",,,,True,True,True
496,eq,1,0,defined,defined,defined,"[""bool"",false]","[""bool"",false]","[""bool"",false]",,,,True,True,True
497,eq,1,1,defined,defined,defined,"[""bool"",true]","[""bool"",true]","[""bool"",true]",,,,True,True,True
498,eq,1,"""""",defined,defined,defined,"[""bool"",false]","[""bool"",false]","[""bool"",false]",,,,True,True,True
499,eq,1,"""x""",defined,defined,defined,"[""bool"",false]","[""bool"",false]","[""bool"",false]",,,,True,True,True
500,eq,1,[],defined,defined,defined,"[""bool"",false]","[""bool"",false]","[""bool"",false]",,,,True,True,True
501,eq,1,[1],defined,defined,defined,"[""bool"",false]","[""bool"",false]","[""bool"",false]",,,,True,True,True
502,eq,1,{},defined,defined,defined,"[""bool"",false]","[""bool"",false]","[""bool"",false]",,,,True,True,True
503,eq,1,"{""a"":1}",defined,defined,defined,"[""bool"",false]","[""bool"",false]","[""bool"",false]",,,,True,True,True
504,eq,"""""",,defined,defined,defined,"[""bool"",false]","[""bool"",false]","[""bool"",false]",,,,True,True,True
505,eq,"""""",false,defined,defined,defined,"[""bool"",false]","[""bool"",false]","[""bool"",false]",,,,True,True,True
506,eq,"""""",true,defined,defined,defined,"[""bool"",false]","[""bool"",false]","[""bool"",false]",,,,True,True,True
507,eq,"""""",-1,defined,defined,defined,"[""bool"",false]","[""bool"",false]","[""bool"",false]",,,,True,True,True
508,eq,"""""",0,defined,defined,defined,"[""bool"",false]","[""bool"",false]","[""bool"",false]",,,,True,True,True
509,eq,"""""",1,defined,defined,defined,"[""bool"",false]","[""bool"",false]","[""bool"",false]",,,,True,True,True
510,eq,"""""","""""",defined,defined,defined,"[""bool"",true]","[""bool"",true]","[""bool"",true]",,,,True,True,True
511,eq,"""""","""x""",defined,defined,defined,"[""bool"",false]","[""bool"",false]","[""bool"",false]",,,,True,True,True
512,eq,"""""",[],defined,defined,defined,"[""bool"",false]","[""bool"",false]","[""bool"",false]",,,,True,True,True
513,eq,"""""",[1],defined,defined,defined,"[""bool"",false]","[""bool"",false]","[""bool"",false]",,,,True,True,True
514,eq,"""""",{},defined,defined,defined,"[""bool"",false]","[""bool"",false]","[""bool"",false]",,,,True,True,True
515,eq,"""""","{""a"":1}",defined,defined,defined,"[""bool"",false]","[""bool"",false]","[""bool"",false]",,,,True,True,True
516,eq,"""x""",,defined,defined,defined,"[""bool"",false]","[""bool"",false]","[""bool"",false]",,,,True,True,True
517,eq,"""x""",false,defined,defined,defined,"[""bool"",false]","[""bool"",false]","[""bool"",false]",,,,True,True,True
518,eq,"""x""",true,defined,defined,defined,"[""bool"",false]","[""bool"",false]","[""bool"",false]",,,,True,True,True
519,eq,"""x""",-1,defined,defined,defined,"[""bool"",false]","[""bool"",false]","[""bool"",false]",,,,True,True,True
520,eq,"""x""",0,defined,defined,defined,"[""bool"",false]","[""bool"",false]","[""bool"",false]",,,,True,True,True
521,eq,"""x""",1,defined,defined,defined,"[""bool"",false]","[""bool"",false]","[""bool"",false]",,,,True,True,True
522,eq,"""x""","""""",defined,defined,defined,"[""bool"",false]","[""bool"",false]","[""bool"",false]",,,,True,True,True
523,eq,"""x""","""x""",defined,defined,defined,"[""bool"",true]","[""bool"",true]","[""bool"",true]",,,,True,True,True
524,eq,"""x""",[],defined,defined,defined,"[""bool"",false]","[""bool"",false]","[""bool"",false]",,,,True,True,True
525,eq,"""x""",[1],defined,defined,defined,"[""bool"",false]","[""bool"",false]","[""bool"",false]",,,,True,True,True
526,eq,"""x""",{},defined,defined,defined,"[""bool"",false]","[""bool"",false]","[""bool"",false]",,,,True,True,True
527,eq,"""x""","{""a"":1}",defined,defined,defined,"[""bool"",false]","[""bool"",false]","[""bool"",false]",,,,True,True,True
528,eq,[],,defined,defined,defined,"[""bool"",false]","[""bool"",false]","[""bool"",false]",,,,True,True,True
529,eq,[],false,defined,defined,defined,"[""bool"",false]","[""bool"",false]","[""bool"",false]",,,,True,True,True
530,eq,[],true,defined,defined,defined,"[""bool"",false]","[""bool"",false]","[""bool"",false]",,,,True,True,True
531,eq,[],-1,defined,defined,defined,"[""bool"",false]","[""bool"",false]","[""bool"",false]",,,,True,True,True
532,eq,[],0,defined,defined,defined,"[""bool"",false]","[""bool"",false]","[""bool"",false]",,,,True,True,True
533,eq,[],1,defined,defined,defined,"[""bool"",false]","[""bool"",false]","[""bool"",false]",,,,True,True,True
534,eq,[],"""""",defined,defined,defined,"[""bool"",false]","[""bool"",false]","[""bool"",false]",,,,True,True,True
535,eq,[],"""x""",defined,defined,defined,"[""bool"",false]","[""bool"",false]","[""bool"",false]",,,,True,True,True
536,eq,[],[],defined,defined,defined,"[""bool"",true]","[""bool"",true]","[""bool"",true]",,,,True,True,True
537,eq,[],[1],defined,defined,defined,"[""bool"",false]","[""bool"",false]","[""bool"",false]",,,,True,True,True
538,eq,[],{},defined,defined,defined,"[""bool"",false]","[""bool"",false]","[""bool"",false]",,,,True,True,True
539,eq,[],"{""a"":1}",defined,defined,defined,"[""bool"",false]","[""bool"",false]","[""bool"",false]",,,,True,True,True
540,eq,[1],,defined,defined,defined,"[""bool"",false]","[""bool"",false]","[""bool"",false]",,,,True,True,True
541,eq,[1],false,defined,defined,defined,"[""bool"",false]","[""bool"",false]","[""bool"",false]",,,,True,True,True
542,eq,[1],true,defined,defined,defined,"[""bool"",false]","[""bool"",false]","[""bool"",false]",,,,True,True,True
543,eq,[1],-1,defined,defined,defined,"[""bool"",false]","[""bool"",false]","[""bool"",false]",,,,True,True,True
544,eq,[1],0,defined,defined,defined,"[""bool"",false]","[""bool"",false]","[""bool"",false]",,,,True,True,True
545,eq,[1],1,defined,defined,defined,"[""bool"",false]","[""bool"",false]","[""bool"",false]",,,,True,True,True
546,eq,[1],"""""",defined,defined,defined,"[""bool"",false]","[""bool"",false]","[""bool"",false]",,,,True,True,True
547,eq,[1],"""x""",defined,defined,defined,"[""bool"",false]","[""bool"",false]","[""bool"",false]",,,,True,True,True
548,eq,[1],[],defined,defined,defined,"[""bool"",false]","[""bool"",false]","[""bool"",false]",,,,True,True,True
549,eq,[1],[1],defined,defined,defined,"[""bool"",true]","[""bool"",true]","[""bool"",true]",,,,True,True,True
550,eq,[1],{},defined,defined,defined,"[""bool"",false]","[""bool"",false]","[""bool"",false]",,,,True,True,True
551,eq,[1],"{""a"":1}",defined,defined,defined,"[""bool"",false]","[""bool"",false]","[""bool"",false]",,,,True,True,True
552,eq,{},,defined,defined,defined,"[""bool"",false]","[""bool"",false]","[""bool"",false]",,,,True,True,True
553,eq,{},false,defined,defined,defined,"[""bool"",false]","[""bool"",false]","[""bool"",false]",,,,True,True,True
554,eq,{},true,defined,defined,defined,"[""bool"",false]","[""bool"",false]","[""bool"",false]",,,,True,True,True
555,eq,{},-1,defined,defined,defined,"[""bool"",false]","[""bool"",false]","[""bool"",false]",,,,True,True,True
556,eq,{},0,defined,defined,defined,"[""bool"",false]","[""bool"",false]","[""bool"",false]",,,,True,True,True
557,eq,{},1,defined,defined,defined,"[""bool"",false]","[""bool"",false]","[""bool"",false]",,,,True,True,True
558,eq,{},"""""",defined,defined,defined,"[""bool"",false]","[""bool"",false]","[""bool"",false]",,,,True,True,True
559,eq,{},"""x""",defined,defined,defined,"[""bool"",false]","[""bool"",false]","[""bool"",false]",,,,True,True,True
560,eq,{},[],defined,defined,defined,"[""bool"",false]","[""bool"",false]","[""bool"",false]",,,,True,True,True
561,eq,{},[1],defined,defined,defined,"[""bool"",false]","[""bool"",false]","[""bool"",false]",,,,True,True,True
562,eq,{},{},defined,defined,defined,"[""bool"",true]","[""bool"",true]","[""bool"",true]",,,,True,True,True
563,eq,{},"{""a"":1}",defined,defined,defined,"[""bool"",false]","[""bool"",false]","[""bool"",false]",,,,True,True,True
564,eq,"{""a"":1}",,defined,defined,defined,"[""bool"",false]","[""bool"",false]","[""bool"",false]",,,,True,True,True
565,eq,"{""a"":1}",false,defined,defined,defined,"[""bool"",false]","[""bool"",false]","[""bool"",false]",,,,True,True,True
566,eq,"{""a"":1}",true,defined,defined,defined,"[""bool"",false]","[""bool"",false]","[""bool"",false]",,,,True,True,True
567,eq,"{""a"":1}",-1,defined,defined,defined,"[""bool"",false]","[""bool"",false]","[""bool"",false]",,,,True,True,True
568,eq,"{""a"":1}",0,defined,defined,defined,"[""bool"",false]","[""bool"",false]","[""bool"",false]",,,,True,True,True
569,eq,"{""a"":1}",1,defined,defined,defined,"[""bool"",false]","[""bool"",false]","[""bool"",false]",,,,True,True,True
570,eq,"{""a"":1}","""""",defined,defined,defined,"[""bool"",false]","[""bool"",false]","[""bool"",false]",,,,True,True,True
571,eq,"{""a"":1}","""x""",defined,defined,defined,"[""bool"",false]","[""bool"",false]","[""bool"",false]",,,,True,True,True
572,eq,"{""a"":1}",[],defined,defined,defined,"[""bool"",false]","[""bool"",false]","[""bool"",false]",,,,True,True,True
573,eq,"{""a"":1}",[1],defined,defined,defined,"[""bool"",false]","[""bool"",false]","[""bool"",false]",,,,True,True,True
574,eq,"{""a"":1}",{},defined,defined,defined,"[""bool"",false]","[""bool"",false]","[""bool"",false]",,,,True,True,True
575,eq,"{""a"":1}","{""a"":1}",defined,defined,defined,"[""bool"",true]","[""bool"",true]","[""bool"",true]",,,,True,True,True
576,ne,null,,defined,defined,defined,"[""bool"",false]","[""bool"",false]","[""bool"",false]",,,,True,True,True
577,ne,null,false,defined,defined,defined,"[""bool"",true]","[""bool"",true]","[""bool"",true]",,,,True,True,True
578,ne,null,true,defined,defined,defined,"[""bool"",true]","[""bool"",true]","[""bool"",true]",,,,True,True,True
579,ne,null,-1,defined,defined,defined,"[""bool"",true]","[""bool"",true]","[""bool"",true]",,,,True,True,True
580,ne,null,0,defined,defined,defined,"[""bool"",true]","[""bool"",true]","[""bool"",true]",,,,True,True,True
581,ne,null,1,defined,defined,defined,"[""bool"",true]","[""bool"",true]","[""bool"",true]",,,,True,True,True
582,ne,null,"""""",defined,defined,defined,"[""bool"",true]","[""bool"",true]","[""bool"",true]",,,,True,True,True
583,ne,null,"""x""",defined,defined,defined,"[""bool"",true]","[""bool"",true]","[""bool"",true]",,,,True,True,True
584,ne,null,[],defined,defined,defined,"[""bool"",true]","[""bool"",true]","[""bool"",true]",,,,True,True,True
585,ne,null,[1],defined,defined,defined,"[""bool"",true]","[""bool"",true]","[""bool"",true]",,,,True,True,True
586,ne,null,{},defined,defined,defined,"[""bool"",true]","[""bool"",true]","[""bool"",true]",,,,True,True,True
587,ne,null,"{""a"":1}",defined,defined,defined,"[""bool"",true]","[""bool"",true]","[""bool"",true]",,,,True,True,True
588,ne,false,,defined,defined,defined,"[""bool"",true]","[""bool"",true]","[""bool"",true]",,,,True,True,True
589,ne,false,false,defined,defined,defined,"[""bool"",false]","[""bool"",false]","[""bool"",false]",,,,True,True,True
590,ne,false,true,defined,defined,defined,"[""bool"",true]","[""bool"",true]","[""bool"",true]",,,,True,True,True
591,ne,false,-1,defined,defined,defined,"[""bool"",true]","[""bool"",true]","[""bool"",true]",,,,True,True,True
592,ne,false,0,defined,defined,defined,"[""bool"",true]","[""bool"",true]","[""bool"",true]",,,,True,True,True
593,ne,false,1,defined,defined,defined,"[""bool"",true]","[""bool"",true]","[""bool"",true]",,,,True,True,True
594,ne,false,"""""",defined,defined,defined,"[""bool"",true]","[""bool"",true]","[""bool"",true]",,,,True,True,True
595,ne,false,"""x""",defined,defined,defined,"[""bool"",true]","[""bool"",true]","[""bool"",true]",,,,True,True,True
596,ne,false,[],defined,defined,defined,"[""bool"",true]","[""bool"",true]","[""bool"",true]",,,,True,True,True
597,ne,false,[1],defined,defined,defined,"[""bool"",true]","[""bool"",true]","[""bool"",true]",,,,True,True,True
598,ne,false,{},defined,defined,defined,"[""bool"",true]","[""bool"",true]","[""bool"",true]",,,,True,True,True
599,ne,false,"{""a"":1}",defined,defined,defined,"[""bool"",true]","[""bool"",true]","[""bool"",true]",,,,True,True,True
600,ne,true,,defined,defined,defined,"[""bool"",true]","[""bool"",true]","[""bool"",true]",,,,True,True,True
601,ne,true,false,defined,defined,defined,"[""bool"",true]","[""bool"",true]","[""bool"",true]",,,,True,True,True
602,ne,true,true,defined,defined,defined,"[""bool"",false]","[""bool"",false]","[""bool"",false]",,,,True,True,True
603,ne,true,-1,defined,defined,defined,"[""bool"",true]","[""bool"",true]","[""bool"",true]",,,,True,True,True
604,ne,true,0,defined,defined,defined,"[""bool"",true]","[""bool"",true]","[""bool"",true]",,,,True,True,True
605,ne,true,1,defined,defined,defined,"[""bool"",true]","[""bool"",true]","[""bool"",true]",,,,True,True,True
606,ne,true,"""""",defined,defined,defined,"[""bool"",true]","[""bool"",true]","[""bool"",true]",,,,True,True,True
607,ne,true,"""x""",defined,defined,defined,"[""bool"",true]","[""bool"",true]","[""bool"",true]",,,,True,True,True
608,ne,true,[],defined,defined,defined,"[""bool"",true]","[""bool"",true]","[""bool"",true]",,,,True,True,True
609,ne,true,[1],defined,defined,defined,"[""bool"",true]","[""bool"",true]","[""bool"",true]",,,,True,True,True
610,ne,true,{},defined,defined,defined,"[""bool"",true]","[""bool"",true]","[""bool"",true]",,,,True,True,True
611,ne,true,"{""a"":1}",defined,defined,defined,"[""bool"",true]","[""bool"",true]","[""bool"",true]",,,,True,True,True
612,ne,-1,,defined,defined,defined,"[""bool"",true]","[""bool"",true]","[""bool"",true]",,,,True,True,True
613,ne,-1,false,defined,defined,defined,"[""bool"",true]","[""bool"",true]","[""bool"",true]",,,,True,True,True
614,ne,-1,true,defined,defined,defined,"[""bool"",true]","[""bool"",true]","[""bool"",true]",,,,True,True,True
615,ne,-1,-1,defined,defined,defined,"[""bool"",false]","[""bool"",false]","[""bool"",false]",,,,True,True,True
616,ne,-1,0,defined,defined,defined,"[""bool"",true]","[""bool"",true]","[""bool"",true]",,,,True,True,True
617,ne,-1,1,defined,defined,defined,"[""bool"",true]","[""bool"",true]","[""bool"",true]",,,,True,True,True
618,ne,-1,"""""",defined,defined,defined,"[""bool"",true]","[""bool"",true]","[""bool"",true]",,,,True,True,True
619,ne,-1,"""x""",defined,defined,defined,"[""bool"",true]","[""bool"",true]","[""bool"",true]",,,,True,True,True
620,ne,-1,[],defined,defined,defined,"[""bool"",true]","[""bool"",true]","[""bool"",true]",,,,True,True,True
621,ne,-1,[1],defined,defined,defined,"[""bool"",true]","[""bool"",true]","[""bool"",true]",,,,True,True,True
622,ne,-1,{},defined,defined,defined,"[""bool"",true]","[""bool"",true]","[""bool"",true]",,,,True,True,True
623,ne,-1,"{""a"":1}",defined,defined,defined,"[""bool"",true]","[""bool"",true]","[""bool"",true]",,,,True,True,True
624,ne,0,,defined,defined,defined,"[""bool"",true]","[""bool"",true]","[""bool"",true]",,,,True,True,True
625,ne,0,false,defined,defined,defined,"[""bool"",true]","[""bool"",true]","[""bool"",true]",,,,True,True,True
626,ne,0,true,defined,defined,defined,"[""bool"",true]","[""bool"",true]","[""bool"",true]",,,,True,True,True
627,ne,0,-1,defined,defined,defined,"[""bool"",true]","[""bool"",true]","[""bool"",true]",,,,True,True,True
628,ne,0,0,defined,defined,defined,"[""bool"",false]","[""bool"",false]","[""bool"",false]",,,,True,True,True
629,ne,0,1,defined,defined,defined,"[""bool"",true]","[""bool"",true]","[""bool"",true]",,,,True,True,True
630,ne,0,"""""",defined,defined,defined,"[""bool"",true]","[""bool"",true]","[""bool"",true]",,,,True,True,True
631,ne,0,"""x""",defined,defined,defined,"[""bool"",true]","[""bool"",true]","[""bool"",true]",,,,True,True,True
632,ne,0,[],defined,defined,defined,"[""bool"",true]","[""bool"",true]","[""bool"",true]",,,,True,True,True
633,ne,0,[1],defined,defined,defined,"[""bool"",true]","[""bool"",true]","[""bool"",true]",,,,True,True,True
634,ne,0,{},defined,defined,defined,"[""bool"",true]","[""bool"",true]","[""bool"",true]",,,,True,True,True
635,ne,0,"{""a"":1}",defined,defined,defined,"[""bool"",true]","[""bool"",true]","[""bool"",true]",,,,True,True,True
636,ne,1,,defined,defined,defined,"[""bool"",true]","[""bool"",true]","[""bool"",true]",,,,True,True,True
637,ne,1,false,defined,defined,defined,"[""bool"",true]","[""bool"",true]","[""bool"",true]",,,,True,True,True
638,ne,1,true,defined,defined,defined,"[""bool"",true]","[""bool"",true]","[""bool"",true]",,,,True,True,True
639,ne,1,-1,defined,defined,defined,"[""bool"",true]","[""bool"",true]","[""bool"",true]",,,,True,True,True
640,ne,1,0,defined,defined,defined,"[""bool"",true]","[""bool"",true]","[""bool"",true]",,,,True,True,True
641,ne,1,1,defined,defined,defined,"[""bool"",false]","[""bool"",false]","[""bool"",false]",,,,True,True,True
642,ne,1,"""""",defined,defined,defined,"[""bool"",true]","[""bool"",true]","[""bool"",true]",,,,True,True,True
643,ne,1,"""x""",defined,defined,defined,"[""bool"",true]","[""bool"",true]","[""bool"",true]",,,,True,True,True
644,ne,1,[],defined,defined,defined,"[""bool"",true]","[""bool"",true]","[""bool"",true]",,,,True,True,True
645,ne,1,[1],defined,defined,defined,"[""bool"",true]","[""bool"",true]","[""bool"",true]",,,,True,True,True
646,ne,1,{},defined,defined,defined,"[""bool"",true]","[""bool"",true]","[""bool"",true]",,,,True,True,True
647,ne,1,"{""a"":1}",defined,defined,defined,"[""bool"",true]","[""bool"",true]","[""bool"",true]",,,,True,True,True
648,ne,"""""",,defined,defined,defined,"[""bool"",true]","[""bool"",true]","[""bool"",true]",,,,True,True,True
649,ne,"""""",false,defined,defined,defined,"[""bool"",true]","[""bool"",true]","[""bool"",true]",,,,True,True,True
650,ne,"""""",true,defined,defined,defined,"[""bool"",true]","[""bool"",true]","[""bool"",true]",,,,True,True,True
651,ne,"""""",-1,defined,defined,defined,"[""bool"",true]","[""bool"",true]","[""bool"",true]",,,,True,True,True
652,ne,"""""",0,defined,defined,defined,"[""bool"",true]","[""bool"",true]","[""bool"",true]",,,,True,True,True
653,ne,"""""",1,defined,defined,defined,"[""bool"",true]","[""bool"",true]","[""bool"",true]",,,,True,True,True
654,ne,"""""","""""",defined,defined,defined,"[""bool"",false]","[""bool"",false]","[""bool"",false]",,,,True,True,True
655,ne,"""""","""x""",defined,defined,defined,"[""bool"",true]","[""bool"",true]","[""bool"",true]",,,,True,True,True
656,ne,"""""",[],defined,defined,defined,"[""bool"",true]","[""bool"",true]","[""bool"",true]",,,,True,True,True
657,ne,"""""",[1],defined,defined,defined,"[""bool"",true]","[""bool"",true]","[""bool"",true]",,,,True,True,True
658,ne,"""""",{},defined,defined,defined,"[""bool"",true]","[""bool"",true]","[""bool"",true]",,,,True,True,True
659,ne,"""""","{""a"":1}",defined,defined,defined,"[""bool"",true]","[""bool"",true]","[""bool"",true]",,,,True,True,True
660,ne,"""x""",,defined,defined,defined,"[""bool"",true]","[""bool"",true]","[""bool"",true]",,,,True,True,True
661,ne,"""x""",false,defined,defined,defined,"[""bool"",true]","[""bool"",true]","[""bool"",true]",,,,True,True,True
662,ne,"""x""",true,defined,defined,defined,"[""bool"",true]","[""bool"",true]","[""bool"",true]",,,,True,True,True
663,ne,"""x""",-1,defined,defined,defined,"[""bool"",true]","[""bool"",true]","[""bool"",true]",,,,True,True,True
664,ne,"""x""",0,defined,defined,defined,"[""bool"",true]","[""bool"",true]","[""bool"",true]",,,,True,True,True
665,ne,"""x""",1,defined,defined,defined,"[""bool"",true]","[""bool"",true]","[""bool"",true]",,,,True,True,True
666,ne,"""x""","""""",defined,defined,defined,"[""bool"",true]","[""bool"",true]","[""bool"",true]",,,,True,True,True
667,ne,"""x""","""x""",defined,defined,defined,"[""bool"",false]","[""bool"",false]","[""bool"",false]",,,,True,True,True
668,ne,"""x""",[],defined,defined,defined,"[""bool"",true]","[""bool"",true]","[""bool"",true]",,,,True,True,True
669,ne,"""x""",[1],defined,defined,defined,"[""bool"",true]","[""bool"",true]","[""bool"",true]",,,,True,True,True
670,ne,"""x""",{},defined,defined,defined,"[""bool"",true]","[""bool"",true]","[""bool"",true]",,,,True,True,True
671,ne,"""x""","{""a"":1}",defined,defined,defined,"[""bool"",true]","[""bool"",true]","[""bool"",true]",,,,True,True,True
672,ne,[],,defined,defined,defined,"[""bool"",true]","[""bool"",true]","[""bool"",true]",,,,True,True,True
673,ne,[],false,defined,defined,defined,"[""bool"",true]","[""bool"",true]","[""bool"",true]",,,,True,True,True
674,ne,[],true,defined,defined,defined,"[""bool"",true]","[""bool"",true]","[""bool"",true]",,,,True,True,True
675,ne,[],-1,defined,defined,defined,"[""bool"",true]","[""bool"",true]","[""bool"",true]",,,,True,True,True
676,ne,[],0,defined,defined,defined,"[""bool"",true]","[""bool"",true]","[""bool"",true]",,,,True,True,True
677,ne,[],1,defined,defined,defined,"[""bool"",true]","[""bool"",true]","[""bool"",true]",,,,True,True,True
678,ne,[],"""""",defined,defined,defined,"[""bool"",true]","[""bool"",true]","[""bool"",true]",,,,True,True,True
679,ne,[],"""x""",defined,defined,defined,"[""bool"",true]","[""bool"",true]","[""bool"",true]",,,,True,True,True
680,ne,[],[],defined,defined,defined,"[""bool"",false]","[""bool"",false]","[""bool"",false]",,,,True,True,True
681,ne,[],[1],defined,defined,defined,"[""bool"",true]","[""bool"",true]","[""bool"",true]",,,,True,True,True
682,ne,[],{},defined,defined,defined,"[""bool"",true]","[""bool"",true]","[""bool"",true]",,,,True,True,True
683,ne,[],"{""a"":1}",defined,defined,defined,"[""bool"",true]","[""bool"",true]","[""bool"",true]",,,,True,True,True
684,ne,[1],,defined,defined,defined,"[""bool"",true]","[""bool"",true]","[""bool"",true]",,,,True,True,True
685,ne,[1],false,defined,defined,defined,"[""bool"",true]","[""bool"",true]","[""bool"",true]",,,,True,True,True
686,ne,[1],true,defined,defined,defined,"[""bool"",true]","[""bool"",true]","[""bool"",true]",,,,True,True,True
687,ne,[1],-1,defined,defined,defined,"[""bool"",true]","[""bool"",true]","[""bool"",true]",,,,True,True,True
688,ne,[1],0,defined,defined,defined,"[""bool"",true]","[""bool"",true]","[""bool"",true]",,,,True,True,True
689,ne,[1],1,defined,defined,defined,"[""bool"",true]","[""bool"",true]","[""bool"",true]",,,,True,True,True
690,ne,[1],"""""",defined,defined,defined,"[""bool"",true]","[""bool"",true]","[""bool"",true]",,,,True,True,True
691,ne,[1],"""x""",defined,defined,defined,"[""bool"",true]","[""bool"",true]","[""bool"",true]",,,,True,True,True
692,ne,[1],[],defined,defined,defined,"[""bool"",true]","[""bool"",true]","[""bool"",true]",,,,True,True,True
693,ne,[1],[1],defined,defined,defined,"[""bool"",false]","[""bool"",false]","[""bool"",false]",,,,True,True,True
694,ne,[1],{},defined,defined,defined,"[""bool"",true]","[""bool"",true]","[""bool"",true]",,,,True,True,True
695,ne,[1],"{""a"":1}",defined,defined,defined,"[""bool"",true]","[""bool"",true]","[""bool"",true]",,,,True,True,True
696,ne,{},,defined,defined,defined,"[""bool"",true]","[""bool"",true]","[""bool"",true]",,,,True,True,True
697,ne,{},false,defined,defined,defined,"[""bool"",true]","[""bool"",true]","[""bool"",true]",,,,True,True,True
698,ne,{},true,defined,defined,defined,"[""bool"",true]","[""bool"",true]","[""bool"",true]",,,,True,True,True
699,ne,{},-1,defined,defined,defined,"[""bool"",true]","[""bool"",true]","[""bool"",true]",,,,True,True,True
700,ne,{},0,defined,defined,defined,"[""bool"",true]","[""bool"",true]","[""bool"",true]",,,,True,True,True
701,ne,{},1,defined,defined,defined,"[""bool"",true]","[""bool"",true]","[""bool"",true]",,,,True,True,True
702,ne,{},"""""",defined,defined,defined,"[""bool"",true]","[""bool"",true]","[""bool"",true]",,,,True,True,True
703,ne,{},"""x""",defined,defined,defined,"[""bool"",true]","[""bool"",true]","[""bool"",true]",,,,True,True,True
704,ne,{},[],defined,defined,defined,"[""bool"",true]","[""bool"",true]","[""bool"",true]",,,,True,True,True
705,ne,{},[1],defined,defined,defined,"[""bool"",true]","[""bool"",true]","[""bool"",true]",,,,True,True,True
706,ne,{},{},defined,defined,defined,"[""bool"",false]","[""bool"",false]","[""bool"",false]",,,,True,True,True
707,ne,{},"{""a"":1}",defined,defined,defined,"[""bool"",true]","[""bool"",true]","[""bool"",true]",,,,True,True,True
708,ne,"{""a"":1}",,defined,defined,defined,"[""bool"",true]","[""bool"",true]","[""bool"",true]",,,,True,True,True
709,ne,"{""a"":1}",false,defined,defined,defined,"[""bool"",true]","[""bool"",true]","[""bool"",true]",,,,True,True,True
710,ne,"{""a"":1}",true,defined,defined,defined,"[""bool"",true]","[""bool"",true]","[""bool"",true]",,,,True,True,True
711,ne,"{""a"":1}",-1,defined,defined,defined,"[""bool"",true]","[""bool"",true]","[""bool"",true]",,,,True,True,True
712,ne,"{""a"":1}",0,defined,defined,defined,"[""bool"",true]","[""bool"",true]","[""bool"",true]",,,,True,True,True
713,ne,"{""a"":1}",1,defined,defined,defined,"[""bool"",true]","[""bool"",true]","[""bool"",true]",,,,True,True,True
714,ne,"{""a"":1}","""""",defined,defined,defined,"[""bool"",true]","[""bool"",true]","[""bool"",true]",,,,True,True,True
715,ne,"{""a"":1}","""x""",defined,defined,defined,"[""bool"",true]","[""bool"",true]","[""bool"",true]",,,,True,True,True
716,ne,"{""a"":1}",[],defined,defined,defined,"[""bool"",true]","[""bool"",true]","[""bool"",true]",,,,True,True,True
717,ne,"{""a"":1}",[1],defined,defined,defined,"[""bool"",true]","[""bool"",true]","[""bool"",true]",,,,True,True,True
718,ne,"{""a"":1}",{},defined,defined,defined,"[""bool"",true]","[""bool"",true]","[""bool"",true]",,,,True,True,True
719,ne,"{""a"":1}","{""a"":1}",defined,defined,defined,"[""bool"",false]","[""bool"",false]","[""bool"",false]",,,,True,True,True
720,lt,null,,error,error,error,null,null,null,TypeError,TypeError,ReferenceExecutionError,True,True,True
721,lt,null,false,error,error,error,null,null,null,TypeError,TypeError,ReferenceExecutionError,True,True,True
722,lt,null,true,error,error,error,null,null,null,TypeError,TypeError,ReferenceExecutionError,True,True,True
723,lt,null,-1,error,error,error,null,null,null,TypeError,TypeError,ReferenceExecutionError,True,True,True
724,lt,null,0,error,error,error,null,null,null,TypeError,TypeError,ReferenceExecutionError,True,True,True
725,lt,null,1,error,error,error,null,null,null,TypeError,TypeError,ReferenceExecutionError,True,True,True
726,lt,null,"""""",error,error,error,null,null,null,TypeError,TypeError,ReferenceExecutionError,True,True,True
727,lt,null,"""x""",error,error,error,null,null,null,TypeError,TypeError,ReferenceExecutionError,True,True,True
728,lt,null,[],error,error,error,null,null,null,TypeError,TypeError,ReferenceExecutionError,True,True,True
729,lt,null,[1],error,error,error,null,null,null,TypeError,TypeError,ReferenceExecutionError,True,True,True
730,lt,null,{},error,error,error,null,null,null,TypeError,TypeError,ReferenceExecutionError,True,True,True
731,lt,null,"{""a"":1}",error,error,error,null,null,null,TypeError,TypeError,ReferenceExecutionError,True,True,True
732,lt,false,,error,error,error,null,null,null,TypeError,TypeError,ReferenceExecutionError,True,True,True
733,lt,false,false,error,error,error,null,null,null,TypeError,TypeError,ReferenceExecutionError,True,True,True
734,lt,false,true,error,error,error,null,null,null,TypeError,TypeError,ReferenceExecutionError,True,True,True
735,lt,false,-1,error,error,error,null,null,null,TypeError,TypeError,ReferenceExecutionError,True,True,True
736,lt,false,0,error,error,error,null,null,null,TypeError,TypeError,ReferenceExecutionError,True,True,True
737,lt,false,1,error,error,error,null,null,null,TypeError,TypeError,ReferenceExecutionError,True,True,True
738,lt,false,"""""",error,error,error,null,null,null,TypeError,TypeError,ReferenceExecutionError,True,True,True
739,lt,false,"""x""",error,error,error,null,null,null,TypeError,TypeError,ReferenceExecutionError,True,True,True
740,lt,false,[],error,error,error,null,null,null,TypeError,TypeError,ReferenceExecutionError,True,True,True
741,lt,false,[1],error,error,error,null,null,null,TypeError,TypeError,ReferenceExecutionError,True,True,True
742,lt,false,{},error,error,error,null,null,null,TypeError,TypeError,ReferenceExecutionError,True,True,True
743,lt,false,"{""a"":1}",error,error,error,null,null,null,TypeError,TypeError,ReferenceExecutionError,True,True,True
744,lt,true,,error,error,error,null,null,null,TypeError,TypeError,ReferenceExecutionError,True,True,True
745,lt,true,false,error,error,error,null,null,null,TypeError,TypeError,ReferenceExecutionError,True,True,True
746,lt,true,true,error,error,error,null,null,null,TypeError,TypeError,ReferenceExecutionError,True,True,True
747,lt,true,-1,error,error,error,null,null,null,TypeError,TypeError,ReferenceExecutionError,True,True,True
748,lt,true,0,error,error,error,null,null,null,TypeError,TypeError,ReferenceExecutionError,True,True,True
749,lt,true,1,error,error,error,null,null,null,TypeError,TypeError,ReferenceExecutionError,True,True,True
750,lt,true,"""""",error,error,error,null,null,null,TypeError,TypeError,ReferenceExecutionError,True,True,True
751,lt,true,"""x""",error,error,error,null,null,null,TypeError,TypeError,ReferenceExecutionError,True,True,True
752,lt,true,[],error,error,error,null,null,null,TypeError,TypeError,ReferenceExecutionError,True,True,True
753,lt,true,[1],error,error,error,null,null,null,TypeError,TypeError,ReferenceExecutionError,True,True,True
754,lt,true,{},error,error,error,null,null,null,TypeError,TypeError,ReferenceExecutionError,True,True,True
755,lt,true,"{""a"":1}",error,error,error,null,null,null,TypeError,TypeError,ReferenceExecutionError,True,True,True
756,lt,-1,,error,error,error,null,null,null,TypeError,TypeError,ReferenceExecutionError,True,True,True
757,lt,-1,false,error,error,error,null,null,null,TypeError,TypeError,ReferenceExecutionError,True,True,True
758,lt,-1,true,error,error,error,null,null,null,TypeError,TypeError,ReferenceExecutionError,True,True,True
759,lt,-1,-1,defined,defined,defined,"[""bool"",false]","[""bool"",false]","[""bool"",false]",,,,True,True,True
760,lt,-1,0,defined,defined,defined,"[""bool"",true]","[""bool"",true]","[""bool"",true]",,,,True,True,True
761,lt,-1,1,defined,defined,defined,"[""bool"",true]","[""bool"",true]","[""bool"",true]",,,,True,True,True
762,lt,-1,"""""",error,error,error,null,null,null,TypeError,TypeError,ReferenceExecutionError,True,True,True
763,lt,-1,"""x""",error,error,error,null,null,null,TypeError,TypeError,ReferenceExecutionError,True,True,True
764,lt,-1,[],error,error,error,null,null,null,TypeError,TypeError,ReferenceExecutionError,True,True,True
765,lt,-1,[1],error,error,error,null,null,null,TypeError,TypeError,ReferenceExecutionError,True,True,True
766,lt,-1,{},error,error,error,null,null,null,TypeError,TypeError,ReferenceExecutionError,True,True,True
767,lt,-1,"{""a"":1}",error,error,error,null,null,null,TypeError,TypeError,ReferenceExecutionError,True,True,True
768,lt,0,,error,error,error,null,null,null,TypeError,TypeError,ReferenceExecutionError,True,True,True
769,lt,0,false,error,error,error,null,null,null,TypeError,TypeError,ReferenceExecutionError,True,True,True
770,lt,0,true,error,error,error,null,null,null,TypeError,TypeError,ReferenceExecutionError,True,True,True
771,lt,0,-1,defined,defined,defined,"[""bool"",false]","[""bool"",false]","[""bool"",false]",,,,True,True,True
772,lt,0,0,defined,defined,defined,"[""bool"",false]","[""bool"",false]","[""bool"",false]",,,,True,True,True
773,lt,0,1,defined,defined,defined,"[""bool"",true]","[""bool"",true]","[""bool"",true]",,,,True,True,True
774,lt,0,"""""",error,error,error,null,null,null,TypeError,TypeError,ReferenceExecutionError,True,True,True
775,lt,0,"""x""",error,error,error,null,null,null,TypeError,TypeError,ReferenceExecutionError,True,True,True
776,lt,0,[],error,error,error,null,null,null,TypeError,TypeError,ReferenceExecutionError,True,True,True
777,lt,0,[1],error,error,error,null,null,null,TypeError,TypeError,ReferenceExecutionError,True,True,True
778,lt,0,{},error,error,error,null,null,null,TypeError,TypeError,ReferenceExecutionError,True,True,True
779,lt,0,"{""a"":1}",error,error,error,null,null,null,TypeError,TypeError,ReferenceExecutionError,True,True,True
780,lt,1,,error,error,error,null,null,null,TypeError,TypeError,ReferenceExecutionError,True,True,True
781,lt,1,false,error,error,error,null,null,null,TypeError,TypeError,ReferenceExecutionError,True,True,True
782,lt,1,true,error,error,error,null,null,null,TypeError,TypeError,ReferenceExecutionError,True,True,True
783,lt,1,-1,defined,defined,defined,"[""bool"",false]","[""bool"",false]","[""bool"",false]",,,,True,True,True
784,lt,1,0,defined,defined,defined,"[""bool"",false]","[""bool"",false]","[""bool"",false]",,,,True,True,True
785,lt,1,1,defined,defined,defined,"[""bool"",false]","[""bool"",false]","[""bool"",false]",,,,True,True,True
786,lt,1,"""""",error,error,error,null,null,null,TypeError,TypeError,ReferenceExecutionError,True,True,True
787,lt,1,"""x""",error,error,error,null,null,null,TypeError,TypeError,ReferenceExecutionError,True,True,True
788,lt,1,[],error,error,error,null,null,null,TypeError,TypeError,ReferenceExecutionError,True,True,True
789,lt,1,[1],error,error,error,null,null,null,TypeError,TypeError,ReferenceExecutionError,True,True,True
790,lt,1,{},error,error,error,null,null,null,TypeError,TypeError,ReferenceExecutionError,True,True,True
791,lt,1,"{""a"":1}",error,error,error,null,null,null,TypeError,TypeError,ReferenceExecutionError,True,True,True
792,lt,"""""",,error,error,error,null,null,null,TypeError,TypeError,ReferenceExecutionError,True,True,True
793,lt,"""""",false,error,error,error,null,null,null,TypeError,TypeError,ReferenceExecutionError,True,True,True
794,lt,"""""",true,error,error,error,null,null,null,TypeError,TypeError,ReferenceExecutionError,True,True,True
795,lt,"""""",-1,error,error,error,null,null,null,TypeError,TypeError,ReferenceExecutionError,True,True,True
796,lt,"""""",0,error,error,error,null,null,null,TypeError,TypeError,ReferenceExecutionError,True,True,True
797,lt,"""""",1,error,error,error,null,null,null,TypeError,TypeError,ReferenceExecutionError,True,True,True
798,lt,"""""","""""",error,error,error,null,null,null,TypeError,TypeError,ReferenceExecutionError,True,True,True
799,lt,"""""","""x""",error,error,error,null,null,null,TypeError,TypeError,ReferenceExecutionError,True,True,True
800,lt,"""""",[],error,error,error,null,null,null,TypeError,TypeError,ReferenceExecutionError,True,True,True
801,lt,"""""",[1],error,error,error,null,null,null,TypeError,TypeError,ReferenceExecutionError,True,True,True
802,lt,"""""",{},error,error,error,null,null,null,TypeError,TypeError,ReferenceExecutionError,True,True,True
803,lt,"""""","{""a"":1}",error,error,error,null,null,null,TypeError,TypeError,ReferenceExecutionError,True,True,True
804,lt,"""x""",,error,error,error,null,null,null,TypeError,TypeError,ReferenceExecutionError,True,True,True
805,lt,"""x""",false,error,error,error,null,null,null,TypeError,TypeError,ReferenceExecutionError,True,True,True
806,lt,"""x""",true,error,error,error,null,null,null,TypeError,TypeError,ReferenceExecutionError,True,True,True
807,lt,"""x""",-1,error,error,error,null,null,null,TypeError,TypeError,ReferenceExecutionError,True,True,True
808,lt,"""x""",0,error,error,error,null,null,null,TypeError,TypeError,ReferenceExecutionError,True,True,True
809,lt,"""x""",1,error,error,error,null,null,null,TypeError,TypeError,ReferenceExecutionError,True,True,True
810,lt,"""x""","""""",error,error,error,null,null,null,TypeError,TypeError,ReferenceExecutionError,True,True,True
811,lt,"""x""","""x""",error,error,error,null,null,null,TypeError,TypeError,ReferenceExecutionError,True,True,True
812,lt,"""x""",[],error,error,error,null,null,null,TypeError,TypeError,ReferenceExecutionError,True,True,True
813,lt,"""x""",[1],error,error,error,null,null,null,TypeError,TypeError,ReferenceExecutionError,True,True,True
814,lt,"""x""",{},error,error,error,null,null,null,TypeError,TypeError,ReferenceExecutionError,True,True,True
815,lt,"""x""","{""a"":1}",error,error,error,null,null,null,TypeError,TypeError,ReferenceExecutionError,True,True,True
816,lt,[],,error,error,error,null,null,null,TypeError,TypeError,ReferenceExecutionError,True,True,True
817,lt,[],false,error,error,error,null,null,null,TypeError,TypeError,ReferenceExecutionError,True,True,True
818,lt,[],true,error,error,error,null,null,null,TypeError,TypeError,ReferenceExecutionError,True,True,True
819,lt,[],-1,error,error,error,null,null,null,TypeError,TypeError,ReferenceExecutionError,True,True,True
820,lt,[],0,error,error,error,null,null,null,TypeError,TypeError,ReferenceExecutionError,True,True,True
821,lt,[],1,error,error,error,null,null,null,TypeError,TypeError,ReferenceExecutionError,True,True,True
822,lt,[],"""""",error,error,error,null,null,null,TypeError,TypeError,ReferenceExecutionError,True,True,True
823,lt,[],"""x""",error,error,error,null,null,null,TypeError,TypeError,ReferenceExecutionError,True,True,True
824,lt,[],[],error,error,error,null,null,null,TypeError,TypeError,ReferenceExecutionError,True,True,True
825,lt,[],[1],error,error,error,null,null,null,TypeError,TypeError,ReferenceExecutionError,True,True,True
826,lt,[],{},error,error,error,null,null,null,TypeError,TypeError,ReferenceExecutionError,True,True,True
827,lt,[],"{""a"":1}",error,error,error,null,null,null,TypeError,TypeError,ReferenceExecutionError,True,True,True
828,lt,[1],,error,error,error,null,null,null,TypeError,TypeError,ReferenceExecutionError,True,True,True
829,lt,[1],false,error,error,error,null,null,null,TypeError,TypeError,ReferenceExecutionError,True,True,True
830,lt,[1],true,error,error,error,null,null,null,TypeError,TypeError,ReferenceExecutionError,True,True,True
831,lt,[1],-1,error,error,error,null,null,null,TypeError,TypeError,ReferenceExecutionError,True,True,True
832,lt,[1],0,error,error,error,null,null,null,TypeError,TypeError,ReferenceExecutionError,True,True,True
833,lt,[1],1,error,error,error,null,null,null,TypeError,TypeError,ReferenceExecutionError,True,True,True
834,lt,[1],"""""",error,error,error,null,null,null,TypeError,TypeError,ReferenceExecutionError,True,True,True
835,lt,[1],"""x""",error,error,error,null,null,null,TypeError,TypeError,ReferenceExecutionError,True,True,True
836,lt,[1],[],error,error,error,null,null,null,TypeError,TypeError,ReferenceExecutionError,True,True,True
837,lt,[1],[1],error,error,error,null,null,null,TypeError,TypeError,ReferenceExecutionError,True,True,True
838,lt,[1],{},error,error,error,null,null,null,TypeError,TypeError,ReferenceExecutionError,True,True,True
839,lt,[1],"{""a"":1}",error,error,error,null,null,null,TypeError,TypeError,ReferenceExecutionError,True,True,True
840,lt,{},,error,error,error,null,null,null,TypeError,TypeError,ReferenceExecutionError,True,True,True
841,lt,{},false,error,error,error,null,null,null,TypeError,TypeError,ReferenceExecutionError,True,True,True
842,lt,{},true,error,error,error,null,null,null,TypeError,TypeError,ReferenceExecutionError,True,True,True
843,lt,{},-1,error,error,error,null,null,null,TypeError,TypeError,ReferenceExecutionError,True,True,True
844,lt,{},0,error,error,error,null,null,null,TypeError,TypeError,ReferenceExecutionError,True,True,True
845,lt,{},1,error,error,error,null,null,null,TypeError,TypeError,ReferenceExecutionError,True,True,True
846,lt,{},"""""",error,error,error,null,null,null,TypeError,TypeError,ReferenceExecutionError,True,True,True
847,lt,{},"""x""",error,error,error,null,null,null,TypeError,TypeError,ReferenceExecutionError,True,True,True
848,lt,{},[],error,error,error,null,null,null,TypeError,TypeError,ReferenceExecutionError,True,True,True
849,lt,{},[1],error,error,error,null,null,null,TypeError,TypeError,ReferenceExecutionError,True,True,True
850,lt,{},{},error,error,error,null,null,null,TypeError,TypeError,ReferenceExecutionError,True,True,True
851,lt,{},"{""a"":1}",error,error,error,null,null,null,TypeError,TypeError,ReferenceExecutionError,True,True,True
852,lt,"{""a"":1}",,error,error,error,null,null,null,TypeError,TypeError,ReferenceExecutionError,True,True,True
853,lt,"{""a"":1}",false,error,error,error,null,null,null,TypeError,TypeError,ReferenceExecutionError,True,True,True
854,lt,"{""a"":1}",true,error,error,error,null,null,null,TypeError,TypeError,ReferenceExecutionError,True,True,True
855,lt,"{""a"":1}",-1,error,error,error,null,null,null,TypeError,TypeError,ReferenceExecutionError,True,True,True
856,lt,"{""a"":1}",0,error,error,error,null,null,null,TypeError,TypeError,ReferenceExecutionError,True,True,True
857,lt,"{""a"":1}",1,error,error,error,null,null,null,TypeError,TypeError,ReferenceExecutionError,True,True,True
858,lt,"{""a"":1}","""""",error,error,error,null,null,null,TypeError,TypeError,ReferenceExecutionError,True,True,True
859,lt,"{""a"":1}","""x""",error,error,error,null,null,null,TypeError,TypeError,ReferenceExecutionError,True,True,True
860,lt,"{""a"":1}",[],error,error,error,null,null,null,TypeError,TypeError,ReferenceExecutionError,True,True,True
861,lt,"{""a"":1}",[1],error,error,error,null,null,null,TypeError,TypeError,ReferenceExecutionError,True,True,True
862,lt,"{""a"":1}",{},error,error,error,null,null,null,TypeError,TypeError,ReferenceExecutionError,True,True,True
863,lt,"{""a"":1}","{""a"":1}",error,error,error,null,null,null,TypeError,TypeError,ReferenceExecutionError,True,True,True
864,le,null,,error,error,error,null,null,null,TypeError,TypeError,ReferenceExecutionError,True,True,True
865,le,null,false,error,error,error,null,null,null,TypeError,TypeError,ReferenceExecutionError,True,True,True
866,le,null,true,error,error,error,null,null,null,TypeError,TypeError,ReferenceExecutionError,True,True,True
867,le,null,-1,error,error,error,null,null,null,TypeError,TypeError,ReferenceExecutionError,True,True,True
868,le,null,0,error,error,error,null,null,null,TypeError,TypeError,ReferenceExecutionError,True,True,True
869,le,null,1,error,error,error,null,null,null,TypeError,TypeError,ReferenceExecutionError,True,True,True
870,le,null,"""""",error,error,error,null,null,null,TypeError,TypeError,ReferenceExecutionError,True,True,True
871,le,null,"""x""",error,error,error,null,null,null,TypeError,TypeError,ReferenceExecutionError,True,True,True
872,le,null,[],error,error,error,null,null,null,TypeError,TypeError,ReferenceExecutionError,True,True,True
873,le,null,[1],error,error,error,null,null,null,TypeError,TypeError,ReferenceExecutionError,True,True,True
874,le,null,{},error,error,error,null,null,null,TypeError,TypeError,ReferenceExecutionError,True,True,True
875,le,null,"{""a"":1}",error,error,error,null,null,null,TypeError,TypeError,ReferenceExecutionError,True,True,True
876,le,false,,error,error,error,null,null,null,TypeError,TypeError,ReferenceExecutionError,True,True,True
877,le,false,false,error,error,error,null,null,null,TypeError,TypeError,ReferenceExecutionError,True,True,True
878,le,false,true,error,error,error,null,null,null,TypeError,TypeError,ReferenceExecutionError,True,True,True
879,le,false,-1,error,error,error,null,null,null,TypeError,TypeError,ReferenceExecutionError,True,True,True
880,le,false,0,error,error,error,null,null,null,TypeError,TypeError,ReferenceExecutionError,True,True,True
881,le,false,1,error,error,error,null,null,null,TypeError,TypeError,ReferenceExecutionError,True,True,True
882,le,false,"""""",error,error,error,null,null,null,TypeError,TypeError,ReferenceExecutionError,True,True,True
883,le,false,"""x""",error,error,error,null,null,null,TypeError,TypeError,ReferenceExecutionError,True,True,True
884,le,false,[],error,error,error,null,null,null,TypeError,TypeError,ReferenceExecutionError,True,True,True
885,le,false,[1],error,error,error,null,null,null,TypeError,TypeError,ReferenceExecutionError,True,True,True
886,le,false,{},error,error,error,null,null,null,TypeError,TypeError,ReferenceExecutionError,True,True,True
887,le,false,"{""a"":1}",error,error,error,null,null,null,TypeError,TypeError,ReferenceExecutionError,True,True,True
888,le,true,,error,error,error,null,null,null,TypeError,TypeError,ReferenceExecutionError,True,True,True
889,le,true,false,error,error,error,null,null,null,TypeError,TypeError,ReferenceExecutionError,True,True,True
890,le,true,true,error,error,error,null,null,null,TypeError,TypeError,ReferenceExecutionError,True,True,True
891,le,true,-1,error,error,error,null,null,null,TypeError,TypeError,ReferenceExecutionError,True,True,True
892,le,true,0,error,error,error,null,null,null,TypeError,TypeError,ReferenceExecutionError,True,True,True
893,le,true,1,error,error,error,null,null,null,TypeError,TypeError,ReferenceExecutionError,True,True,True
894,le,true,"""""",error,error,error,null,null,null,TypeError,TypeError,ReferenceExecutionError,True,True,True
895,le,true,"""x""",error,error,error,null,null,null,TypeError,TypeError,ReferenceExecutionError,True,True,True
896,le,true,[],error,error,error,null,null,null,TypeError,TypeError,ReferenceExecutionError,True,True,True
897,le,true,[1],error,error,error,null,null,null,TypeError,TypeError,ReferenceExecutionError,True,True,True
898,le,true,{},error,error,error,null,null,null,TypeError,TypeError,ReferenceExecutionError,True,True,True
899,le,true,"{""a"":1}",error,error,error,null,null,null,TypeError,TypeError,ReferenceExecutionError,True,True,True
900,le,-1,,error,error,error,null,null,null,TypeError,TypeError,ReferenceExecutionError,True,True,True
901,le,-1,false,error,error,error,null,null,null,TypeError,TypeError,ReferenceExecutionError,True,True,True
902,le,-1,true,error,error,error,null,null,null,TypeError,TypeError,ReferenceExecutionError,True,True,True
903,le,-1,-1,defined,defined,defined,"[""bool"",true]","[""bool"",true]","[""bool"",true]",,,,True,True,True
904,le,-1,0,defined,defined,defined,"[""bool"",true]","[""bool"",true]","[""bool"",true]",,,,True,True,True
905,le,-1,1,defined,defined,defined,"[""bool"",true]","[""bool"",true]","[""bool"",true]",,,,True,True,True
906,le,-1,"""""",error,error,error,null,null,null,TypeError,TypeError,ReferenceExecutionError,True,True,True
907,le,-1,"""x""",error,error,error,null,null,null,TypeError,TypeError,ReferenceExecutionError,True,True,True
908,le,-1,[],error,error,error,null,null,null,TypeError,TypeError,ReferenceExecutionError,True,True,True
909,le,-1,[1],error,error,error,null,null,null,TypeError,TypeError,ReferenceExecutionError,True,True,True
910,le,-1,{},error,error,error,null,null,null,TypeError,TypeError,ReferenceExecutionError,True,True,True
911,le,-1,"{""a"":1}",error,error,error,null,null,null,TypeError,TypeError,ReferenceExecutionError,True,True,True
912,le,0,,error,error,error,null,null,null,TypeError,TypeError,ReferenceExecutionError,True,True,True
913,le,0,false,error,error,error,null,null,null,TypeError,TypeError,ReferenceExecutionError,True,True,True
914,le,0,true,error,error,error,null,null,null,TypeError,TypeError,ReferenceExecutionError,True,True,True
915,le,0,-1,defined,defined,defined,"[""bool"",false]","[""bool"",false]","[""bool"",false]",,,,True,True,True
916,le,0,0,defined,defined,defined,"[""bool"",true]","[""bool"",true]","[""bool"",true]",,,,True,True,True
917,le,0,1,defined,defined,defined,"[""bool"",true]","[""bool"",true]","[""bool"",true]",,,,True,True,True
918,le,0,"""""",error,error,error,null,null,null,TypeError,TypeError,ReferenceExecutionError,True,True,True
919,le,0,"""x""",error,error,error,null,null,null,TypeError,TypeError,ReferenceExecutionError,True,True,True
920,le,0,[],error,error,error,null,null,null,TypeError,TypeError,ReferenceExecutionError,True,True,True
921,le,0,[1],error,error,error,null,null,null,TypeError,TypeError,ReferenceExecutionError,True,True,True
922,le,0,{},error,error,error,null,null,null,TypeError,TypeError,ReferenceExecutionError,True,True,True
923,le,0,"{""a"":1}",error,error,error,null,null,null,TypeError,TypeError,ReferenceExecutionError,True,True,True
924,le,1,,error,error,error,null,null,null,TypeError,TypeError,ReferenceExecutionError,True,True,True
925,le,1,false,error,error,error,null,null,null,TypeError,TypeError,ReferenceExecutionError,True,True,True
926,le,1,true,error,error,error,null,null,null,TypeError,TypeError,ReferenceExecutionError,True,True,True
927,le,1,-1,defined,defined,defined,"[""bool"",false]","[""bool"",false]","[""bool"",false]",,,,True,True,True
928,le,1,0,defined,defined,defined,"[""bool"",false]","[""bool"",false]","[""bool"",false]",,,,True,True,True
929,le,1,1,defined,defined,defined,"[""bool"",true]","[""bool"",true]","[""bool"",true]",,,,True,True,True
930,le,1,"""""",error,error,error,null,null,null,TypeError,TypeError,ReferenceExecutionError,True,True,True
931,le,1,"""x""",error,error,error,null,null,null,TypeError,TypeError,ReferenceExecutionError,True,True,True
932,le,1,[],error,error,error,null,null,null,TypeError,TypeError,ReferenceExecutionError,True,True,True
933,le,1,[1],error,error,error,null,null,null,TypeError,TypeError,ReferenceExecutionError,True,True,True
934,le,1,{},error,error,error,null,null,null,TypeError,TypeError,ReferenceExecutionError,True,True,True
935,le,1,"{""a"":1}",error,error,error,null,null,null,TypeError,TypeError,ReferenceExecutionError,True,True,True
936,le,"""""",,error,error,error,null,null,null,TypeError,TypeError,ReferenceExecutionError,True,True,True
937,le,"""""",false,error,error,error,null,null,null,TypeError,TypeError,ReferenceExecutionError,True,True,True
938,le,"""""",true,error,error,error,null,null,null,TypeError,TypeError,ReferenceExecutionError,True,True,True
939,le,"""""",-1,error,error,error,null,null,null,TypeError,TypeError,ReferenceExecutionError,True,True,True
940,le,"""""",0,error,error,error,null,null,null,TypeError,TypeError,ReferenceExecutionError,True,True,True
941,le,"""""",1,error,error,error,null,null,null,TypeError,TypeError,ReferenceExecutionError,True,True,True
942,le,"""""","""""",error,error,error,null,null,null,TypeError,TypeError,ReferenceExecutionError,True,True,True
943,le,"""""","""x""",error,error,error,null,null,null,TypeError,TypeError,ReferenceExecutionError,True,True,True
944,le,"""""",[],error,error,error,null,null,null,TypeError,TypeError,ReferenceExecutionError,True,True,True
945,le,"""""",[1],error,error,error,null,null,null,TypeError,TypeError,ReferenceExecutionError,True,True,True
946,le,"""""",{},error,error,error,null,null,null,TypeError,TypeError,ReferenceExecutionError,True,True,True
947,le,"""""","{""a"":1}",error,error,error,null,null,null,TypeError,TypeError,ReferenceExecutionError,True,True,True
948,le,"""x""",,error,error,error,null,null,null,TypeError,TypeError,ReferenceExecutionError,True,True,True
949,le,"""x""",false,error,error,error,null,null,null,TypeError,TypeError,ReferenceExecutionError,True,True,True
950,le,"""x""",true,error,error,error,null,null,null,TypeError,TypeError,ReferenceExecutionError,True,True,True
951,le,"""x""",-1,error,error,error,null,null,null,TypeError,TypeError,ReferenceExecutionError,True,True,True
952,le,"""x""",0,error,error,error,null,null,null,TypeError,TypeError,ReferenceExecutionError,True,True,True
953,le,"""x""",1,error,error,error,null,null,null,TypeError,TypeError,ReferenceExecutionError,True,True,True
954,le,"""x""","""""",error,error,error,null,null,null,TypeError,TypeError,ReferenceExecutionError,True,True,True
955,le,"""x""","""x""",error,error,error,null,null,null,TypeError,TypeError,ReferenceExecutionError,True,True,True
956,le,"""x""",[],error,error,error,null,null,null,TypeError,TypeError,ReferenceExecutionError,True,True,True
957,le,"""x""",[1],error,error,error,null,null,null,TypeError,TypeError,ReferenceExecutionError,True,True,True
958,le,"""x""",{},error,error,error,null,null,null,TypeError,TypeError,ReferenceExecutionError,True,True,True
959,le,"""x""","{""a"":1}",error,error,error,null,null,null,TypeError,TypeError,ReferenceExecutionError,True,True,True
960,le,[],,error,error,error,null,null,null,TypeError,TypeError,ReferenceExecutionError,True,True,True
961,le,[],false,error,error,error,null,null,null,TypeError,TypeError,ReferenceExecutionError,True,True,True
962,le,[],true,error,error,error,null,null,null,TypeError,TypeError,ReferenceExecutionError,True,True,True
963,le,[],-1,error,error,error,null,null,null,TypeError,TypeError,ReferenceExecutionError,True,True,True
964,le,[],0,error,error,error,null,null,null,TypeError,TypeError,ReferenceExecutionError,True,True,True
965,le,[],1,error,error,error,null,null,null,TypeError,TypeError,ReferenceExecutionError,True,True,True
966,le,[],"""""",error,error,error,null,null,null,TypeError,TypeError,ReferenceExecutionError,True,True,True
967,le,[],"""x""",error,error,error,null,null,null,TypeError,TypeError,ReferenceExecutionError,True,True,True
968,le,[],[],error,error,error,null,null,null,TypeError,TypeError,ReferenceExecutionError,True,True,True
969,le,[],[1],error,error,error,null,null,null,TypeError,TypeError,ReferenceExecutionError,True,True,True
970,le,[],{},error,error,error,null,null,null,TypeError,TypeError,ReferenceExecutionError,True,True,True
971,le,[],"{""a"":1}",error,error,error,null,null,null,TypeError,TypeError,ReferenceExecutionError,True,True,True
972,le,[1],,error,error,error,null,null,null,TypeError,TypeError,ReferenceExecutionError,True,True,True
973,le,[1],false,error,error,error,null,null,null,TypeError,TypeError,ReferenceExecutionError,True,True,True
974,le,[1],true,error,error,error,null,null,null,TypeError,TypeError,ReferenceExecutionError,True,True,True
975,le,[1],-1,error,error,error,null,null,null,TypeError,TypeError,ReferenceExecutionError,True,True,True
976,le,[1],0,error,error,error,null,null,null,TypeError,TypeError,ReferenceExecutionError,True,True,True
977,le,[1],1,error,error,error,null,null,null,TypeError,TypeError,ReferenceExecutionError,True,True,True
978,le,[1],"""""",error,error,error,null,null,null,TypeError,TypeError,ReferenceExecutionError,True,True,True
979,le,[1],"""x""",error,error,error,null,null,null,TypeError,TypeError,ReferenceExecutionError,True,True,True
980,le,[1],[],error,error,error,null,null,null,TypeError,TypeError,ReferenceExecutionError,True,True,True
981,le,[1],[1],error,error,error,null,null,null,TypeError,TypeError,ReferenceExecutionError,True,True,True
982,le,[1],{},error,error,error,null,null,null,TypeError,TypeError,ReferenceExecutionError,True,True,True
983,le,[1],"{""a"":1}",error,error,error,null,null,null,TypeError,TypeError,ReferenceExecutionError,True,True,True
984,le,{},,error,error,error,null,null,null,TypeError,TypeError,ReferenceExecutionError,True,True,True
985,le,{},false,error,error,error,null,null,null,TypeError,TypeError,ReferenceExecutionError,True,True,True
986,le,{},true,error,error,error,null,null,null,TypeError,TypeError,ReferenceExecutionError,True,True,True
987,le,{},-1,error,error,error,null,null,null,TypeError,TypeError,ReferenceExecutionError,True,True,True
988,le,{},0,error,error,error,null,null,null,TypeError,TypeError,ReferenceExecutionError,True,True,True
989,le,{},1,error,error,error,null,null,null,TypeError,TypeError,ReferenceExecutionError,True,True,True
990,le,{},"""""",error,error,error,null,null,null,TypeError,TypeError,ReferenceExecutionError,True,True,True
991,le,{},"""x""",error,error,error,null,null,null,TypeError,TypeError,ReferenceExecutionError,True,True,True
992,le,{},[],error,error,error,null,null,null,TypeError,TypeError,ReferenceExecutionError,True,True,True
993,le,{},[1],error,error,error,null,null,null,TypeError,TypeError,ReferenceExecutionError,True,True,True
994,le,{},{},error,error,error,null,null,null,TypeError,TypeError,ReferenceExecutionError,True,True,True
995,le,{},"{""a"":1}",error,error,error,null,null,null,TypeError,TypeError,ReferenceExecutionError,True,True,True
996,le,"{""a"":1}",,error,error,error,null,null,null,TypeError,TypeError,ReferenceExecutionError,True,True,True
997,le,"{""a"":1}",false,error,error,error,null,null,null,TypeError,TypeError,ReferenceExecutionError,True,True,True
998,le,"{""a"":1}",true,error,error,error,null,null,null,TypeError,TypeError,ReferenceExecutionError,True,True,True
999,le,"{""a"":1}",-1,error,error,error,null,null,null,TypeError,TypeError,ReferenceExecutionError,True,True,True
1000,le,"{""a"":1}",0,error,error,error,null,null,null,TypeError,TypeError,ReferenceExecutionError,True,True,True
1001,le,"{""a"":1}",1,error,error,error,null,null,null,TypeError,TypeError,ReferenceExecutionError,True,True,True
1002,le,"{""a"":1}","""""",error,error,error,null,null,null,TypeError,TypeError,ReferenceExecutionError,True,True,True
1003,le,"{""a"":1}","""x""",error,error,error,null,null,null,TypeError,TypeError,ReferenceExecutionError,True,True,True
1004,le,"{""a"":1}",[],error,error,error,null,null,null,TypeError,TypeError,ReferenceExecutionError,True,True,True
1005,le,"{""a"":1}",[1],error,error,error,null,null,null,TypeError,TypeError,ReferenceExecutionError,True,True,True
1006,le,"{""a"":1}",{},error,error,error,null,null,null,TypeError,TypeError,ReferenceExecutionError,True,True,True
1007,le,"{""a"":1}","{""a"":1}",error,error,error,null,null,null,TypeError,TypeError,ReferenceExecutionError,True,True,True
1008,gt,null,,error,error,error,null,null,null,TypeError,TypeError,ReferenceExecutionError,True,True,True
1009,gt,null,false,error,error,error,null,null,null,TypeError,TypeError,ReferenceExecutionError,True,True,True
1010,gt,null,true,error,error,error,null,null,null,TypeError,TypeError,ReferenceExecutionError,True,True,True
1011,gt,null,-1,error,error,error,null,null,null,TypeError,TypeError,ReferenceExecutionError,True,True,True
1012,gt,null,0,error,error,error,null,null,null,TypeError,TypeError,ReferenceExecutionError,True,True,True
1013,gt,null,1,error,error,error,null,null,null,TypeError,TypeError,ReferenceExecutionError,True,True,True
1014,gt,null,"""""",error,error,error,null,null,null,TypeError,TypeError,ReferenceExecutionError,True,True,True
1015,gt,null,"""x""",error,error,error,null,null,null,TypeError,TypeError,ReferenceExecutionError,True,True,True
1016,gt,null,[],error,error,error,null,null,null,TypeError,TypeError,ReferenceExecutionError,True,True,True
1017,gt,null,[1],error,error,error,null,null,null,TypeError,TypeError,ReferenceExecutionError,True,True,True
1018,gt,null,{},error,error,error,null,null,null,TypeError,TypeError,ReferenceExecutionError,True,True,True
1019,gt,null,"{""a"":1}",error,error,error,null,null,null,TypeError,TypeError,ReferenceExecutionError,True,True,True
1020,gt,false,,error,error,error,null,null,null,TypeError,TypeError,ReferenceExecutionError,True,True,True
1021,gt,false,false,error,error,error,null,null,null,TypeError,TypeError,ReferenceExecutionError,True,True,True
1022,gt,false,true,error,error,error,null,null,null,TypeError,TypeError,ReferenceExecutionError,True,True,True
1023,gt,false,-1,error,error,error,null,null,null,TypeError,TypeError,ReferenceExecutionError,True,True,True
1024,gt,false,0,error,error,error,null,null,null,TypeError,TypeError,ReferenceExecutionError,True,True,True
1025,gt,false,1,error,error,error,null,null,null,TypeError,TypeError,ReferenceExecutionError,True,True,True
1026,gt,false,"""""",error,error,error,null,null,null,TypeError,TypeError,ReferenceExecutionError,True,True,True
1027,gt,false,"""x""",error,error,error,null,null,null,TypeError,TypeError,ReferenceExecutionError,True,True,True
1028,gt,false,[],error,error,error,null,null,null,TypeError,TypeError,ReferenceExecutionError,True,True,True
1029,gt,false,[1],error,error,error,null,null,null,TypeError,TypeError,ReferenceExecutionError,True,True,True
1030,gt,false,{},error,error,error,null,null,null,TypeError,TypeError,ReferenceExecutionError,True,True,True
1031,gt,false,"{""a"":1}",error,error,error,null,null,null,TypeError,TypeError,ReferenceExecutionError,True,True,True
1032,gt,true,,error,error,error,null,null,null,TypeError,TypeError,ReferenceExecutionError,True,True,True
1033,gt,true,false,error,error,error,null,null,null,TypeError,TypeError,ReferenceExecutionError,True,True,True
1034,gt,true,true,error,error,error,null,null,null,TypeError,TypeError,ReferenceExecutionError,True,True,True
1035,gt,true,-1,error,error,error,null,null,null,TypeError,TypeError,ReferenceExecutionError,True,True,True
1036,gt,true,0,error,error,error,null,null,null,TypeError,TypeError,ReferenceExecutionError,True,True,True
1037,gt,true,1,error,error,error,null,null,null,TypeError,TypeError,ReferenceExecutionError,True,True,True
1038,gt,true,"""""",error,error,error,null,null,null,TypeError,TypeError,ReferenceExecutionError,True,True,True
1039,gt,true,"""x""",error,error,error,null,null,null,TypeError,TypeError,ReferenceExecutionError,True,True,True
1040,gt,true,[],error,error,error,null,null,null,TypeError,TypeError,ReferenceExecutionError,True,True,True
1041,gt,true,[1],error,error,error,null,null,null,TypeError,TypeError,ReferenceExecutionError,True,True,True
1042,gt,true,{},error,error,error,null,null,null,TypeError,TypeError,ReferenceExecutionError,True,True,True
1043,gt,true,"{""a"":1}",error,error,error,null,null,null,TypeError,TypeError,ReferenceExecutionError,True,True,True
1044,gt,-1,,error,error,error,null,null,null,TypeError,TypeError,ReferenceExecutionError,True,True,True
1045,gt,-1,false,error,error,error,null,null,null,TypeError,TypeError,ReferenceExecutionError,True,True,True
1046,gt,-1,true,error,error,error,null,null,null,TypeError,TypeError,ReferenceExecutionError,True,True,True
1047,gt,-1,-1,defined,defined,defined,"[""bool"",false]","[""bool"",false]","[""bool"",false]",,,,True,True,True
1048,gt,-1,0,defined,defined,defined,"[""bool"",false]","[""bool"",false]","[""bool"",false]",,,,True,True,True
1049,gt,-1,1,defined,defined,defined,"[""bool"",false]","[""bool"",false]","[""bool"",false]",,,,True,True,True
1050,gt,-1,"""""",error,error,error,null,null,null,TypeError,TypeError,ReferenceExecutionError,True,True,True
1051,gt,-1,"""x""",error,error,error,null,null,null,TypeError,TypeError,ReferenceExecutionError,True,True,True
1052,gt,-1,[],error,error,error,null,null,null,TypeError,TypeError,ReferenceExecutionError,True,True,True
1053,gt,-1,[1],error,error,error,null,null,null,TypeError,TypeError,ReferenceExecutionError,True,True,True
1054,gt,-1,{},error,error,error,null,null,null,TypeError,TypeError,ReferenceExecutionError,True,True,True
1055,gt,-1,"{""a"":1}",error,error,error,null,null,null,TypeError,TypeError,ReferenceExecutionError,True,True,True
1056,gt,0,,error,error,error,null,null,null,TypeError,TypeError,ReferenceExecutionError,True,True,True
1057,gt,0,false,error,error,error,null,null,null,TypeError,TypeError,ReferenceExecutionError,True,True,True
1058,gt,0,true,error,error,error,null,null,null,TypeError,TypeError,ReferenceExecutionError,True,True,True
1059,gt,0,-1,defined,defined,defined,"[""bool"",true]","[""bool"",true]","[""bool"",true]",,,,True,True,True
1060,gt,0,0,defined,defined,defined,"[""bool"",false]","[""bool"",false]","[""bool"",false]",,,,True,True,True
1061,gt,0,1,defined,defined,defined,"[""bool"",false]","[""bool"",false]","[""bool"",false]",,,,True,True,True
1062,gt,0,"""""",error,error,error,null,null,null,TypeError,TypeError,ReferenceExecutionError,True,True,True
1063,gt,0,"""x""",error,error,error,null,null,null,TypeError,TypeError,ReferenceExecutionError,True,True,True
1064,gt,0,[],error,error,error,null,null,null,TypeError,TypeError,ReferenceExecutionError,True,True,True
1065,gt,0,[1],error,error,error,null,null,null,TypeError,TypeError,ReferenceExecutionError,True,True,True
1066,gt,0,{},error,error,error,null,null,null,TypeError,TypeError,ReferenceExecutionError,True,True,True
1067,gt,0,"{""a"":1}",error,error,error,null,null,null,TypeError,TypeError,ReferenceExecutionError,True,True,True
1068,gt,1,,error,error,error,null,null,null,TypeError,TypeError,ReferenceExecutionError,True,True,True
1069,gt,1,false,error,error,error,null,null,null,TypeError,TypeError,ReferenceExecutionError,True,True,True
1070,gt,1,true,error,error,error,null,null,null,TypeError,TypeError,ReferenceExecutionError,True,True,True
1071,gt,1,-1,defined,defined,defined,"[""bool"",true]","[""bool"",true]","[""bool"",true]",,,,True,True,True
1072,gt,1,0,defined,defined,defined,"[""bool"",true]","[""bool"",true]","[""bool"",true]",,,,True,True,True
1073,gt,1,1,defined,defined,defined,"[""bool"",false]","[""bool"",false]","[""bool"",false]",,,,True,True,True
1074,gt,1,"""""",error,error,error,null,null,null,TypeError,TypeError,ReferenceExecutionError,True,True,True
1075,gt,1,"""x""",error,error,error,null,null,null,TypeError,TypeError,ReferenceExecutionError,True,True,True
1076,gt,1,[],error,error,error,null,null,null,TypeError,TypeError,ReferenceExecutionError,True,True,True
1077,gt,1,[1],error,error,error,null,null,null,TypeError,TypeError,ReferenceExecutionError,True,True,True
1078,gt,1,{},error,error,error,null,null,null,TypeError,TypeError,ReferenceExecutionError,True,True,True
1079,gt,1,"{""a"":1}",error,error,error,null,null,null,TypeError,TypeError,ReferenceExecutionError,True,True,True
1080,gt,"""""",,error,error,error,null,null,null,TypeError,TypeError,ReferenceExecutionError,True,True,True
1081,gt,"""""",false,error,error,error,null,null,null,TypeError,TypeError,ReferenceExecutionError,True,True,True
1082,gt,"""""",true,error,error,error,null,null,null,TypeError,TypeError,ReferenceExecutionError,True,True,True
1083,gt,"""""",-1,error,error,error,null,null,null,TypeError,TypeError,ReferenceExecutionError,True,True,True
1084,gt,"""""",0,error,error,error,null,null,null,TypeError,TypeError,ReferenceExecutionError,True,True,True
1085,gt,"""""",1,error,error,error,null,null,null,TypeError,TypeError,ReferenceExecutionError,True,True,True
1086,gt,"""""","""""",error,error,error,null,null,null,TypeError,TypeError,ReferenceExecutionError,True,True,True
1087,gt,"""""","""x""",error,error,error,null,null,null,TypeError,TypeError,ReferenceExecutionError,True,True,True
1088,gt,"""""",[],error,error,error,null,null,null,TypeError,TypeError,ReferenceExecutionError,True,True,True
1089,gt,"""""",[1],error,error,error,null,null,null,TypeError,TypeError,ReferenceExecutionError,True,True,True
1090,gt,"""""",{},error,error,error,null,null,null,TypeError,TypeError,ReferenceExecutionError,True,True,True
1091,gt,"""""","{""a"":1}",error,error,error,null,null,null,TypeError,TypeError,ReferenceExecutionError,True,True,True
1092,gt,"""x""",,error,error,error,null,null,null,TypeError,TypeError,ReferenceExecutionError,True,True,True
1093,gt,"""x""",false,error,error,error,null,null,null,TypeError,TypeError,ReferenceExecutionError,True,True,True
1094,gt,"""x""",true,error,error,error,null,null,null,TypeError,TypeError,ReferenceExecutionError,True,True,True
1095,gt,"""x""",-1,error,error,error,null,null,null,TypeError,TypeError,ReferenceExecutionError,True,True,True
1096,gt,"""x""",0,error,error,error,null,null,null,TypeError,TypeError,ReferenceExecutionError,True,True,True
1097,gt,"""x""",1,error,error,error,null,null,null,TypeError,TypeError,ReferenceExecutionError,True,True,True
1098,gt,"""x""","""""",error,error,error,null,null,null,TypeError,TypeError,ReferenceExecutionError,True,True,True
1099,gt,"""x""","""x""",error,error,error,null,null,null,TypeError,TypeError,ReferenceExecutionError,True,True,True
1100,gt,"""x""",[],error,error,error,null,null,null,TypeError,TypeError,ReferenceExecutionError,True,True,True
1101,gt,"""x""",[1],error,error,error,null,null,null,TypeError,TypeError,ReferenceExecutionError,True,True,True
1102,gt,"""x""",{},error,error,error,null,null,null,TypeError,TypeError,ReferenceExecutionError,True,True,True
1103,gt,"""x""","{""a"":1}",error,error,error,null,null,null,TypeError,TypeError,ReferenceExecutionError,True,True,True
1104,gt,[],,error,error,error,null,null,null,TypeError,TypeError,ReferenceExecutionError,True,True,True
1105,gt,[],false,error,error,error,null,null,null,TypeError,TypeError,ReferenceExecutionError,True,True,True
1106,gt,[],true,error,error,error,null,null,null,TypeError,TypeError,ReferenceExecutionError,True,True,True
1107,gt,[],-1,error,error,error,null,null,null,TypeError,TypeError,ReferenceExecutionError,True,True,True
1108,gt,[],0,error,error,error,null,null,null,TypeError,TypeError,ReferenceExecutionError,True,True,True
1109,gt,[],1,error,error,error,null,null,null,TypeError,TypeError,ReferenceExecutionError,True,True,True
1110,gt,[],"""""",error,error,error,null,null,null,TypeError,TypeError,ReferenceExecutionError,True,True,True
1111,gt,[],"""x""",error,error,error,null,null,null,TypeError,TypeError,ReferenceExecutionError,True,True,True
1112,gt,[],[],error,error,error,null,null,null,TypeError,TypeError,ReferenceExecutionError,True,True,True
1113,gt,[],[1],error,error,error,null,null,null,TypeError,TypeError,ReferenceExecutionError,True,True,True
1114,gt,[],{},error,error,error,null,null,null,TypeError,TypeError,ReferenceExecutionError,True,True,True
1115,gt,[],"{""a"":1}",error,error,error,null,null,null,TypeError,TypeError,ReferenceExecutionError,True,True,True
1116,gt,[1],,error,error,error,null,null,null,TypeError,TypeError,ReferenceExecutionError,True,True,True
1117,gt,[1],false,error,error,error,null,null,null,TypeError,TypeError,ReferenceExecutionError,True,True,True
1118,gt,[1],true,error,error,error,null,null,null,TypeError,TypeError,ReferenceExecutionError,True,True,True
1119,gt,[1],-1,error,error,error,null,null,null,TypeError,TypeError,ReferenceExecutionError,True,True,True
1120,gt,[1],0,error,error,error,null,null,null,TypeError,TypeError,ReferenceExecutionError,True,True,True
1121,gt,[1],1,error,error,error,null,null,null,TypeError,TypeError,ReferenceExecutionError,True,True,True
1122,gt,[1],"""""",error,error,error,null,null,null,TypeError,TypeError,ReferenceExecutionError,True,True,True
1123,gt,[1],"""x""",error,error,error,null,null,null,TypeError,TypeError,ReferenceExecutionError,True,True,True
1124,gt,[1],[],error,error,error,null,null,null,TypeError,TypeError,ReferenceExecutionError,True,True,True
1125,gt,[1],[1],error,error,error,null,null,null,TypeError,TypeError,ReferenceExecutionError,True,True,True
1126,gt,[1],{},error,error,error,null,null,null,TypeError,TypeError,ReferenceExecutionError,True,True,True
1127,gt,[1],"{""a"":1}",error,error,error,null,null,null,TypeError,TypeError,ReferenceExecutionError,True,True,True
1128,gt,{},,error,error,error,null,null,null,TypeError,TypeError,ReferenceExecutionError,True,True,True
1129,gt,{},false,error,error,error,null,null,null,TypeError,TypeError,ReferenceExecutionError,True,True,True
1130,gt,{},true,error,error,error,null,null,null,TypeError,TypeError,ReferenceExecutionError,True,True,True
1131,gt,{},-1,error,error,error,null,null,null,TypeError,TypeError,ReferenceExecutionError,True,True,True
1132,gt,{},0,error,error,error,null,null,null,TypeError,TypeError,ReferenceExecutionError,True,True,True
1133,gt,{},1,error,error,error,null,null,null,TypeError,TypeError,ReferenceExecutionError,True,True,True
1134,gt,{},"""""",error,error,error,null,null,null,TypeError,TypeError,ReferenceExecutionError,True,True,True
1135,gt,{},"""x""",error,error,error,null,null,null,TypeError,TypeError,ReferenceExecutionError,True,True,True
1136,gt,{},[],error,error,error,null,null,null,TypeError,TypeError,ReferenceExecutionError,True,True,True
1137,gt,{},[1],error,error,error,null,null,null,TypeError,TypeError,ReferenceExecutionError,True,True,True
1138,gt,{},{},error,error,error,null,null,null,TypeError,TypeError,ReferenceExecutionError,True,True,True
1139,gt,{},"{""a"":1}",error,error,error,null,null,null,TypeError,TypeError,ReferenceExecutionError,True,True,True
1140,gt,"{""a"":1}",,error,error,error,null,null,null,TypeError,TypeError,ReferenceExecutionError,True,True,True
1141,gt,"{""a"":1}",false,error,error,error,null,null,null,TypeError,TypeError,ReferenceExecutionError,True,True,True
1142,gt,"{""a"":1}",true,error,error,error,null,null,null,TypeError,TypeError,ReferenceExecutionError,True,True,True
1143,gt,"{""a"":1}",-1,error,error,error,null,null,null,TypeError,TypeError,ReferenceExecutionError,True,True,True
1144,gt,"{""a"":1}",0,error,error,error,null,null,null,TypeError,TypeError,ReferenceExecutionError,True,True,True
1145,gt,"{""a"":1}",1,error,error,error,null,null,null,TypeError,TypeError,ReferenceExecutionError,True,True,True
1146,gt,"{""a"":1}","""""",error,error,error,null,null,null,TypeError,TypeError,ReferenceExecutionError,True,True,True
1147,gt,"{""a"":1}","""x""",error,error,error,null,null,null,TypeError,TypeError,ReferenceExecutionError,True,True,True
1148,gt,"{""a"":1}",[],error,error,error,null,null,null,TypeError,TypeError,ReferenceExecutionError,True,True,True
1149,gt,"{""a"":1}",[1],error,error,error,null,null,null,TypeError,TypeError,ReferenceExecutionError,True,True,True
1150,gt,"{""a"":1}",{},error,error,error,null,null,null,TypeError,TypeError,ReferenceExecutionError,True,True,True
1151,gt,"{""a"":1}","{""a"":1}",error,error,error,null,null,null,TypeError,TypeError,ReferenceExecutionError,True,True,True
1152,ge,null,,error,error,error,null,null,null,TypeError,TypeError,ReferenceExecutionError,True,True,True
1153,ge,null,false,error,error,error,null,null,null,TypeError,TypeError,ReferenceExecutionError,True,True,True
1154,ge,null,true,error,error,error,null,null,null,TypeError,TypeError,ReferenceExecutionError,True,True,True
1155,ge,null,-1,error,error,error,null,null,null,TypeError,TypeError,ReferenceExecutionError,True,True,True
1156,ge,null,0,error,error,error,null,null,null,TypeError,TypeError,ReferenceExecutionError,True,True,True
1157,ge,null,1,error,error,error,null,null,null,TypeError,TypeError,ReferenceExecutionError,True,True,True
1158,ge,null,"""""",error,error,error,null,null,null,TypeError,TypeError,ReferenceExecutionError,True,True,True
1159,ge,null,"""x""",error,error,error,null,null,null,TypeError,TypeError,ReferenceExecutionError,True,True,True
1160,ge,null,[],error,error,error,null,null,null,TypeError,TypeError,ReferenceExecutionError,True,True,True
1161,ge,null,[1],error,error,error,null,null,null,TypeError,TypeError,ReferenceExecutionError,True,True,True
1162,ge,null,{},error,error,error,null,null,null,TypeError,TypeError,ReferenceExecutionError,True,True,True
1163,ge,null,"{""a"":1}",error,error,error,null,null,null,TypeError,TypeError,ReferenceExecutionError,True,True,True
1164,ge,false,,error,error,error,null,null,null,TypeError,TypeError,ReferenceExecutionError,True,True,True
1165,ge,false,false,error,error,error,null,null,null,TypeError,TypeError,ReferenceExecutionError,True,True,True
1166,ge,false,true,error,error,error,null,null,null,TypeError,TypeError,ReferenceExecutionError,True,True,True
1167,ge,false,-1,error,error,error,null,null,null,TypeError,TypeError,ReferenceExecutionError,True,True,True
1168,ge,false,0,error,error,error,null,null,null,TypeError,TypeError,ReferenceExecutionError,True,True,True
1169,ge,false,1,error,error,error,null,null,null,TypeError,TypeError,ReferenceExecutionError,True,True,True
1170,ge,false,"""""",error,error,error,null,null,null,TypeError,TypeError,ReferenceExecutionError,True,True,True
1171,ge,false,"""x""",error,error,error,null,null,null,TypeError,TypeError,ReferenceExecutionError,True,True,True
1172,ge,false,[],error,error,error,null,null,null,TypeError,TypeError,ReferenceExecutionError,True,True,True
1173,ge,false,[1],error,error,error,null,null,null,TypeError,TypeError,ReferenceExecutionError,True,True,True
1174,ge,false,{},error,error,error,null,null,null,TypeError,TypeError,ReferenceExecutionError,True,True,True
1175,ge,false,"{""a"":1}",error,error,error,null,null,null,TypeError,TypeError,ReferenceExecutionError,True,True,True
1176,ge,true,,error,error,error,null,null,null,TypeError,TypeError,ReferenceExecutionError,True,True,True
1177,ge,true,false,error,error,error,null,null,null,TypeError,TypeError,ReferenceExecutionError,True,True,True
1178,ge,true,true,error,error,error,null,null,null,TypeError,TypeError,ReferenceExecutionError,True,True,True
1179,ge,true,-1,error,error,error,null,null,null,TypeError,TypeError,ReferenceExecutionError,True,True,True
1180,ge,true,0,error,error,error,null,null,null,TypeError,TypeError,ReferenceExecutionError,True,True,True
1181,ge,true,1,error,error,error,null,null,null,TypeError,TypeError,ReferenceExecutionError,True,True,True
1182,ge,true,"""""",error,error,error,null,null,null,TypeError,TypeError,ReferenceExecutionError,True,True,True
1183,ge,true,"""x""",error,error,error,null,null,null,TypeError,TypeError,ReferenceExecutionError,True,True,True
1184,ge,true,[],error,error,error,null,null,null,TypeError,TypeError,ReferenceExecutionError,True,True,True
1185,ge,true,[1],error,error,error,null,null,null,TypeError,TypeError,ReferenceExecutionError,True,True,True
1186,ge,true,{},error,error,error,null,null,null,TypeError,TypeError,ReferenceExecutionError,True,True,True
1187,ge,true,"{""a"":1}",error,error,error,null,null,null,TypeError,TypeError,ReferenceExecutionError,True,True,True
1188,ge,-1,,error,error,error,null,null,null,TypeError,TypeError,ReferenceExecutionError,True,True,True
1189,ge,-1,false,error,error,error,null,null,null,TypeError,TypeError,ReferenceExecutionError,True,True,True
1190,ge,-1,true,error,error,error,null,null,null,TypeError,TypeError,ReferenceExecutionError,True,True,True
1191,ge,-1,-1,defined,defined,defined,"[""bool"",true]","[""bool"",true]","[""bool"",true]",,,,True,True,True
1192,ge,-1,0,defined,defined,defined,"[""bool"",false]","[""bool"",false]","[""bool"",false]",,,,True,True,True
1193,ge,-1,1,defined,defined,defined,"[""bool"",false]","[""bool"",false]","[""bool"",false]",,,,True,True,True
1194,ge,-1,"""""",error,error,error,null,null,null,TypeError,TypeError,ReferenceExecutionError,True,True,True
1195,ge,-1,"""x""",error,error,error,null,null,null,TypeError,TypeError,ReferenceExecutionError,True,True,True
1196,ge,-1,[],error,error,error,null,null,null,TypeError,TypeError,ReferenceExecutionError,True,True,True
1197,ge,-1,[1],error,error,error,null,null,null,TypeError,TypeError,ReferenceExecutionError,True,True,True
1198,ge,-1,{},error,error,error,null,null,null,TypeError,TypeError,ReferenceExecutionError,True,True,True
1199,ge,-1,"{""a"":1}",error,error,error,null,null,null,TypeError,TypeError,ReferenceExecutionError,True,True,True
1200,ge,0,,error,error,error,null,null,null,TypeError,TypeError,ReferenceExecutionError,True,True,True
1201,ge,0,false,error,error,error,null,null,null,TypeError,TypeError,ReferenceExecutionError,True,True,True
1202,ge,0,true,error,error,error,null,null,null,TypeError,TypeError,ReferenceExecutionError,True,True,True
1203,ge,0,-1,defined,defined,defined,"[""bool"",true]","[""bool"",true]","[""bool"",true]",,,,True,True,True
1204,ge,0,0,defined,defined,defined,"[""bool"",true]","[""bool"",true]","[""bool"",true]",,,,True,True,True
1205,ge,0,1,defined,defined,defined,"[""bool"",false]","[""bool"",false]","[""bool"",false]",,,,True,True,True
1206,ge,0,"""""",error,error,error,null,null,null,TypeError,TypeError,ReferenceExecutionError,True,True,True
1207,ge,0,"""x""",error,error,error,null,null,null,TypeError,TypeError,ReferenceExecutionError,True,True,True
1208,ge,0,[],error,error,error,null,null,null,TypeError,TypeError,ReferenceExecutionError,True,True,True
1209,ge,0,[1],error,error,error,null,null,null,TypeError,TypeError,ReferenceExecutionError,True,True,True
1210,ge,0,{},error,error,error,null,null,null,TypeError,TypeError,ReferenceExecutionError,True,True,True
1211,ge,0,"{""a"":1}",error,error,error,null,null,null,TypeError,TypeError,ReferenceExecutionError,True,True,True
1212,ge,1,,error,error,error,null,null,null,TypeError,TypeError,ReferenceExecutionError,True,True,True
1213,ge,1,false,error,error,error,null,null,null,TypeError,TypeError,ReferenceExecutionError,True,True,True
1214,ge,1,true,error,error,error,null,null,null,TypeError,TypeError,ReferenceExecutionError,True,True,True
1215,ge,1,-1,defined,defined,defined,"[""bool"",true]","[""bool"",true]","[""bool"",true]",,,,True,True,True
1216,ge,1,0,defined,defined,defined,"[""bool"",true]","[""bool"",true]","[""bool"",true]",,,,True,True,True
1217,ge,1,1,defined,defined,defined,"[""bool"",true]","[""bool"",true]","[""bool"",true]",,,,True,True,True
1218,ge,1,"""""",error,error,error,null,null,null,TypeError,TypeError,ReferenceExecutionError,True,True,True
1219,ge,1,"""x""",error,error,error,null,null,null,TypeError,TypeError,ReferenceExecutionError,True,True,True
1220,ge,1,[],error,error,error,null,null,null,TypeError,TypeError,ReferenceExecutionError,True,True,True
1221,ge,1,[1],error,error,error,null,null,null,TypeError,TypeError,ReferenceExecutionError,True,True,True
1222,ge,1,{},error,error,error,null,null,null,TypeError,TypeError,ReferenceExecutionError,True,True,True
1223,ge,1,"{""a"":1}",error,error,error,null,null,null,TypeError,TypeError,ReferenceExecutionError,True,True,True
1224,ge,"""""",,error,error,error,null,null,null,TypeError,TypeError,ReferenceExecutionError,True,True,True
1225,ge,"""""",false,error,error,error,null,null,null,TypeError,TypeError,ReferenceExecutionError,True,True,True
1226,ge,"""""",true,error,error,error,null,null,null,TypeError,TypeError,ReferenceExecutionError,True,True,True
1227,ge,"""""",-1,error,error,error,null,null,null,TypeError,TypeError,ReferenceExecutionError,True,True,True
1228,ge,"""""",0,error,error,error,null,null,null,TypeError,TypeError,ReferenceExecutionError,True,True,True
1229,ge,"""""",1,error,error,error,null,null,null,TypeError,TypeError,ReferenceExecutionError,True,True,True
1230,ge,"""""","""""",error,error,error,null,null,null,TypeError,TypeError,ReferenceExecutionError,True,True,True
1231,ge,"""""","""x""",error,error,error,null,null,null,TypeError,TypeError,ReferenceExecutionError,True,True,True
1232,ge,"""""",[],error,error,error,null,null,null,TypeError,TypeError,ReferenceExecutionError,True,True,True
1233,ge,"""""",[1],error,error,error,null,null,null,TypeError,TypeError,ReferenceExecutionError,True,True,True
1234,ge,"""""",{},error,error,error,null,null,null,TypeError,TypeError,ReferenceExecutionError,True,True,True
1235,ge,"""""","{""a"":1}",error,error,error,null,null,null,TypeError,TypeError,ReferenceExecutionError,True,True,True
1236,ge,"""x""",,error,error,error,null,null,null,TypeError,TypeError,ReferenceExecutionError,True,True,True
1237,ge,"""x""",false,error,error,error,null,null,null,TypeError,TypeError,ReferenceExecutionError,True,True,True
1238,ge,"""x""",true,error,error,error,null,null,null,TypeError,TypeError,ReferenceExecutionError,True,True,True
1239,ge,"""x""",-1,error,error,error,null,null,null,TypeError,TypeError,ReferenceExecutionError,True,True,True
1240,ge,"""x""",0,error,error,error,null,null,null,TypeError,TypeError,ReferenceExecutionError,True,True,True
1241,ge,"""x""",1,error,error,error,null,null,null,TypeError,TypeError,ReferenceExecutionError,True,True,True
1242,ge,"""x""","""""",error,error,error,null,null,null,TypeError,TypeError,ReferenceExecutionError,True,True,True
1243,ge,"""x""","""x""",error,error,error,null,null,null,TypeError,TypeError,ReferenceExecutionError,True,True,True
1244,ge,"""x""",[],error,error,error,null,null,null,TypeError,TypeError,ReferenceExecutionError,True,True,True
1245,ge,"""x""",[1],error,error,error,null,null,null,TypeError,TypeError,ReferenceExecutionError,True,True,True
1246,ge,"""x""",{},error,error,error,null,null,null,TypeError,TypeError,ReferenceExecutionError,True,True,True
1247,ge,"""x""","{""a"":1}",error,error,error,null,null,null,TypeError,TypeError,ReferenceExecutionError,True,True,True
1248,ge,[],,error,error,error,null,null,null,TypeError,TypeError,ReferenceExecutionError,True,True,True
1249,ge,[],false,error,error,error,null,null,null,TypeError,TypeError,ReferenceExecutionError,True,True,True
1250,ge,[],true,error,error,error,null,null,null,TypeError,TypeError,ReferenceExecutionError,True,True,True
1251,ge,[],-1,error,error,error,null,null,null,TypeError,TypeError,ReferenceExecutionError,True,True,True
1252,ge,[],0,error,error,error,null,null,null,TypeError,TypeError,ReferenceExecutionError,True,True,True
1253,ge,[],1,error,error,error,null,null,null,TypeError,TypeError,ReferenceExecutionError,True,True,True
1254,ge,[],"""""",error,error,error,null,null,null,TypeError,TypeError,ReferenceExecutionError,True,True,True
1255,ge,[],"""x""",error,error,error,null,null,null,TypeError,TypeError,ReferenceExecutionError,True,True,True
1256,ge,[],[],error,error,error,null,null,null,TypeError,TypeError,ReferenceExecutionError,True,True,True
1257,ge,[],[1],error,error,error,null,null,null,TypeError,TypeError,ReferenceExecutionError,True,True,True
1258,ge,[],{},error,error,error,null,null,null,TypeError,TypeError,ReferenceExecutionError,True,True,True
1259,ge,[],"{""a"":1}",error,error,error,null,null,null,TypeError,TypeError,ReferenceExecutionError,True,True,True
1260,ge,[1],,error,error,error,null,null,null,TypeError,TypeError,ReferenceExecutionError,True,True,True
1261,ge,[1],false,error,error,error,null,null,null,TypeError,TypeError,ReferenceExecutionError,True,True,True
1262,ge,[1],true,error,error,error,null,null,null,TypeError,TypeError,ReferenceExecutionError,True,True,True
1263,ge,[1],-1,error,error,error,null,null,null,TypeError,TypeError,ReferenceExecutionError,True,True,True
1264,ge,[1],0,error,error,error,null,null,null,TypeError,TypeError,ReferenceExecutionError,True,True,True
1265,ge,[1],1,error,error,error,null,null,null,TypeError,TypeError,ReferenceExecutionError,True,True,True
1266,ge,[1],"""""",error,error,error,null,null,null,TypeError,TypeError,ReferenceExecutionError,True,True,True
1267,ge,[1],"""x""",error,error,error,null,null,null,TypeError,TypeError,ReferenceExecutionError,True,True,True
1268,ge,[1],[],error,error,error,null,null,null,TypeError,TypeError,ReferenceExecutionError,True,True,True
1269,ge,[1],[1],error,error,error,null,null,null,TypeError,TypeError,ReferenceExecutionError,True,True,True
1270,ge,[1],{},error,error,error,null,null,null,TypeError,TypeError,ReferenceExecutionError,True,True,True
1271,ge,[1],"{""a"":1}",error,error,error,null,null,null,TypeError,TypeError,ReferenceExecutionError,True,True,True
1272,ge,{},,error,error,error,null,null,null,TypeError,TypeError,ReferenceExecutionError,True,True,True
1273,ge,{},false,error,error,error,null,null,null,TypeError,TypeError,ReferenceExecutionError,True,True,True
1274,ge,{},true,error,error,error,null,null,null,TypeError,TypeError,ReferenceExecutionError,True,True,True
1275,ge,{},-1,error,error,error,null,null,null,TypeError,TypeError,ReferenceExecutionError,True,True,True
1276,ge,{},0,error,error,error,null,null,null,TypeError,TypeError,ReferenceExecutionError,True,True,True
1277,ge,{},1,error,error,error,null,null,null,TypeError,TypeError,ReferenceExecutionError,True,True,True
1278,ge,{},"""""",error,error,error,null,null,null,TypeError,TypeError,ReferenceExecutionError,True,True,True
1279,ge,{},"""x""",error,error,error,null,null,null,TypeError,TypeError,ReferenceExecutionError,True,True,True
1280,ge,{},[],error,error,error,null,null,null,TypeError,TypeError,ReferenceExecutionError,True,True,True
1281,ge,{},[1],error,error,error,null,null,null,TypeError,TypeError,ReferenceExecutionError,True,True,True
1282,ge,{},{},error,error,error,null,null,null,TypeError,TypeError,ReferenceExecutionError,True,True,True
1283,ge,{},"{""a"":1}",error,error,error,null,null,null,TypeError,TypeError,ReferenceExecutionError,True,True,True
1284,ge,"{""a"":1}",,error,error,error,null,null,null,TypeError,TypeError,ReferenceExecutionError,True,True,True
1285,ge,"{""a"":1}",false,error,error,error,null,null,null,TypeError,TypeError,ReferenceExecutionError,True,True,True
1286,ge,"{""a"":1}",true,error,error,error,null,null,null,TypeError,TypeError,ReferenceExecutionError,True,True,True
1287,ge,"{""a"":1}",-1,error,error,error,null,null,null,TypeError,TypeError,ReferenceExecutionError,True,True,True
1288,ge,"{""a"":1}",0,error,error,error,null,null,null,TypeError,TypeError,ReferenceExecutionError,True,True,True
1289,ge,"{""a"":1}",1,error,error,error,null,null,null,TypeError,TypeError,ReferenceExecutionError,True,True,True
1290,ge,"{""a"":1}","""""",error,error,error,null,null,null,TypeError,TypeError,ReferenceExecutionError,True,True,True
1291,ge,"{""a"":1}","""x""",error,error,error,null,null,null,TypeError,TypeError,ReferenceExecutionError,True,True,True
1292,ge,"{""a"":1}",[],error,error,error,null,null,null,TypeError,TypeError,ReferenceExecutionError,True,True,True
1293,ge,"{""a"":1}",[1],error,error,error,null,null,null,TypeError,TypeError,ReferenceExecutionError,True,True,True
1294,ge,"{""a"":1}",{},error,error,error,null,null,null,TypeError,TypeError,ReferenceExecutionError,True,True,True
1295,ge,"{""a"":1}","{""a"":1}",error,error,error,null,null,null,TypeError,TypeError,ReferenceExecutionError,True,True,True
1296,and,null,,defined,defined,defined,"[""bool"",false]","[""bool"",false]","[""bool"",false]",,,,True,True,True
1297,and,null,false,defined,defined,defined,"[""bool"",false]","[""bool"",false]","[""bool"",false]",,,,True,True,True
1298,and,null,true,defined,defined,defined,"[""bool"",false]","[""bool"",false]","[""bool"",false]",,,,True,True,True
1299,and,null,-1,defined,defined,defined,"[""bool"",false]","[""bool"",false]","[""bool"",false]",,,,True,True,True
1300,and,null,0,defined,defined,defined,"[""bool"",false]","[""bool"",false]","[""bool"",false]",,,,True,True,True
1301,and,null,1,defined,defined,defined,"[""bool"",false]","[""bool"",false]","[""bool"",false]",,,,True,True,True
1302,and,null,"""""",defined,defined,defined,"[""bool"",false]","[""bool"",false]","[""bool"",false]",,,,True,True,True
1303,and,null,"""x""",defined,defined,defined,"[""bool"",false]","[""bool"",false]","[""bool"",false]",,,,True,True,True
1304,and,null,[],defined,defined,defined,"[""bool"",false]","[""bool"",false]","[""bool"",false]",,,,True,True,True
1305,and,null,[1],defined,defined,defined,"[""bool"",false]","[""bool"",false]","[""bool"",false]",,,,True,True,True
1306,and,null,{},defined,defined,defined,"[""bool"",false]","[""bool"",false]","[""bool"",false]",,,,True,True,True
1307,and,null,"{""a"":1}",defined,defined,defined,"[""bool"",false]","[""bool"",false]","[""bool"",false]",,,,True,True,True
1308,and,false,,defined,defined,defined,"[""bool"",false]","[""bool"",false]","[""bool"",false]",,,,True,True,True
1309,and,false,false,defined,defined,defined,"[""bool"",false]","[""bool"",false]","[""bool"",false]",,,,True,True,True
1310,and,false,true,defined,defined,defined,"[""bool"",false]","[""bool"",false]","[""bool"",false]",,,,True,True,True
1311,and,false,-1,defined,defined,defined,"[""bool"",false]","[""bool"",false]","[""bool"",false]",,,,True,True,True
1312,and,false,0,defined,defined,defined,"[""bool"",false]","[""bool"",false]","[""bool"",false]",,,,True,True,True
1313,and,false,1,defined,defined,defined,"[""bool"",false]","[""bool"",false]","[""bool"",false]",,,,True,True,True
1314,and,false,"""""",defined,defined,defined,"[""bool"",false]","[""bool"",false]","[""bool"",false]",,,,True,True,True
1315,and,false,"""x""",defined,defined,defined,"[""bool"",false]","[""bool"",false]","[""bool"",false]",,,,True,True,True
1316,and,false,[],defined,defined,defined,"[""bool"",false]","[""bool"",false]","[""bool"",false]",,,,True,True,True
1317,and,false,[1],defined,defined,defined,"[""bool"",false]","[""bool"",false]","[""bool"",false]",,,,True,True,True
1318,and,false,{},defined,defined,defined,"[""bool"",false]","[""bool"",false]","[""bool"",false]",,,,True,True,True
1319,and,false,"{""a"":1}",defined,defined,defined,"[""bool"",false]","[""bool"",false]","[""bool"",false]",,,,True,True,True
1320,and,true,,defined,defined,defined,"[""bool"",false]","[""bool"",false]","[""bool"",false]",,,,True,True,True
1321,and,true,false,defined,defined,defined,"[""bool"",false]","[""bool"",false]","[""bool"",false]",,,,True,True,True
1322,and,true,true,defined,defined,defined,"[""bool"",true]","[""bool"",true]","[""bool"",true]",,,,True,True,True
1323,and,true,-1,defined,defined,defined,"[""bool"",true]","[""bool"",true]","[""bool"",true]",,,,True,True,True
1324,and,true,0,defined,defined,defined,"[""bool"",false]","[""bool"",false]","[""bool"",false]",,,,True,True,True
1325,and,true,1,defined,defined,defined,"[""bool"",true]","[""bool"",true]","[""bool"",true]",,,,True,True,True
1326,and,true,"""""",defined,defined,defined,"[""bool"",false]","[""bool"",false]","[""bool"",false]",,,,True,True,True
1327,and,true,"""x""",defined,defined,defined,"[""bool"",true]","[""bool"",true]","[""bool"",true]",,,,True,True,True
1328,and,true,[],defined,defined,defined,"[""bool"",false]","[""bool"",false]","[""bool"",false]",,,,True,True,True
1329,and,true,[1],defined,defined,defined,"[""bool"",true]","[""bool"",true]","[""bool"",true]",,,,True,True,True
1330,and,true,{},defined,defined,defined,"[""bool"",false]","[""bool"",false]","[""bool"",false]",,,,True,True,True
1331,and,true,"{""a"":1}",defined,defined,defined,"[""bool"",true]","[""bool"",true]","[""bool"",true]",,,,True,True,True
1332,and,-1,,defined,defined,defined,"[""bool"",false]","[""bool"",false]","[""bool"",false]",,,,True,True,True
1333,and,-1,false,defined,defined,defined,"[""bool"",false]","[""bool"",false]","[""bool"",false]",,,,True,True,True
1334,and,-1,true,defined,defined,defined,"[""bool"",true]","[""bool"",true]","[""bool"",true]",,,,True,True,True
1335,and,-1,-1,defined,defined,defined,"[""bool"",true]","[""bool"",true]","[""bool"",true]",,,,True,True,True
1336,and,-1,0,defined,defined,defined,"[""bool"",false]","[""bool"",false]","[""bool"",false]",,,,True,True,True
1337,and,-1,1,defined,defined,defined,"[""bool"",true]","[""bool"",true]","[""bool"",true]",,,,True,True,True
1338,and,-1,"""""",defined,defined,defined,"[""bool"",false]","[""bool"",false]","[""bool"",false]",,,,True,True,True
1339,and,-1,"""x""",defined,defined,defined,"[""bool"",true]","[""bool"",true]","[""bool"",true]",,,,True,True,True
1340,and,-1,[],defined,defined,defined,"[""bool"",false]","[""bool"",false]","[""bool"",false]",,,,True,True,True
1341,and,-1,[1],defined,defined,defined,"[""bool"",true]","[""bool"",true]","[""bool"",true]",,,,True,True,True
1342,and,-1,{},defined,defined,defined,"[""bool"",false]","[""bool"",false]","[""bool"",false]",,,,True,True,True
1343,and,-1,"{""a"":1}",defined,defined,defined,"[""bool"",true]","[""bool"",true]","[""bool"",true]",,,,True,True,True
1344,and,0,,defined,defined,defined,"[""bool"",false]","[""bool"",false]","[""bool"",false]",,,,True,True,True
1345,and,0,false,defined,defined,defined,"[""bool"",false]","[""bool"",false]","[""bool"",false]",,,,True,True,True
1346,and,0,true,defined,defined,defined,"[""bool"",false]","[""bool"",false]","[""bool"",false]",,,,True,True,True
1347,and,0,-1,defined,defined,defined,"[""bool"",false]","[""bool"",false]","[""bool"",false]",,,,True,True,True
1348,and,0,0,defined,defined,defined,"[""bool"",false]","[""bool"",false]","[""bool"",false]",,,,True,True,True
1349,and,0,1,defined,defined,defined,"[""bool"",false]","[""bool"",false]","[""bool"",false]",,,,True,True,True
1350,and,0,"""""",defined,defined,defined,"[""bool"",false]","[""bool"",false]","[""bool"",false]",,,,True,True,True
1351,and,0,"""x""",defined,defined,defined,"[""bool"",false]","[""bool"",false]","[""bool"",false]",,,,True,True,True
1352,and,0,[],defined,defined,defined,"[""bool"",false]","[""bool"",false]","[""bool"",false]",,,,True,True,True
1353,and,0,[1],defined,defined,defined,"[""bool"",false]","[""bool"",false]","[""bool"",false]",,,,True,True,True
1354,and,0,{},defined,defined,defined,"[""bool"",false]","[""bool"",false]","[""bool"",false]",,,,True,True,True
1355,and,0,"{""a"":1}",defined,defined,defined,"[""bool"",false]","[""bool"",false]","[""bool"",false]",,,,True,True,True
1356,and,1,,defined,defined,defined,"[""bool"",false]","[""bool"",false]","[""bool"",false]",,,,True,True,True
1357,and,1,false,defined,defined,defined,"[""bool"",false]","[""bool"",false]","[""bool"",false]",,,,True,True,True
1358,and,1,true,defined,defined,defined,"[""bool"",true]","[""bool"",true]","[""bool"",true]",,,,True,True,True
1359,and,1,-1,defined,defined,defined,"[""bool"",true]","[""bool"",true]","[""bool"",true]",,,,True,True,True
1360,and,1,0,defined,defined,defined,"[""bool"",false]","[""bool"",false]","[""bool"",false]",,,,True,True,True
1361,and,1,1,defined,defined,defined,"[""bool"",true]","[""bool"",true]","[""bool"",true]",,,,True,True,True
1362,and,1,"""""",defined,defined,defined,"[""bool"",false]","[""bool"",false]","[""bool"",false]",,,,True,True,True
1363,and,1,"""x""",defined,defined,defined,"[""bool"",true]","[""bool"",true]","[""bool"",true]",,,,True,True,True
1364,and,1,[],defined,defined,defined,"[""bool"",false]","[""bool"",false]","[""bool"",false]",,,,True,True,True
1365,and,1,[1],defined,defined,defined,"[""bool"",true]","[""bool"",true]","[""bool"",true]",,,,True,True,True
1366,and,1,{},defined,defined,defined,"[""bool"",false]","[""bool"",false]","[""bool"",false]",,,,True,True,True
1367,and,1,"{""a"":1}",defined,defined,defined,"[""bool"",true]","[""bool"",true]","[""bool"",true]",,,,True,True,True
1368,and,"""""",,defined,defined,defined,"[""bool"",false]","[""bool"",false]","[""bool"",false]",,,,True,True,True
1369,and,"""""",false,defined,defined,defined,"[""bool"",false]","[""bool"",false]","[""bool"",false]",,,,True,True,True
1370,and,"""""",true,defined,defined,defined,"[""bool"",false]","[""bool"",false]","[""bool"",false]",,,,True,True,True
1371,and,"""""",-1,defined,defined,defined,"[""bool"",false]","[""bool"",false]","[""bool"",false]",,,,True,True,True
1372,and,"""""",0,defined,defined,defined,"[""bool"",false]","[""bool"",false]","[""bool"",false]",,,,True,True,True
1373,and,"""""",1,defined,defined,defined,"[""bool"",false]","[""bool"",false]","[""bool"",false]",,,,True,True,True
1374,and,"""""","""""",defined,defined,defined,"[""bool"",false]","[""bool"",false]","[""bool"",false]",,,,True,True,True
1375,and,"""""","""x""",defined,defined,defined,"[""bool"",false]","[""bool"",false]","[""bool"",false]",,,,True,True,True
1376,and,"""""",[],defined,defined,defined,"[""bool"",false]","[""bool"",false]","[""bool"",false]",,,,True,True,True
1377,and,"""""",[1],defined,defined,defined,"[""bool"",false]","[""bool"",false]","[""bool"",false]",,,,True,True,True
1378,and,"""""",{},defined,defined,defined,"[""bool"",false]","[""bool"",false]","[""bool"",false]",,,,True,True,True
1379,and,"""""","{""a"":1}",defined,defined,defined,"[""bool"",false]","[""bool"",false]","[""bool"",false]",,,,True,True,True
1380,and,"""x""",,defined,defined,defined,"[""bool"",false]","[""bool"",false]","[""bool"",false]",,,,True,True,True
1381,and,"""x""",false,defined,defined,defined,"[""bool"",false]","[""bool"",false]","[""bool"",false]",,,,True,True,True
1382,and,"""x""",true,defined,defined,defined,"[""bool"",true]","[""bool"",true]","[""bool"",true]",,,,True,True,True
1383,and,"""x""",-1,defined,defined,defined,"[""bool"",true]","[""bool"",true]","[""bool"",true]",,,,True,True,True
1384,and,"""x""",0,defined,defined,defined,"[""bool"",false]","[""bool"",false]","[""bool"",false]",,,,True,True,True
1385,and,"""x""",1,defined,defined,defined,"[""bool"",true]","[""bool"",true]","[""bool"",true]",,,,True,True,True
1386,and,"""x""","""""",defined,defined,defined,"[""bool"",false]","[""bool"",false]","[""bool"",false]",,,,True,True,True
1387,and,"""x""","""x""",defined,defined,defined,"[""bool"",true]","[""bool"",true]","[""bool"",true]",,,,True,True,True
1388,and,"""x""",[],defined,defined,defined,"[""bool"",false]","[""bool"",false]","[""bool"",false]",,,,True,True,True
1389,and,"""x""",[1],defined,defined,defined,"[""bool"",true]","[""bool"",true]","[""bool"",true]",,,,True,True,True
1390,and,"""x""",{},defined,defined,defined,"[""bool"",false]","[""bool"",false]","[""bool"",false]",,,,True,True,True
1391,and,"""x""","{""a"":1}",defined,defined,defined,"[""bool"",true]","[""bool"",true]","[""bool"",true]",,,,True,True,True
1392,and,[],,defined,defined,defined,"[""bool"",false]","[""bool"",false]","[""bool"",false]",,,,True,True,True
1393,and,[],false,defined,defined,defined,"[""bool"",false]","[""bool"",false]","[""bool"",false]",,,,True,True,True
1394,and,[],true,defined,defined,defined,"[""bool"",false]","[""bool"",false]","[""bool"",false]",,,,True,True,True
1395,and,[],-1,defined,defined,defined,"[""bool"",false]","[""bool"",false]","[""bool"",false]",,,,True,True,True
1396,and,[],0,defined,defined,defined,"[""bool"",false]","[""bool"",false]","[""bool"",false]",,,,True,True,True
1397,and,[],1,defined,defined,defined,"[""bool"",false]","[""bool"",false]","[""bool"",false]",,,,True,True,True
1398,and,[],"""""",defined,defined,defined,"[""bool"",false]","[""bool"",false]","[""bool"",false]",,,,True,True,True
1399,and,[],"""x""",defined,defined,defined,"[""bool"",false]","[""bool"",false]","[""bool"",false]",,,,True,True,True
1400,and,[],[],defined,defined,defined,"[""bool"",false]","[""bool"",false]","[""bool"",false]",,,,True,True,True
1401,and,[],[1],defined,defined,defined,"[""bool"",false]","[""bool"",false]","[""bool"",false]",,,,True,True,True
1402,and,[],{},defined,defined,defined,"[""bool"",false]","[""bool"",false]","[""bool"",false]",,,,True,True,True
1403,and,[],"{""a"":1}",defined,defined,defined,"[""bool"",false]","[""bool"",false]","[""bool"",false]",,,,True,True,True
1404,and,[1],,defined,defined,defined,"[""bool"",false]","[""bool"",false]","[""bool"",false]",,,,True,True,True
1405,and,[1],false,defined,defined,defined,"[""bool"",false]","[""bool"",false]","[""bool"",false]",,,,True,True,True
1406,and,[1],true,defined,defined,defined,"[""bool"",true]","[""bool"",true]","[""bool"",true]",,,,True,True,True
1407,and,[1],-1,defined,defined,defined,"[""bool"",true]","[""bool"",true]","[""bool"",true]",,,,True,True,True
1408,and,[1],0,defined,defined,defined,"[""bool"",false]","[""bool"",false]","[""bool"",false]",,,,True,True,True
1409,and,[1],1,defined,defined,defined,"[""bool"",true]","[""bool"",true]","[""bool"",true]",,,,True,True,True
1410,and,[1],"""""",defined,defined,defined,"[""bool"",false]","[""bool"",false]","[""bool"",false]",,,,True,True,True
1411,and,[1],"""x""",defined,defined,defined,"[""bool"",true]","[""bool"",true]","[""bool"",true]",,,,True,True,True
1412,and,[1],[],defined,defined,defined,"[""bool"",false]","[""bool"",false]","[""bool"",false]",,,,True,True,True
1413,and,[1],[1],defined,defined,defined,"[""bool"",true]","[""bool"",true]","[""bool"",true]",,,,True,True,True
1414,and,[1],{},defined,defined,defined,"[""bool"",false]","[""bool"",false]","[""bool"",false]",,,,True,True,True
1415,and,[1],"{""a"":1}",defined,defined,defined,"[""bool"",true]","[""bool"",true]","[""bool"",true]",,,,True,True,True
1416,and,{},,defined,defined,defined,"[""bool"",false]","[""bool"",false]","[""bool"",false]",,,,True,True,True
1417,and,{},false,defined,defined,defined,"[""bool"",false]","[""bool"",false]","[""bool"",false]",,,,True,True,True
1418,and,{},true,defined,defined,defined,"[""bool"",false]","[""bool"",false]","[""bool"",false]",,,,True,True,True
1419,and,{},-1,defined,defined,defined,"[""bool"",false]","[""bool"",false]","[""bool"",false]",,,,True,True,True
1420,and,{},0,defined,defined,defined,"[""bool"",false]","[""bool"",false]","[""bool"",false]",,,,True,True,True
1421,and,{},1,defined,defined,defined,"[""bool"",false]","[""bool"",false]","[""bool"",false]",,,,True,True,True
1422,and,{},"""""",defined,defined,defined,"[""bool"",false]","[""bool"",false]","[""bool"",false]",,,,True,True,True
1423,and,{},"""x""",defined,defined,defined,"[""bool"",false]","[""bool"",false]","[""bool"",false]",,,,True,True,True
1424,and,{},[],defined,defined,defined,"[""bool"",false]","[""bool"",false]","[""bool"",false]",,,,True,True,True
1425,and,{},[1],defined,defined,defined,"[""bool"",false]","[""bool"",false]","[""bool"",false]",,,,True,True,True
1426,and,{},{},defined,defined,defined,"[""bool"",false]","[""bool"",false]","[""bool"",false]",,,,True,True,True
1427,and,{},"{""a"":1}",defined,defined,defined,"[""bool"",false]","[""bool"",false]","[""bool"",false]",,,,True,True,True
1428,and,"{""a"":1}",,defined,defined,defined,"[""bool"",false]","[""bool"",false]","[""bool"",false]",,,,True,True,True
1429,and,"{""a"":1}",false,defined,defined,defined,"[""bool"",false]","[""bool"",false]","[""bool"",false]",,,,True,True,True
1430,and,"{""a"":1}",true,defined,defined,defined,"[""bool"",true]","[""bool"",true]","[""bool"",true]",,,,True,True,True
1431,and,"{""a"":1}",-1,defined,defined,defined,"[""bool"",true]","[""bool"",true]","[""bool"",true]",,,,True,True,True
1432,and,"{""a"":1}",0,defined,defined,defined,"[""bool"",false]","[""bool"",false]","[""bool"",false]",,,,True,True,True
1433,and,"{""a"":1}",1,defined,defined,defined,"[""bool"",true]","[""bool"",true]","[""bool"",true]",,,,True,True,True
1434,and,"{""a"":1}","""""",defined,defined,defined,"[""bool"",false]","[""bool"",false]","[""bool"",false]",,,,True,True,True
1435,and,"{""a"":1}","""x""",defined,defined,defined,"[""bool"",true]","[""bool"",true]","[""bool"",true]",,,,True,True,True
1436,and,"{""a"":1}",[],defined,defined,defined,"[""bool"",false]","[""bool"",false]","[""bool"",false]",,,,True,True,True
1437,and,"{""a"":1}",[1],defined,defined,defined,"[""bool"",true]","[""bool"",true]","[""bool"",true]",,,,True,True,True
1438,and,"{""a"":1}",{},defined,defined,defined,"[""bool"",false]","[""bool"",false]","[""bool"",false]",,,,True,True,True
1439,and,"{""a"":1}","{""a"":1}",defined,defined,defined,"[""bool"",true]","[""bool"",true]","[""bool"",true]",,,,True,True,True
1440,or,null,,defined,defined,defined,"[""bool"",false]","[""bool"",false]","[""bool"",false]",,,,True,True,True
1441,or,null,false,defined,defined,defined,"[""bool"",false]","[""bool"",false]","[""bool"",false]",,,,True,True,True
1442,or,null,true,defined,defined,defined,"[""bool"",true]","[""bool"",true]","[""bool"",true]",,,,True,True,True
1443,or,null,-1,defined,defined,defined,"[""bool"",true]","[""bool"",true]","[""bool"",true]",,,,True,True,True
1444,or,null,0,defined,defined,defined,"[""bool"",false]","[""bool"",false]","[""bool"",false]",,,,True,True,True
1445,or,null,1,defined,defined,defined,"[""bool"",true]","[""bool"",true]","[""bool"",true]",,,,True,True,True
1446,or,null,"""""",defined,defined,defined,"[""bool"",false]","[""bool"",false]","[""bool"",false]",,,,True,True,True
1447,or,null,"""x""",defined,defined,defined,"[""bool"",true]","[""bool"",true]","[""bool"",true]",,,,True,True,True
1448,or,null,[],defined,defined,defined,"[""bool"",false]","[""bool"",false]","[""bool"",false]",,,,True,True,True
1449,or,null,[1],defined,defined,defined,"[""bool"",true]","[""bool"",true]","[""bool"",true]",,,,True,True,True
1450,or,null,{},defined,defined,defined,"[""bool"",false]","[""bool"",false]","[""bool"",false]",,,,True,True,True
1451,or,null,"{""a"":1}",defined,defined,defined,"[""bool"",true]","[""bool"",true]","[""bool"",true]",,,,True,True,True
1452,or,false,,defined,defined,defined,"[""bool"",false]","[""bool"",false]","[""bool"",false]",,,,True,True,True
1453,or,false,false,defined,defined,defined,"[""bool"",false]","[""bool"",false]","[""bool"",false]",,,,True,True,True
1454,or,false,true,defined,defined,defined,"[""bool"",true]","[""bool"",true]","[""bool"",true]",,,,True,True,True
1455,or,false,-1,defined,defined,defined,"[""bool"",true]","[""bool"",true]","[""bool"",true]",,,,True,True,True
1456,or,false,0,defined,defined,defined,"[""bool"",false]","[""bool"",false]","[""bool"",false]",,,,True,True,True
1457,or,false,1,defined,defined,defined,"[""bool"",true]","[""bool"",true]","[""bool"",true]",,,,True,True,True
1458,or,false,"""""",defined,defined,defined,"[""bool"",false]","[""bool"",false]","[""bool"",false]",,,,True,True,True
1459,or,false,"""x""",defined,defined,defined,"[""bool"",true]","[""bool"",true]","[""bool"",true]",,,,True,True,True
1460,or,false,[],defined,defined,defined,"[""bool"",false]","[""bool"",false]","[""bool"",false]",,,,True,True,True
1461,or,false,[1],defined,defined,defined,"[""bool"",true]","[""bool"",true]","[""bool"",true]",,,,True,True,True
1462,or,false,{},defined,defined,defined,"[""bool"",false]","[""bool"",false]","[""bool"",false]",,,,True,True,True
1463,or,false,"{""a"":1}",defined,defined,defined,"[""bool"",true]","[""bool"",true]","[""bool"",true]",,,,True,True,True
1464,or,true,,defined,defined,defined,"[""bool"",true]","[""bool"",true]","[""bool"",true]",,,,True,True,True
1465,or,true,false,defined,defined,defined,"[""bool"",true]","[""bool"",true]","[""bool"",true]",,,,True,True,True
1466,or,true,true,defined,defined,defined,"[""bool"",true]","[""bool"",true]","[""bool"",true]",,,,True,True,True
1467,or,true,-1,defined,defined,defined,"[""bool"",true]","[""bool"",true]","[""bool"",true]",,,,True,True,True
1468,or,true,0,defined,defined,defined,"[""bool"",true]","[""bool"",true]","[""bool"",true]",,,,True,True,True
1469,or,true,1,defined,defined,defined,"[""bool"",true]","[""bool"",true]","[""bool"",true]",,,,True,True,True
1470,or,true,"""""",defined,defined,defined,"[""bool"",true]","[""bool"",true]","[""bool"",true]",,,,True,True,True
1471,or,true,"""x""",defined,defined,defined,"[""bool"",true]","[""bool"",true]","[""bool"",true]",,,,True,True,True
1472,or,true,[],defined,defined,defined,"[""bool"",true]","[""bool"",true]","[""bool"",true]",,,,True,True,True
1473,or,true,[1],defined,defined,defined,"[""bool"",true]","[""bool"",true]","[""bool"",true]",,,,True,True,True
1474,or,true,{},defined,defined,defined,"[""bool"",true]","[""bool"",true]","[""bool"",true]",,,,True,True,True
1475,or,true,"{""a"":1}",defined,defined,defined,"[""bool"",true]","[""bool"",true]","[""bool"",true]",,,,True,True,True
1476,or,-1,,defined,defined,defined,"[""bool"",true]","[""bool"",true]","[""bool"",true]",,,,True,True,True
1477,or,-1,false,defined,defined,defined,"[""bool"",true]","[""bool"",true]","[""bool"",true]",,,,True,True,True
1478,or,-1,true,defined,defined,defined,"[""bool"",true]","[""bool"",true]","[""bool"",true]",,,,True,True,True
1479,or,-1,-1,defined,defined,defined,"[""bool"",true]","[""bool"",true]","[""bool"",true]",,,,True,True,True
1480,or,-1,0,defined,defined,defined,"[""bool"",true]","[""bool"",true]","[""bool"",true]",,,,True,True,True
1481,or,-1,1,defined,defined,defined,"[""bool"",true]","[""bool"",true]","[""bool"",true]",,,,True,True,True
1482,or,-1,"""""",defined,defined,defined,"[""bool"",true]","[""bool"",true]","[""bool"",true]",,,,True,True,True
1483,or,-1,"""x""",defined,defined,defined,"[""bool"",true]","[""bool"",true]","[""bool"",true]",,,,True,True,True
1484,or,-1,[],defined,defined,defined,"[""bool"",true]","[""bool"",true]","[""bool"",true]",,,,True,True,True
1485,or,-1,[1],defined,defined,defined,"[""bool"",true]","[""bool"",true]","[""bool"",true]",,,,True,True,True
1486,or,-1,{},defined,defined,defined,"[""bool"",true]","[""bool"",true]","[""bool"",true]",,,,True,True,True
1487,or,-1,"{""a"":1}",defined,defined,defined,"[""bool"",true]","[""bool"",true]","[""bool"",true]",,,,True,True,True
1488,or,0,,defined,defined,defined,"[""bool"",false]","[""bool"",false]","[""bool"",false]",,,,True,True,True
1489,or,0,false,defined,defined,defined,"[""bool"",false]","[""bool"",false]","[""bool"",false]",,,,True,True,True
1490,or,0,true,defined,defined,defined,"[""bool"",true]","[""bool"",true]","[""bool"",true]",,,,True,True,True
1491,or,0,-1,defined,defined,defined,"[""bool"",true]","[""bool"",true]","[""bool"",true]",,,,True,True,True
1492,or,0,0,defined,defined,defined,"[""bool"",false]","[""bool"",false]","[""bool"",false]",,,,True,True,True
1493,or,0,1,defined,defined,defined,"[""bool"",true]","[""bool"",true]","[""bool"",true]",,,,True,True,True
1494,or,0,"""""",defined,defined,defined,"[""bool"",false]","[""bool"",false]","[""bool"",false]",,,,True,True,True
1495,or,0,"""x""",defined,defined,defined,"[""bool"",true]","[""bool"",true]","[""bool"",true]",,,,True,True,True
1496,or,0,[],defined,defined,defined,"[""bool"",false]","[""bool"",false]","[""bool"",false]",,,,True,True,True
1497,or,0,[1],defined,defined,defined,"[""bool"",true]","[""bool"",true]","[""bool"",true]",,,,True,True,True
1498,or,0,{},defined,defined,defined,"[""bool"",false]","[""bool"",false]","[""bool"",false]",,,,True,True,True
1499,or,0,"{""a"":1}",defined,defined,defined,"[""bool"",true]","[""bool"",true]","[""bool"",true]",,,,True,True,True
1500,or,1,,defined,defined,defined,"[""bool"",true]","[""bool"",true]","[""bool"",true]",,,,True,True,True
1501,or,1,false,defined,defined,defined,"[""bool"",true]","[""bool"",true]","[""bool"",true]",,,,True,True,True
1502,or,1,true,defined,defined,defined,"[""bool"",true]","[""bool"",true]","[""bool"",true]",,,,True,True,True
1503,or,1,-1,defined,defined,defined,"[""bool"",true]","[""bool"",true]","[""bool"",true]",,,,True,True,True
1504,or,1,0,defined,defined,defined,"[""bool"",true]","[""bool"",true]","[""bool"",true]",,,,True,True,True
1505,or,1,1,defined,defined,defined,"[""bool"",true]","[""bool"",true]","[""bool"",true]",,,,True,True,True
1506,or,1,"""""",defined,defined,defined,"[""bool"",true]","[""bool"",true]","[""bool"",true]",,,,True,True,True
1507,or,1,"""x""",defined,defined,defined,"[""bool"",true]","[""bool"",true]","[""bool"",true]",,,,True,True,True
1508,or,1,[],defined,defined,defined,"[""bool"",true]","[""bool"",true]","[""bool"",true]",,,,True,True,True
1509,or,1,[1],defined,defined,defined,"[""bool"",true]","[""bool"",true]","[""bool"",true]",,,,True,True,True
1510,or,1,{},defined,defined,defined,"[""bool"",true]","[""bool"",true]","[""bool"",true]",,,,True,True,True
1511,or,1,"{""a"":1}",defined,defined,defined,"[""bool"",true]","[""bool"",true]","[""bool"",true]",,,,True,True,True
1512,or,"""""",,defined,defined,defined,"[""bool"",false]","[""bool"",false]","[""bool"",false]",,,,True,True,True
1513,or,"""""",false,defined,defined,defined,"[""bool"",false]","[""bool"",false]","[""bool"",false]",,,,True,True,True
1514,or,"""""",true,defined,defined,defined,"[""bool"",true]","[""bool"",true]","[""bool"",true]",,,,True,True,True
1515,or,"""""",-1,defined,defined,defined,"[""bool"",true]","[""bool"",true]","[""bool"",true]",,,,True,True,True
1516,or,"""""",0,defined,defined,defined,"[""bool"",false]","[""bool"",false]","[""bool"",false]",,,,True,True,True
1517,or,"""""",1,defined,defined,defined,"[""bool"",true]","[""bool"",true]","[""bool"",true]",,,,True,True,True
1518,or,"""""","""""",defined,defined,defined,"[""bool"",false]","[""bool"",false]","[""bool"",false]",,,,True,True,True
1519,or,"""""","""x""",defined,defined,defined,"[""bool"",true]","[""bool"",true]","[""bool"",true]",,,,True,True,True
1520,or,"""""",[],defined,defined,defined,"[""bool"",false]","[""bool"",false]","[""bool"",false]",,,,True,True,True
1521,or,"""""",[1],defined,defined,defined,"[""bool"",true]","[""bool"",true]","[""bool"",true]",,,,True,True,True
1522,or,"""""",{},defined,defined,defined,"[""bool"",false]","[""bool"",false]","[""bool"",false]",,,,True,True,True
1523,or,"""""","{""a"":1}",defined,defined,defined,"[""bool"",true]","[""bool"",true]","[""bool"",true]",,,,True,True,True
1524,or,"""x""",,defined,defined,defined,"[""bool"",true]","[""bool"",true]","[""bool"",true]",,,,True,True,True
1525,or,"""x""",false,defined,defined,defined,"[""bool"",true]","[""bool"",true]","[""bool"",true]",,,,True,True,True
1526,or,"""x""",true,defined,defined,defined,"[""bool"",true]","[""bool"",true]","[""bool"",true]",,,,True,True,True
1527,or,"""x""",-1,defined,defined,defined,"[""bool"",true]","[""bool"",true]","[""bool"",true]",,,,True,True,True
1528,or,"""x""",0,defined,defined,defined,"[""bool"",true]","[""bool"",true]","[""bool"",true]",,,,True,True,True
1529,or,"""x""",1,defined,defined,defined,"[""bool"",true]","[""bool"",true]","[""bool"",true]",,,,True,True,True
1530,or,"""x""","""""",defined,defined,defined,"[""bool"",true]","[""bool"",true]","[""bool"",true]",,,,True,True,True
1531,or,"""x""","""x""",defined,defined,defined,"[""bool"",true]","[""bool"",true]","[""bool"",true]",,,,True,True,True
1532,or,"""x""",[],defined,defined,defined,"[""bool"",true]","[""bool"",true]","[""bool"",true]",,,,True,True,True
1533,or,"""x""",[1],defined,defined,defined,"[""bool"",true]","[""bool"",true]","[""bool"",true]",,,,True,True,True
1534,or,"""x""",{},defined,defined,defined,"[""bool"",true]","[""bool"",true]","[""bool"",true]",,,,True,True,True
1535,or,"""x""","{""a"":1}",defined,defined,defined,"[""bool"",true]","[""bool"",true]","[""bool"",true]",,,,True,True,True
1536,or,[],,defined,defined,defined,"[""bool"",false]","[""bool"",false]","[""bool"",false]",,,,True,True,True
1537,or,[],false,defined,defined,defined,"[""bool"",false]","[""bool"",false]","[""bool"",false]",,,,True,True,True
1538,or,[],true,defined,defined,defined,"[""bool"",true]","[""bool"",true]","[""bool"",true]",,,,True,True,True
1539,or,[],-1,defined,defined,defined,"[""bool"",true]","[""bool"",true]","[""bool"",true]",,,,True,True,True
1540,or,[],0,defined,defined,defined,"[""bool"",false]","[""bool"",false]","[""bool"",false]",,,,True,True,True
1541,or,[],1,defined,defined,defined,"[""bool"",true]","[""bool"",true]","[""bool"",true]",,,,True,True,True
1542,or,[],"""""",defined,defined,defined,"[""bool"",false]","[""bool"",false]","[""bool"",false]",,,,True,True,True
1543,or,[],"""x""",defined,defined,defined,"[""bool"",true]","[""bool"",true]","[""bool"",true]",,,,True,True,True
1544,or,[],[],defined,defined,defined,"[""bool"",false]","[""bool"",false]","[""bool"",false]",,,,True,True,True
1545,or,[],[1],defined,defined,defined,"[""bool"",true]","[""bool"",true]","[""bool"",true]",,,,True,True,True
1546,or,[],{},defined,defined,defined,"[""bool"",false]","[""bool"",false]","[""bool"",false]",,,,True,True,True
1547,or,[],"{""a"":1}",defined,defined,defined,"[""bool"",true]","[""bool"",true]","[""bool"",true]",,,,True,True,True
1548,or,[1],,defined,defined,defined,"[""bool"",true]","[""bool"",true]","[""bool"",true]",,,,True,True,True
1549,or,[1],false,defined,defined,defined,"[""bool"",true]","[""bool"",true]","[""bool"",true]",,,,True,True,True
1550,or,[1],true,defined,defined,defined,"[""bool"",true]","[""bool"",true]","[""bool"",true]",,,,True,True,True
1551,or,[1],-1,defined,defined,defined,"[""bool"",true]","[""bool"",true]","[""bool"",true]",,,,True,True,True
1552,or,[1],0,defined,defined,defined,"[""bool"",true]","[""bool"",true]","[""bool"",true]",,,,True,True,True
1553,or,[1],1,defined,defined,defined,"[""bool"",true]","[""bool"",true]","[""bool"",true]",,,,True,True,True
1554,or,[1],"""""",defined,defined,defined,"[""bool"",true]","[""bool"",true]","[""bool"",true]",,,,True,True,True
1555,or,[1],"""x""",defined,defined,defined,"[""bool"",true]","[""bool"",true]","[""bool"",true]",,,,True,True,True
1556,or,[1],[],defined,defined,defined,"[""bool"",true]","[""bool"",true]","[""bool"",true]",,,,True,True,True
1557,or,[1],[1],defined,defined,defined,"[""bool"",true]","[""bool"",true]","[""bool"",true]",,,,True,True,True
1558,or,[1],{},defined,defined,defined,"[""bool"",true]","[""bool"",true]","[""bool"",true]",,,,True,True,True
1559,or,[1],"{""a"":1}",defined,defined,defined,"[""bool"",true]","[""bool"",true]","[""bool"",true]",,,,True,True,True
1560,or,{},,defined,defined,defined,"[""bool"",false]","[""bool"",false]","[""bool"",false]",,,,True,True,True
1561,or,{},false,defined,defined,defined,"[""bool"",false]","[""bool"",false]","[""bool"",false]",,,,True,True,True
1562,or,{},true,defined,defined,defined,"[""bool"",true]","[""bool"",true]","[""bool"",true]",,,,True,True,True
1563,or,{},-1,defined,defined,defined,"[""bool"",true]","[""bool"",true]","[""bool"",true]",,,,True,True,True
1564,or,{},0,defined,defined,defined,"[""bool"",false]","[""bool"",false]","[""bool"",false]",,,,True,True,True
1565,or,{},1,defined,defined,defined,"[""bool"",true]","[""bool"",true]","[""bool"",true]",,,,True,True,True
1566,or,{},"""""",defined,defined,defined,"[""bool"",false]","[""bool"",false]","[""bool"",false]",,,,True,True,True
1567,or,{},"""x""",defined,defined,defined,"[""bool"",true]","[""bool"",true]","[""bool"",true]",,,,True,True,True
1568,or,{},[],defined,defined,defined,"[""bool"",false]","[""bool"",false]","[""bool"",false]",,,,True,True,True
1569,or,{},[1],defined,defined,defined,"[""bool"",true]","[""bool"",true]","[""bool"",true]",,,,True,True,True
1570,or,{},{},defined,defined,defined,"[""bool"",false]","[""bool"",false]","[""bool"",false]",,,,True,True,True
1571,or,{},"{""a"":1}",defined,defined,defined,"[""bool"",true]","[""bool"",true]","[""bool"",true]",,,,True,True,True
1572,or,"{""a"":1}",,defined,defined,defined,"[""bool"",true]","[""bool"",true]","[""bool"",true]",,,,True,True,True
1573,or,"{""a"":1}",false,defined,defined,defined,"[""bool"",true]","[""bool"",true]","[""bool"",true]",,,,True,True,True
1574,or,"{""a"":1}",true,defined,defined,defined,"[""bool"",true]","[""bool"",true]","[""bool"",true]",,,,True,True,True
1575,or,"{""a"":1}",-1,defined,defined,defined,"[""bool"",true]","[""bool"",true]","[""bool"",true]",,,,True,True,True
1576,or,"{""a"":1}",0,defined,defined,defined,"[""bool"",true]","[""bool"",true]","[""bool"",true]",,,,True,True,True
1577,or,"{""a"":1}",1,defined,defined,defined,"[""bool"",true]","[""bool"",true]","[""bool"",true]",,,,True,True,True
1578,or,"{""a"":1}","""""",defined,defined,defined,"[""bool"",true]","[""bool"",true]","[""bool"",true]",,,,True,True,True
1579,or,"{""a"":1}","""x""",defined,defined,defined,"[""bool"",true]","[""bool"",true]","[""bool"",true]",,,,True,True,True
1580,or,"{""a"":1}",[],defined,defined,defined,"[""bool"",true]","[""bool"",true]","[""bool"",true]",,,,True,True,True
1581,or,"{""a"":1}",[1],defined,defined,defined,"[""bool"",true]","[""bool"",true]","[""bool"",true]",,,,True,True,True
1582,or,"{""a"":1}",{},defined,defined,defined,"[""bool"",true]","[""bool"",true]","[""bool"",true]",,,,True,True,True
1583,or,"{""a"":1}","{""a"":1}",defined,defined,defined,"[""bool"",true]","[""bool"",true]","[""bool"",true]",,,,True,True,True
1584,not,null,,defined,defined,defined,"[""bool"",true]","[""bool"",true]","[""bool"",true]",,,,True,True,True
1585,not,false,,defined,defined,defined,"[""bool"",true]","[""bool"",true]","[""bool"",true]",,,,True,True,True
1586,not,true,,defined,defined,defined,"[""bool"",false]","[""bool"",false]","[""bool"",false]",,,,True,True,True
1587,not,-1,,defined,defined,defined,"[""bool"",false]","[""bool"",false]","[""bool"",false]",,,,True,True,True
1588,not,0,,defined,defined,defined,"[""bool"",true]","[""bool"",true]","[""bool"",true]",,,,True,True,True
1589,not,1,,defined,defined,defined,"[""bool"",false]","[""bool"",false]","[""bool"",false]",,,,True,True,True
1590,not,"""""",,defined,defined,defined,"[""bool"",true]","[""bool"",true]","[""bool"",true]",,,,True,True,True
1591,not,"""x""",,defined,defined,defined,"[""bool"",false]","[""bool"",false]","[""bool"",false]",,,,True,True,True
1592,not,[],,defined,defined,defined,"[""bool"",true]","[""bool"",true]","[""bool"",true]",,,,True,True,True
1593,not,[1],,defined,defined,defined,"[""bool"",false]","[""bool"",false]","[""bool"",false]",,,,True,True,True
1594,not,{},,defined,defined,defined,"[""bool"",true]","[""bool"",true]","[""bool"",true]",,,,True,True,True
1595,not,"{""a"":1}",,defined,defined,defined,"[""bool"",false]","[""bool"",false]","[""bool"",false]",,,,True,True,True
