pair_id,family,source_kind,class,transform,source_label,accepted,reason,obligations,certificate_bytes,elapsed_ms
gen-bounds_write-000,bounds_write,generated,root-preserving,root-stutter,vulnerable,True,accepted,25,231,0.872206
gen-bounds_write-000,bounds_write,generated,root-preserving,alpha-unused,vulnerable,True,accepted,25,269,0.886658
gen-bounds_write-000,bounds_write,generated,root-preserving,swap-independent,vulnerable,True,accepted,25,257,0.741542
gen-bounds_write-000,bounds_write,generated,root-preserving,root-stutter,patched,True,accepted,25,225,1.026857
gen-bounds_write-000,bounds_write,generated,root-preserving,alpha-unused,patched,True,accepted,25,263,0.989621
gen-bounds_write-000,bounds_write,generated,root-preserving,swap-independent,patched,True,accepted,25,251,0.891585
gen-bounds_write-000,bounds_write,generated,root-preserving,guard-dual,patched,True,accepted,25,221,0.870224
gen-bounds_write-000,bounds_write,generated,root-flipping,close-root,vulnerable,True,accepted,22,198,0.824526
gen-bounds_write-000,bounds_write,generated,root-flipping,open-root,patched,True,accepted,22,197,0.832898
gen-bounds_write-001,bounds_write,generated,root-preserving,root-stutter,vulnerable,True,accepted,25,231,0.760751
gen-bounds_write-001,bounds_write,generated,root-preserving,alpha-unused,vulnerable,True,accepted,25,269,0.694383
gen-bounds_write-001,bounds_write,generated,root-preserving,swap-independent,vulnerable,True,accepted,25,257,0.78717
gen-bounds_write-001,bounds_write,generated,root-preserving,root-stutter,patched,True,accepted,25,225,0.871004
gen-bounds_write-001,bounds_write,generated,root-preserving,alpha-unused,patched,True,accepted,25,263,0.795463
gen-bounds_write-001,bounds_write,generated,root-preserving,swap-independent,patched,True,accepted,25,251,0.907219
gen-bounds_write-001,bounds_write,generated,root-preserving,guard-dual,patched,True,accepted,25,221,0.992045
gen-bounds_write-001,bounds_write,generated,root-flipping,close-root,vulnerable,True,accepted,22,198,0.803163
gen-bounds_write-001,bounds_write,generated,root-flipping,open-root,patched,True,accepted,22,197,0.777626
gen-bounds_write-002,bounds_write,generated,root-preserving,root-stutter,vulnerable,True,accepted,25,231,0.777696
gen-bounds_write-002,bounds_write,generated,root-preserving,alpha-unused,vulnerable,True,accepted,25,269,0.815352
gen-bounds_write-002,bounds_write,generated,root-preserving,swap-independent,vulnerable,True,accepted,25,257,0.660963
gen-bounds_write-002,bounds_write,generated,root-preserving,root-stutter,patched,True,accepted,25,225,0.824696
gen-bounds_write-002,bounds_write,generated,root-preserving,alpha-unused,patched,True,accepted,25,263,0.848541
gen-bounds_write-002,bounds_write,generated,root-preserving,swap-independent,patched,True,accepted,25,251,0.903583
gen-bounds_write-002,bounds_write,generated,root-preserving,guard-dual,patched,True,accepted,25,221,0.842883
gen-bounds_write-002,bounds_write,generated,root-flipping,close-root,vulnerable,True,accepted,22,198,0.916663
gen-bounds_write-002,bounds_write,generated,root-flipping,open-root,patched,True,accepted,22,197,0.846969
gen-bounds_write-003,bounds_write,generated,root-preserving,root-stutter,vulnerable,True,accepted,25,231,0.831436
gen-bounds_write-003,bounds_write,generated,root-preserving,alpha-unused,vulnerable,True,accepted,25,269,0.745888
gen-bounds_write-003,bounds_write,generated,root-preserving,swap-independent,vulnerable,True,accepted,25,257,0.683265
gen-bounds_write-003,bounds_write,generated,root-preserving,root-stutter,patched,True,accepted,25,225,0.922861
gen-bounds_write-003,bounds_write,generated,root-preserving,alpha-unused,patched,True,accepted,25,263,0.92207
gen-bounds_write-003,bounds_write,generated,root-preserving,swap-independent,patched,True,accepted,25,251,0.850754
gen-bounds_write-003,bounds_write,generated,root-preserving,guard-dual,patched,True,accepted,25,221,0.828822
gen-bounds_write-003,bounds_write,generated,root-flipping,close-root,vulnerable,True,accepted,22,198,0.799599
gen-bounds_write-003,bounds_write,generated,root-flipping,open-root,patched,True,accepted,22,197,0.785288
gen-bounds_write-004,bounds_write,generated,root-preserving,root-stutter,vulnerable,True,accepted,25,231,0.857495
gen-bounds_write-004,bounds_write,generated,root-preserving,alpha-unused,vulnerable,True,accepted,25,269,0.757967
gen-bounds_write-004,bounds_write,generated,root-preserving,swap-independent,vulnerable,True,accepted,25,257,0.714151
gen-bounds_write-004,bounds_write,generated,root-preserving,root-stutter,patched,True,accepted,25,225,0.882171
gen-bounds_write-004,bounds_write,generated,root-preserving,alpha-unused,patched,True,accepted,25,263,0.944854
gen-bounds_write-004,bounds_write,generated,root-preserving,swap-independent,patched,True,accepted,25,251,0.912467
gen-bounds_write-004,bounds_write,generated,root-preserving,guard-dual,patched,True,accepted,25,221,0.881991
gen-bounds_write-004,bounds_write,generated,root-flipping,close-root,vulnerable,True,accepted,22,198,0.808612
gen-bounds_write-004,bounds_write,generated,root-flipping,open-root,patched,True,accepted,22,197,0.817715
gen-bounds_write-005,bounds_write,generated,root-preserving,root-stutter,vulnerable,True,accepted,25,231,0.668284
gen-bounds_write-005,bounds_write,generated,root-preserving,alpha-unused,vulnerable,True,accepted,25,269,0.658739
gen-bounds_write-005,bounds_write,generated,root-preserving,swap-independent,vulnerable,True,accepted,25,257,0.638519
gen-bounds_write-005,bounds_write,generated,root-preserving,root-stutter,patched,True,accepted,25,225,0.815672
gen-bounds_write-005,bounds_write,generated,root-preserving,alpha-unused,patched,True,accepted,25,263,0.778207
gen-bounds_write-005,bounds_write,generated,root-preserving,swap-independent,patched,True,accepted,25,251,0.822212
gen-bounds_write-005,bounds_write,generated,root-preserving,guard-dual,patched,True,accepted,25,221,0.786719
gen-bounds_write-005,bounds_write,generated,root-flipping,close-root,vulnerable,True,accepted,22,198,0.748082
gen-bounds_write-005,bounds_write,generated,root-flipping,open-root,patched,True,accepted,22,197,0.728382
gen-bounds_write-006,bounds_write,generated,root-preserving,root-stutter,vulnerable,True,accepted,25,231,0.684498
gen-bounds_write-006,bounds_write,generated,root-preserving,alpha-unused,vulnerable,True,accepted,25,269,0.711157
gen-bounds_write-006,bounds_write,generated,root-preserving,swap-independent,vulnerable,True,accepted,25,257,0.667302
gen-bounds_write-006,bounds_write,generated,root-preserving,root-stutter,patched,True,accepted,25,225,0.950433
gen-bounds_write-006,bounds_write,generated,root-preserving,alpha-unused,patched,True,accepted,25,263,0.84094
gen-bounds_write-006,bounds_write,generated,root-preserving,swap-independent,patched,True,accepted,25,251,1.010953
gen-bounds_write-006,bounds_write,generated,root-preserving,guard-dual,patched,True,accepted,25,221,0.85477
gen-bounds_write-006,bounds_write,generated,root-flipping,close-root,vulnerable,True,accepted,22,198,0.771006
gen-bounds_write-006,bounds_write,generated,root-flipping,open-root,patched,True,accepted,22,197,0.74656
gen-bounds_write-007,bounds_write,generated,root-preserving,root-stutter,vulnerable,True,accepted,25,231,0.709144
gen-bounds_write-007,bounds_write,generated,root-preserving,alpha-unused,vulnerable,True,accepted,25,269,0.727181
gen-bounds_write-007,bounds_write,generated,root-preserving,swap-independent,vulnerable,True,accepted,25,257,0.662184
gen-bounds_write-007,bounds_write,generated,root-preserving,root-stutter,patched,True,accepted,25,225,0.998995
gen-bounds_write-007,bounds_write,generated,root-preserving,alpha-unused,patched,True,accepted,25,263,0.847159
gen-bounds_write-007,bounds_write,generated,root-preserving,swap-independent,patched,True,accepted,25,251,1.090311
gen-bounds_write-007,bounds_write,generated,root-preserving,guard-dual,patched,True,accepted,25,221,0.898055
gen-bounds_write-007,bounds_write,generated,root-flipping,close-root,vulnerable,True,accepted,22,198,0.806118
gen-bounds_write-007,bounds_write,generated,root-flipping,open-root,patched,True,accepted,22,197,0.798967
gen-bounds_write-008,bounds_write,generated,root-preserving,root-stutter,vulnerable,True,accepted,25,231,0.75407
gen-bounds_write-008,bounds_write,generated,root-preserving,alpha-unused,vulnerable,True,accepted,25,269,0.770144
gen-bounds_write-008,bounds_write,generated,root-preserving,swap-independent,vulnerable,True,accepted,25,257,0.722374
gen-bounds_write-008,bounds_write,generated,root-preserving,root-stutter,patched,True,accepted,25,225,0.884795
gen-bounds_write-008,bounds_write,generated,root-preserving,alpha-unused,patched,True,accepted,25,263,0.865687
gen-bounds_write-008,bounds_write,generated,root-preserving,swap-independent,patched,True,accepted,25,251,0.871826
gen-bounds_write-008,bounds_write,generated,root-preserving,guard-dual,patched,True,accepted,25,221,0.873128
gen-bounds_write-008,bounds_write,generated,root-flipping,close-root,vulnerable,True,accepted,22,198,0.796605
gen-bounds_write-008,bounds_write,generated,root-flipping,open-root,patched,True,accepted,22,197,0.835321
gen-bounds_write-009,bounds_write,generated,root-preserving,root-stutter,vulnerable,True,accepted,25,231,0.96187
gen-bounds_write-009,bounds_write,generated,root-preserving,alpha-unused,vulnerable,True,accepted,25,269,0.7268
gen-bounds_write-009,bounds_write,generated,root-preserving,swap-independent,vulnerable,True,accepted,25,257,0.651618
gen-bounds_write-009,bounds_write,generated,root-preserving,root-stutter,patched,True,accepted,25,225,0.851897
gen-bounds_write-009,bounds_write,generated,root-preserving,alpha-unused,patched,True,accepted,25,263,0.915401
gen-bounds_write-009,bounds_write,generated,root-preserving,swap-independent,patched,True,accepted,25,251,0.796194
gen-bounds_write-009,bounds_write,generated,root-preserving,guard-dual,patched,True,accepted,25,221,0.866257
gen-bounds_write-009,bounds_write,generated,root-flipping,close-root,vulnerable,True,accepted,22,198,0.823254
gen-bounds_write-009,bounds_write,generated,root-flipping,open-root,patched,True,accepted,22,197,0.751437
gen-bounds_write-010,bounds_write,generated,root-preserving,root-stutter,vulnerable,True,accepted,25,231,0.683566
gen-bounds_write-010,bounds_write,generated,root-preserving,alpha-unused,vulnerable,True,accepted,25,269,0.701383
gen-bounds_write-010,bounds_write,generated,root-preserving,swap-independent,vulnerable,True,accepted,25,257,0.828091
gen-bounds_write-010,bounds_write,generated,root-preserving,root-stutter,patched,True,accepted,25,225,0.897795
gen-bounds_write-010,bounds_write,generated,root-preserving,alpha-unused,patched,True,accepted,25,263,0.845827
gen-bounds_write-010,bounds_write,generated,root-preserving,swap-independent,patched,True,accepted,25,251,0.809273
gen-bounds_write-010,bounds_write,generated,root-preserving,guard-dual,patched,True,accepted,25,221,0.832848
gen-bounds_write-010,bounds_write,generated,root-flipping,close-root,vulnerable,True,accepted,22,198,0.855422
gen-bounds_write-010,bounds_write,generated,root-flipping,open-root,patched,True,accepted,22,197,0.796835
gen-bounds_write-011,bounds_write,generated,root-preserving,root-stutter,vulnerable,True,accepted,25,231,0.695584
gen-bounds_write-011,bounds_write,generated,root-preserving,alpha-unused,vulnerable,True,accepted,25,269,0.706791
gen-bounds_write-011,bounds_write,generated,root-preserving,swap-independent,vulnerable,True,accepted,25,257,0.703115
gen-bounds_write-011,bounds_write,generated,root-preserving,root-stutter,patched,True,accepted,25,225,0.853518
gen-bounds_write-011,bounds_write,generated,root-preserving,alpha-unused,patched,True,accepted,25,263,0.835131
gen-bounds_write-011,bounds_write,generated,root-preserving,swap-independent,patched,True,accepted,25,251,0.935881
gen-bounds_write-011,bounds_write,generated,root-preserving,guard-dual,patched,True,accepted,25,221,1.400472
gen-bounds_write-011,bounds_write,generated,root-flipping,close-root,vulnerable,True,accepted,22,198,0.849292
gen-bounds_write-011,bounds_write,generated,root-flipping,open-root,patched,True,accepted,22,197,0.779769
gen-bounds_write-012,bounds_write,generated,root-preserving,root-stutter,vulnerable,True,accepted,25,231,1.186153
gen-bounds_write-012,bounds_write,generated,root-preserving,alpha-unused,vulnerable,True,accepted,25,269,1.081067
gen-bounds_write-012,bounds_write,generated,root-preserving,swap-independent,vulnerable,True,accepted,25,257,0.806609
gen-bounds_write-012,bounds_write,generated,root-preserving,root-stutter,patched,True,accepted,25,225,1.202397
gen-bounds_write-012,bounds_write,generated,root-preserving,alpha-unused,patched,True,accepted,25,263,1.67483
gen-bounds_write-012,bounds_write,generated,root-preserving,swap-independent,patched,True,accepted,25,251,0.912656
gen-bounds_write-012,bounds_write,generated,root-preserving,guard-dual,patched,True,accepted,25,221,0.875501
gen-bounds_write-012,bounds_write,generated,root-flipping,close-root,vulnerable,True,accepted,22,198,0.839788
gen-bounds_write-012,bounds_write,generated,root-flipping,open-root,patched,True,accepted,22,197,0.89474
gen-bounds_write-013,bounds_write,generated,root-preserving,root-stutter,vulnerable,True,accepted,25,231,0.691257
gen-bounds_write-013,bounds_write,generated,root-preserving,alpha-unused,vulnerable,True,accepted,25,269,0.703245
gen-bounds_write-013,bounds_write,generated,root-preserving,swap-independent,vulnerable,True,accepted,25,257,0.657787
gen-bounds_write-013,bounds_write,generated,root-preserving,root-stutter,patched,True,accepted,25,225,0.832057
gen-bounds_write-013,bounds_write,generated,root-preserving,alpha-unused,patched,True,accepted,25,263,0.937984
gen-bounds_write-013,bounds_write,generated,root-preserving,swap-independent,patched,True,accepted,25,251,0.816744
gen-bounds_write-013,bounds_write,generated,root-preserving,guard-dual,patched,True,accepted,25,221,0.770755
gen-bounds_write-013,bounds_write,generated,root-flipping,close-root,vulnerable,True,accepted,22,198,0.802403
gen-bounds_write-013,bounds_write,generated,root-flipping,open-root,patched,True,accepted,22,197,0.96223
gen-bounds_write-014,bounds_write,generated,root-preserving,root-stutter,vulnerable,True,accepted,25,231,0.793419
gen-bounds_write-014,bounds_write,generated,root-preserving,alpha-unused,vulnerable,True,accepted,25,269,0.694032
gen-bounds_write-014,bounds_write,generated,root-preserving,swap-independent,vulnerable,True,accepted,25,257,0.649255
gen-bounds_write-014,bounds_write,generated,root-preserving,root-stutter,patched,True,accepted,25,225,1.080687
gen-bounds_write-014,bounds_write,generated,root-preserving,alpha-unused,patched,True,accepted,25,263,0.971113
gen-bounds_write-014,bounds_write,generated,root-preserving,swap-independent,patched,True,accepted,25,251,0.860108
gen-bounds_write-014,bounds_write,generated,root-preserving,guard-dual,patched,True,accepted,25,221,0.895531
gen-bounds_write-014,bounds_write,generated,root-flipping,close-root,vulnerable,True,accepted,22,198,0.76681
gen-bounds_write-014,bounds_write,generated,root-flipping,open-root,patched,True,accepted,22,197,0.763155
gen-bounds_write-015,bounds_write,generated,root-preserving,root-stutter,vulnerable,True,accepted,25,231,0.859027
gen-bounds_write-015,bounds_write,generated,root-preserving,alpha-unused,vulnerable,True,accepted,25,269,0.736725
gen-bounds_write-015,bounds_write,generated,root-preserving,swap-independent,vulnerable,True,accepted,25,257,0.812548
gen-bounds_write-015,bounds_write,generated,root-preserving,root-stutter,patched,True,accepted,25,225,0.892477
gen-bounds_write-015,bounds_write,generated,root-preserving,alpha-unused,patched,True,accepted,25,263,2.041955
gen-bounds_write-015,bounds_write,generated,root-preserving,swap-independent,patched,True,accepted,25,251,1.250609
gen-bounds_write-015,bounds_write,generated,root-preserving,guard-dual,patched,True,accepted,25,221,1.146834
gen-bounds_write-015,bounds_write,generated,root-flipping,close-root,vulnerable,True,accepted,22,198,0.91454
gen-bounds_write-015,bounds_write,generated,root-flipping,open-root,patched,True,accepted,22,197,0.802843
gen-bounds_write-016,bounds_write,generated,root-preserving,root-stutter,vulnerable,True,accepted,25,231,0.751958
gen-bounds_write-016,bounds_write,generated,root-preserving,alpha-unused,vulnerable,True,accepted,25,269,0.822602
gen-bounds_write-016,bounds_write,generated,root-preserving,swap-independent,vulnerable,True,accepted,25,257,0.856743
gen-bounds_write-016,bounds_write,generated,root-preserving,root-stutter,patched,True,accepted,25,225,0.909762
gen-bounds_write-016,bounds_write,generated,root-preserving,alpha-unused,patched,True,accepted,25,263,0.877254
gen-bounds_write-016,bounds_write,generated,root-preserving,swap-independent,patched,True,accepted,25,251,0.835242
gen-bounds_write-016,bounds_write,generated,root-preserving,guard-dual,patched,True,accepted,25,221,0.937814
gen-bounds_write-016,bounds_write,generated,root-flipping,close-root,vulnerable,True,accepted,22,198,0.849883
gen-bounds_write-016,bounds_write,generated,root-flipping,open-root,patched,True,accepted,22,197,0.786579
gen-bounds_write-017,bounds_write,generated,root-preserving,root-stutter,vulnerable,True,accepted,25,231,0.676796
gen-bounds_write-017,bounds_write,generated,root-preserving,alpha-unused,vulnerable,True,accepted,25,269,0.639701
gen-bounds_write-017,bounds_write,generated,root-preserving,swap-independent,vulnerable,True,accepted,25,257,0.638059
gen-bounds_write-017,bounds_write,generated,root-preserving,root-stutter,patched,True,accepted,25,225,1.288666
gen-bounds_write-017,bounds_write,generated,root-preserving,alpha-unused,patched,True,accepted,25,263,0.835703
gen-bounds_write-017,bounds_write,generated,root-preserving,swap-independent,patched,True,accepted,25,251,0.811146
gen-bounds_write-017,bounds_write,generated,root-preserving,guard-dual,patched,True,accepted,25,221,0.793679
gen-bounds_write-017,bounds_write,generated,root-flipping,close-root,vulnerable,True,accepted,22,198,0.851205
gen-bounds_write-017,bounds_write,generated,root-flipping,open-root,patched,True,accepted,22,197,0.735774
gen-bounds_write-018,bounds_write,generated,root-preserving,root-stutter,vulnerable,True,accepted,25,231,0.698869
gen-bounds_write-018,bounds_write,generated,root-preserving,alpha-unused,vulnerable,True,accepted,25,269,1.029861
gen-bounds_write-018,bounds_write,generated,root-preserving,swap-independent,vulnerable,True,accepted,25,257,0.744727
gen-bounds_write-018,bounds_write,generated,root-preserving,root-stutter,patched,True,accepted,25,225,0.862802
gen-bounds_write-018,bounds_write,generated,root-preserving,alpha-unused,patched,True,accepted,25,263,0.838787
gen-bounds_write-018,bounds_write,generated,root-preserving,swap-independent,patched,True,accepted,25,251,0.80056
gen-bounds_write-018,bounds_write,generated,root-preserving,guard-dual,patched,True,accepted,25,221,0.80063
gen-bounds_write-018,bounds_write,generated,root-flipping,close-root,vulnerable,True,accepted,22,198,0.907028
gen-bounds_write-018,bounds_write,generated,root-flipping,open-root,patched,True,accepted,22,197,0.775743
gen-bounds_write-019,bounds_write,generated,root-preserving,root-stutter,vulnerable,True,accepted,25,231,0.719129
gen-bounds_write-019,bounds_write,generated,root-preserving,alpha-unused,vulnerable,True,accepted,25,269,0.719369
gen-bounds_write-019,bounds_write,generated,root-preserving,swap-independent,vulnerable,True,accepted,25,257,0.692329
gen-bounds_write-019,bounds_write,generated,root-preserving,root-stutter,patched,True,accepted,25,225,1.003241
gen-bounds_write-019,bounds_write,generated,root-preserving,alpha-unused,patched,True,accepted,25,263,0.890343
gen-bounds_write-019,bounds_write,generated,root-preserving,swap-independent,patched,True,accepted,25,251,0.840279
gen-bounds_write-019,bounds_write,generated,root-preserving,guard-dual,patched,True,accepted,25,221,0.855762
gen-bounds_write-019,bounds_write,generated,root-flipping,close-root,vulnerable,True,accepted,22,198,0.9416
gen-bounds_write-019,bounds_write,generated,root-flipping,open-root,patched,True,accepted,22,197,0.886127
gen-bounds_write-020,bounds_write,generated,root-preserving,root-stutter,vulnerable,True,accepted,25,231,0.853909
gen-bounds_write-020,bounds_write,generated,root-preserving,alpha-unused,vulnerable,True,accepted,25,269,0.733781
gen-bounds_write-020,bounds_write,generated,root-preserving,swap-independent,vulnerable,True,accepted,25,257,0.72033
gen-bounds_write-020,bounds_write,generated,root-preserving,root-stutter,patched,True,accepted,25,225,0.909252
gen-bounds_write-020,bounds_write,generated,root-preserving,alpha-unused,patched,True,accepted,25,263,0.892246
gen-bounds_write-020,bounds_write,generated,root-preserving,swap-independent,patched,True,accepted,25,251,0.883303
gen-bounds_write-020,bounds_write,generated,root-preserving,guard-dual,patched,True,accepted,25,221,0.851366
gen-bounds_write-020,bounds_write,generated,root-flipping,close-root,vulnerable,True,accepted,22,198,0.826879
gen-bounds_write-020,bounds_write,generated,root-flipping,open-root,patched,True,accepted,22,197,0.932926
gen-bounds_write-021,bounds_write,generated,root-preserving,root-stutter,vulnerable,True,accepted,25,231,0.683286
gen-bounds_write-021,bounds_write,generated,root-preserving,alpha-unused,vulnerable,True,accepted,25,269,0.66573
gen-bounds_write-021,bounds_write,generated,root-preserving,swap-independent,vulnerable,True,accepted,25,257,0.973347
gen-bounds_write-021,bounds_write,generated,root-preserving,root-stutter,patched,True,accepted,25,225,0.926928
gen-bounds_write-021,bounds_write,generated,root-preserving,alpha-unused,patched,True,accepted,25,263,1.013627
gen-bounds_write-021,bounds_write,generated,root-preserving,swap-independent,patched,True,accepted,25,251,0.906968
gen-bounds_write-021,bounds_write,generated,root-preserving,guard-dual,patched,True,accepted,25,221,0.811727
gen-bounds_write-021,bounds_write,generated,root-flipping,close-root,vulnerable,True,accepted,22,198,0.80045
gen-bounds_write-021,bounds_write,generated,root-flipping,open-root,patched,True,accepted,22,197,0.729234
gen-bounds_write-022,bounds_write,generated,root-preserving,root-stutter,vulnerable,True,accepted,25,231,0.802082
gen-bounds_write-022,bounds_write,generated,root-preserving,alpha-unused,vulnerable,True,accepted,25,269,0.828651
gen-bounds_write-022,bounds_write,generated,root-preserving,swap-independent,vulnerable,True,accepted,25,257,0.797966
gen-bounds_write-022,bounds_write,generated,root-preserving,root-stutter,patched,True,accepted,25,225,0.896783
gen-bounds_write-022,bounds_write,generated,root-preserving,alpha-unused,patched,True,accepted,25,263,0.978925
gen-bounds_write-022,bounds_write,generated,root-preserving,swap-independent,patched,True,accepted,25,251,0.857815
gen-bounds_write-022,bounds_write,generated,root-preserving,guard-dual,patched,True,accepted,25,221,0.831867
gen-bounds_write-022,bounds_write,generated,root-flipping,close-root,vulnerable,True,accepted,22,198,4.077872
gen-bounds_write-022,bounds_write,generated,root-flipping,open-root,patched,True,accepted,22,197,1.037532
gen-bounds_write-023,bounds_write,generated,root-preserving,root-stutter,vulnerable,True,accepted,25,231,0.798967
gen-bounds_write-023,bounds_write,generated,root-preserving,alpha-unused,vulnerable,True,accepted,25,269,0.86753
gen-bounds_write-023,bounds_write,generated,root-preserving,swap-independent,vulnerable,True,accepted,25,257,0.721492
gen-bounds_write-023,bounds_write,generated,root-preserving,root-stutter,patched,True,accepted,25,225,1.176659
gen-bounds_write-023,bounds_write,generated,root-preserving,alpha-unused,patched,True,accepted,25,263,1.053066
gen-bounds_write-023,bounds_write,generated,root-preserving,swap-independent,patched,True,accepted,25,251,1.034498
gen-bounds_write-023,bounds_write,generated,root-preserving,guard-dual,patched,True,accepted,25,221,0.870294
gen-bounds_write-023,bounds_write,generated,root-flipping,close-root,vulnerable,True,accepted,22,198,0.817706
gen-bounds_write-023,bounds_write,generated,root-flipping,open-root,patched,True,accepted,22,197,0.787771
gen-bounds_write-024,bounds_write,generated,root-preserving,root-stutter,vulnerable,True,accepted,25,231,0.974218
gen-bounds_write-024,bounds_write,generated,root-preserving,alpha-unused,vulnerable,True,accepted,25,269,0.738167
gen-bounds_write-024,bounds_write,generated,root-preserving,swap-independent,vulnerable,True,accepted,25,257,0.704757
gen-bounds_write-024,bounds_write,generated,root-preserving,root-stutter,patched,True,accepted,25,225,0.926197
gen-bounds_write-024,bounds_write,generated,root-preserving,alpha-unused,patched,True,accepted,25,263,0.938154
gen-bounds_write-024,bounds_write,generated,root-preserving,swap-independent,patched,True,accepted,25,251,0.99604
gen-bounds_write-024,bounds_write,generated,root-preserving,guard-dual,patched,True,accepted,25,221,0.859717
gen-bounds_write-024,bounds_write,generated,root-flipping,close-root,vulnerable,True,accepted,22,198,0.831777
gen-bounds_write-024,bounds_write,generated,root-flipping,open-root,patched,True,accepted,22,197,0.798607
gen-bounds_write-025,bounds_write,generated,root-preserving,root-stutter,vulnerable,True,accepted,25,231,0.792738
gen-bounds_write-025,bounds_write,generated,root-preserving,alpha-unused,vulnerable,True,accepted,25,269,0.693762
gen-bounds_write-025,bounds_write,generated,root-preserving,swap-independent,vulnerable,True,accepted,25,257,0.644398
gen-bounds_write-025,bounds_write,generated,root-preserving,root-stutter,patched,True,accepted,25,225,0.848251
gen-bounds_write-025,bounds_write,generated,root-preserving,alpha-unused,patched,True,accepted,25,263,0.805197
gen-bounds_write-025,bounds_write,generated,root-preserving,swap-independent,patched,True,accepted,25,251,0.872477
gen-bounds_write-025,bounds_write,generated,root-preserving,guard-dual,patched,True,accepted,25,221,0.822643
gen-bounds_write-025,bounds_write,generated,root-flipping,close-root,vulnerable,True,accepted,22,198,0.796564
gen-bounds_write-025,bounds_write,generated,root-flipping,open-root,patched,True,accepted,22,197,0.783024
gen-bounds_write-026,bounds_write,generated,root-preserving,root-stutter,vulnerable,True,accepted,25,231,0.703255
gen-bounds_write-026,bounds_write,generated,root-preserving,alpha-unused,vulnerable,True,accepted,25,269,0.770375
gen-bounds_write-026,bounds_write,generated,root-preserving,swap-independent,vulnerable,True,accepted,25,257,0.651848
gen-bounds_write-026,bounds_write,generated,root-preserving,root-stutter,patched,True,accepted,25,225,1.264129
gen-bounds_write-026,bounds_write,generated,root-preserving,alpha-unused,patched,True,accepted,25,263,0.857304
gen-bounds_write-026,bounds_write,generated,root-preserving,swap-independent,patched,True,accepted,25,251,1.107816
gen-bounds_write-026,bounds_write,generated,root-preserving,guard-dual,patched,True,accepted,25,221,0.853148
gen-bounds_write-026,bounds_write,generated,root-flipping,close-root,vulnerable,True,accepted,22,198,0.806859
gen-bounds_write-026,bounds_write,generated,root-flipping,open-root,patched,True,accepted,22,197,0.745758
gen-bounds_write-027,bounds_write,generated,root-preserving,root-stutter,vulnerable,True,accepted,25,231,0.775552
gen-bounds_write-027,bounds_write,generated,root-preserving,alpha-unused,vulnerable,True,accepted,25,269,0.818276
gen-bounds_write-027,bounds_write,generated,root-preserving,swap-independent,vulnerable,True,accepted,25,257,0.704226
gen-bounds_write-027,bounds_write,generated,root-preserving,root-stutter,patched,True,accepted,25,225,0.957984
gen-bounds_write-027,bounds_write,generated,root-preserving,alpha-unused,patched,True,accepted,25,263,0.868121
gen-bounds_write-027,bounds_write,generated,root-preserving,swap-independent,patched,True,accepted,25,251,0.932947
gen-bounds_write-027,bounds_write,generated,root-preserving,guard-dual,patched,True,accepted,25,221,0.867239
gen-bounds_write-027,bounds_write,generated,root-flipping,close-root,vulnerable,True,accepted,22,198,0.797656
gen-bounds_write-027,bounds_write,generated,root-flipping,open-root,patched,True,accepted,22,197,0.796324
gen-bounds_write-028,bounds_write,generated,root-preserving,root-stutter,vulnerable,True,accepted,25,231,0.743735
gen-bounds_write-028,bounds_write,generated,root-preserving,alpha-unused,vulnerable,True,accepted,25,269,0.835022
gen-bounds_write-028,bounds_write,generated,root-preserving,swap-independent,vulnerable,True,accepted,25,257,0.718759
gen-bounds_write-028,bounds_write,generated,root-preserving,root-stutter,patched,True,accepted,25,225,1.21099
gen-bounds_write-028,bounds_write,generated,root-preserving,alpha-unused,patched,True,accepted,25,263,0.949271
gen-bounds_write-028,bounds_write,generated,root-preserving,swap-independent,patched,True,accepted,25,251,0.987728
gen-bounds_write-028,bounds_write,generated,root-preserving,guard-dual,patched,True,accepted,25,221,0.878195
gen-bounds_write-028,bounds_write,generated,root-flipping,close-root,vulnerable,True,accepted,22,198,0.84056
gen-bounds_write-028,bounds_write,generated,root-flipping,open-root,patched,True,accepted,22,197,0.809974
gen-bounds_write-029,bounds_write,generated,root-preserving,root-stutter,vulnerable,True,accepted,25,231,0.734762
gen-bounds_write-029,bounds_write,generated,root-preserving,alpha-unused,vulnerable,True,accepted,25,269,0.706691
gen-bounds_write-029,bounds_write,generated,root-preserving,swap-independent,vulnerable,True,accepted,25,257,0.646171
gen-bounds_write-029,bounds_write,generated,root-preserving,root-stutter,patched,True,accepted,25,225,0.816914
gen-bounds_write-029,bounds_write,generated,root-preserving,alpha-unused,patched,True,accepted,25,263,0.809783
gen-bounds_write-029,bounds_write,generated,root-preserving,swap-independent,patched,True,accepted,25,251,0.950053
gen-bounds_write-029,bounds_write,generated,root-preserving,guard-dual,patched,True,accepted,25,221,0.792939
gen-bounds_write-029,bounds_write,generated,root-flipping,close-root,vulnerable,True,accepted,22,198,0.736145
gen-bounds_write-029,bounds_write,generated,root-flipping,open-root,patched,True,accepted,22,197,0.741963
gen-bounds_write-030,bounds_write,generated,root-preserving,root-stutter,vulnerable,True,accepted,25,231,0.692469
gen-bounds_write-030,bounds_write,generated,root-preserving,alpha-unused,vulnerable,True,accepted,25,269,0.729755
gen-bounds_write-030,bounds_write,generated,root-preserving,swap-independent,vulnerable,True,accepted,25,257,0.70664
gen-bounds_write-030,bounds_write,generated,root-preserving,root-stutter,patched,True,accepted,25,225,0.950192
gen-bounds_write-030,bounds_write,generated,root-preserving,alpha-unused,patched,True,accepted,25,263,0.902802
gen-bounds_write-030,bounds_write,generated,root-preserving,swap-independent,patched,True,accepted,25,251,0.996521
gen-bounds_write-030,bounds_write,generated,root-preserving,guard-dual,patched,True,accepted,25,221,0.888851
gen-bounds_write-030,bounds_write,generated,root-flipping,close-root,vulnerable,True,accepted,22,198,0.903232
gen-bounds_write-030,bounds_write,generated,root-flipping,open-root,patched,True,accepted,22,197,0.864325
gen-bounds_write-031,bounds_write,generated,root-preserving,root-stutter,vulnerable,True,accepted,25,231,0.727241
gen-bounds_write-031,bounds_write,generated,root-preserving,alpha-unused,vulnerable,True,accepted,25,269,0.701804
gen-bounds_write-031,bounds_write,generated,root-preserving,swap-independent,vulnerable,True,accepted,25,257,0.695264
gen-bounds_write-031,bounds_write,generated,root-preserving,root-stutter,patched,True,accepted,25,225,0.850154
gen-bounds_write-031,bounds_write,generated,root-preserving,alpha-unused,patched,True,accepted,25,263,0.877354
gen-bounds_write-031,bounds_write,generated,root-preserving,swap-independent,patched,True,accepted,25,251,0.82736
gen-bounds_write-031,bounds_write,generated,root-preserving,guard-dual,patched,True,accepted,25,221,0.841752
gen-bounds_write-031,bounds_write,generated,root-flipping,close-root,vulnerable,True,accepted,22,198,0.772047
gen-bounds_write-031,bounds_write,generated,root-flipping,open-root,patched,True,accepted,22,197,0.755943
gen-bounds_write-032,bounds_write,generated,root-preserving,root-stutter,vulnerable,True,accepted,25,231,0.749083
gen-bounds_write-032,bounds_write,generated,root-preserving,alpha-unused,vulnerable,True,accepted,25,269,0.710997
gen-bounds_write-032,bounds_write,generated,root-preserving,swap-independent,vulnerable,True,accepted,25,257,0.750315
gen-bounds_write-032,bounds_write,generated,root-preserving,root-stutter,patched,True,accepted,25,225,0.894119
gen-bounds_write-032,bounds_write,generated,root-preserving,alpha-unused,patched,True,accepted,25,263,0.88161
gen-bounds_write-032,bounds_write,generated,root-preserving,swap-independent,patched,True,accepted,25,251,0.992145
gen-bounds_write-032,bounds_write,generated,root-preserving,guard-dual,patched,True,accepted,25,221,0.862633
gen-bounds_write-032,bounds_write,generated,root-flipping,close-root,vulnerable,True,accepted,22,198,0.791657
gen-bounds_write-032,bounds_write,generated,root-flipping,open-root,patched,True,accepted,22,197,0.787561
gen-bounds_write-033,bounds_write,generated,root-preserving,root-stutter,vulnerable,True,accepted,25,231,0.702694
gen-bounds_write-033,bounds_write,generated,root-preserving,alpha-unused,vulnerable,True,accepted,25,269,0.774361
gen-bounds_write-033,bounds_write,generated,root-preserving,swap-independent,vulnerable,True,accepted,25,257,0.651699
gen-bounds_write-033,bounds_write,generated,root-preserving,root-stutter,patched,True,accepted,25,225,0.922041
gen-bounds_write-033,bounds_write,generated,root-preserving,alpha-unused,patched,True,accepted,25,263,2.385466
gen-bounds_write-033,bounds_write,generated,root-preserving,swap-independent,patched,True,accepted,25,251,0.944685
gen-bounds_write-033,bounds_write,generated,root-preserving,guard-dual,patched,True,accepted,25,221,0.828612
gen-bounds_write-033,bounds_write,generated,root-flipping,close-root,vulnerable,True,accepted,22,198,0.756695
gen-bounds_write-033,bounds_write,generated,root-flipping,open-root,patched,True,accepted,22,197,0.759689
gen-bounds_write-034,bounds_write,generated,root-preserving,root-stutter,vulnerable,True,accepted,25,231,0.709555
gen-bounds_write-034,bounds_write,generated,root-preserving,alpha-unused,vulnerable,True,accepted,25,269,0.701413
gen-bounds_write-034,bounds_write,generated,root-preserving,swap-independent,vulnerable,True,accepted,25,257,0.646421
gen-bounds_write-034,bounds_write,generated,root-preserving,root-stutter,patched,True,accepted,25,225,0.817405
gen-bounds_write-034,bounds_write,generated,root-preserving,alpha-unused,patched,True,accepted,25,263,0.871836
gen-bounds_write-034,bounds_write,generated,root-preserving,swap-independent,patched,True,accepted,25,251,0.811727
gen-bounds_write-034,bounds_write,generated,root-preserving,guard-dual,patched,True,accepted,25,221,0.885707
gen-bounds_write-034,bounds_write,generated,root-flipping,close-root,vulnerable,True,accepted,22,198,0.766279
gen-bounds_write-034,bounds_write,generated,root-flipping,open-root,patched,True,accepted,22,197,0.742454
gen-bounds_write-035,bounds_write,generated,root-preserving,root-stutter,vulnerable,True,accepted,25,231,0.769964
gen-bounds_write-035,bounds_write,generated,root-preserving,alpha-unused,vulnerable,True,accepted,25,269,0.757676
gen-bounds_write-035,bounds_write,generated,root-preserving,swap-independent,vulnerable,True,accepted,25,257,0.691167
gen-bounds_write-035,bounds_write,generated,root-preserving,root-stutter,patched,True,accepted,25,225,0.846699
gen-bounds_write-035,bounds_write,generated,root-preserving,alpha-unused,patched,True,accepted,25,263,0.874329
gen-bounds_write-035,bounds_write,generated,root-preserving,swap-independent,patched,True,accepted,25,251,0.856584
gen-bounds_write-035,bounds_write,generated,root-preserving,guard-dual,patched,True,accepted,25,221,0.915972
gen-bounds_write-035,bounds_write,generated,root-flipping,close-root,vulnerable,True,accepted,22,198,0.889993
gen-bounds_write-035,bounds_write,generated,root-flipping,open-root,patched,True,accepted,22,197,0.780671
gen-bounds_write-036,bounds_write,generated,root-preserving,root-stutter,vulnerable,True,accepted,25,231,0.861
gen-bounds_write-036,bounds_write,generated,root-preserving,alpha-unused,vulnerable,True,accepted,25,269,0.760171
gen-bounds_write-036,bounds_write,generated,root-preserving,swap-independent,vulnerable,True,accepted,25,257,0.710917
gen-bounds_write-036,bounds_write,generated,root-preserving,root-stutter,patched,True,accepted,25,225,0.899077
gen-bounds_write-036,bounds_write,generated,root-preserving,alpha-unused,patched,True,accepted,25,263,0.885326
gen-bounds_write-036,bounds_write,generated,root-preserving,swap-independent,patched,True,accepted,25,251,0.845296
gen-bounds_write-036,bounds_write,generated,root-preserving,guard-dual,patched,True,accepted,25,221,0.829062
gen-bounds_write-036,bounds_write,generated,root-flipping,close-root,vulnerable,True,accepted,22,198,0.808041
gen-bounds_write-036,bounds_write,generated,root-flipping,open-root,patched,True,accepted,22,197,0.772408
gen-bounds_write-037,bounds_write,generated,root-preserving,root-stutter,vulnerable,True,accepted,25,231,0.67934
gen-bounds_write-037,bounds_write,generated,root-preserving,alpha-unused,vulnerable,True,accepted,25,269,0.648083
gen-bounds_write-037,bounds_write,generated,root-preserving,swap-independent,vulnerable,True,accepted,25,257,0.626872
gen-bounds_write-037,bounds_write,generated,root-preserving,root-stutter,patched,True,accepted,25,225,0.870594
gen-bounds_write-037,bounds_write,generated,root-preserving,alpha-unused,patched,True,accepted,25,263,0.90151
gen-bounds_write-037,bounds_write,generated,root-preserving,swap-independent,patched,True,accepted,25,251,0.809714
gen-bounds_write-037,bounds_write,generated,root-preserving,guard-dual,patched,True,accepted,25,221,0.788713
gen-bounds_write-037,bounds_write,generated,root-flipping,close-root,vulnerable,True,accepted,22,198,0.724617
gen-bounds_write-037,bounds_write,generated,root-flipping,open-root,patched,True,accepted,22,197,0.88769
gen-bounds_write-038,bounds_write,generated,root-preserving,root-stutter,vulnerable,True,accepted,25,231,0.766409
gen-bounds_write-038,bounds_write,generated,root-preserving,alpha-unused,vulnerable,True,accepted,25,269,0.712859
gen-bounds_write-038,bounds_write,generated,root-preserving,swap-independent,vulnerable,True,accepted,25,257,0.661153
gen-bounds_write-038,bounds_write,generated,root-preserving,root-stutter,patched,True,accepted,25,225,0.979466
gen-bounds_write-038,bounds_write,generated,root-preserving,alpha-unused,patched,True,accepted,25,263,0.848341
gen-bounds_write-038,bounds_write,generated,root-preserving,swap-independent,patched,True,accepted,25,251,0.824505
gen-bounds_write-038,bounds_write,generated,root-preserving,guard-dual,patched,True,accepted,25,221,0.907879
gen-bounds_write-038,bounds_write,generated,root-flipping,close-root,vulnerable,True,accepted,22,198,0.788562
gen-bounds_write-038,bounds_write,generated,root-flipping,open-root,patched,True,accepted,22,197,0.738998
gen-bounds_write-039,bounds_write,generated,root-preserving,root-stutter,vulnerable,True,accepted,25,231,0.805398
gen-bounds_write-039,bounds_write,generated,root-preserving,alpha-unused,vulnerable,True,accepted,25,269,0.76048
gen-bounds_write-039,bounds_write,generated,root-preserving,swap-independent,vulnerable,True,accepted,25,257,0.689875
gen-bounds_write-039,bounds_write,generated,root-preserving,root-stutter,patched,True,accepted,25,225,0.98868
gen-bounds_write-039,bounds_write,generated,root-preserving,alpha-unused,patched,True,accepted,25,263,0.875802
gen-bounds_write-039,bounds_write,generated,root-preserving,swap-independent,patched,True,accepted,25,251,0.811527
gen-bounds_write-039,bounds_write,generated,root-preserving,guard-dual,patched,True,accepted,25,221,0.863994
gen-bounds_write-039,bounds_write,generated,root-flipping,close-root,vulnerable,True,accepted,22,198,0.925446
gen-bounds_write-039,bounds_write,generated,root-flipping,open-root,patched,True,accepted,22,197,0.83372
pub-bounds_write-00,bounds_write,synthetic-reference-tagged,root-preserving,root-stutter,vulnerable,True,accepted,25,229,0.784496
pub-bounds_write-00,bounds_write,synthetic-reference-tagged,root-preserving,alpha-unused,vulnerable,True,accepted,25,267,0.778728
pub-bounds_write-00,bounds_write,synthetic-reference-tagged,root-preserving,swap-independent,vulnerable,True,accepted,25,255,0.701272
pub-bounds_write-00,bounds_write,synthetic-reference-tagged,root-preserving,root-stutter,patched,True,accepted,25,223,0.877875
pub-bounds_write-00,bounds_write,synthetic-reference-tagged,root-preserving,alpha-unused,patched,True,accepted,25,261,0.859708
pub-bounds_write-00,bounds_write,synthetic-reference-tagged,root-preserving,swap-independent,patched,True,accepted,25,249,0.84117
pub-bounds_write-00,bounds_write,synthetic-reference-tagged,root-preserving,guard-dual,patched,True,accepted,25,219,0.985034
pub-bounds_write-00,bounds_write,synthetic-reference-tagged,root-flipping,close-root,vulnerable,True,accepted,22,196,0.860419
pub-bounds_write-00,bounds_write,synthetic-reference-tagged,root-flipping,open-root,patched,True,accepted,22,195,1.427823
pub-bounds_write-01,bounds_write,synthetic-reference-tagged,root-preserving,root-stutter,vulnerable,True,accepted,25,229,0.714823
pub-bounds_write-01,bounds_write,synthetic-reference-tagged,root-preserving,alpha-unused,vulnerable,True,accepted,25,267,0.769724
pub-bounds_write-01,bounds_write,synthetic-reference-tagged,root-preserving,swap-independent,vulnerable,True,accepted,25,255,0.783285
pub-bounds_write-01,bounds_write,synthetic-reference-tagged,root-preserving,root-stutter,patched,True,accepted,25,223,1.14334
pub-bounds_write-01,bounds_write,synthetic-reference-tagged,root-preserving,alpha-unused,patched,True,accepted,25,261,0.889492
pub-bounds_write-01,bounds_write,synthetic-reference-tagged,root-preserving,swap-independent,patched,True,accepted,25,249,0.868641
pub-bounds_write-01,bounds_write,synthetic-reference-tagged,root-preserving,guard-dual,patched,True,accepted,25,219,0.814591
pub-bounds_write-01,bounds_write,synthetic-reference-tagged,root-flipping,close-root,vulnerable,True,accepted,22,196,0.864535
pub-bounds_write-01,bounds_write,synthetic-reference-tagged,root-flipping,open-root,patched,True,accepted,22,195,0.782603
pub-bounds_write-02,bounds_write,synthetic-reference-tagged,root-preserving,root-stutter,vulnerable,True,accepted,25,229,0.71318
pub-bounds_write-02,bounds_write,synthetic-reference-tagged,root-preserving,alpha-unused,vulnerable,True,accepted,25,267,0.730106
pub-bounds_write-02,bounds_write,synthetic-reference-tagged,root-preserving,swap-independent,vulnerable,True,accepted,25,255,0.677377
pub-bounds_write-02,bounds_write,synthetic-reference-tagged,root-preserving,root-stutter,patched,True,accepted,25,223,0.865617
pub-bounds_write-02,bounds_write,synthetic-reference-tagged,root-preserving,alpha-unused,patched,True,accepted,25,261,1.021358
pub-bounds_write-02,bounds_write,synthetic-reference-tagged,root-preserving,swap-independent,patched,True,accepted,25,249,0.853519
pub-bounds_write-02,bounds_write,synthetic-reference-tagged,root-preserving,guard-dual,patched,True,accepted,25,219,0.822763
pub-bounds_write-02,bounds_write,synthetic-reference-tagged,root-flipping,close-root,vulnerable,True,accepted,22,196,0.76723
pub-bounds_write-02,bounds_write,synthetic-reference-tagged,root-flipping,open-root,patched,True,accepted,22,195,0.755013
gen-divide_zero-000,divide_zero,generated,root-preserving,root-stutter,vulnerable,True,accepted,37,229,0.702023
gen-divide_zero-000,divide_zero,generated,root-preserving,alpha-unused,vulnerable,True,accepted,37,267,0.723235
gen-divide_zero-000,divide_zero,generated,root-preserving,swap-independent,vulnerable,True,accepted,37,255,0.648845
gen-divide_zero-000,divide_zero,generated,root-preserving,root-stutter,patched,True,accepted,37,223,0.786068
gen-divide_zero-000,divide_zero,generated,root-preserving,alpha-unused,patched,True,accepted,37,261,51.974339
gen-divide_zero-000,divide_zero,generated,root-preserving,swap-independent,patched,True,accepted,37,249,0.863483
gen-divide_zero-000,divide_zero,generated,root-preserving,guard-dual,patched,True,accepted,37,219,0.864234
gen-divide_zero-000,divide_zero,generated,root-flipping,close-root,vulnerable,True,accepted,35,196,0.827009
gen-divide_zero-000,divide_zero,generated,root-flipping,open-root,patched,True,accepted,35,195,0.732089
gen-divide_zero-001,divide_zero,generated,root-preserving,root-stutter,vulnerable,True,accepted,37,229,0.680001
gen-divide_zero-001,divide_zero,generated,root-preserving,alpha-unused,vulnerable,True,accepted,37,267,0.695283
gen-divide_zero-001,divide_zero,generated,root-preserving,swap-independent,vulnerable,True,accepted,37,255,0.687882
gen-divide_zero-001,divide_zero,generated,root-preserving,root-stutter,patched,True,accepted,37,223,0.815783
gen-divide_zero-001,divide_zero,generated,root-preserving,alpha-unused,patched,True,accepted,37,261,0.802163
gen-divide_zero-001,divide_zero,generated,root-preserving,swap-independent,patched,True,accepted,37,249,0.766219
gen-divide_zero-001,divide_zero,generated,root-preserving,guard-dual,patched,True,accepted,37,219,0.777696
gen-divide_zero-001,divide_zero,generated,root-flipping,close-root,vulnerable,True,accepted,35,196,0.761221
gen-divide_zero-001,divide_zero,generated,root-flipping,open-root,patched,True,accepted,35,195,0.96874
gen-divide_zero-002,divide_zero,generated,root-preserving,root-stutter,vulnerable,True,accepted,37,229,0.851145
gen-divide_zero-002,divide_zero,generated,root-preserving,alpha-unused,vulnerable,True,accepted,37,267,0.716715
gen-divide_zero-002,divide_zero,generated,root-preserving,swap-independent,vulnerable,True,accepted,37,255,0.65244
gen-divide_zero-002,divide_zero,generated,root-preserving,root-stutter,patched,True,accepted,37,223,0.860469
gen-divide_zero-002,divide_zero,generated,root-preserving,alpha-unused,patched,True,accepted,37,261,0.814922
gen-divide_zero-002,divide_zero,generated,root-preserving,swap-independent,patched,True,accepted,37,249,0.860389
gen-divide_zero-002,divide_zero,generated,root-preserving,guard-dual,patched,True,accepted,37,219,0.803184
gen-divide_zero-002,divide_zero,generated,root-flipping,close-root,vulnerable,True,accepted,35,196,0.752478
gen-divide_zero-002,divide_zero,generated,root-flipping,open-root,patched,True,accepted,35,195,0.719369
gen-divide_zero-003,divide_zero,generated,root-preserving,root-stutter,vulnerable,True,accepted,37,229,0.68664
gen-divide_zero-003,divide_zero,generated,root-preserving,alpha-unused,vulnerable,True,accepted,37,267,0.691909
gen-divide_zero-003,divide_zero,generated,root-preserving,swap-independent,vulnerable,True,accepted,37,255,0.66568
gen-divide_zero-003,divide_zero,generated,root-preserving,root-stutter,patched,True,accepted,37,223,0.989891
gen-divide_zero-003,divide_zero,generated,root-preserving,alpha-unused,patched,True,accepted,37,261,0.855582
gen-divide_zero-003,divide_zero,generated,root-preserving,swap-independent,patched,True,accepted,37,249,0.866959
gen-divide_zero-003,divide_zero,generated,root-preserving,guard-dual,patched,True,accepted,37,219,0.789644
gen-divide_zero-003,divide_zero,generated,root-flipping,close-root,vulnerable,True,accepted,35,196,0.765839
gen-divide_zero-003,divide_zero,generated,root-flipping,open-root,patched,True,accepted,35,195,0.728723
gen-divide_zero-004,divide_zero,generated,root-preserving,root-stutter,vulnerable,True,accepted,37,229,0.744747
gen-divide_zero-004,divide_zero,generated,root-preserving,alpha-unused,vulnerable,True,accepted,37,267,0.681243
gen-divide_zero-004,divide_zero,generated,root-preserving,swap-independent,vulnerable,True,accepted,37,255,0.680962
gen-divide_zero-004,divide_zero,generated,root-preserving,root-stutter,patched,True,accepted,37,223,0.797245
gen-divide_zero-004,divide_zero,generated,root-preserving,alpha-unused,patched,True,accepted,37,261,0.78013
gen-divide_zero-004,divide_zero,generated,root-preserving,swap-independent,patched,True,accepted,37,249,0.776895
gen-divide_zero-004,divide_zero,generated,root-preserving,guard-dual,patched,True,accepted,37,219,0.754051
gen-divide_zero-004,divide_zero,generated,root-flipping,close-root,vulnerable,True,accepted,35,196,0.796624
gen-divide_zero-004,divide_zero,generated,root-flipping,open-root,patched,True,accepted,35,195,0.761883
gen-divide_zero-005,divide_zero,generated,root-preserving,root-stutter,vulnerable,True,accepted,37,229,0.702414
gen-divide_zero-005,divide_zero,generated,root-preserving,alpha-unused,vulnerable,True,accepted,37,267,0.68626
gen-divide_zero-005,divide_zero,generated,root-preserving,swap-independent,vulnerable,True,accepted,37,255,0.735624
gen-divide_zero-005,divide_zero,generated,root-preserving,root-stutter,patched,True,accepted,37,223,0.816774
gen-divide_zero-005,divide_zero,generated,root-preserving,alpha-unused,patched,True,accepted,37,261,1.219262
gen-divide_zero-005,divide_zero,generated,root-preserving,swap-independent,patched,True,accepted,37,249,1.135168
gen-divide_zero-005,divide_zero,generated,root-preserving,guard-dual,patched,True,accepted,37,219,0.945325
gen-divide_zero-005,divide_zero,generated,root-flipping,close-root,vulnerable,True,accepted,35,196,1.280093
gen-divide_zero-005,divide_zero,generated,root-flipping,open-root,patched,True,accepted,35,195,0.787851
gen-divide_zero-006,divide_zero,generated,root-preserving,root-stutter,vulnerable,True,accepted,37,229,1.04921
gen-divide_zero-006,divide_zero,generated,root-preserving,alpha-unused,vulnerable,True,accepted,37,267,0.79375
gen-divide_zero-006,divide_zero,generated,root-preserving,swap-independent,vulnerable,True,accepted,37,255,0.838326
gen-divide_zero-006,divide_zero,generated,root-preserving,root-stutter,patched,True,accepted,37,223,0.829773
gen-divide_zero-006,divide_zero,generated,root-preserving,alpha-unused,patched,True,accepted,37,261,0.771637
gen-divide_zero-006,divide_zero,generated,root-preserving,swap-independent,patched,True,accepted,37,249,0.854681
gen-divide_zero-006,divide_zero,generated,root-preserving,guard-dual,patched,True,accepted,37,219,0.806629
gen-divide_zero-006,divide_zero,generated,root-flipping,close-root,vulnerable,True,accepted,35,196,0.752299
gen-divide_zero-006,divide_zero,generated,root-flipping,open-root,patched,True,accepted,35,195,0.905666
gen-divide_zero-007,divide_zero,generated,root-preserving,root-stutter,vulnerable,True,accepted,37,229,0.727892
gen-divide_zero-007,divide_zero,generated,root-preserving,alpha-unused,vulnerable,True,accepted,37,267,0.849683
gen-divide_zero-007,divide_zero,generated,root-preserving,swap-independent,vulnerable,True,accepted,37,255,0.762423
gen-divide_zero-007,divide_zero,generated,root-preserving,root-stutter,patched,True,accepted,37,223,0.8274
gen-divide_zero-007,divide_zero,generated,root-preserving,alpha-unused,patched,True,accepted,37,261,0.893939
gen-divide_zero-007,divide_zero,generated,root-preserving,swap-independent,patched,True,accepted,37,249,0.800781
gen-divide_zero-007,divide_zero,generated,root-preserving,guard-dual,patched,True,accepted,37,219,0.972616
gen-divide_zero-007,divide_zero,generated,root-flipping,close-root,vulnerable,True,accepted,35,196,0.781372
gen-divide_zero-007,divide_zero,generated,root-flipping,open-root,patched,True,accepted,35,195,1.017382
gen-divide_zero-008,divide_zero,generated,root-preserving,root-stutter,vulnerable,True,accepted,37,229,0.730947
gen-divide_zero-008,divide_zero,generated,root-preserving,alpha-unused,vulnerable,True,accepted,37,267,0.797886
gen-divide_zero-008,divide_zero,generated,root-preserving,swap-independent,vulnerable,True,accepted,37,255,0.782133
gen-divide_zero-008,divide_zero,generated,root-preserving,root-stutter,patched,True,accepted,37,223,0.83434
gen-divide_zero-008,divide_zero,generated,root-preserving,alpha-unused,patched,True,accepted,37,261,0.811817
gen-divide_zero-008,divide_zero,generated,root-preserving,swap-independent,patched,True,accepted,37,249,0.863634
gen-divide_zero-008,divide_zero,generated,root-preserving,guard-dual,patched,True,accepted,37,219,0.985225
gen-divide_zero-008,divide_zero,generated,root-flipping,close-root,vulnerable,True,accepted,35,196,0.749815
gen-divide_zero-008,divide_zero,generated,root-flipping,open-root,patched,True,accepted,35,195,0.82089
gen-divide_zero-009,divide_zero,generated,root-preserving,root-stutter,vulnerable,True,accepted,37,229,0.698118
gen-divide_zero-009,divide_zero,generated,root-preserving,alpha-unused,vulnerable,True,accepted,37,267,0.722013
gen-divide_zero-009,divide_zero,generated,root-preserving,swap-independent,vulnerable,True,accepted,37,255,0.695864
gen-divide_zero-009,divide_zero,generated,root-preserving,root-stutter,patched,True,accepted,37,223,0.790555
gen-divide_zero-009,divide_zero,generated,root-preserving,alpha-unused,patched,True,accepted,37,261,0.858526
gen-divide_zero-009,divide_zero,generated,root-preserving,swap-independent,patched,True,accepted,37,249,0.781212
gen-divide_zero-009,divide_zero,generated,root-preserving,guard-dual,patched,True,accepted,37,219,1.135808
gen-divide_zero-009,divide_zero,generated,root-flipping,close-root,vulnerable,True,accepted,35,196,0.84779
gen-divide_zero-009,divide_zero,generated,root-flipping,open-root,patched,True,accepted,35,195,0.851175
gen-divide_zero-010,divide_zero,generated,root-preserving,root-stutter,vulnerable,True,accepted,37,229,0.719229
gen-divide_zero-010,divide_zero,generated,root-preserving,alpha-unused,vulnerable,True,accepted,37,267,0.727732
gen-divide_zero-010,divide_zero,generated,root-preserving,swap-independent,vulnerable,True,accepted,37,255,0.674132
gen-divide_zero-010,divide_zero,generated,root-preserving,root-stutter,patched,True,accepted,37,223,0.784186
gen-divide_zero-010,divide_zero,generated,root-preserving,alpha-unused,patched,True,accepted,37,261,0.778197
gen-divide_zero-010,divide_zero,generated,root-preserving,swap-independent,patched,True,accepted,37,249,0.755283
gen-divide_zero-010,divide_zero,generated,root-preserving,guard-dual,patched,True,accepted,37,219,0.790004
gen-divide_zero-010,divide_zero,generated,root-flipping,close-root,vulnerable,True,accepted,35,196,0.732769
gen-divide_zero-010,divide_zero,generated,root-flipping,open-root,patched,True,accepted,35,195,0.853589
gen-divide_zero-011,divide_zero,generated,root-preserving,root-stutter,vulnerable,True,accepted,37,229,0.739629
gen-divide_zero-011,divide_zero,generated,root-preserving,alpha-unused,vulnerable,True,accepted,37,267,0.724918
gen-divide_zero-011,divide_zero,generated,root-preserving,swap-independent,vulnerable,True,accepted,37,255,0.760581
gen-divide_zero-011,divide_zero,generated,root-preserving,root-stutter,patched,True,accepted,37,223,0.899918
gen-divide_zero-011,divide_zero,generated,root-preserving,alpha-unused,patched,True,accepted,37,261,0.799338
gen-divide_zero-011,divide_zero,generated,root-preserving,swap-independent,patched,True,accepted,37,249,0.769354
gen-divide_zero-011,divide_zero,generated,root-preserving,guard-dual,patched,True,accepted,37,219,0.775492
gen-divide_zero-011,divide_zero,generated,root-flipping,close-root,vulnerable,True,accepted,35,196,0.763895
gen-divide_zero-011,divide_zero,generated,root-flipping,open-root,patched,True,accepted,35,195,0.720611
gen-divide_zero-012,divide_zero,generated,root-preserving,root-stutter,vulnerable,True,accepted,37,229,0.693682
gen-divide_zero-012,divide_zero,generated,root-preserving,alpha-unused,vulnerable,True,accepted,37,267,0.701573
gen-divide_zero-012,divide_zero,generated,root-preserving,swap-independent,vulnerable,True,accepted,37,255,0.678508
gen-divide_zero-012,divide_zero,generated,root-preserving,root-stutter,patched,True,accepted,37,223,0.817825
gen-divide_zero-012,divide_zero,generated,root-preserving,alpha-unused,patched,True,accepted,37,261,0.977403
gen-divide_zero-012,divide_zero,generated,root-preserving,swap-independent,patched,True,accepted,37,249,1.014318
gen-divide_zero-012,divide_zero,generated,root-preserving,guard-dual,patched,True,accepted,37,219,0.821461
gen-divide_zero-012,divide_zero,generated,root-flipping,close-root,vulnerable,True,accepted,35,196,0.964964
gen-divide_zero-012,divide_zero,generated,root-flipping,open-root,patched,True,accepted,35,195,0.816744
gen-divide_zero-013,divide_zero,generated,root-preserving,root-stutter,vulnerable,True,accepted,37,229,0.730196
gen-divide_zero-013,divide_zero,generated,root-preserving,alpha-unused,vulnerable,True,accepted,37,267,0.818066
gen-divide_zero-013,divide_zero,generated,root-preserving,swap-independent,vulnerable,True,accepted,37,255,0.816213
gen-divide_zero-013,divide_zero,generated,root-preserving,root-stutter,patched,True,accepted,37,223,0.852618
gen-divide_zero-013,divide_zero,generated,root-preserving,alpha-unused,patched,True,accepted,37,261,0.799178
gen-divide_zero-013,divide_zero,generated,root-preserving,swap-independent,patched,True,accepted,37,249,0.906468
gen-divide_zero-013,divide_zero,generated,root-preserving,guard-dual,patched,True,accepted,37,219,0.790435
gen-divide_zero-013,divide_zero,generated,root-flipping,close-root,vulnerable,True,accepted,35,196,0.74013
gen-divide_zero-013,divide_zero,generated,root-flipping,open-root,patched,True,accepted,35,195,0.833228
gen-divide_zero-014,divide_zero,generated,root-preserving,root-stutter,vulnerable,True,accepted,37,229,0.715193
gen-divide_zero-014,divide_zero,generated,root-preserving,alpha-unused,vulnerable,True,accepted,37,267,0.693301
gen-divide_zero-014,divide_zero,generated,root-preserving,swap-independent,vulnerable,True,accepted,37,255,0.666972
gen-divide_zero-014,divide_zero,generated,root-preserving,root-stutter,patched,True,accepted,37,223,0.811947
gen-divide_zero-014,divide_zero,generated,root-preserving,alpha-unused,patched,True,accepted,37,261,0.872537
gen-divide_zero-014,divide_zero,generated,root-preserving,swap-independent,patched,True,accepted,37,249,0.797195
gen-divide_zero-014,divide_zero,generated,root-preserving,guard-dual,patched,True,accepted,37,219,0.789644
gen-divide_zero-014,divide_zero,generated,root-flipping,close-root,vulnerable,True,accepted,35,196,0.749134
gen-divide_zero-014,divide_zero,generated,root-flipping,open-root,patched,True,accepted,35,195,0.714131
gen-divide_zero-015,divide_zero,generated,root-preserving,root-stutter,vulnerable,True,accepted,37,229,0.736635
gen-divide_zero-015,divide_zero,generated,root-preserving,alpha-unused,vulnerable,True,accepted,37,267,0.691067
gen-divide_zero-015,divide_zero,generated,root-preserving,swap-independent,vulnerable,True,accepted,37,255,0.737827
gen-divide_zero-015,divide_zero,generated,root-preserving,root-stutter,patched,True,accepted,37,223,0.851435
gen-divide_zero-015,divide_zero,generated,root-preserving,alpha-unused,patched,True,accepted,37,261,1.227185
gen-divide_zero-015,divide_zero,generated,root-preserving,swap-independent,patched,True,accepted,37,249,0.805538
gen-divide_zero-015,divide_zero,generated,root-preserving,guard-dual,patched,True,accepted,37,219,0.872678
gen-divide_zero-015,divide_zero,generated,root-flipping,close-root,vulnerable,True,accepted,35,196,0.848912
gen-divide_zero-015,divide_zero,generated,root-flipping,open-root,patched,True,accepted,35,195,0.761061
gen-divide_zero-016,divide_zero,generated,root-preserving,root-stutter,vulnerable,True,accepted,37,229,0.734021
gen-divide_zero-016,divide_zero,generated,root-preserving,alpha-unused,vulnerable,True,accepted,37,267,0.704648
gen-divide_zero-016,divide_zero,generated,root-preserving,swap-independent,vulnerable,True,accepted,37,255,0.646381
gen-divide_zero-016,divide_zero,generated,root-preserving,root-stutter,patched,True,accepted,37,223,0.777295
gen-divide_zero-016,divide_zero,generated,root-preserving,alpha-unused,patched,True,accepted,37,261,0.813559
gen-divide_zero-016,divide_zero,generated,root-preserving,swap-independent,patched,True,accepted,37,249,0.838816
gen-divide_zero-016,divide_zero,generated,root-preserving,guard-dual,patched,True,accepted,37,219,0.818116
gen-divide_zero-016,divide_zero,generated,root-flipping,close-root,vulnerable,True,accepted,35,196,0.758417
gen-divide_zero-016,divide_zero,generated,root-flipping,open-root,patched,True,accepted,35,195,0.714952
gen-divide_zero-017,divide_zero,generated,root-preserving,root-stutter,vulnerable,True,accepted,37,229,0.708133
gen-divide_zero-017,divide_zero,generated,root-preserving,alpha-unused,vulnerable,True,accepted,37,267,0.721572
gen-divide_zero-017,divide_zero,generated,root-preserving,swap-independent,vulnerable,True,accepted,37,255,0.697457
gen-divide_zero-017,divide_zero,generated,root-preserving,root-stutter,patched,True,accepted,37,223,0.794742
gen-divide_zero-017,divide_zero,generated,root-preserving,alpha-unused,patched,True,accepted,37,261,0.764697
gen-divide_zero-017,divide_zero,generated,root-preserving,swap-independent,patched,True,accepted,37,249,0.76039
gen-divide_zero-017,divide_zero,generated,root-preserving,guard-dual,patched,True,accepted,37,219,0.777486
gen-divide_zero-017,divide_zero,generated,root-flipping,close-root,vulnerable,True,accepted,35,196,0.731277
gen-divide_zero-017,divide_zero,generated,root-flipping,open-root,patched,True,accepted,35,195,0.696375
gen-divide_zero-018,divide_zero,generated,root-preserving,root-stutter,vulnerable,True,accepted,37,229,0.763375
gen-divide_zero-018,divide_zero,generated,root-preserving,alpha-unused,vulnerable,True,accepted,37,267,0.727271
gen-divide_zero-018,divide_zero,generated,root-preserving,swap-independent,vulnerable,True,accepted,37,255,0.751177
gen-divide_zero-018,divide_zero,generated,root-preserving,root-stutter,patched,True,accepted,37,223,0.892276
gen-divide_zero-018,divide_zero,generated,root-preserving,alpha-unused,patched,True,accepted,37,261,0.875131
gen-divide_zero-018,divide_zero,generated,root-preserving,swap-independent,patched,True,accepted,37,249,0.764055
gen-divide_zero-018,divide_zero,generated,root-preserving,guard-dual,patched,True,accepted,37,219,0.773299
gen-divide_zero-018,divide_zero,generated,root-flipping,close-root,vulnerable,True,accepted,35,196,0.856823
gen-divide_zero-018,divide_zero,generated,root-flipping,open-root,patched,True,accepted,35,195,0.770866
gen-divide_zero-019,divide_zero,generated,root-preserving,root-stutter,vulnerable,True,accepted,37,229,0.776123
gen-divide_zero-019,divide_zero,generated,root-preserving,alpha-unused,vulnerable,True,accepted,37,267,0.69298
gen-divide_zero-019,divide_zero,generated,root-preserving,swap-independent,vulnerable,True,accepted,37,255,0.697687
gen-divide_zero-019,divide_zero,generated,root-preserving,root-stutter,patched,True,accepted,37,223,0.912696
gen-divide_zero-019,divide_zero,generated,root-preserving,alpha-unused,patched,True,accepted,37,261,0.835822
gen-divide_zero-019,divide_zero,generated,root-preserving,swap-independent,patched,True,accepted,37,249,0.767511
gen-divide_zero-019,divide_zero,generated,root-preserving,guard-dual,patched,True,accepted,37,219,0.78026
gen-divide_zero-019,divide_zero,generated,root-flipping,close-root,vulnerable,True,accepted,35,196,0.72659
gen-divide_zero-019,divide_zero,generated,root-flipping,open-root,patched,True,accepted,35,195,0.745238
gen-divide_zero-020,divide_zero,generated,root-preserving,root-stutter,vulnerable,True,accepted,37,229,0.69966
gen-divide_zero-020,divide_zero,generated,root-preserving,alpha-unused,vulnerable,True,accepted,37,267,0.692941
gen-divide_zero-020,divide_zero,generated,root-preserving,swap-independent,vulnerable,True,accepted,37,255,0.657097
gen-divide_zero-020,divide_zero,generated,root-preserving,root-stutter,patched,True,accepted,37,223,0.783405
gen-divide_zero-020,divide_zero,generated,root-preserving,alpha-unused,patched,True,accepted,37,261,1.763031
gen-divide_zero-020,divide_zero,generated,root-preserving,swap-independent,patched,True,accepted,37,249,0.959055
gen-divide_zero-020,divide_zero,generated,root-preserving,guard-dual,patched,True,accepted,37,219,0.823124
gen-divide_zero-020,divide_zero,generated,root-flipping,close-root,vulnerable,True,accepted,35,196,0.785597
gen-divide_zero-020,divide_zero,generated,root-flipping,open-root,patched,True,accepted,35,195,0.714783
gen-divide_zero-021,divide_zero,generated,root-preserving,root-stutter,vulnerable,True,accepted,37,229,0.715303
gen-divide_zero-021,divide_zero,generated,root-preserving,alpha-unused,vulnerable,True,accepted,37,267,0.751056
gen-divide_zero-021,divide_zero,generated,root-preserving,swap-independent,vulnerable,True,accepted,37,255,0.695494
gen-divide_zero-021,divide_zero,generated,root-preserving,root-stutter,patched,True,accepted,37,223,0.835733
gen-divide_zero-021,divide_zero,generated,root-preserving,alpha-unused,patched,True,accepted,37,261,0.781441
gen-divide_zero-021,divide_zero,generated,root-preserving,swap-independent,patched,True,accepted,37,249,0.802733
gen-divide_zero-021,divide_zero,generated,root-preserving,guard-dual,patched,True,accepted,37,219,1.026155
gen-divide_zero-021,divide_zero,generated,root-flipping,close-root,vulnerable,True,accepted,35,196,0.802523
gen-divide_zero-021,divide_zero,generated,root-flipping,open-root,patched,True,accepted,35,195,0.754281
gen-divide_zero-022,divide_zero,generated,root-preserving,root-stutter,vulnerable,True,accepted,37,229,0.785678
gen-divide_zero-022,divide_zero,generated,root-preserving,alpha-unused,vulnerable,True,accepted,37,267,0.808171
gen-divide_zero-022,divide_zero,generated,root-preserving,swap-independent,vulnerable,True,accepted,37,255,0.754432
gen-divide_zero-022,divide_zero,generated,root-preserving,root-stutter,patched,True,accepted,37,223,0.819958
gen-divide_zero-022,divide_zero,generated,root-preserving,alpha-unused,patched,True,accepted,37,261,0.814892
gen-divide_zero-022,divide_zero,generated,root-preserving,swap-independent,patched,True,accepted,37,249,0.775783
gen-divide_zero-022,divide_zero,generated,root-preserving,guard-dual,patched,True,accepted,37,219,0.825046
gen-divide_zero-022,divide_zero,generated,root-flipping,close-root,vulnerable,True,accepted,35,196,0.779208
gen-divide_zero-022,divide_zero,generated,root-flipping,open-root,patched,True,accepted,35,195,0.721051
gen-divide_zero-023,divide_zero,generated,root-preserving,root-stutter,vulnerable,True,accepted,37,229,1.246233
gen-divide_zero-023,divide_zero,generated,root-preserving,alpha-unused,vulnerable,True,accepted,37,267,0.720641
gen-divide_zero-023,divide_zero,generated,root-preserving,swap-independent,vulnerable,True,accepted,37,255,0.849442
gen-divide_zero-023,divide_zero,generated,root-preserving,root-stutter,patched,True,accepted,37,223,0.828362
gen-divide_zero-023,divide_zero,generated,root-preserving,alpha-unused,patched,True,accepted,37,261,0.89487
gen-divide_zero-023,divide_zero,generated,root-preserving,swap-independent,patched,True,accepted,37,249,0.842532
gen-divide_zero-023,divide_zero,generated,root-preserving,guard-dual,patched,True,accepted,37,219,0.810434
gen-divide_zero-023,divide_zero,generated,root-flipping,close-root,vulnerable,True,accepted,35,196,0.772809
gen-divide_zero-023,divide_zero,generated,root-flipping,open-root,patched,True,accepted,35,195,0.710315
gen-divide_zero-024,divide_zero,generated,root-preserving,root-stutter,vulnerable,True,accepted,37,229,1.134897
gen-divide_zero-024,divide_zero,generated,root-preserving,alpha-unused,vulnerable,True,accepted,37,267,0.745258
gen-divide_zero-024,divide_zero,generated,root-preserving,swap-independent,vulnerable,True,accepted,37,255,0.695664
gen-divide_zero-024,divide_zero,generated,root-preserving,root-stutter,patched,True,accepted,37,223,0.803715
gen-divide_zero-024,divide_zero,generated,root-preserving,alpha-unused,patched,True,accepted,37,261,0.82767
gen-divide_zero-024,divide_zero,generated,root-preserving,swap-independent,patched,True,accepted,37,249,0.908251
gen-divide_zero-024,divide_zero,generated,root-preserving,guard-dual,patched,True,accepted,37,219,0.823334
gen-divide_zero-024,divide_zero,generated,root-flipping,close-root,vulnerable,True,accepted,35,196,0.728473
gen-divide_zero-024,divide_zero,generated,root-flipping,open-root,patched,True,accepted,35,195,0.737066
gen-divide_zero-025,divide_zero,generated,root-preserving,root-stutter,vulnerable,True,accepted,37,229,0.728833
gen-divide_zero-025,divide_zero,generated,root-preserving,alpha-unused,vulnerable,True,accepted,37,267,0.693731
gen-divide_zero-025,divide_zero,generated,root-preserving,swap-independent,vulnerable,True,accepted,37,255,0.66601
gen-divide_zero-025,divide_zero,generated,root-preserving,root-stutter,patched,True,accepted,37,223,0.792518
gen-divide_zero-025,divide_zero,generated,root-preserving,alpha-unused,patched,True,accepted,37,261,0.779639
gen-divide_zero-025,divide_zero,generated,root-preserving,swap-independent,patched,True,accepted,37,249,0.776674
gen-divide_zero-025,divide_zero,generated,root-preserving,guard-dual,patched,True,accepted,37,219,0.764096
gen-divide_zero-025,divide_zero,generated,root-flipping,close-root,vulnerable,True,accepted,35,196,0.705649
gen-divide_zero-025,divide_zero,generated,root-flipping,open-root,patched,True,accepted,35,195,0.710296
gen-divide_zero-026,divide_zero,generated,root-preserving,root-stutter,vulnerable,True,accepted,37,229,0.777095
gen-divide_zero-026,divide_zero,generated,root-preserving,alpha-unused,vulnerable,True,accepted,37,267,0.829663
gen-divide_zero-026,divide_zero,generated,root-preserving,swap-independent,vulnerable,True,accepted,37,255,0.667933
gen-divide_zero-026,divide_zero,generated,root-preserving,root-stutter,patched,True,accepted,37,223,0.799239
gen-divide_zero-026,divide_zero,generated,root-preserving,alpha-unused,patched,True,accepted,37,261,0.782834
gen-divide_zero-026,divide_zero,generated,root-preserving,swap-independent,patched,True,accepted,37,249,0.765578
gen-divide_zero-026,divide_zero,generated,root-preserving,guard-dual,patched,True,accepted,37,219,0.804666
gen-divide_zero-026,divide_zero,generated,root-flipping,close-root,vulnerable,True,accepted,35,196,0.771086
gen-divide_zero-026,divide_zero,generated,root-flipping,open-root,patched,True,accepted,35,195,0.704557
gen-divide_zero-027,divide_zero,generated,root-preserving,root-stutter,vulnerable,True,accepted,37,229,0.713791
gen-divide_zero-027,divide_zero,generated,root-preserving,alpha-unused,vulnerable,True,accepted,37,267,0.687913
gen-divide_zero-027,divide_zero,generated,root-preserving,swap-independent,vulnerable,True,accepted,37,255,0.64598
gen-divide_zero-027,divide_zero,generated,root-preserving,root-stutter,patched,True,accepted,37,223,0.895602
gen-divide_zero-027,divide_zero,generated,root-preserving,alpha-unused,patched,True,accepted,37,261,0.787631
gen-divide_zero-027,divide_zero,generated,root-preserving,swap-independent,patched,True,accepted,37,249,0.770395
gen-divide_zero-027,divide_zero,generated,root-preserving,guard-dual,patched,True,accepted,37,219,0.960518
gen-divide_zero-027,divide_zero,generated,root-flipping,close-root,vulnerable,True,accepted,35,196,0.821091
gen-divide_zero-027,divide_zero,generated,root-flipping,open-root,patched,True,accepted,35,195,0.896933
gen-divide_zero-028,divide_zero,generated,root-preserving,root-stutter,vulnerable,True,accepted,37,229,0.739189
gen-divide_zero-028,divide_zero,generated,root-preserving,alpha-unused,vulnerable,True,accepted,37,267,0.690005
gen-divide_zero-028,divide_zero,generated,root-preserving,swap-independent,vulnerable,True,accepted,37,255,0.67329
gen-divide_zero-028,divide_zero,generated,root-preserving,root-stutter,patched,True,accepted,37,223,0.815933
gen-divide_zero-028,divide_zero,generated,root-preserving,alpha-unused,patched,True,accepted,37,261,0.786148
gen-divide_zero-028,divide_zero,generated,root-preserving,swap-independent,patched,True,accepted,37,249,0.768262
gen-divide_zero-028,divide_zero,generated,root-preserving,guard-dual,patched,True,accepted,37,219,1.062459
gen-divide_zero-028,divide_zero,generated,root-flipping,close-root,vulnerable,True,accepted,35,196,0.781592
gen-divide_zero-028,divide_zero,generated,root-flipping,open-root,patched,True,accepted,35,195,0.788813
gen-divide_zero-029,divide_zero,generated,root-preserving,root-stutter,vulnerable,True,accepted,37,229,0.825327
gen-divide_zero-029,divide_zero,generated,root-preserving,alpha-unused,vulnerable,True,accepted,37,267,0.728312
gen-divide_zero-029,divide_zero,generated,root-preserving,swap-independent,vulnerable,True,accepted,37,255,0.684838
gen-divide_zero-029,divide_zero,generated,root-preserving,root-stutter,patched,True,accepted,37,223,0.817174
gen-divide_zero-029,divide_zero,generated,root-preserving,alpha-unused,patched,True,accepted,37,261,0.763355
gen-divide_zero-029,divide_zero,generated,root-preserving,swap-independent,patched,True,accepted,37,249,0.768322
gen-divide_zero-029,divide_zero,generated,root-preserving,guard-dual,patched,True,accepted,37,219,0.75362
gen-divide_zero-029,divide_zero,generated,root-flipping,close-root,vulnerable,True,accepted,35,196,1.915999
gen-divide_zero-029,divide_zero,generated,root-flipping,open-root,patched,True,accepted,35,195,0.832478
gen-divide_zero-030,divide_zero,generated,root-preserving,root-stutter,vulnerable,True,accepted,37,229,1.185602
gen-divide_zero-030,divide_zero,generated,root-preserving,alpha-unused,vulnerable,True,accepted,37,267,0.913148
gen-divide_zero-030,divide_zero,generated,root-preserving,swap-independent,vulnerable,True,accepted,37,255,0.761282
gen-divide_zero-030,divide_zero,generated,root-preserving,root-stutter,patched,True,accepted,37,223,0.846358
gen-divide_zero-030,divide_zero,generated,root-preserving,alpha-unused,patched,True,accepted,37,261,0.940158
gen-divide_zero-030,divide_zero,generated,root-preserving,swap-independent,patched,True,accepted,37,249,0.816394
gen-divide_zero-030,divide_zero,generated,root-preserving,guard-dual,patched,True,accepted,37,219,0.770786
gen-divide_zero-030,divide_zero,generated,root-flipping,close-root,vulnerable,True,accepted,35,196,0.792047
gen-divide_zero-030,divide_zero,generated,root-flipping,open-root,patched,True,accepted,35,195,0.716335
gen-divide_zero-031,divide_zero,generated,root-preserving,root-stutter,vulnerable,True,accepted,37,229,0.786188
gen-divide_zero-031,divide_zero,generated,root-preserving,alpha-unused,vulnerable,True,accepted,37,267,0.716676
gen-divide_zero-031,divide_zero,generated,root-preserving,swap-independent,vulnerable,True,accepted,37,255,0.727492
gen-divide_zero-031,divide_zero,generated,root-preserving,root-stutter,patched,True,accepted,37,223,0.840709
gen-divide_zero-031,divide_zero,generated,root-preserving,alpha-unused,patched,True,accepted,37,261,0.778638
gen-divide_zero-031,divide_zero,generated,root-preserving,swap-independent,patched,True,accepted,37,249,0.905846
gen-divide_zero-031,divide_zero,generated,root-preserving,guard-dual,patched,True,accepted,37,219,0.782593
gen-divide_zero-031,divide_zero,generated,root-flipping,close-root,vulnerable,True,accepted,35,196,0.765308
gen-divide_zero-031,divide_zero,generated,root-flipping,open-root,patched,True,accepted,35,195,0.719409
gen-divide_zero-032,divide_zero,generated,root-preserving,root-stutter,vulnerable,True,accepted,37,229,0.96223
gen-divide_zero-032,divide_zero,generated,root-preserving,alpha-unused,vulnerable,True,accepted,37,267,0.863874
gen-divide_zero-032,divide_zero,generated,root-preserving,swap-independent,vulnerable,True,accepted,37,255,0.684017
gen-divide_zero-032,divide_zero,generated,root-preserving,root-stutter,patched,True,accepted,37,223,0.818717
gen-divide_zero-032,divide_zero,generated,root-preserving,alpha-unused,patched,True,accepted,37,261,0.950864
gen-divide_zero-032,divide_zero,generated,root-preserving,swap-independent,patched,True,accepted,37,249,0.889592
gen-divide_zero-032,divide_zero,generated,root-preserving,guard-dual,patched,True,accepted,37,219,0.819588
gen-divide_zero-032,divide_zero,generated,root-flipping,close-root,vulnerable,True,accepted,35,196,1.030542
gen-divide_zero-032,divide_zero,generated,root-flipping,open-root,patched,True,accepted,35,195,0.815803
gen-divide_zero-033,divide_zero,generated,root-preserving,root-stutter,vulnerable,True,accepted,37,229,0.712319
gen-divide_zero-033,divide_zero,generated,root-preserving,alpha-unused,vulnerable,True,accepted,37,267,0.821261
gen-divide_zero-033,divide_zero,generated,root-preserving,swap-independent,vulnerable,True,accepted,37,255,0.807841
gen-divide_zero-033,divide_zero,generated,root-preserving,root-stutter,patched,True,accepted,37,223,0.83423
gen-divide_zero-033,divide_zero,generated,root-preserving,alpha-unused,patched,True,accepted,37,261,0.808081
gen-divide_zero-033,divide_zero,generated,root-preserving,swap-independent,patched,True,accepted,37,249,0.86768
gen-divide_zero-033,divide_zero,generated,root-preserving,guard-dual,patched,True,accepted,37,219,0.796214
gen-divide_zero-033,divide_zero,generated,root-flipping,close-root,vulnerable,True,accepted,35,196,0.786579
gen-divide_zero-033,divide_zero,generated,root-flipping,open-root,patched,True,accepted,35,195,0.897384
gen-divide_zero-034,divide_zero,generated,root-preserving,root-stutter,vulnerable,True,accepted,37,229,0.73997
gen-divide_zero-034,divide_zero,generated,root-preserving,alpha-unused,vulnerable,True,accepted,37,267,0.784727
gen-divide_zero-034,divide_zero,generated,root-preserving,swap-independent,vulnerable,True,accepted,37,255,0.770295
gen-divide_zero-034,divide_zero,generated,root-preserving,root-stutter,patched,True,accepted,37,223,0.825097
gen-divide_zero-034,divide_zero,generated,root-preserving,alpha-unused,patched,True,accepted,37,261,0.915892
gen-divide_zero-034,divide_zero,generated,root-preserving,swap-independent,patched,True,accepted,37,249,0.770716
gen-divide_zero-034,divide_zero,generated,root-preserving,guard-dual,patched,True,accepted,37,219,0.931735
gen-divide_zero-034,divide_zero,generated,root-flipping,close-root,vulnerable,True,accepted,35,196,0.757055
gen-divide_zero-034,divide_zero,generated,root-flipping,open-root,patched,True,accepted,35,195,0.755904
gen-divide_zero-035,divide_zero,generated,root-preserving,root-stutter,vulnerable,True,accepted,37,229,0.712379
gen-divide_zero-035,divide_zero,generated,root-preserving,alpha-unused,vulnerable,True,accepted,37,267,0.735594
gen-divide_zero-035,divide_zero,generated,root-preserving,swap-independent,vulnerable,True,accepted,37,255,0.804416
gen-divide_zero-035,divide_zero,generated,root-preserving,root-stutter,patched,True,accepted,37,223,0.811276
gen-divide_zero-035,divide_zero,generated,root-preserving,alpha-unused,patched,True,accepted,37,261,0.822593
gen-divide_zero-035,divide_zero,generated,root-preserving,swap-independent,patched,True,accepted,37,249,0.759559
gen-divide_zero-035,divide_zero,generated,root-preserving,guard-dual,patched,True,accepted,37,219,0.830845
gen-divide_zero-035,divide_zero,generated,root-flipping,close-root,vulnerable,True,accepted,35,196,0.740361
gen-divide_zero-035,divide_zero,generated,root-flipping,open-root,patched,True,accepted,35,195,0.730536
gen-divide_zero-036,divide_zero,generated,root-preserving,root-stutter,vulnerable,True,accepted,37,229,0.716735
gen-divide_zero-036,divide_zero,generated,root-preserving,alpha-unused,vulnerable,True,accepted,37,267,0.970322
gen-divide_zero-036,divide_zero,generated,root-preserving,swap-independent,vulnerable,True,accepted,37,255,0.818316
gen-divide_zero-036,divide_zero,generated,root-preserving,root-stutter,patched,True,accepted,37,223,0.80695
gen-divide_zero-036,divide_zero,generated,root-preserving,alpha-unused,patched,True,accepted,37,261,0.912647
gen-divide_zero-036,divide_zero,generated,root-preserving,swap-independent,patched,True,accepted,37,249,0.769955
gen-divide_zero-036,divide_zero,generated,root-preserving,guard-dual,patched,True,accepted,37,219,0.77342
gen-divide_zero-036,divide_zero,generated,root-flipping,close-root,vulnerable,True,accepted,35,196,0.739079
gen-divide_zero-036,divide_zero,generated,root-flipping,open-root,patched,True,accepted,35,195,0.720562
gen-divide_zero-037,divide_zero,generated,root-preserving,root-stutter,vulnerable,True,accepted,37,229,0.681844
gen-divide_zero-037,divide_zero,generated,root-preserving,alpha-unused,vulnerable,True,accepted,37,267,0.704327
gen-divide_zero-037,divide_zero,generated,root-preserving,swap-independent,vulnerable,True,accepted,37,255,0.831977
gen-divide_zero-037,divide_zero,generated,root-preserving,root-stutter,patched,True,accepted,37,223,0.941149
gen-divide_zero-037,divide_zero,generated,root-preserving,alpha-unused,patched,True,accepted,37,261,0.837826
gen-divide_zero-037,divide_zero,generated,root-preserving,swap-independent,patched,True,accepted,37,249,0.837565
gen-divide_zero-037,divide_zero,generated,root-preserving,guard-dual,patched,True,accepted,37,219,1.002791
gen-divide_zero-037,divide_zero,generated,root-flipping,close-root,vulnerable,True,accepted,35,196,0.940898
gen-divide_zero-037,divide_zero,generated,root-flipping,open-root,patched,True,accepted,35,195,0.75316
gen-divide_zero-038,divide_zero,generated,root-preserving,root-stutter,vulnerable,True,accepted,37,229,1.383596
gen-divide_zero-038,divide_zero,generated,root-preserving,alpha-unused,vulnerable,True,accepted,37,267,1.408333
gen-divide_zero-038,divide_zero,generated,root-preserving,swap-independent,vulnerable,True,accepted,37,255,3.341237
gen-divide_zero-038,divide_zero,generated,root-preserving,root-stutter,patched,True,accepted,37,223,1.061428
gen-divide_zero-038,divide_zero,generated,root-preserving,alpha-unused,patched,True,accepted,37,261,0.819488
gen-divide_zero-038,divide_zero,generated,root-preserving,swap-independent,patched,True,accepted,37,249,0.894991
gen-divide_zero-038,divide_zero,generated,root-preserving,guard-dual,patched,True,accepted,37,219,0.92839
gen-divide_zero-038,divide_zero,generated,root-flipping,close-root,vulnerable,True,accepted,35,196,0.924273
gen-divide_zero-038,divide_zero,generated,root-flipping,open-root,patched,True,accepted,35,195,0.732679
gen-divide_zero-039,divide_zero,generated,root-preserving,root-stutter,vulnerable,True,accepted,37,229,0.797295
gen-divide_zero-039,divide_zero,generated,root-preserving,alpha-unused,vulnerable,True,accepted,37,267,0.741011
gen-divide_zero-039,divide_zero,generated,root-preserving,swap-independent,vulnerable,True,accepted,37,255,0.668664
gen-divide_zero-039,divide_zero,generated,root-preserving,root-stutter,patched,True,accepted,37,223,0.907449
gen-divide_zero-039,divide_zero,generated,root-preserving,alpha-unused,patched,True,accepted,37,261,0.805517
gen-divide_zero-039,divide_zero,generated,root-preserving,swap-independent,patched,True,accepted,37,249,0.845557
gen-divide_zero-039,divide_zero,generated,root-preserving,guard-dual,patched,True,accepted,37,219,0.768312
gen-divide_zero-039,divide_zero,generated,root-flipping,close-root,vulnerable,True,accepted,35,196,0.768502
gen-divide_zero-039,divide_zero,generated,root-flipping,open-root,patched,True,accepted,35,195,0.929632
pub-divide_zero-00,divide_zero,synthetic-reference-tagged,root-preserving,root-stutter,vulnerable,True,accepted,37,227,0.723636
pub-divide_zero-00,divide_zero,synthetic-reference-tagged,root-preserving,alpha-unused,vulnerable,True,accepted,37,265,0.744376
pub-divide_zero-00,divide_zero,synthetic-reference-tagged,root-preserving,swap-independent,vulnerable,True,accepted,37,253,0.671799
pub-divide_zero-00,divide_zero,synthetic-reference-tagged,root-preserving,root-stutter,patched,True,accepted,37,221,0.892407
pub-divide_zero-00,divide_zero,synthetic-reference-tagged,root-preserving,alpha-unused,patched,True,accepted,37,259,0.883994
pub-divide_zero-00,divide_zero,synthetic-reference-tagged,root-preserving,swap-independent,patched,True,accepted,37,247,0.78689
pub-divide_zero-00,divide_zero,synthetic-reference-tagged,root-preserving,guard-dual,patched,True,accepted,37,217,0.809633
pub-divide_zero-00,divide_zero,synthetic-reference-tagged,root-flipping,close-root,vulnerable,True,accepted,35,194,1.013567
pub-divide_zero-00,divide_zero,synthetic-reference-tagged,root-flipping,open-root,patched,True,accepted,35,193,0.862482
pub-divide_zero-01,divide_zero,synthetic-reference-tagged,root-preserving,root-stutter,vulnerable,True,accepted,37,227,0.940438
pub-divide_zero-01,divide_zero,synthetic-reference-tagged,root-preserving,alpha-unused,vulnerable,True,accepted,37,265,0.770435
pub-divide_zero-01,divide_zero,synthetic-reference-tagged,root-preserving,swap-independent,vulnerable,True,accepted,37,253,0.76032
pub-divide_zero-01,divide_zero,synthetic-reference-tagged,root-preserving,root-stutter,patched,True,accepted,37,221,1.000808
pub-divide_zero-01,divide_zero,synthetic-reference-tagged,root-preserving,alpha-unused,patched,True,accepted,37,259,0.80776
pub-divide_zero-01,divide_zero,synthetic-reference-tagged,root-preserving,swap-independent,patched,True,accepted,37,247,0.771687
pub-divide_zero-01,divide_zero,synthetic-reference-tagged,root-preserving,guard-dual,patched,True,accepted,37,217,0.815802
pub-divide_zero-01,divide_zero,synthetic-reference-tagged,root-flipping,close-root,vulnerable,True,accepted,35,194,0.748673
pub-divide_zero-01,divide_zero,synthetic-reference-tagged,root-flipping,open-root,patched,True,accepted,35,193,0.791777
pub-divide_zero-02,divide_zero,synthetic-reference-tagged,root-preserving,root-stutter,vulnerable,True,accepted,37,227,0.897264
pub-divide_zero-02,divide_zero,synthetic-reference-tagged,root-preserving,alpha-unused,vulnerable,True,accepted,37,265,0.724577
pub-divide_zero-02,divide_zero,synthetic-reference-tagged,root-preserving,swap-independent,vulnerable,True,accepted,37,253,0.752619
pub-divide_zero-02,divide_zero,synthetic-reference-tagged,root-preserving,root-stutter,patched,True,accepted,37,221,0.810004
pub-divide_zero-02,divide_zero,synthetic-reference-tagged,root-preserving,alpha-unused,patched,True,accepted,37,259,0.919306
pub-divide_zero-02,divide_zero,synthetic-reference-tagged,root-preserving,swap-independent,patched,True,accepted,37,247,0.797405
pub-divide_zero-02,divide_zero,synthetic-reference-tagged,root-preserving,guard-dual,patched,True,accepted,37,217,0.832988
pub-divide_zero-02,divide_zero,synthetic-reference-tagged,root-flipping,close-root,vulnerable,True,accepted,35,194,0.761912
pub-divide_zero-02,divide_zero,synthetic-reference-tagged,root-flipping,open-root,patched,True,accepted,35,193,0.738367
gen-fixed_overflow-000,fixed_overflow,generated,root-preserving,root-stutter,vulnerable,True,accepted,28,235,0.633361
gen-fixed_overflow-000,fixed_overflow,generated,root-preserving,alpha-unused,vulnerable,True,accepted,28,273,0.590688
gen-fixed_overflow-000,fixed_overflow,generated,root-preserving,swap-independent,vulnerable,True,accepted,28,261,0.545311
gen-fixed_overflow-000,fixed_overflow,generated,root-preserving,root-stutter,patched,True,accepted,28,229,0.727511
gen-fixed_overflow-000,fixed_overflow,generated,root-preserving,alpha-unused,patched,True,accepted,28,267,0.705399
gen-fixed_overflow-000,fixed_overflow,generated,root-preserving,swap-independent,patched,True,accepted,28,255,0.763224
gen-fixed_overflow-000,fixed_overflow,generated,root-preserving,guard-dual,patched,True,accepted,28,225,0.704577
gen-fixed_overflow-000,fixed_overflow,generated,root-flipping,close-root,vulnerable,True,accepted,26,202,0.669955
gen-fixed_overflow-000,fixed_overflow,generated,root-flipping,open-root,patched,True,accepted,26,201,0.68603
gen-fixed_overflow-001,fixed_overflow,generated,root-preserving,root-stutter,vulnerable,True,accepted,28,235,0.567223
gen-fixed_overflow-001,fixed_overflow,generated,root-preserving,alpha-unused,vulnerable,True,accepted,28,273,0.593002
gen-fixed_overflow-001,fixed_overflow,generated,root-preserving,swap-independent,vulnerable,True,accepted,28,261,0.644388
gen-fixed_overflow-001,fixed_overflow,generated,root-preserving,root-stutter,patched,True,accepted,28,229,0.697507
gen-fixed_overflow-001,fixed_overflow,generated,root-preserving,alpha-unused,patched,True,accepted,28,267,0.75998
gen-fixed_overflow-001,fixed_overflow,generated,root-preserving,swap-independent,patched,True,accepted,28,255,0.734722
gen-fixed_overflow-001,fixed_overflow,generated,root-preserving,guard-dual,patched,True,accepted,28,225,0.681383
gen-fixed_overflow-001,fixed_overflow,generated,root-flipping,close-root,vulnerable,True,accepted,26,202,0.865246
gen-fixed_overflow-001,fixed_overflow,generated,root-flipping,open-root,patched,True,accepted,26,201,0.637818
gen-fixed_overflow-002,fixed_overflow,generated,root-preserving,root-stutter,vulnerable,True,accepted,28,235,0.59221
gen-fixed_overflow-002,fixed_overflow,generated,root-preserving,alpha-unused,vulnerable,True,accepted,28,273,0.577489
gen-fixed_overflow-002,fixed_overflow,generated,root-preserving,swap-independent,vulnerable,True,accepted,28,261,0.571179
gen-fixed_overflow-002,fixed_overflow,generated,root-preserving,root-stutter,patched,True,accepted,28,229,0.720001
gen-fixed_overflow-002,fixed_overflow,generated,root-preserving,alpha-unused,patched,True,accepted,28,267,0.836614
gen-fixed_overflow-002,fixed_overflow,generated,root-preserving,swap-independent,patched,True,accepted,28,255,0.68605
gen-fixed_overflow-002,fixed_overflow,generated,root-preserving,guard-dual,patched,True,accepted,28,225,0.678839
gen-fixed_overflow-002,fixed_overflow,generated,root-flipping,close-root,vulnerable,True,accepted,26,202,0.65877
gen-fixed_overflow-002,fixed_overflow,generated,root-flipping,open-root,patched,True,accepted,26,201,0.636737
gen-fixed_overflow-003,fixed_overflow,generated,root-preserving,root-stutter,vulnerable,True,accepted,28,235,0.583938
gen-fixed_overflow-003,fixed_overflow,generated,root-preserving,alpha-unused,vulnerable,True,accepted,28,273,0.732779
gen-fixed_overflow-003,fixed_overflow,generated,root-preserving,swap-independent,vulnerable,True,accepted,28,261,0.588605
gen-fixed_overflow-003,fixed_overflow,generated,root-preserving,root-stutter,patched,True,accepted,28,229,1.120736
gen-fixed_overflow-003,fixed_overflow,generated,root-preserving,alpha-unused,patched,True,accepted,28,267,0.781652
gen-fixed_overflow-003,fixed_overflow,generated,root-preserving,swap-independent,patched,True,accepted,28,255,0.796103
gen-fixed_overflow-003,fixed_overflow,generated,root-preserving,guard-dual,patched,True,accepted,28,225,0.716735
gen-fixed_overflow-003,fixed_overflow,generated,root-flipping,close-root,vulnerable,True,accepted,26,202,0.829653
gen-fixed_overflow-003,fixed_overflow,generated,root-flipping,open-root,patched,True,accepted,26,201,0.710085
gen-fixed_overflow-004,fixed_overflow,generated,root-preserving,root-stutter,vulnerable,True,accepted,28,235,0.603217
gen-fixed_overflow-004,fixed_overflow,generated,root-preserving,alpha-unused,vulnerable,True,accepted,28,273,0.797906
gen-fixed_overflow-004,fixed_overflow,generated,root-preserving,swap-independent,vulnerable,True,accepted,28,261,0.580673
gen-fixed_overflow-004,fixed_overflow,generated,root-preserving,root-stutter,patched,True,accepted,28,229,0.716045
gen-fixed_overflow-004,fixed_overflow,generated,root-preserving,alpha-unused,patched,True,accepted,28,267,0.745498
gen-fixed_overflow-004,fixed_overflow,generated,root-preserving,swap-independent,patched,True,accepted,28,255,0.686601
gen-fixed_overflow-004,fixed_overflow,generated,root-preserving,guard-dual,patched,True,accepted,28,225,0.677187
gen-fixed_overflow-004,fixed_overflow,generated,root-flipping,close-root,vulnerable,True,accepted,26,202,0.647142
gen-fixed_overflow-004,fixed_overflow,generated,root-flipping,open-root,patched,True,accepted,26,201,0.631459
gen-fixed_overflow-005,fixed_overflow,generated,root-preserving,root-stutter,vulnerable,True,accepted,28,235,0.654904
gen-fixed_overflow-005,fixed_overflow,generated,root-preserving,alpha-unused,vulnerable,True,accepted,28,273,0.634773
gen-fixed_overflow-005,fixed_overflow,generated,root-preserving,swap-independent,vulnerable,True,accepted,28,261,0.570968
gen-fixed_overflow-005,fixed_overflow,generated,root-preserving,root-stutter,patched,True,accepted,28,229,0.682224
gen-fixed_overflow-005,fixed_overflow,generated,root-preserving,alpha-unused,patched,True,accepted,28,267,0.695964
gen-fixed_overflow-005,fixed_overflow,generated,root-preserving,swap-independent,patched,True,accepted,28,255,0.662765
gen-fixed_overflow-005,fixed_overflow,generated,root-preserving,guard-dual,patched,True,accepted,28,225,0.659681
gen-fixed_overflow-005,fixed_overflow,generated,root-flipping,close-root,vulnerable,True,accepted,26,202,0.677097
gen-fixed_overflow-005,fixed_overflow,generated,root-flipping,open-root,patched,True,accepted,26,201,0.626892
gen-fixed_overflow-006,fixed_overflow,generated,root-preserving,root-stutter,vulnerable,True,accepted,28,235,0.567974
gen-fixed_overflow-006,fixed_overflow,generated,root-preserving,alpha-unused,vulnerable,True,accepted,28,273,0.579231
gen-fixed_overflow-006,fixed_overflow,generated,root-preserving,swap-independent,vulnerable,True,accepted,28,261,0.724157
gen-fixed_overflow-006,fixed_overflow,generated,root-preserving,root-stutter,patched,True,accepted,28,229,0.749895
gen-fixed_overflow-006,fixed_overflow,generated,root-preserving,alpha-unused,patched,True,accepted,28,267,0.993246
gen-fixed_overflow-006,fixed_overflow,generated,root-preserving,swap-independent,patched,True,accepted,28,255,0.798227
gen-fixed_overflow-006,fixed_overflow,generated,root-preserving,guard-dual,patched,True,accepted,28,225,0.708574
gen-fixed_overflow-006,fixed_overflow,generated,root-flipping,close-root,vulnerable,True,accepted,26,202,0.671348
gen-fixed_overflow-006,fixed_overflow,generated,root-flipping,open-root,patched,True,accepted,26,201,0.657357
gen-fixed_overflow-007,fixed_overflow,generated,root-preserving,root-stutter,vulnerable,True,accepted,28,235,0.580973
gen-fixed_overflow-007,fixed_overflow,generated,root-preserving,alpha-unused,vulnerable,True,accepted,28,273,0.586121
gen-fixed_overflow-007,fixed_overflow,generated,root-preserving,swap-independent,vulnerable,True,accepted,28,261,0.562837
gen-fixed_overflow-007,fixed_overflow,generated,root-preserving,root-stutter,patched,True,accepted,28,229,0.993797
gen-fixed_overflow-007,fixed_overflow,generated,root-preserving,alpha-unused,patched,True,accepted,28,267,0.794962
gen-fixed_overflow-007,fixed_overflow,generated,root-preserving,swap-independent,patched,True,accepted,28,255,0.826038
gen-fixed_overflow-007,fixed_overflow,generated,root-preserving,guard-dual,patched,True,accepted,28,225,0.712669
gen-fixed_overflow-007,fixed_overflow,generated,root-flipping,close-root,vulnerable,True,accepted,26,202,0.668153
gen-fixed_overflow-007,fixed_overflow,generated,root-flipping,open-root,patched,True,accepted,26,201,0.629395
gen-fixed_overflow-008,fixed_overflow,generated,root-preserving,root-stutter,vulnerable,True,accepted,28,235,0.59874
gen-fixed_overflow-008,fixed_overflow,generated,root-preserving,alpha-unused,vulnerable,True,accepted,28,273,0.597768
gen-fixed_overflow-008,fixed_overflow,generated,root-preserving,swap-independent,vulnerable,True,accepted,28,261,0.617838
gen-fixed_overflow-008,fixed_overflow,generated,root-preserving,root-stutter,patched,True,accepted,28,229,0.732859
gen-fixed_overflow-008,fixed_overflow,generated,root-preserving,alpha-unused,patched,True,accepted,28,267,0.933798
gen-fixed_overflow-008,fixed_overflow,generated,root-preserving,swap-independent,patched,True,accepted,28,255,0.712228
gen-fixed_overflow-008,fixed_overflow,generated,root-preserving,guard-dual,patched,True,accepted,28,225,0.727272
gen-fixed_overflow-008,fixed_overflow,generated,root-flipping,close-root,vulnerable,True,accepted,26,202,0.729635
gen-fixed_overflow-008,fixed_overflow,generated,root-flipping,open-root,patched,True,accepted,26,201,0.677417
gen-fixed_overflow-009,fixed_overflow,generated,root-preserving,root-stutter,vulnerable,True,accepted,28,235,0.825598
gen-fixed_overflow-009,fixed_overflow,generated,root-preserving,alpha-unused,vulnerable,True,accepted,28,273,0.638008
gen-fixed_overflow-009,fixed_overflow,generated,root-preserving,swap-independent,vulnerable,True,accepted,28,261,0.561023
gen-fixed_overflow-009,fixed_overflow,generated,root-preserving,root-stutter,patched,True,accepted,28,229,0.761822
gen-fixed_overflow-009,fixed_overflow,generated,root-preserving,alpha-unused,patched,True,accepted,28,267,0.720581
gen-fixed_overflow-009,fixed_overflow,generated,root-preserving,swap-independent,patched,True,accepted,28,255,0.694983
gen-fixed_overflow-009,fixed_overflow,generated,root-preserving,guard-dual,patched,True,accepted,28,225,0.670737
gen-fixed_overflow-009,fixed_overflow,generated,root-flipping,close-root,vulnerable,True,accepted,26,202,0.649725
gen-fixed_overflow-009,fixed_overflow,generated,root-flipping,open-root,patched,True,accepted,26,201,0.620823
gen-fixed_overflow-010,fixed_overflow,generated,root-preserving,root-stutter,vulnerable,True,accepted,28,235,0.578069
gen-fixed_overflow-010,fixed_overflow,generated,root-preserving,alpha-unused,vulnerable,True,accepted,28,273,0.581474
gen-fixed_overflow-010,fixed_overflow,generated,root-preserving,swap-independent,vulnerable,True,accepted,28,261,0.553483
gen-fixed_overflow-010,fixed_overflow,generated,root-preserving,root-stutter,patched,True,accepted,28,229,0.685269
gen-fixed_overflow-010,fixed_overflow,generated,root-preserving,alpha-unused,patched,True,accepted,28,267,0.702844
gen-fixed_overflow-010,fixed_overflow,generated,root-preserving,swap-independent,patched,True,accepted,28,255,0.675904
gen-fixed_overflow-010,fixed_overflow,generated,root-preserving,guard-dual,patched,True,accepted,28,225,0.665679
gen-fixed_overflow-010,fixed_overflow,generated,root-flipping,close-root,vulnerable,True,accepted,26,202,0.651599
gen-fixed_overflow-010,fixed_overflow,generated,root-flipping,open-root,patched,True,accepted,26,201,0.621154
gen-fixed_overflow-011,fixed_overflow,generated,root-preserving,root-stutter,vulnerable,True,accepted,28,235,0.561154
gen-fixed_overflow-011,fixed_overflow,generated,root-preserving,alpha-unused,vulnerable,True,accepted,28,273,0.573142
gen-fixed_overflow-011,fixed_overflow,generated,root-preserving,swap-independent,vulnerable,True,accepted,28,261,0.54473
gen-fixed_overflow-011,fixed_overflow,generated,root-preserving,root-stutter,patched,True,accepted,28,229,0.683416
gen-fixed_overflow-011,fixed_overflow,generated,root-preserving,alpha-unused,patched,True,accepted,28,267,0.689555
gen-fixed_overflow-011,fixed_overflow,generated,root-preserving,swap-independent,patched,True,accepted,28,255,0.674162
gen-fixed_overflow-011,fixed_overflow,generated,root-preserving,guard-dual,patched,True,accepted,28,225,0.657807
gen-fixed_overflow-011,fixed_overflow,generated,root-flipping,close-root,vulnerable,True,accepted,26,202,0.642595
gen-fixed_overflow-011,fixed_overflow,generated,root-flipping,open-root,patched,True,accepted,26,201,0.64598
gen-fixed_overflow-012,fixed_overflow,generated,root-preserving,root-stutter,vulnerable,True,accepted,28,235,0.566812
gen-fixed_overflow-012,fixed_overflow,generated,root-preserving,alpha-unused,vulnerable,True,accepted,28,273,0.574654
gen-fixed_overflow-012,fixed_overflow,generated,root-preserving,swap-independent,vulnerable,True,accepted,28,261,0.549016
gen-fixed_overflow-012,fixed_overflow,generated,root-preserving,root-stutter,patched,True,accepted,28,229,0.682224
gen-fixed_overflow-012,fixed_overflow,generated,root-preserving,alpha-unused,patched,True,accepted,28,267,0.841551
gen-fixed_overflow-012,fixed_overflow,generated,root-preserving,swap-independent,patched,True,accepted,28,255,0.70618
gen-fixed_overflow-012,fixed_overflow,generated,root-preserving,guard-dual,patched,True,accepted,28,225,0.701463
gen-fixed_overflow-012,fixed_overflow,generated,root-flipping,close-root,vulnerable,True,accepted,26,202,0.631568
gen-fixed_overflow-012,fixed_overflow,generated,root-flipping,open-root,patched,True,accepted,26,201,0.832708
gen-fixed_overflow-013,fixed_overflow,generated,root-preserving,root-stutter,vulnerable,True,accepted,28,235,0.636476
gen-fixed_overflow-013,fixed_overflow,generated,root-preserving,alpha-unused,vulnerable,True,accepted,28,273,0.574624
gen-fixed_overflow-013,fixed_overflow,generated,root-preserving,swap-independent,vulnerable,True,accepted,28,261,0.597338
gen-fixed_overflow-013,fixed_overflow,generated,root-preserving,root-stutter,patched,True,accepted,28,229,0.698328
gen-fixed_overflow-013,fixed_overflow,generated,root-preserving,alpha-unused,patched,True,accepted,28,267,0.817526
gen-fixed_overflow-013,fixed_overflow,generated,root-preserving,swap-independent,patched,True,accepted,28,255,0.664728
gen-fixed_overflow-013,fixed_overflow,generated,root-preserving,guard-dual,patched,True,accepted,28,225,0.67958
gen-fixed_overflow-013,fixed_overflow,generated,root-flipping,close-root,vulnerable,True,accepted,26,202,0.671078
gen-fixed_overflow-013,fixed_overflow,generated,root-flipping,open-root,patched,True,accepted,26,201,0.615936
gen-fixed_overflow-014,fixed_overflow,generated,root-preserving,root-stutter,vulnerable,True,accepted,28,235,0.59833
gen-fixed_overflow-014,fixed_overflow,generated,root-preserving,alpha-unused,vulnerable,True,accepted,28,273,0.579671
gen-fixed_overflow-014,fixed_overflow,generated,root-preserving,swap-independent,vulnerable,True,accepted,28,261,0.554224
gen-fixed_overflow-014,fixed_overflow,generated,root-preserving,root-stutter,patched,True,accepted,28,229,0.798787
gen-fixed_overflow-014,fixed_overflow,generated,root-preserving,alpha-unused,patched,True,accepted,28,267,0.727982
gen-fixed_overflow-014,fixed_overflow,generated,root-preserving,swap-independent,patched,True,accepted,28,255,0.683747
gen-fixed_overflow-014,fixed_overflow,generated,root-preserving,guard-dual,patched,True,accepted,28,225,0.671488
gen-fixed_overflow-014,fixed_overflow,generated,root-flipping,close-root,vulnerable,True,accepted,26,202,0.646521
gen-fixed_overflow-014,fixed_overflow,generated,root-flipping,open-root,patched,True,accepted,26,201,0.625129
gen-fixed_overflow-015,fixed_overflow,generated,root-preserving,root-stutter,vulnerable,True,accepted,28,235,0.572621
gen-fixed_overflow-015,fixed_overflow,generated,root-preserving,alpha-unused,vulnerable,True,accepted,28,273,0.613292
gen-fixed_overflow-015,fixed_overflow,generated,root-preserving,swap-independent,vulnerable,True,accepted,28,261,0.555316
gen-fixed_overflow-015,fixed_overflow,generated,root-preserving,root-stutter,patched,True,accepted,28,229,0.704337
gen-fixed_overflow-015,fixed_overflow,generated,root-preserving,alpha-unused,patched,True,accepted,28,267,0.700231
gen-fixed_overflow-015,fixed_overflow,generated,root-preserving,swap-independent,patched,True,accepted,28,255,0.67292
gen-fixed_overflow-015,fixed_overflow,generated,root-preserving,guard-dual,patched,True,accepted,28,225,0.65261
gen-fixed_overflow-015,fixed_overflow,generated,root-flipping,close-root,vulnerable,True,accepted,26,202,0.667352
gen-fixed_overflow-015,fixed_overflow,generated,root-flipping,open-root,patched,True,accepted,26,201,0.620943
gen-fixed_overflow-016,fixed_overflow,generated,root-preserving,root-stutter,vulnerable,True,accepted,28,235,0.569967
gen-fixed_overflow-016,fixed_overflow,generated,root-preserving,alpha-unused,vulnerable,True,accepted,28,273,0.569567
gen-fixed_overflow-016,fixed_overflow,generated,root-preserving,swap-independent,vulnerable,True,accepted,28,261,0.533964
gen-fixed_overflow-016,fixed_overflow,generated,root-preserving,root-stutter,patched,True,accepted,28,229,0.669485
gen-fixed_overflow-016,fixed_overflow,generated,root-preserving,alpha-unused,patched,True,accepted,28,267,0.729875
gen-fixed_overflow-016,fixed_overflow,generated,root-preserving,swap-independent,patched,True,accepted,28,255,0.66565
gen-fixed_overflow-016,fixed_overflow,generated,root-preserving,guard-dual,patched,True,accepted,28,225,0.787561
gen-fixed_overflow-016,fixed_overflow,generated,root-flipping,close-root,vulnerable,True,accepted,26,202,0.667492
gen-fixed_overflow-016,fixed_overflow,generated,root-flipping,open-root,patched,True,accepted,26,201,0.639921
gen-fixed_overflow-017,fixed_overflow,generated,root-preserving,root-stutter,vulnerable,True,accepted,28,235,0.610958
gen-fixed_overflow-017,fixed_overflow,generated,root-preserving,alpha-unused,vulnerable,True,accepted,28,273,0.562827
gen-fixed_overflow-017,fixed_overflow,generated,root-preserving,swap-independent,vulnerable,True,accepted,28,261,0.566783
gen-fixed_overflow-017,fixed_overflow,generated,root-preserving,root-stutter,patched,True,accepted,28,229,0.694232
gen-fixed_overflow-017,fixed_overflow,generated,root-preserving,alpha-unused,patched,True,accepted,28,267,0.673041
gen-fixed_overflow-017,fixed_overflow,generated,root-preserving,swap-independent,patched,True,accepted,28,255,0.659741
gen-fixed_overflow-017,fixed_overflow,generated,root-preserving,guard-dual,patched,True,accepted,28,225,0.68604
gen-fixed_overflow-017,fixed_overflow,generated,root-flipping,close-root,vulnerable,True,accepted,26,202,0.630276
gen-fixed_overflow-017,fixed_overflow,generated,root-flipping,open-root,patched,True,accepted,26,201,0.627483
gen-fixed_overflow-018,fixed_overflow,generated,root-preserving,root-stutter,vulnerable,True,accepted,28,235,0.583397
gen-fixed_overflow-018,fixed_overflow,generated,root-preserving,alpha-unused,vulnerable,True,accepted,28,273,0.823965
gen-fixed_overflow-018,fixed_overflow,generated,root-preserving,swap-independent,vulnerable,True,accepted,28,261,0.630126
gen-fixed_overflow-018,fixed_overflow,generated,root-preserving,root-stutter,patched,True,accepted,28,229,0.737326
gen-fixed_overflow-018,fixed_overflow,generated,root-preserving,alpha-unused,patched,True,accepted,28,267,0.839848
gen-fixed_overflow-018,fixed_overflow,generated,root-preserving,swap-independent,patched,True,accepted,28,255,0.696986
gen-fixed_overflow-018,fixed_overflow,generated,root-preserving,guard-dual,patched,True,accepted,28,225,0.69317
gen-fixed_overflow-018,fixed_overflow,generated,root-flipping,close-root,vulnerable,True,accepted,26,202,0.663807
gen-fixed_overflow-018,fixed_overflow,generated,root-flipping,open-root,patched,True,accepted,26,201,0.668754
gen-fixed_overflow-019,fixed_overflow,generated,root-preserving,root-stutter,vulnerable,True,accepted,28,235,0.573122
gen-fixed_overflow-019,fixed_overflow,generated,root-preserving,alpha-unused,vulnerable,True,accepted,28,273,0.572111
gen-fixed_overflow-019,fixed_overflow,generated,root-preserving,swap-independent,vulnerable,True,accepted,28,261,0.5445
gen-fixed_overflow-019,fixed_overflow,generated,root-preserving,root-stutter,patched,True,accepted,28,229,0.694763
gen-fixed_overflow-019,fixed_overflow,generated,root-preserving,alpha-unused,patched,True,accepted,28,267,0.814391
gen-fixed_overflow-019,fixed_overflow,generated,root-preserving,swap-independent,patched,True,accepted,28,255,0.697927
gen-fixed_overflow-019,fixed_overflow,generated,root-preserving,guard-dual,patched,True,accepted,28,225,0.663447
gen-fixed_overflow-019,fixed_overflow,generated,root-flipping,close-root,vulnerable,True,accepted,26,202,0.633462
gen-fixed_overflow-019,fixed_overflow,generated,root-flipping,open-root,patched,True,accepted,26,201,0.634323
gen-fixed_overflow-020,fixed_overflow,generated,root-preserving,root-stutter,vulnerable,True,accepted,28,235,0.574924
gen-fixed_overflow-020,fixed_overflow,generated,root-preserving,alpha-unused,vulnerable,True,accepted,28,273,0.585019
gen-fixed_overflow-020,fixed_overflow,generated,root-preserving,swap-independent,vulnerable,True,accepted,28,261,0.569757
gen-fixed_overflow-020,fixed_overflow,generated,root-preserving,root-stutter,patched,True,accepted,28,229,0.671768
gen-fixed_overflow-020,fixed_overflow,generated,root-preserving,alpha-unused,patched,True,accepted,28,267,0.707802
gen-fixed_overflow-020,fixed_overflow,generated,root-preserving,swap-independent,patched,True,accepted,28,255,0.824355
gen-fixed_overflow-020,fixed_overflow,generated,root-preserving,guard-dual,patched,True,accepted,28,225,0.783956
gen-fixed_overflow-020,fixed_overflow,generated,root-flipping,close-root,vulnerable,True,accepted,26,202,0.65286
gen-fixed_overflow-020,fixed_overflow,generated,root-flipping,open-root,patched,True,accepted,26,201,0.73966
gen-fixed_overflow-021,fixed_overflow,generated,root-preserving,root-stutter,vulnerable,True,accepted,28,235,0.617458
gen-fixed_overflow-021,fixed_overflow,generated,root-preserving,alpha-unused,vulnerable,True,accepted,28,273,0.592641
gen-fixed_overflow-021,fixed_overflow,generated,root-preserving,swap-independent,vulnerable,True,accepted,28,261,0.558591
gen-fixed_overflow-021,fixed_overflow,generated,root-preserving,root-stutter,patched,True,accepted,28,229,0.691568
gen-fixed_overflow-021,fixed_overflow,generated,root-preserving,alpha-unused,patched,True,accepted,28,267,0.707832
gen-fixed_overflow-021,fixed_overflow,generated,root-preserving,swap-independent,patched,True,accepted,28,255,0.65263
gen-fixed_overflow-021,fixed_overflow,generated,root-preserving,guard-dual,patched,True,accepted,28,225,0.664918
gen-fixed_overflow-021,fixed_overflow,generated,root-flipping,close-root,vulnerable,True,accepted,26,202,0.638108
gen-fixed_overflow-021,fixed_overflow,generated,root-flipping,open-root,patched,True,accepted,26,201,0.596237
gen-fixed_overflow-022,fixed_overflow,generated,root-preserving,root-stutter,vulnerable,True,accepted,28,235,0.579271
gen-fixed_overflow-022,fixed_overflow,generated,root-preserving,alpha-unused,vulnerable,True,accepted,28,273,0.590618
gen-fixed_overflow-022,fixed_overflow,generated,root-preserving,swap-independent,vulnerable,True,accepted,28,261,0.534645
gen-fixed_overflow-022,fixed_overflow,generated,root-preserving,root-stutter,patched,True,accepted,28,229,0.971213
gen-fixed_overflow-022,fixed_overflow,generated,root-preserving,alpha-unused,patched,True,accepted,28,267,0.853779
gen-fixed_overflow-022,fixed_overflow,generated,root-preserving,swap-independent,patched,True,accepted,28,255,0.696696
gen-fixed_overflow-022,fixed_overflow,generated,root-preserving,guard-dual,patched,True,accepted,28,225,0.709845
gen-fixed_overflow-022,fixed_overflow,generated,root-flipping,close-root,vulnerable,True,accepted,26,202,0.677598
gen-fixed_overflow-022,fixed_overflow,generated,root-flipping,open-root,patched,True,accepted,26,201,0.638039
gen-fixed_overflow-023,fixed_overflow,generated,root-preserving,root-stutter,vulnerable,True,accepted,28,235,0.595035
gen-fixed_overflow-023,fixed_overflow,generated,root-preserving,alpha-unused,vulnerable,True,accepted,28,273,0.564178
gen-fixed_overflow-023,fixed_overflow,generated,root-preserving,swap-independent,vulnerable,True,accepted,28,261,0.566863
gen-fixed_overflow-023,fixed_overflow,generated,root-preserving,root-stutter,patched,True,accepted,28,229,0.720921
gen-fixed_overflow-023,fixed_overflow,generated,root-preserving,alpha-unused,patched,True,accepted,28,267,0.682815
gen-fixed_overflow-023,fixed_overflow,generated,root-preserving,swap-independent,patched,True,accepted,28,255,0.674883
gen-fixed_overflow-023,fixed_overflow,generated,root-preserving,guard-dual,patched,True,accepted,28,225,0.673501
gen-fixed_overflow-023,fixed_overflow,generated,root-flipping,close-root,vulnerable,True,accepted,26,202,0.788582
gen-fixed_overflow-023,fixed_overflow,generated,root-flipping,open-root,patched,True,accepted,26,201,0.680842
gen-fixed_overflow-024,fixed_overflow,generated,root-preserving,root-stutter,vulnerable,True,accepted,28,235,0.615235
gen-fixed_overflow-024,fixed_overflow,generated,root-preserving,alpha-unused,vulnerable,True,accepted,28,273,0.563748
gen-fixed_overflow-024,fixed_overflow,generated,root-preserving,swap-independent,vulnerable,True,accepted,28,261,0.63214
gen-fixed_overflow-024,fixed_overflow,generated,root-preserving,root-stutter,patched,True,accepted,28,229,0.74008
gen-fixed_overflow-024,fixed_overflow,generated,root-preserving,alpha-unused,patched,True,accepted,28,267,0.710266
gen-fixed_overflow-024,fixed_overflow,generated,root-preserving,swap-independent,patched,True,accepted,28,255,0.657297
gen-fixed_overflow-024,fixed_overflow,generated,root-preserving,guard-dual,patched,True,accepted,28,225,0.711007
gen-fixed_overflow-024,fixed_overflow,generated,root-flipping,close-root,vulnerable,True,accepted,26,202,0.648404
gen-fixed_overflow-024,fixed_overflow,generated,root-flipping,open-root,patched,True,accepted,26,201,0.617728
gen-fixed_overflow-025,fixed_overflow,generated,root-preserving,root-stutter,vulnerable,True,accepted,28,235,0.588535
gen-fixed_overflow-025,fixed_overflow,generated,root-preserving,alpha-unused,vulnerable,True,accepted,28,273,0.581043
gen-fixed_overflow-025,fixed_overflow,generated,root-preserving,swap-independent,vulnerable,True,accepted,28,261,0.555776
gen-fixed_overflow-025,fixed_overflow,generated,root-preserving,root-stutter,patched,True,accepted,28,229,0.866268
gen-fixed_overflow-025,fixed_overflow,generated,root-preserving,alpha-unused,patched,True,accepted,28,267,0.81381
gen-fixed_overflow-025,fixed_overflow,generated,root-preserving,swap-independent,patched,True,accepted,28,255,0.684116
gen-fixed_overflow-025,fixed_overflow,generated,root-preserving,guard-dual,patched,True,accepted,28,225,0.675945
gen-fixed_overflow-025,fixed_overflow,generated,root-flipping,close-root,vulnerable,True,accepted,26,202,0.644538
gen-fixed_overflow-025,fixed_overflow,generated,root-flipping,open-root,patched,True,accepted,26,201,0.65907
gen-fixed_overflow-026,fixed_overflow,generated,root-preserving,root-stutter,vulnerable,True,accepted,28,235,0.646051
gen-fixed_overflow-026,fixed_overflow,generated,root-preserving,alpha-unused,vulnerable,True,accepted,28,273,0.896222
gen-fixed_overflow-026,fixed_overflow,generated,root-preserving,swap-independent,vulnerable,True,accepted,28,261,0.668033
gen-fixed_overflow-026,fixed_overflow,generated,root-preserving,root-stutter,patched,True,accepted,28,229,0.71326
gen-fixed_overflow-026,fixed_overflow,generated,root-preserving,alpha-unused,patched,True,accepted,28,267,0.775643
gen-fixed_overflow-026,fixed_overflow,generated,root-preserving,swap-independent,patched,True,accepted,28,255,0.681883
gen-fixed_overflow-026,fixed_overflow,generated,root-preserving,guard-dual,patched,True,accepted,28,225,0.695403
gen-fixed_overflow-026,fixed_overflow,generated,root-flipping,close-root,vulnerable,True,accepted,26,202,0.64617
gen-fixed_overflow-026,fixed_overflow,generated,root-flipping,open-root,patched,True,accepted,26,201,0.636095
gen-fixed_overflow-027,fixed_overflow,generated,root-preserving,root-stutter,vulnerable,True,accepted,28,235,0.615465
gen-fixed_overflow-027,fixed_overflow,generated,root-preserving,alpha-unused,vulnerable,True,accepted,28,273,0.567414
gen-fixed_overflow-027,fixed_overflow,generated,root-preserving,swap-independent,vulnerable,True,accepted,28,261,0.573402
gen-fixed_overflow-027,fixed_overflow,generated,root-preserving,root-stutter,patched,True,accepted,28,229,1.691335
gen-fixed_overflow-027,fixed_overflow,generated,root-preserving,alpha-unused,patched,True,accepted,28,267,0.802814
gen-fixed_overflow-027,fixed_overflow,generated,root-preserving,swap-independent,patched,True,accepted,28,255,0.845667
gen-fixed_overflow-027,fixed_overflow,generated,root-preserving,guard-dual,patched,True,accepted,28,225,0.929111
gen-fixed_overflow-027,fixed_overflow,generated,root-flipping,close-root,vulnerable,True,accepted,26,202,0.684037
gen-fixed_overflow-027,fixed_overflow,generated,root-flipping,open-root,patched,True,accepted,26,201,0.762654
gen-fixed_overflow-028,fixed_overflow,generated,root-preserving,root-stutter,vulnerable,True,accepted,28,235,0.602235
gen-fixed_overflow-028,fixed_overflow,generated,root-preserving,alpha-unused,vulnerable,True,accepted,28,273,0.61876
gen-fixed_overflow-028,fixed_overflow,generated,root-preserving,swap-independent,vulnerable,True,accepted,28,261,0.658819
gen-fixed_overflow-028,fixed_overflow,generated,root-preserving,root-stutter,patched,True,accepted,28,229,0.712429
gen-fixed_overflow-028,fixed_overflow,generated,root-preserving,alpha-unused,patched,True,accepted,28,267,0.925807
gen-fixed_overflow-028,fixed_overflow,generated,root-preserving,swap-independent,patched,True,accepted,28,255,0.696746
gen-fixed_overflow-028,fixed_overflow,generated,root-preserving,guard-dual,patched,True,accepted,28,225,0.722554
gen-fixed_overflow-028,fixed_overflow,generated,root-flipping,close-root,vulnerable,True,accepted,26,202,0.744947
gen-fixed_overflow-028,fixed_overflow,generated,root-flipping,open-root,patched,True,accepted,26,201,0.697297
gen-fixed_overflow-029,fixed_overflow,generated,root-preserving,root-stutter,vulnerable,True,accepted,28,235,0.588354
gen-fixed_overflow-029,fixed_overflow,generated,root-preserving,alpha-unused,vulnerable,True,accepted,28,273,0.579171
gen-fixed_overflow-029,fixed_overflow,generated,root-preserving,swap-independent,vulnerable,True,accepted,28,261,0.553142
gen-fixed_overflow-029,fixed_overflow,generated,root-preserving,root-stutter,patched,True,accepted,28,229,0.761492
gen-fixed_overflow-029,fixed_overflow,generated,root-preserving,alpha-unused,patched,True,accepted,28,267,0.738418
gen-fixed_overflow-029,fixed_overflow,generated,root-preserving,swap-independent,patched,True,accepted,28,255,0.684127
gen-fixed_overflow-029,fixed_overflow,generated,root-preserving,guard-dual,patched,True,accepted,28,225,0.667813
gen-fixed_overflow-029,fixed_overflow,generated,root-flipping,close-root,vulnerable,True,accepted,26,202,0.644678
gen-fixed_overflow-029,fixed_overflow,generated,root-flipping,open-root,patched,True,accepted,26,201,0.644057
gen-fixed_overflow-030,fixed_overflow,generated,root-preserving,root-stutter,vulnerable,True,accepted,28,235,0.716305
gen-fixed_overflow-030,fixed_overflow,generated,root-preserving,alpha-unused,vulnerable,True,accepted,28,273,0.580944
gen-fixed_overflow-030,fixed_overflow,generated,root-preserving,swap-independent,vulnerable,True,accepted,28,261,0.643086
gen-fixed_overflow-030,fixed_overflow,generated,root-preserving,root-stutter,patched,True,accepted,28,229,0.727522
gen-fixed_overflow-030,fixed_overflow,generated,root-preserving,alpha-unused,patched,True,accepted,28,267,0.753891
gen-fixed_overflow-030,fixed_overflow,generated,root-preserving,swap-independent,patched,True,accepted,28,255,0.85408
gen-fixed_overflow-030,fixed_overflow,generated,root-preserving,guard-dual,patched,True,accepted,28,225,0.73966
gen-fixed_overflow-030,fixed_overflow,generated,root-flipping,close-root,vulnerable,True,accepted,26,202,0.660612
gen-fixed_overflow-030,fixed_overflow,generated,root-flipping,open-root,patched,True,accepted,26,201,0.621514
gen-fixed_overflow-031,fixed_overflow,generated,root-preserving,root-stutter,vulnerable,True,accepted,28,235,0.603847
gen-fixed_overflow-031,fixed_overflow,generated,root-preserving,alpha-unused,vulnerable,True,accepted,28,273,0.737486
gen-fixed_overflow-031,fixed_overflow,generated,root-preserving,swap-independent,vulnerable,True,accepted,28,261,0.691538
gen-fixed_overflow-031,fixed_overflow,generated,root-preserving,root-stutter,patched,True,accepted,28,229,0.792238
gen-fixed_overflow-031,fixed_overflow,generated,root-preserving,alpha-unused,patched,True,accepted,28,267,0.703987
gen-fixed_overflow-031,fixed_overflow,generated,root-preserving,swap-independent,patched,True,accepted,28,255,0.681893
gen-fixed_overflow-031,fixed_overflow,generated,root-preserving,guard-dual,patched,True,accepted,28,225,0.807631
gen-fixed_overflow-031,fixed_overflow,generated,root-flipping,close-root,vulnerable,True,accepted,26,202,0.64563
gen-fixed_overflow-031,fixed_overflow,generated,root-flipping,open-root,patched,True,accepted,26,201,0.63237
gen-fixed_overflow-032,fixed_overflow,generated,root-preserving,root-stutter,vulnerable,True,accepted,28,235,0.702765
gen-fixed_overflow-032,fixed_overflow,generated,root-preserving,alpha-unused,vulnerable,True,accepted,28,273,0.621414
gen-fixed_overflow-032,fixed_overflow,generated,root-preserving,swap-independent,vulnerable,True,accepted,28,261,0.555706
gen-fixed_overflow-032,fixed_overflow,generated,root-preserving,root-stutter,patched,True,accepted,28,229,0.787811
gen-fixed_overflow-032,fixed_overflow,generated,root-preserving,alpha-unused,patched,True,accepted,28,267,0.747881
gen-fixed_overflow-032,fixed_overflow,generated,root-preserving,swap-independent,patched,True,accepted,28,255,0.781132
gen-fixed_overflow-032,fixed_overflow,generated,root-preserving,guard-dual,patched,True,accepted,28,225,0.766009
gen-fixed_overflow-032,fixed_overflow,generated,root-flipping,close-root,vulnerable,True,accepted,26,202,0.781993
gen-fixed_overflow-032,fixed_overflow,generated,root-flipping,open-root,patched,True,accepted,26,201,0.698479
gen-fixed_overflow-033,fixed_overflow,generated,root-preserving,root-stutter,vulnerable,True,accepted,28,235,0.964924
gen-fixed_overflow-033,fixed_overflow,generated,root-preserving,alpha-unused,vulnerable,True,accepted,28,273,0.691387
gen-fixed_overflow-033,fixed_overflow,generated,root-preserving,swap-independent,vulnerable,True,accepted,28,261,0.584279
gen-fixed_overflow-033,fixed_overflow,generated,root-preserving,root-stutter,patched,True,accepted,28,229,0.718247
gen-fixed_overflow-033,fixed_overflow,generated,root-preserving,alpha-unused,patched,True,accepted,28,267,0.789844
gen-fixed_overflow-033,fixed_overflow,generated,root-preserving,swap-independent,patched,True,accepted,28,255,0.664478
gen-fixed_overflow-033,fixed_overflow,generated,root-preserving,guard-dual,patched,True,accepted,28,225,0.65259
gen-fixed_overflow-033,fixed_overflow,generated,root-flipping,close-root,vulnerable,True,accepted,26,202,0.657778
gen-fixed_overflow-033,fixed_overflow,generated,root-flipping,open-root,patched,True,accepted,26,201,0.628254
gen-fixed_overflow-034,fixed_overflow,generated,root-preserving,root-stutter,vulnerable,True,accepted,28,235,0.571139
gen-fixed_overflow-034,fixed_overflow,generated,root-preserving,alpha-unused,vulnerable,True,accepted,28,273,0.604448
gen-fixed_overflow-034,fixed_overflow,generated,root-preserving,swap-independent,vulnerable,True,accepted,28,261,0.544279
gen-fixed_overflow-034,fixed_overflow,generated,root-preserving,root-stutter,patched,True,accepted,28,229,0.69298
gen-fixed_overflow-034,fixed_overflow,generated,root-preserving,alpha-unused,patched,True,accepted,28,267,0.709655
gen-fixed_overflow-034,fixed_overflow,generated,root-preserving,swap-independent,patched,True,accepted,28,255,0.660932
gen-fixed_overflow-034,fixed_overflow,generated,root-preserving,guard-dual,patched,True,accepted,28,225,0.672139
gen-fixed_overflow-034,fixed_overflow,generated,root-flipping,close-root,vulnerable,True,accepted,26,202,0.660642
gen-fixed_overflow-034,fixed_overflow,generated,root-flipping,open-root,patched,True,accepted,26,201,0.624048
gen-fixed_overflow-035,fixed_overflow,generated,root-preserving,root-stutter,vulnerable,True,accepted,28,235,0.609576
gen-fixed_overflow-035,fixed_overflow,generated,root-preserving,alpha-unused,vulnerable,True,accepted,28,273,0.598219
gen-fixed_overflow-035,fixed_overflow,generated,root-preserving,swap-independent,vulnerable,True,accepted,28,261,0.563137
gen-fixed_overflow-035,fixed_overflow,generated,root-preserving,root-stutter,patched,True,accepted,28,229,0.681743
gen-fixed_overflow-035,fixed_overflow,generated,root-preserving,alpha-unused,patched,True,accepted,28,267,0.708534
gen-fixed_overflow-035,fixed_overflow,generated,root-preserving,swap-independent,patched,True,accepted,28,255,0.656266
gen-fixed_overflow-035,fixed_overflow,generated,root-preserving,guard-dual,patched,True,accepted,28,225,0.642215
gen-fixed_overflow-035,fixed_overflow,generated,root-flipping,close-root,vulnerable,True,accepted,26,202,0.640433
gen-fixed_overflow-035,fixed_overflow,generated,root-flipping,open-root,patched,True,accepted,26,201,0.621083
gen-fixed_overflow-036,fixed_overflow,generated,root-preserving,root-stutter,vulnerable,True,accepted,28,235,0.56539
gen-fixed_overflow-036,fixed_overflow,generated,root-preserving,alpha-unused,vulnerable,True,accepted,28,273,0.589997
gen-fixed_overflow-036,fixed_overflow,generated,root-preserving,swap-independent,vulnerable,True,accepted,28,261,0.547034
gen-fixed_overflow-036,fixed_overflow,generated,root-preserving,root-stutter,patched,True,accepted,28,229,0.666681
gen-fixed_overflow-036,fixed_overflow,generated,root-preserving,alpha-unused,patched,True,accepted,28,267,0.700291
gen-fixed_overflow-036,fixed_overflow,generated,root-preserving,swap-independent,patched,True,accepted,28,255,0.651519
gen-fixed_overflow-036,fixed_overflow,generated,root-preserving,guard-dual,patched,True,accepted,28,225,0.71304
gen-fixed_overflow-036,fixed_overflow,generated,root-flipping,close-root,vulnerable,True,accepted,26,202,0.667552
gen-fixed_overflow-036,fixed_overflow,generated,root-flipping,open-root,patched,True,accepted,26,201,0.637718
gen-fixed_overflow-037,fixed_overflow,generated,root-preserving,root-stutter,vulnerable,True,accepted,28,235,0.684818
gen-fixed_overflow-037,fixed_overflow,generated,root-preserving,alpha-unused,vulnerable,True,accepted,28,273,0.562106
gen-fixed_overflow-037,fixed_overflow,generated,root-preserving,swap-independent,vulnerable,True,accepted,28,261,0.666571
gen-fixed_overflow-037,fixed_overflow,generated,root-preserving,root-stutter,patched,True,accepted,28,229,0.758928
gen-fixed_overflow-037,fixed_overflow,generated,root-preserving,alpha-unused,patched,True,accepted,28,267,0.709284
gen-fixed_overflow-037,fixed_overflow,generated,root-preserving,swap-independent,patched,True,accepted,28,255,1.152383
gen-fixed_overflow-037,fixed_overflow,generated,root-preserving,guard-dual,patched,True,accepted,28,225,0.698017
gen-fixed_overflow-037,fixed_overflow,generated,root-flipping,close-root,vulnerable,True,accepted,26,202,0.663326
gen-fixed_overflow-037,fixed_overflow,generated,root-flipping,open-root,patched,True,accepted,26,201,0.671198
gen-fixed_overflow-038,fixed_overflow,generated,root-preserving,root-stutter,vulnerable,True,accepted,28,235,0.586812
gen-fixed_overflow-038,fixed_overflow,generated,root-preserving,alpha-unused,vulnerable,True,accepted,28,273,0.671228
gen-fixed_overflow-038,fixed_overflow,generated,root-preserving,swap-independent,vulnerable,True,accepted,28,261,0.624138
gen-fixed_overflow-038,fixed_overflow,generated,root-preserving,root-stutter,patched,True,accepted,28,229,0.736054
gen-fixed_overflow-038,fixed_overflow,generated,root-preserving,alpha-unused,patched,True,accepted,28,267,0.702584
gen-fixed_overflow-038,fixed_overflow,generated,root-preserving,swap-independent,patched,True,accepted,28,255,1.1641
gen-fixed_overflow-038,fixed_overflow,generated,root-preserving,guard-dual,patched,True,accepted,28,225,0.981649
gen-fixed_overflow-038,fixed_overflow,generated,root-flipping,close-root,vulnerable,True,accepted,26,202,0.682615
gen-fixed_overflow-038,fixed_overflow,generated,root-flipping,open-root,patched,True,accepted,26,201,0.65929
gen-fixed_overflow-039,fixed_overflow,generated,root-preserving,root-stutter,vulnerable,True,accepted,28,235,0.629956
gen-fixed_overflow-039,fixed_overflow,generated,root-preserving,alpha-unused,vulnerable,True,accepted,28,273,0.573162
gen-fixed_overflow-039,fixed_overflow,generated,root-preserving,swap-independent,vulnerable,True,accepted,28,261,0.654393
gen-fixed_overflow-039,fixed_overflow,generated,root-preserving,root-stutter,patched,True,accepted,28,229,0.732809
gen-fixed_overflow-039,fixed_overflow,generated,root-preserving,alpha-unused,patched,True,accepted,28,267,0.707361
gen-fixed_overflow-039,fixed_overflow,generated,root-preserving,swap-independent,patched,True,accepted,28,255,0.663476
gen-fixed_overflow-039,fixed_overflow,generated,root-preserving,guard-dual,patched,True,accepted,28,225,0.761642
gen-fixed_overflow-039,fixed_overflow,generated,root-flipping,close-root,vulnerable,True,accepted,26,202,0.784516
gen-fixed_overflow-039,fixed_overflow,generated,root-flipping,open-root,patched,True,accepted,26,201,0.678549
pub-fixed_overflow-00,fixed_overflow,synthetic-reference-tagged,root-preserving,root-stutter,vulnerable,True,accepted,28,233,0.606161
pub-fixed_overflow-00,fixed_overflow,synthetic-reference-tagged,root-preserving,alpha-unused,vulnerable,True,accepted,28,271,0.603196
pub-fixed_overflow-00,fixed_overflow,synthetic-reference-tagged,root-preserving,swap-independent,vulnerable,True,accepted,28,259,0.559772
pub-fixed_overflow-00,fixed_overflow,synthetic-reference-tagged,root-preserving,root-stutter,patched,True,accepted,28,227,0.696505
pub-fixed_overflow-00,fixed_overflow,synthetic-reference-tagged,root-preserving,alpha-unused,patched,True,accepted,28,265,0.809803
pub-fixed_overflow-00,fixed_overflow,synthetic-reference-tagged,root-preserving,swap-independent,patched,True,accepted,28,253,0.714322
pub-fixed_overflow-00,fixed_overflow,synthetic-reference-tagged,root-preserving,guard-dual,patched,True,accepted,28,223,0.717877
pub-fixed_overflow-00,fixed_overflow,synthetic-reference-tagged,root-flipping,close-root,vulnerable,True,accepted,26,200,0.647823
pub-fixed_overflow-00,fixed_overflow,synthetic-reference-tagged,root-flipping,open-root,patched,True,accepted,26,199,0.674012
pub-fixed_overflow-01,fixed_overflow,synthetic-reference-tagged,root-preserving,root-stutter,vulnerable,True,accepted,28,233,0.674573
pub-fixed_overflow-01,fixed_overflow,synthetic-reference-tagged,root-preserving,alpha-unused,vulnerable,True,accepted,28,271,0.609496
pub-fixed_overflow-01,fixed_overflow,synthetic-reference-tagged,root-preserving,swap-independent,vulnerable,True,accepted,28,259,0.651178
pub-fixed_overflow-01,fixed_overflow,synthetic-reference-tagged,root-preserving,root-stutter,patched,True,accepted,28,227,0.732599
pub-fixed_overflow-01,fixed_overflow,synthetic-reference-tagged,root-preserving,alpha-unused,patched,True,accepted,28,265,0.721964
pub-fixed_overflow-01,fixed_overflow,synthetic-reference-tagged,root-preserving,swap-independent,patched,True,accepted,28,253,0.670357
pub-fixed_overflow-01,fixed_overflow,synthetic-reference-tagged,root-preserving,guard-dual,patched,True,accepted,28,223,0.790475
pub-fixed_overflow-01,fixed_overflow,synthetic-reference-tagged,root-flipping,close-root,vulnerable,True,accepted,26,200,0.687852
pub-fixed_overflow-01,fixed_overflow,synthetic-reference-tagged,root-flipping,open-root,patched,True,accepted,26,199,0.651288
pub-fixed_overflow-02,fixed_overflow,synthetic-reference-tagged,root-preserving,root-stutter,vulnerable,True,accepted,28,233,0.593302
pub-fixed_overflow-02,fixed_overflow,synthetic-reference-tagged,root-preserving,alpha-unused,vulnerable,True,accepted,28,271,0.616817
pub-fixed_overflow-02,fixed_overflow,synthetic-reference-tagged,root-preserving,swap-independent,vulnerable,True,accepted,28,259,0.795823
pub-fixed_overflow-02,fixed_overflow,synthetic-reference-tagged,root-preserving,root-stutter,patched,True,accepted,28,227,0.889592
pub-fixed_overflow-02,fixed_overflow,synthetic-reference-tagged,root-preserving,alpha-unused,patched,True,accepted,28,265,0.775643
pub-fixed_overflow-02,fixed_overflow,synthetic-reference-tagged,root-preserving,swap-independent,patched,True,accepted,28,253,0.675604
pub-fixed_overflow-02,fixed_overflow,synthetic-reference-tagged,root-preserving,guard-dual,patched,True,accepted,28,223,0.798688
pub-fixed_overflow-02,fixed_overflow,synthetic-reference-tagged,root-flipping,close-root,vulnerable,True,accepted,26,200,0.873499
pub-fixed_overflow-02,fixed_overflow,synthetic-reference-tagged,root-flipping,open-root,patched,True,accepted,26,199,0.795693
gen-access_control-000,access_control,generated,root-preserving,root-stutter,vulnerable,True,accepted,19,235,0.506393
gen-access_control-000,access_control,generated,root-preserving,alpha-unused,vulnerable,True,accepted,19,273,0.51123
gen-access_control-000,access_control,generated,root-preserving,swap-independent,vulnerable,True,accepted,19,261,0.446603
gen-access_control-000,access_control,generated,root-preserving,root-stutter,patched,True,accepted,19,229,0.557429
gen-access_control-000,access_control,generated,root-preserving,alpha-unused,patched,True,accepted,19,267,0.626071
gen-access_control-000,access_control,generated,root-preserving,swap-independent,patched,True,accepted,19,255,0.541975
gen-access_control-000,access_control,generated,root-preserving,guard-dual,patched,True,accepted,19,225,0.567484
gen-access_control-000,access_control,generated,root-flipping,close-root,vulnerable,True,accepted,16,202,0.485211
gen-access_control-000,access_control,generated,root-flipping,open-root,patched,True,accepted,16,201,0.483158
gen-access_control-001,access_control,generated,root-preserving,root-stutter,vulnerable,True,accepted,19,235,0.468807
gen-access_control-001,access_control,generated,root-preserving,alpha-unused,vulnerable,True,accepted,19,273,0.493093
gen-access_control-001,access_control,generated,root-preserving,swap-independent,vulnerable,True,accepted,19,261,0.434055
gen-access_control-001,access_control,generated,root-preserving,root-stutter,patched,True,accepted,19,229,0.651869
gen-access_control-001,access_control,generated,root-preserving,alpha-unused,patched,True,accepted,19,267,0.561545
gen-access_control-001,access_control,generated,root-preserving,swap-independent,patched,True,accepted,19,255,0.569867
gen-access_control-001,access_control,generated,root-preserving,guard-dual,patched,True,accepted,19,225,0.557189
gen-access_control-001,access_control,generated,root-flipping,close-root,vulnerable,True,accepted,16,202,0.471021
gen-access_control-001,access_control,generated,root-flipping,open-root,patched,True,accepted,16,201,0.505852
gen-access_control-002,access_control,generated,root-preserving,root-stutter,vulnerable,True,accepted,19,235,0.468547
gen-access_control-002,access_control,generated,root-preserving,alpha-unused,vulnerable,True,accepted,19,273,0.562867
gen-access_control-002,access_control,generated,root-preserving,swap-independent,vulnerable,True,accepted,19,261,0.474645
gen-access_control-002,access_control,generated,root-preserving,root-stutter,patched,True,accepted,19,229,0.643146
gen-access_control-002,access_control,generated,root-preserving,alpha-unused,patched,True,accepted,19,267,0.548164
gen-access_control-002,access_control,generated,root-preserving,swap-independent,patched,True,accepted,19,255,0.507745
gen-access_control-002,access_control,generated,root-preserving,guard-dual,patched,True,accepted,19,225,0.55138
gen-access_control-002,access_control,generated,root-flipping,close-root,vulnerable,True,accepted,16,202,0.485441
gen-access_control-002,access_control,generated,root-flipping,open-root,patched,True,accepted,16,201,0.589577
gen-access_control-003,access_control,generated,root-preserving,root-stutter,vulnerable,True,accepted,19,235,0.507354
gen-access_control-003,access_control,generated,root-preserving,alpha-unused,vulnerable,True,accepted,19,273,0.465642
gen-access_control-003,access_control,generated,root-preserving,swap-independent,vulnerable,True,accepted,19,261,0.460695
gen-access_control-003,access_control,generated,root-preserving,root-stutter,patched,True,accepted,19,229,0.609586
gen-access_control-003,access_control,generated,root-preserving,alpha-unused,patched,True,accepted,19,267,0.671919
gen-access_control-003,access_control,generated,root-preserving,swap-independent,patched,True,accepted,19,255,0.607733
gen-access_control-003,access_control,generated,root-preserving,guard-dual,patched,True,accepted,19,225,0.535025
gen-access_control-003,access_control,generated,root-flipping,close-root,vulnerable,True,accepted,16,202,0.516187
gen-access_control-003,access_control,generated,root-flipping,open-root,patched,True,accepted,16,201,0.474986
gen-access_control-004,access_control,generated,root-preserving,root-stutter,vulnerable,True,accepted,19,235,0.485502
gen-access_control-004,access_control,generated,root-preserving,alpha-unused,vulnerable,True,accepted,19,273,0.456259
gen-access_control-004,access_control,generated,root-preserving,swap-independent,vulnerable,True,accepted,19,261,0.479303
gen-access_control-004,access_control,generated,root-preserving,root-stutter,patched,True,accepted,19,229,0.519613
gen-access_control-004,access_control,generated,root-preserving,alpha-unused,patched,True,accepted,19,267,0.638078
gen-access_control-004,access_control,generated,root-preserving,swap-independent,patched,True,accepted,19,255,0.551419
gen-access_control-004,access_control,generated,root-preserving,guard-dual,patched,True,accepted,19,225,0.520564
gen-access_control-004,access_control,generated,root-flipping,close-root,vulnerable,True,accepted,16,202,0.488907
gen-access_control-004,access_control,generated,root-flipping,open-root,patched,True,accepted,16,201,0.460114
gen-access_control-005,access_control,generated,root-preserving,root-stutter,vulnerable,True,accepted,19,235,0.509076
gen-access_control-005,access_control,generated,root-preserving,alpha-unused,vulnerable,True,accepted,19,273,0.463238
gen-access_control-005,access_control,generated,root-preserving,swap-independent,vulnerable,True,accepted,19,261,0.515366
gen-access_control-005,access_control,generated,root-preserving,root-stutter,patched,True,accepted,19,229,0.546802
gen-access_control-005,access_control,generated,root-preserving,alpha-unused,patched,True,accepted,19,267,0.604459
gen-access_control-005,access_control,generated,root-preserving,swap-independent,patched,True,accepted,19,255,0.560383
gen-access_control-005,access_control,generated,root-preserving,guard-dual,patched,True,accepted,19,225,0.514464
gen-access_control-005,access_control,generated,root-flipping,close-root,vulnerable,True,accepted,16,202,0.510809
gen-access_control-005,access_control,generated,root-flipping,open-root,patched,True,accepted,16,201,0.479232
gen-access_control-006,access_control,generated,root-preserving,root-stutter,vulnerable,True,accepted,19,235,0.575565
gen-access_control-006,access_control,generated,root-preserving,alpha-unused,vulnerable,True,accepted,19,273,0.499723
gen-access_control-006,access_control,generated,root-preserving,swap-independent,vulnerable,True,accepted,19,261,0.488026
gen-access_control-006,access_control,generated,root-preserving,root-stutter,patched,True,accepted,19,229,0.566142
gen-access_control-006,access_control,generated,root-preserving,alpha-unused,patched,True,accepted,19,267,0.523247
gen-access_control-006,access_control,generated,root-preserving,swap-independent,patched,True,accepted,19,255,0.563318
gen-access_control-006,access_control,generated,root-preserving,guard-dual,patched,True,accepted,19,225,0.523508
gen-access_control-006,access_control,generated,root-flipping,close-root,vulnerable,True,accepted,16,202,0.581133
gen-access_control-006,access_control,generated,root-flipping,open-root,patched,True,accepted,16,201,0.559592
gen-access_control-007,access_control,generated,root-preserving,root-stutter,vulnerable,True,accepted,19,235,0.491921
gen-access_control-007,access_control,generated,root-preserving,alpha-unused,vulnerable,True,accepted,19,273,0.581715
gen-access_control-007,access_control,generated,root-preserving,swap-independent,vulnerable,True,accepted,19,261,0.46463
gen-access_control-007,access_control,generated,root-preserving,root-stutter,patched,True,accepted,19,229,0.665469
gen-access_control-007,access_control,generated,root-preserving,alpha-unused,patched,True,accepted,19,267,0.647993
gen-access_control-007,access_control,generated,root-preserving,swap-independent,patched,True,accepted,19,255,0.518891
gen-access_control-007,access_control,generated,root-preserving,guard-dual,patched,True,accepted,19,225,0.542696
gen-access_control-007,access_control,generated,root-flipping,close-root,vulnerable,True,accepted,16,202,0.486483
gen-access_control-007,access_control,generated,root-flipping,open-root,patched,True,accepted,16,201,0.48435
gen-access_control-008,access_control,generated,root-preserving,root-stutter,vulnerable,True,accepted,19,235,1.926984
gen-access_control-008,access_control,generated,root-preserving,alpha-unused,vulnerable,True,accepted,19,273,0.507474
gen-access_control-008,access_control,generated,root-preserving,swap-independent,vulnerable,True,accepted,19,261,0.466834
gen-access_control-008,access_control,generated,root-preserving,root-stutter,patched,True,accepted,19,229,0.535216
gen-access_control-008,access_control,generated,root-preserving,alpha-unused,patched,True,accepted,19,267,0.542246
gen-access_control-008,access_control,generated,root-preserving,swap-independent,patched,True,accepted,19,255,0.494575
gen-access_control-008,access_control,generated,root-preserving,guard-dual,patched,True,accepted,19,225,0.569417
gen-access_control-008,access_control,generated,root-flipping,close-root,vulnerable,True,accepted,16,202,0.49829
gen-access_control-008,access_control,generated,root-flipping,open-root,patched,True,accepted,16,201,0.461325
gen-access_control-009,access_control,generated,root-preserving,root-stutter,vulnerable,True,accepted,19,235,0.499623
gen-access_control-009,access_control,generated,root-preserving,alpha-unused,vulnerable,True,accepted,19,273,0.469548
gen-access_control-009,access_control,generated,root-preserving,swap-independent,vulnerable,True,accepted,19,261,0.541796
gen-access_control-009,access_control,generated,root-preserving,root-stutter,patched,True,accepted,19,229,0.532552
gen-access_control-009,access_control,generated,root-preserving,alpha-unused,patched,True,accepted,19,267,0.567364
gen-access_control-009,access_control,generated,root-preserving,swap-independent,patched,True,accepted,19,255,0.512251
gen-access_control-009,access_control,generated,root-preserving,guard-dual,patched,True,accepted,19,225,0.522477
gen-access_control-009,access_control,generated,root-flipping,close-root,vulnerable,True,accepted,16,202,0.472802
gen-access_control-009,access_control,generated,root-flipping,open-root,patched,True,accepted,16,201,0.472753
gen-access_control-010,access_control,generated,root-preserving,root-stutter,vulnerable,True,accepted,19,235,0.454175
gen-access_control-010,access_control,generated,root-preserving,alpha-unused,vulnerable,True,accepted,19,273,0.472152
gen-access_control-010,access_control,generated,root-preserving,swap-independent,vulnerable,True,accepted,19,261,0.432433
gen-access_control-010,access_control,generated,root-preserving,root-stutter,patched,True,accepted,19,229,0.53131
gen-access_control-010,access_control,generated,root-preserving,alpha-unused,patched,True,accepted,19,267,0.529397
gen-access_control-010,access_control,generated,root-preserving,swap-independent,patched,True,accepted,19,255,0.49748
gen-access_control-010,access_control,generated,root-preserving,guard-dual,patched,True,accepted,19,225,0.521305
gen-access_control-010,access_control,generated,root-flipping,close-root,vulnerable,True,accepted,16,202,0.481456
gen-access_control-010,access_control,generated,root-flipping,open-root,patched,True,accepted,16,201,0.472683
gen-access_control-011,access_control,generated,root-preserving,root-stutter,vulnerable,True,accepted,19,235,0.464881
gen-access_control-011,access_control,generated,root-preserving,alpha-unused,vulnerable,True,accepted,19,273,0.479934
gen-access_control-011,access_control,generated,root-preserving,swap-independent,vulnerable,True,accepted,19,261,0.444511
gen-access_control-011,access_control,generated,root-preserving,root-stutter,patched,True,accepted,19,229,0.57868
gen-access_control-011,access_control,generated,root-preserving,alpha-unused,patched,True,accepted,19,267,0.535335
gen-access_control-011,access_control,generated,root-preserving,swap-independent,patched,True,accepted,19,255,0.515667
gen-access_control-011,access_control,generated,root-preserving,guard-dual,patched,True,accepted,19,225,0.523137
gen-access_control-011,access_control,generated,root-flipping,close-root,vulnerable,True,accepted,16,202,0.465322
gen-access_control-011,access_control,generated,root-flipping,open-root,patched,True,accepted,16,201,0.451932
gen-access_control-012,access_control,generated,root-preserving,root-stutter,vulnerable,True,accepted,19,235,0.470229
gen-access_control-012,access_control,generated,root-preserving,alpha-unused,vulnerable,True,accepted,19,273,0.479553
gen-access_control-012,access_control,generated,root-preserving,swap-independent,vulnerable,True,accepted,19,261,0.465031
gen-access_control-012,access_control,generated,root-preserving,root-stutter,patched,True,accepted,19,229,0.716825
gen-access_control-012,access_control,generated,root-preserving,alpha-unused,patched,True,accepted,19,267,0.560443
gen-access_control-012,access_control,generated,root-preserving,swap-independent,patched,True,accepted,19,255,0.51756
gen-access_control-012,access_control,generated,root-preserving,guard-dual,patched,True,accepted,19,225,0.623547
gen-access_control-012,access_control,generated,root-flipping,close-root,vulnerable,True,accepted,16,202,0.49086
gen-access_control-012,access_control,generated,root-flipping,open-root,patched,True,accepted,16,201,0.51745
gen-access_control-013,access_control,generated,root-preserving,root-stutter,vulnerable,True,accepted,19,235,0.472302
gen-access_control-013,access_control,generated,root-preserving,alpha-unused,vulnerable,True,accepted,19,273,0.502877
gen-access_control-013,access_control,generated,root-preserving,swap-independent,vulnerable,True,accepted,19,261,0.501616
gen-access_control-013,access_control,generated,root-preserving,root-stutter,patched,True,accepted,19,229,0.546472
gen-access_control-013,access_control,generated,root-preserving,alpha-unused,patched,True,accepted,19,267,0.589456
gen-access_control-013,access_control,generated,root-preserving,swap-independent,patched,True,accepted,19,255,0.63254
gen-access_control-013,access_control,generated,root-preserving,guard-dual,patched,True,accepted,19,225,0.589746
gen-access_control-013,access_control,generated,root-flipping,close-root,vulnerable,True,accepted,16,202,0.525972
gen-access_control-013,access_control,generated,root-flipping,open-root,patched,True,accepted,16,201,0.467394
gen-access_control-014,access_control,generated,root-preserving,root-stutter,vulnerable,True,accepted,19,235,0.51837
gen-access_control-014,access_control,generated,root-preserving,alpha-unused,vulnerable,True,accepted,19,273,0.544199
gen-access_control-014,access_control,generated,root-preserving,swap-independent,vulnerable,True,accepted,19,261,0.515987
gen-access_control-014,access_control,generated,root-preserving,root-stutter,patched,True,accepted,19,229,0.545411
gen-access_control-014,access_control,generated,root-preserving,alpha-unused,patched,True,accepted,19,267,0.536097
gen-access_control-014,access_control,generated,root-preserving,swap-independent,patched,True,accepted,19,255,0.622635
gen-access_control-014,access_control,generated,root-preserving,guard-dual,patched,True,accepted,19,225,0.508997
gen-access_control-014,access_control,generated,root-flipping,close-root,vulnerable,True,accepted,16,202,0.527023
gen-access_control-014,access_control,generated,root-flipping,open-root,patched,True,accepted,16,201,0.51104
gen-access_control-015,access_control,generated,root-preserving,root-stutter,vulnerable,True,accepted,19,235,0.537979
gen-access_control-015,access_control,generated,root-preserving,alpha-unused,vulnerable,True,accepted,19,273,0.463509
gen-access_control-015,access_control,generated,root-preserving,swap-independent,vulnerable,True,accepted,19,261,0.525761
gen-access_control-015,access_control,generated,root-preserving,root-stutter,patched,True,accepted,19,229,0.574675
gen-access_control-015,access_control,generated,root-preserving,alpha-unused,patched,True,accepted,19,267,0.529417
gen-access_control-015,access_control,generated,root-preserving,swap-independent,patched,True,accepted,19,255,0.536027
gen-access_control-015,access_control,generated,root-preserving,guard-dual,patched,True,accepted,19,225,0.519662
gen-access_control-015,access_control,generated,root-flipping,close-root,vulnerable,True,accepted,16,202,0.530048
gen-access_control-015,access_control,generated,root-flipping,open-root,patched,True,accepted,16,201,0.473975
gen-access_control-016,access_control,generated,root-preserving,root-stutter,vulnerable,True,accepted,19,235,0.480344
gen-access_control-016,access_control,generated,root-preserving,alpha-unused,vulnerable,True,accepted,19,273,0.453494
gen-access_control-016,access_control,generated,root-preserving,swap-independent,vulnerable,True,accepted,19,261,0.471861
gen-access_control-016,access_control,generated,root-preserving,root-stutter,patched,True,accepted,19,229,0.525101
gen-access_control-016,access_control,generated,root-preserving,alpha-unused,patched,True,accepted,19,267,0.522297
gen-access_control-016,access_control,generated,root-preserving,swap-independent,patched,True,accepted,19,255,0.538009
gen-access_control-016,access_control,generated,root-preserving,guard-dual,patched,True,accepted,19,225,0.510709
gen-access_control-016,access_control,generated,root-flipping,close-root,vulnerable,True,accepted,16,202,0.481695
gen-access_control-016,access_control,generated,root-flipping,open-root,patched,True,accepted,16,201,0.465913
gen-access_control-017,access_control,generated,root-preserving,root-stutter,vulnerable,True,accepted,19,235,0.488506
gen-access_control-017,access_control,generated,root-preserving,alpha-unused,vulnerable,True,accepted,19,273,0.453474
gen-access_control-017,access_control,generated,root-preserving,swap-independent,vulnerable,True,accepted,19,261,0.500794
gen-access_control-017,access_control,generated,root-preserving,root-stutter,patched,True,accepted,19,229,0.540364
gen-access_control-017,access_control,generated,root-preserving,alpha-unused,patched,True,accepted,19,267,1.072524
gen-access_control-017,access_control,generated,root-preserving,swap-independent,patched,True,accepted,19,255,0.697877
gen-access_control-017,access_control,generated,root-preserving,guard-dual,patched,True,accepted,19,225,1.006596
gen-access_control-017,access_control,generated,root-flipping,close-root,vulnerable,True,accepted,16,202,0.710957
gen-access_control-017,access_control,generated,root-flipping,open-root,patched,True,accepted,16,201,1.482113
gen-access_control-018,access_control,generated,root-preserving,root-stutter,vulnerable,True,accepted,19,235,0.528426
gen-access_control-018,access_control,generated,root-preserving,alpha-unused,vulnerable,True,accepted,19,273,0.50483
gen-access_control-018,access_control,generated,root-preserving,swap-independent,vulnerable,True,accepted,19,261,0.467225
gen-access_control-018,access_control,generated,root-preserving,root-stutter,patched,True,accepted,19,229,0.850224
gen-access_control-018,access_control,generated,root-preserving,alpha-unused,patched,True,accepted,19,267,1.105303
gen-access_control-018,access_control,generated,root-preserving,swap-independent,patched,True,accepted,19,255,0.635675
gen-access_control-018,access_control,generated,root-preserving,guard-dual,patched,True,accepted,19,225,0.549016
gen-access_control-018,access_control,generated,root-flipping,close-root,vulnerable,True,accepted,16,202,0.557739
gen-access_control-018,access_control,generated,root-flipping,open-root,patched,True,accepted,16,201,0.465181
gen-access_control-019,access_control,generated,root-preserving,root-stutter,vulnerable,True,accepted,19,235,0.478021
gen-access_control-019,access_control,generated,root-preserving,alpha-unused,vulnerable,True,accepted,19,273,0.593943
gen-access_control-019,access_control,generated,root-preserving,swap-independent,vulnerable,True,accepted,19,261,0.457089
gen-access_control-019,access_control,generated,root-preserving,root-stutter,patched,True,accepted,19,229,0.543147
gen-access_control-019,access_control,generated,root-preserving,alpha-unused,patched,True,accepted,19,267,0.536708
gen-access_control-019,access_control,generated,root-preserving,swap-independent,patched,True,accepted,19,255,0.526623
gen-access_control-019,access_control,generated,root-preserving,guard-dual,patched,True,accepted,19,225,0.515766
gen-access_control-019,access_control,generated,root-flipping,close-root,vulnerable,True,accepted,16,202,0.487955
gen-access_control-019,access_control,generated,root-flipping,open-root,patched,True,accepted,16,201,0.522076
gen-access_control-020,access_control,generated,root-preserving,root-stutter,vulnerable,True,accepted,19,235,0.494234
gen-access_control-020,access_control,generated,root-preserving,alpha-unused,vulnerable,True,accepted,19,273,0.488045
gen-access_control-020,access_control,generated,root-preserving,swap-independent,vulnerable,True,accepted,19,261,0.447515
gen-access_control-020,access_control,generated,root-preserving,root-stutter,patched,True,accepted,19,229,0.548485
gen-access_control-020,access_control,generated,root-preserving,alpha-unused,patched,True,accepted,19,267,0.590879
gen-access_control-020,access_control,generated,root-preserving,swap-independent,patched,True,accepted,19,255,0.605921
gen-access_control-020,access_control,generated,root-preserving,guard-dual,patched,True,accepted,19,225,0.724177
gen-access_control-020,access_control,generated,root-flipping,close-root,vulnerable,True,accepted,16,202,0.504059
gen-access_control-020,access_control,generated,root-flipping,open-root,patched,True,accepted,16,201,0.512121
gen-access_control-021,access_control,generated,root-preserving,root-stutter,vulnerable,True,accepted,19,235,0.478842
gen-access_control-021,access_control,generated,root-preserving,alpha-unused,vulnerable,True,accepted,19,273,0.486553
gen-access_control-021,access_control,generated,root-preserving,swap-independent,vulnerable,True,accepted,19,261,0.438352
gen-access_control-021,access_control,generated,root-preserving,root-stutter,patched,True,accepted,19,229,0.552762
gen-access_control-021,access_control,generated,root-preserving,alpha-unused,patched,True,accepted,19,267,0.651168
gen-access_control-021,access_control,generated,root-preserving,swap-independent,patched,True,accepted,19,255,0.525472
gen-access_control-021,access_control,generated,root-preserving,guard-dual,patched,True,accepted,19,225,0.530348
gen-access_control-021,access_control,generated,root-flipping,close-root,vulnerable,True,accepted,16,202,0.47747
gen-access_control-021,access_control,generated,root-flipping,open-root,patched,True,accepted,16,201,0.484511
gen-access_control-022,access_control,generated,root-preserving,root-stutter,vulnerable,True,accepted,19,235,0.464901
gen-access_control-022,access_control,generated,root-preserving,alpha-unused,vulnerable,True,accepted,19,273,0.479593
gen-access_control-022,access_control,generated,root-preserving,swap-independent,vulnerable,True,accepted,19,261,0.527314
gen-access_control-022,access_control,generated,root-preserving,root-stutter,patched,True,accepted,19,229,0.614954
gen-access_control-022,access_control,generated,root-preserving,alpha-unused,patched,True,accepted,19,267,0.559321
gen-access_control-022,access_control,generated,root-preserving,swap-independent,patched,True,accepted,19,255,0.571519
gen-access_control-022,access_control,generated,root-preserving,guard-dual,patched,True,accepted,19,225,0.553342
gen-access_control-022,access_control,generated,root-flipping,close-root,vulnerable,True,accepted,16,202,0.497069
gen-access_control-022,access_control,generated,root-flipping,open-root,patched,True,accepted,16,201,0.479863
gen-access_control-023,access_control,generated,root-preserving,root-stutter,vulnerable,True,accepted,19,235,0.563698
gen-access_control-023,access_control,generated,root-preserving,alpha-unused,vulnerable,True,accepted,19,273,0.529157
gen-access_control-023,access_control,generated,root-preserving,swap-independent,vulnerable,True,accepted,19,261,0.45072
gen-access_control-023,access_control,generated,root-preserving,root-stutter,patched,True,accepted,19,229,1.565597
gen-access_control-023,access_control,generated,root-preserving,alpha-unused,patched,True,accepted,19,267,0.660151
gen-access_control-023,access_control,generated,root-preserving,swap-independent,patched,True,accepted,19,255,0.691378
gen-access_control-023,access_control,generated,root-preserving,guard-dual,patched,True,accepted,19,225,0.615575
gen-access_control-023,access_control,generated,root-flipping,close-root,vulnerable,True,accepted,16,202,0.530729
gen-access_control-023,access_control,generated,root-flipping,open-root,patched,True,accepted,16,201,0.481586
gen-access_control-024,access_control,generated,root-preserving,root-stutter,vulnerable,True,accepted,19,235,1.350217
gen-access_control-024,access_control,generated,root-preserving,alpha-unused,vulnerable,True,accepted,19,273,0.63902
gen-access_control-024,access_control,generated,root-preserving,swap-independent,vulnerable,True,accepted,19,261,0.545671
gen-access_control-024,access_control,generated,root-preserving,root-stutter,patched,True,accepted,19,229,0.594443
gen-access_control-024,access_control,generated,root-preserving,alpha-unused,patched,True,accepted,19,267,0.535557
gen-access_control-024,access_control,generated,root-preserving,swap-independent,patched,True,accepted,19,255,0.809002
gen-access_control-024,access_control,generated,root-preserving,guard-dual,patched,True,accepted,19,225,0.576537
gen-access_control-024,access_control,generated,root-flipping,close-root,vulnerable,True,accepted,16,202,0.565411
gen-access_control-024,access_control,generated,root-flipping,open-root,patched,True,accepted,16,201,0.547303
gen-access_control-025,access_control,generated,root-preserving,root-stutter,vulnerable,True,accepted,19,235,0.67294
gen-access_control-025,access_control,generated,root-preserving,alpha-unused,vulnerable,True,accepted,19,273,0.488446
gen-access_control-025,access_control,generated,root-preserving,swap-independent,vulnerable,True,accepted,19,261,0.469578
gen-access_control-025,access_control,generated,root-preserving,root-stutter,patched,True,accepted,19,229,0.528926
gen-access_control-025,access_control,generated,root-preserving,alpha-unused,patched,True,accepted,19,267,0.545641
gen-access_control-025,access_control,generated,root-preserving,swap-independent,patched,True,accepted,19,255,0.600552
gen-access_control-025,access_control,generated,root-preserving,guard-dual,patched,True,accepted,19,225,0.844716
gen-access_control-025,access_control,generated,root-flipping,close-root,vulnerable,True,accepted,16,202,0.552842
gen-access_control-025,access_control,generated,root-flipping,open-root,patched,True,accepted,16,201,0.534795
gen-access_control-026,access_control,generated,root-preserving,root-stutter,vulnerable,True,accepted,19,235,0.49116
gen-access_control-026,access_control,generated,root-preserving,alpha-unused,vulnerable,True,accepted,19,273,0.574655
gen-access_control-026,access_control,generated,root-preserving,swap-independent,vulnerable,True,accepted,19,261,0.465662
gen-access_control-026,access_control,generated,root-preserving,root-stutter,patched,True,accepted,19,229,0.647403
gen-access_control-026,access_control,generated,root-preserving,alpha-unused,patched,True,accepted,19,267,0.572641
gen-access_control-026,access_control,generated,root-preserving,swap-independent,patched,True,accepted,19,255,0.519002
gen-access_control-026,access_control,generated,root-preserving,guard-dual,patched,True,accepted,19,225,0.523188
gen-access_control-026,access_control,generated,root-flipping,close-root,vulnerable,True,accepted,16,202,0.487585
gen-access_control-026,access_control,generated,root-flipping,open-root,patched,True,accepted,16,201,0.473694
gen-access_control-027,access_control,generated,root-preserving,root-stutter,vulnerable,True,accepted,19,235,0.57189
gen-access_control-027,access_control,generated,root-preserving,alpha-unused,vulnerable,True,accepted,19,273,0.545541
gen-access_control-027,access_control,generated,root-preserving,swap-independent,vulnerable,True,accepted,19,261,0.449178
gen-access_control-027,access_control,generated,root-preserving,root-stutter,patched,True,accepted,19,229,0.570979
gen-access_control-027,access_control,generated,root-preserving,alpha-unused,patched,True,accepted,19,267,0.555376
gen-access_control-027,access_control,generated,root-preserving,swap-independent,patched,True,accepted,19,255,0.513984
gen-access_control-027,access_control,generated,root-preserving,guard-dual,patched,True,accepted,19,225,0.535195
gen-access_control-027,access_control,generated,root-flipping,close-root,vulnerable,True,accepted,16,202,0.572101
gen-access_control-027,access_control,generated,root-flipping,open-root,patched,True,accepted,16,201,0.550949
gen-access_control-028,access_control,generated,root-preserving,root-stutter,vulnerable,True,accepted,19,235,0.473675
gen-access_control-028,access_control,generated,root-preserving,alpha-unused,vulnerable,True,accepted,19,273,0.490399
gen-access_control-028,access_control,generated,root-preserving,swap-independent,vulnerable,True,accepted,19,261,0.439893
gen-access_control-028,access_control,generated,root-preserving,root-stutter,patched,True,accepted,19,229,0.550078
gen-access_control-028,access_control,generated,root-preserving,alpha-unused,patched,True,accepted,19,267,0.543678
gen-access_control-028,access_control,generated,root-preserving,swap-independent,patched,True,accepted,19,255,0.507634
gen-access_control-028,access_control,generated,root-preserving,guard-dual,patched,True,accepted,19,225,0.664418
gen-access_control-028,access_control,generated,root-flipping,close-root,vulnerable,True,accepted,16,202,0.488586
gen-access_control-028,access_control,generated,root-flipping,open-root,patched,True,accepted,16,201,0.493123
gen-access_control-029,access_control,generated,root-preserving,root-stutter,vulnerable,True,accepted,19,235,0.480454
gen-access_control-029,access_control,generated,root-preserving,alpha-unused,vulnerable,True,accepted,19,273,0.481236
gen-access_control-029,access_control,generated,root-preserving,swap-independent,vulnerable,True,accepted,19,261,0.447095
gen-access_control-029,access_control,generated,root-preserving,root-stutter,patched,True,accepted,19,229,0.547393
gen-access_control-029,access_control,generated,root-preserving,alpha-unused,patched,True,accepted,19,267,0.672239
gen-access_control-029,access_control,generated,root-preserving,swap-independent,patched,True,accepted,19,255,0.535936
gen-access_control-029,access_control,generated,root-preserving,guard-dual,patched,True,accepted,19,225,0.527294
gen-access_control-029,access_control,generated,root-flipping,close-root,vulnerable,True,accepted,16,202,0.534484
gen-access_control-029,access_control,generated,root-flipping,open-root,patched,True,accepted,16,201,0.522237
gen-access_control-030,access_control,generated,root-preserving,root-stutter,vulnerable,True,accepted,19,235,0.633832
gen-access_control-030,access_control,generated,root-preserving,alpha-unused,vulnerable,True,accepted,19,273,0.472683
gen-access_control-030,access_control,generated,root-preserving,swap-independent,vulnerable,True,accepted,19,261,0.458762
gen-access_control-030,access_control,generated,root-preserving,root-stutter,patched,True,accepted,19,229,0.547915
gen-access_control-030,access_control,generated,root-preserving,alpha-unused,patched,True,accepted,19,267,0.541455
gen-access_control-030,access_control,generated,root-preserving,swap-independent,patched,True,accepted,19,255,0.503298
gen-access_control-030,access_control,generated,root-preserving,guard-dual,patched,True,accepted,19,225,0.847119
gen-access_control-030,access_control,generated,root-flipping,close-root,vulnerable,True,accepted,16,202,0.53813
gen-access_control-030,access_control,generated,root-flipping,open-root,patched,True,accepted,16,201,0.475477
gen-access_control-031,access_control,generated,root-preserving,root-stutter,vulnerable,True,accepted,19,235,0.511941
gen-access_control-031,access_control,generated,root-preserving,alpha-unused,vulnerable,True,accepted,19,273,0.46484
gen-access_control-031,access_control,generated,root-preserving,swap-independent,vulnerable,True,accepted,19,261,0.469568
gen-access_control-031,access_control,generated,root-preserving,root-stutter,patched,True,accepted,19,229,0.645349
gen-access_control-031,access_control,generated,root-preserving,alpha-unused,patched,True,accepted,19,267,0.565029
gen-access_control-031,access_control,generated,root-preserving,swap-independent,patched,True,accepted,19,255,0.528996
gen-access_control-031,access_control,generated,root-preserving,guard-dual,patched,True,accepted,19,225,0.565341
gen-access_control-031,access_control,generated,root-flipping,close-root,vulnerable,True,accepted,16,202,0.551711
gen-access_control-031,access_control,generated,root-flipping,open-root,patched,True,accepted,16,201,0.473885
gen-access_control-032,access_control,generated,root-preserving,root-stutter,vulnerable,True,accepted,19,235,0.486253
gen-access_control-032,access_control,generated,root-preserving,alpha-unused,vulnerable,True,accepted,19,273,0.456759
gen-access_control-032,access_control,generated,root-preserving,swap-independent,vulnerable,True,accepted,19,261,0.453545
gen-access_control-032,access_control,generated,root-preserving,root-stutter,patched,True,accepted,19,229,0.532532
gen-access_control-032,access_control,generated,root-preserving,alpha-unused,patched,True,accepted,19,267,0.52485
gen-access_control-032,access_control,generated,root-preserving,swap-independent,patched,True,accepted,19,255,0.53789
gen-access_control-032,access_control,generated,root-preserving,guard-dual,patched,True,accepted,19,225,0.513734
gen-access_control-032,access_control,generated,root-flipping,close-root,vulnerable,True,accepted,16,202,0.501356
gen-access_control-032,access_control,generated,root-flipping,open-root,patched,True,accepted,16,201,0.461366
gen-access_control-033,access_control,generated,root-preserving,root-stutter,vulnerable,True,accepted,19,235,0.481405
gen-access_control-033,access_control,generated,root-preserving,alpha-unused,vulnerable,True,accepted,19,273,0.461125
gen-access_control-033,access_control,generated,root-preserving,swap-independent,vulnerable,True,accepted,19,261,0.458601
gen-access_control-033,access_control,generated,root-preserving,root-stutter,patched,True,accepted,19,229,0.617849
gen-access_control-033,access_control,generated,root-preserving,alpha-unused,patched,True,accepted,19,267,0.59188
gen-access_control-033,access_control,generated,root-preserving,swap-independent,patched,True,accepted,19,255,0.533102
gen-access_control-033,access_control,generated,root-preserving,guard-dual,patched,True,accepted,19,225,0.510188
gen-access_control-033,access_control,generated,root-flipping,close-root,vulnerable,True,accepted,16,202,0.548135
gen-access_control-033,access_control,generated,root-flipping,open-root,patched,True,accepted,16,201,0.480505
gen-access_control-034,access_control,generated,root-preserving,root-stutter,vulnerable,True,accepted,19,235,0.482587
gen-access_control-034,access_control,generated,root-preserving,alpha-unused,vulnerable,True,accepted,19,273,0.462677
gen-access_control-034,access_control,generated,root-preserving,swap-independent,vulnerable,True,accepted,19,261,0.470319
gen-access_control-034,access_control,generated,root-preserving,root-stutter,patched,True,accepted,19,229,0.652861
gen-access_control-034,access_control,generated,root-preserving,alpha-unused,patched,True,accepted,19,267,0.917003
gen-access_control-034,access_control,generated,root-preserving,swap-independent,patched,True,accepted,19,255,1.803391
gen-access_control-034,access_control,generated,root-preserving,guard-dual,patched,True,accepted,19,225,0.662996
gen-access_control-034,access_control,generated,root-flipping,close-root,vulnerable,True,accepted,16,202,0.614794
gen-access_control-034,access_control,generated,root-flipping,open-root,patched,True,accepted,16,201,0.655335
gen-access_control-035,access_control,generated,root-preserving,root-stutter,vulnerable,True,accepted,19,235,1.733728
gen-access_control-035,access_control,generated,root-preserving,alpha-unused,vulnerable,True,accepted,19,273,0.653411
gen-access_control-035,access_control,generated,root-preserving,swap-independent,vulnerable,True,accepted,19,261,0.596968
gen-access_control-035,access_control,generated,root-preserving,root-stutter,patched,True,accepted,19,229,0.561124
gen-access_control-035,access_control,generated,root-preserving,alpha-unused,patched,True,accepted,19,267,0.935661
gen-access_control-035,access_control,generated,root-preserving,swap-independent,patched,True,accepted,19,255,0.568645
gen-access_control-035,access_control,generated,root-preserving,guard-dual,patched,True,accepted,19,225,0.530198
gen-access_control-035,access_control,generated,root-flipping,close-root,vulnerable,True,accepted,16,202,0.527504
gen-access_control-035,access_control,generated,root-flipping,open-root,patched,True,accepted,16,201,0.479392
gen-access_control-036,access_control,generated,root-preserving,root-stutter,vulnerable,True,accepted,19,235,0.504871
gen-access_control-036,access_control,generated,root-preserving,alpha-unused,vulnerable,True,accepted,19,273,0.654433
gen-access_control-036,access_control,generated,root-preserving,swap-independent,vulnerable,True,accepted,19,261,0.461966
gen-access_control-036,access_control,generated,root-preserving,root-stutter,patched,True,accepted,19,229,0.572892
gen-access_control-036,access_control,generated,root-preserving,alpha-unused,patched,True,accepted,19,267,0.538029
gen-access_control-036,access_control,generated,root-preserving,swap-independent,patched,True,accepted,19,255,0.557629
gen-access_control-036,access_control,generated,root-preserving,guard-dual,patched,True,accepted,19,225,0.627282
gen-access_control-036,access_control,generated,root-flipping,close-root,vulnerable,True,accepted,16,202,0.490109
gen-access_control-036,access_control,generated,root-flipping,open-root,patched,True,accepted,16,201,0.653151
gen-access_control-037,access_control,generated,root-preserving,root-stutter,vulnerable,True,accepted,19,235,0.487985
gen-access_control-037,access_control,generated,root-preserving,alpha-unused,vulnerable,True,accepted,19,273,0.508226
gen-access_control-037,access_control,generated,root-preserving,swap-independent,vulnerable,True,accepted,19,261,0.449328
gen-access_control-037,access_control,generated,root-preserving,root-stutter,patched,True,accepted,19,229,0.583768
gen-access_control-037,access_control,generated,root-preserving,alpha-unused,patched,True,accepted,19,267,0.556548
gen-access_control-037,access_control,generated,root-preserving,swap-independent,patched,True,accepted,19,255,0.530449
gen-access_control-037,access_control,generated,root-preserving,guard-dual,patched,True,accepted,19,225,0.67281
gen-access_control-037,access_control,generated,root-flipping,close-root,vulnerable,True,accepted,16,202,0.795642
gen-access_control-037,access_control,generated,root-flipping,open-root,patched,True,accepted,16,201,0.523298
gen-access_control-038,access_control,generated,root-preserving,root-stutter,vulnerable,True,accepted,19,235,0.525802
gen-access_control-038,access_control,generated,root-preserving,alpha-unused,vulnerable,True,accepted,19,273,0.47751
gen-access_control-038,access_control,generated,root-preserving,swap-independent,vulnerable,True,accepted,19,261,0.472392
gen-access_control-038,access_control,generated,root-preserving,root-stutter,patched,True,accepted,19,229,0.85482
gen-access_control-038,access_control,generated,root-preserving,alpha-unused,patched,True,accepted,19,267,0.646962
gen-access_control-038,access_control,generated,root-preserving,swap-independent,patched,True,accepted,19,255,0.542637
gen-access_control-038,access_control,generated,root-preserving,guard-dual,patched,True,accepted,19,225,0.528376
gen-access_control-038,access_control,generated,root-flipping,close-root,vulnerable,True,accepted,16,202,0.586572
gen-access_control-038,access_control,generated,root-flipping,open-root,patched,True,accepted,16,201,0.512142
gen-access_control-039,access_control,generated,root-preserving,root-stutter,vulnerable,True,accepted,19,235,0.601194
gen-access_control-039,access_control,generated,root-preserving,alpha-unused,vulnerable,True,accepted,19,273,0.513834
gen-access_control-039,access_control,generated,root-preserving,swap-independent,vulnerable,True,accepted,19,261,0.440395
gen-access_control-039,access_control,generated,root-preserving,root-stutter,patched,True,accepted,19,229,0.552241
gen-access_control-039,access_control,generated,root-preserving,alpha-unused,patched,True,accepted,19,267,0.565962
gen-access_control-039,access_control,generated,root-preserving,swap-independent,patched,True,accepted,19,255,0.508245
gen-access_control-039,access_control,generated,root-preserving,guard-dual,patched,True,accepted,19,225,0.533703
gen-access_control-039,access_control,generated,root-flipping,close-root,vulnerable,True,accepted,16,202,0.473524
gen-access_control-039,access_control,generated,root-flipping,open-root,patched,True,accepted,16,201,0.599551
pub-access_control-00,access_control,synthetic-reference-tagged,root-preserving,root-stutter,vulnerable,True,accepted,19,233,0.486433
pub-access_control-00,access_control,synthetic-reference-tagged,root-preserving,alpha-unused,vulnerable,True,accepted,19,271,0.488856
pub-access_control-00,access_control,synthetic-reference-tagged,root-preserving,swap-independent,vulnerable,True,accepted,19,259,0.456248
pub-access_control-00,access_control,synthetic-reference-tagged,root-preserving,root-stutter,patched,True,accepted,19,227,0.590658
pub-access_control-00,access_control,synthetic-reference-tagged,root-preserving,alpha-unused,patched,True,accepted,19,265,0.546172
pub-access_control-00,access_control,synthetic-reference-tagged,root-preserving,swap-independent,patched,True,accepted,19,253,0.522737
pub-access_control-00,access_control,synthetic-reference-tagged,root-preserving,guard-dual,patched,True,accepted,19,223,0.705679
pub-access_control-00,access_control,synthetic-reference-tagged,root-flipping,close-root,vulnerable,True,accepted,16,200,0.501265
pub-access_control-00,access_control,synthetic-reference-tagged,root-flipping,open-root,patched,True,accepted,16,199,0.501606
pub-access_control-01,access_control,synthetic-reference-tagged,root-preserving,root-stutter,vulnerable,True,accepted,19,233,0.499742
pub-access_control-01,access_control,synthetic-reference-tagged,root-preserving,alpha-unused,vulnerable,True,accepted,19,271,0.502667
pub-access_control-01,access_control,synthetic-reference-tagged,root-preserving,swap-independent,vulnerable,True,accepted,19,259,0.469168
pub-access_control-01,access_control,synthetic-reference-tagged,root-preserving,root-stutter,patched,True,accepted,19,227,0.542086
pub-access_control-01,access_control,synthetic-reference-tagged,root-preserving,alpha-unused,patched,True,accepted,19,265,0.687322
pub-access_control-01,access_control,synthetic-reference-tagged,root-preserving,swap-independent,patched,True,accepted,19,253,0.526933
pub-access_control-01,access_control,synthetic-reference-tagged,root-preserving,guard-dual,patched,True,accepted,19,223,0.529016
pub-access_control-01,access_control,synthetic-reference-tagged,root-flipping,close-root,vulnerable,True,accepted,16,200,0.468296
pub-access_control-01,access_control,synthetic-reference-tagged,root-flipping,open-root,patched,True,accepted,16,199,0.505331
pub-access_control-02,access_control,synthetic-reference-tagged,root-preserving,root-stutter,vulnerable,True,accepted,19,233,0.490289
pub-access_control-02,access_control,synthetic-reference-tagged,root-preserving,alpha-unused,vulnerable,True,accepted,19,271,0.579651
pub-access_control-02,access_control,synthetic-reference-tagged,root-preserving,swap-independent,vulnerable,True,accepted,19,259,0.57205
pub-access_control-02,access_control,synthetic-reference-tagged,root-preserving,root-stutter,patched,True,accepted,19,227,0.559651
pub-access_control-02,access_control,synthetic-reference-tagged,root-preserving,alpha-unused,patched,True,accepted,19,265,0.552932
pub-access_control-02,access_control,synthetic-reference-tagged,root-preserving,swap-independent,patched,True,accepted,19,253,0.551059
pub-access_control-02,access_control,synthetic-reference-tagged,root-preserving,guard-dual,patched,True,accepted,19,223,0.588214
pub-access_control-02,access_control,synthetic-reference-tagged,root-flipping,close-root,vulnerable,True,accepted,16,200,0.557259
pub-access_control-02,access_control,synthetic-reference-tagged,root-flipping,open-root,patched,True,accepted,16,199,0.481495
gen-reentrancy-000,reentrancy,generated,root-preserving,root-stutter,vulnerable,True,accepted,13,227,0.5649
gen-reentrancy-000,reentrancy,generated,root-preserving,alpha-unused,vulnerable,True,accepted,13,265,0.492182
gen-reentrancy-000,reentrancy,generated,root-preserving,swap-independent,vulnerable,True,accepted,13,253,0.462347
gen-reentrancy-000,reentrancy,generated,root-preserving,root-stutter,patched,True,accepted,13,221,0.554044
gen-reentrancy-000,reentrancy,generated,root-preserving,alpha-unused,patched,True,accepted,13,259,0.516829
gen-reentrancy-000,reentrancy,generated,root-preserving,swap-independent,patched,True,accepted,13,247,0.630207
gen-reentrancy-000,reentrancy,generated,root-flipping,close-root,vulnerable,True,accepted,12,194,0.581324
gen-reentrancy-000,reentrancy,generated,root-flipping,open-root,patched,True,accepted,12,193,0.530999
gen-reentrancy-001,reentrancy,generated,root-preserving,root-stutter,vulnerable,True,accepted,13,227,0.509908
gen-reentrancy-001,reentrancy,generated,root-preserving,alpha-unused,vulnerable,True,accepted,13,265,0.481896
gen-reentrancy-001,reentrancy,generated,root-preserving,swap-independent,vulnerable,True,accepted,13,253,0.493374
gen-reentrancy-001,reentrancy,generated,root-preserving,root-stutter,patched,True,accepted,13,221,0.521214
gen-reentrancy-001,reentrancy,generated,root-preserving,alpha-unused,patched,True,accepted,13,259,0.526813
gen-reentrancy-001,reentrancy,generated,root-preserving,swap-independent,patched,True,accepted,13,247,0.722995
gen-reentrancy-001,reentrancy,generated,root-flipping,close-root,vulnerable,True,accepted,12,194,0.565631
gen-reentrancy-001,reentrancy,generated,root-flipping,open-root,patched,True,accepted,12,193,0.580794
gen-reentrancy-002,reentrancy,generated,root-preserving,root-stutter,vulnerable,True,accepted,13,227,0.503869
gen-reentrancy-002,reentrancy,generated,root-preserving,alpha-unused,vulnerable,True,accepted,13,265,0.522497
gen-reentrancy-002,reentrancy,generated,root-preserving,swap-independent,vulnerable,True,accepted,13,253,0.467655
gen-reentrancy-002,reentrancy,generated,root-preserving,root-stutter,patched,True,accepted,13,221,0.546202
gen-reentrancy-002,reentrancy,generated,root-preserving,alpha-unused,patched,True,accepted,13,259,0.638178
gen-reentrancy-002,reentrancy,generated,root-preserving,swap-independent,patched,True,accepted,13,247,0.528005
gen-reentrancy-002,reentrancy,generated,root-flipping,close-root,vulnerable,True,accepted,12,194,0.516949
gen-reentrancy-002,reentrancy,generated,root-flipping,open-root,patched,True,accepted,12,193,0.49061
gen-reentrancy-003,reentrancy,generated,root-preserving,root-stutter,vulnerable,True,accepted,13,227,0.556057
gen-reentrancy-003,reentrancy,generated,root-preserving,alpha-unused,vulnerable,True,accepted,13,265,0.476959
gen-reentrancy-003,reentrancy,generated,root-preserving,swap-independent,vulnerable,True,accepted,13,253,0.479312
gen-reentrancy-003,reentrancy,generated,root-preserving,root-stutter,patched,True,accepted,13,221,0.505161
gen-reentrancy-003,reentrancy,generated,root-preserving,alpha-unused,patched,True,accepted,13,259,0.522116
gen-reentrancy-003,reentrancy,generated,root-preserving,swap-independent,patched,True,accepted,13,247,0.508686
gen-reentrancy-003,reentrancy,generated,root-flipping,close-root,vulnerable,True,accepted,12,194,0.479954
gen-reentrancy-003,reentrancy,generated,root-flipping,open-root,patched,True,accepted,12,193,0.467175
gen-reentrancy-004,reentrancy,generated,root-preserving,root-stutter,vulnerable,True,accepted,13,227,0.539422
gen-reentrancy-004,reentrancy,generated,root-preserving,alpha-unused,vulnerable,True,accepted,13,265,0.537178
gen-reentrancy-004,reentrancy,generated,root-preserving,swap-independent,vulnerable,True,accepted,13,253,0.469728
gen-reentrancy-004,reentrancy,generated,root-preserving,root-stutter,patched,True,accepted,13,221,0.561866
gen-reentrancy-004,reentrancy,generated,root-preserving,alpha-unused,patched,True,accepted,13,259,0.515005
gen-reentrancy-004,reentrancy,generated,root-preserving,swap-independent,patched,True,accepted,13,247,0.524479
gen-reentrancy-004,reentrancy,generated,root-flipping,close-root,vulnerable,True,accepted,12,194,0.480194
gen-reentrancy-004,reentrancy,generated,root-flipping,open-root,patched,True,accepted,12,193,0.519082
gen-reentrancy-005,reentrancy,generated,root-preserving,root-stutter,vulnerable,True,accepted,13,227,0.493854
gen-reentrancy-005,reentrancy,generated,root-preserving,alpha-unused,vulnerable,True,accepted,13,265,0.47136
gen-reentrancy-005,reentrancy,generated,root-preserving,swap-independent,vulnerable,True,accepted,13,253,0.467114
gen-reentrancy-005,reentrancy,generated,root-preserving,root-stutter,patched,True,accepted,13,221,0.514735
gen-reentrancy-005,reentrancy,generated,root-preserving,alpha-unused,patched,True,accepted,13,259,0.720542
gen-reentrancy-005,reentrancy,generated,root-preserving,swap-independent,patched,True,accepted,13,247,0.524971
gen-reentrancy-005,reentrancy,generated,root-flipping,close-root,vulnerable,True,accepted,12,194,0.53092
gen-reentrancy-005,reentrancy,generated,root-flipping,open-root,patched,True,accepted,12,193,0.466513
gen-reentrancy-006,reentrancy,generated,root-preserving,root-stutter,vulnerable,True,accepted,13,227,0.5713
gen-reentrancy-006,reentrancy,generated,root-preserving,alpha-unused,vulnerable,True,accepted,13,265,0.549507
gen-reentrancy-006,reentrancy,generated,root-preserving,swap-independent,vulnerable,True,accepted,13,253,0.514214
gen-reentrancy-006,reentrancy,generated,root-preserving,root-stutter,patched,True,accepted,13,221,0.567343
gen-reentrancy-006,reentrancy,generated,root-preserving,alpha-unused,patched,True,accepted,13,259,0.51079
gen-reentrancy-006,reentrancy,generated,root-preserving,swap-independent,patched,True,accepted,13,247,0.536207
gen-reentrancy-006,reentrancy,generated,root-flipping,close-root,vulnerable,True,accepted,12,194,0.477019
gen-reentrancy-006,reentrancy,generated,root-flipping,open-root,patched,True,accepted,12,193,0.486133
gen-reentrancy-007,reentrancy,generated,root-preserving,root-stutter,vulnerable,True,accepted,13,227,0.500464
gen-reentrancy-007,reentrancy,generated,root-preserving,alpha-unused,vulnerable,True,accepted,13,265,0.76702
gen-reentrancy-007,reentrancy,generated,root-preserving,swap-independent,vulnerable,True,accepted,13,253,0.531861
gen-reentrancy-007,reentrancy,generated,root-preserving,root-stutter,patched,True,accepted,13,221,0.574123
gen-reentrancy-007,reentrancy,generated,root-preserving,alpha-unused,patched,True,accepted,13,259,0.520303
gen-reentrancy-007,reentrancy,generated,root-preserving,swap-independent,patched,True,accepted,13,247,0.525972
gen-reentrancy-007,reentrancy,generated,root-flipping,close-root,vulnerable,True,accepted,12,194,0.492562
gen-reentrancy-007,reentrancy,generated,root-flipping,open-root,patched,True,accepted,12,193,0.616376
gen-reentrancy-008,reentrancy,generated,root-preserving,root-stutter,vulnerable,True,accepted,13,227,0.513884
gen-reentrancy-008,reentrancy,generated,root-preserving,alpha-unused,vulnerable,True,accepted,13,265,0.505572
gen-reentrancy-008,reentrancy,generated,root-preserving,swap-independent,vulnerable,True,accepted,13,253,0.465092
gen-reentrancy-008,reentrancy,generated,root-preserving,root-stutter,patched,True,accepted,13,221,0.526713
gen-reentrancy-008,reentrancy,generated,root-preserving,alpha-unused,patched,True,accepted,13,259,0.606432
gen-reentrancy-008,reentrancy,generated,root-preserving,swap-independent,patched,True,accepted,13,247,0.505121
gen-reentrancy-008,reentrancy,generated,root-flipping,close-root,vulnerable,True,accepted,12,194,0.499373
gen-reentrancy-008,reentrancy,generated,root-flipping,open-root,patched,True,accepted,12,193,0.471671
gen-reentrancy-009,reentrancy,generated,root-preserving,root-stutter,vulnerable,True,accepted,13,227,0.499403
gen-reentrancy-009,reentrancy,generated,root-preserving,alpha-unused,vulnerable,True,accepted,13,265,0.474275
gen-reentrancy-009,reentrancy,generated,root-preserving,swap-independent,vulnerable,True,accepted,13,253,0.507054
gen-reentrancy-009,reentrancy,generated,root-preserving,root-stutter,patched,True,accepted,13,221,0.519763
gen-reentrancy-009,reentrancy,generated,root-preserving,alpha-unused,patched,True,accepted,13,259,0.510659
gen-reentrancy-009,reentrancy,generated,root-preserving,swap-independent,patched,True,accepted,13,247,0.530518
gen-reentrancy-009,reentrancy,generated,root-flipping,close-root,vulnerable,True,accepted,12,194,0.479623
gen-reentrancy-009,reentrancy,generated,root-flipping,open-root,patched,True,accepted,12,193,0.489127
gen-reentrancy-010,reentrancy,generated,root-preserving,root-stutter,vulnerable,True,accepted,13,227,0.48465
gen-reentrancy-010,reentrancy,generated,root-preserving,alpha-unused,vulnerable,True,accepted,13,265,0.500755
gen-reentrancy-010,reentrancy,generated,root-preserving,swap-independent,vulnerable,True,accepted,13,253,0.469999
gen-reentrancy-010,reentrancy,generated,root-preserving,root-stutter,patched,True,accepted,13,221,0.599241
gen-reentrancy-010,reentrancy,generated,root-preserving,alpha-unused,patched,True,accepted,13,259,0.550769
gen-reentrancy-010,reentrancy,generated,root-preserving,swap-independent,patched,True,accepted,13,247,0.501625
gen-reentrancy-010,reentrancy,generated,root-flipping,close-root,vulnerable,True,accepted,12,194,0.666851
gen-reentrancy-010,reentrancy,generated,root-flipping,open-root,patched,True,accepted,12,193,0.497119
gen-reentrancy-011,reentrancy,generated,root-preserving,root-stutter,vulnerable,True,accepted,13,227,0.549707
gen-reentrancy-011,reentrancy,generated,root-preserving,alpha-unused,vulnerable,True,accepted,13,265,0.704096
gen-reentrancy-011,reentrancy,generated,root-preserving,swap-independent,vulnerable,True,accepted,13,253,0.478641
gen-reentrancy-011,reentrancy,generated,root-preserving,root-stutter,patched,True,accepted,13,221,0.567684
gen-reentrancy-011,reentrancy,generated,root-preserving,alpha-unused,patched,True,accepted,13,259,0.519602
gen-reentrancy-011,reentrancy,generated,root-preserving,swap-independent,patched,True,accepted,13,247,0.512061
gen-reentrancy-011,reentrancy,generated,root-flipping,close-root,vulnerable,True,accepted,12,194,0.480655
gen-reentrancy-011,reentrancy,generated,root-flipping,open-root,patched,True,accepted,12,193,0.511911
gen-reentrancy-012,reentrancy,generated,root-preserving,root-stutter,vulnerable,True,accepted,13,227,0.607713
gen-reentrancy-012,reentrancy,generated,root-preserving,alpha-unused,vulnerable,True,accepted,13,265,0.489758
gen-reentrancy-012,reentrancy,generated,root-preserving,swap-independent,vulnerable,True,accepted,13,253,0.60511
gen-reentrancy-012,reentrancy,generated,root-preserving,root-stutter,patched,True,accepted,13,221,0.54475
gen-reentrancy-012,reentrancy,generated,root-preserving,alpha-unused,patched,True,accepted,13,259,0.539492
gen-reentrancy-012,reentrancy,generated,root-preserving,swap-independent,patched,True,accepted,13,247,0.503398
gen-reentrancy-012,reentrancy,generated,root-flipping,close-root,vulnerable,True,accepted,12,194,0.51777
gen-reentrancy-012,reentrancy,generated,root-flipping,open-root,patched,True,accepted,12,193,0.516568
gen-reentrancy-013,reentrancy,generated,root-preserving,root-stutter,vulnerable,True,accepted,13,227,0.502537
gen-reentrancy-013,reentrancy,generated,root-preserving,alpha-unused,vulnerable,True,accepted,13,265,0.492822
gen-reentrancy-013,reentrancy,generated,root-preserving,swap-independent,vulnerable,True,accepted,13,253,0.470249
gen-reentrancy-013,reentrancy,generated,root-preserving,root-stutter,patched,True,accepted,13,221,0.526432
gen-reentrancy-013,reentrancy,generated,root-preserving,alpha-unused,patched,True,accepted,13,259,0.495757
gen-reentrancy-013,reentrancy,generated,root-preserving,swap-independent,patched,True,accepted,13,247,0.536217
gen-reentrancy-013,reentrancy,generated,root-flipping,close-root,vulnerable,True,accepted,12,194,0.478621
gen-reentrancy-013,reentrancy,generated,root-flipping,open-root,patched,True,accepted,12,193,0.481626
gen-reentrancy-014,reentrancy,generated,root-preserving,root-stutter,vulnerable,True,accepted,13,227,0.480624
gen-reentrancy-014,reentrancy,generated,root-preserving,alpha-unused,vulnerable,True,accepted,13,265,0.490288
gen-reentrancy-014,reentrancy,generated,root-preserving,swap-independent,vulnerable,True,accepted,13,253,0.464321
gen-reentrancy-014,reentrancy,generated,root-preserving,root-stutter,patched,True,accepted,13,221,0.528275
gen-reentrancy-014,reentrancy,generated,root-preserving,alpha-unused,patched,True,accepted,13,259,0.525701
gen-reentrancy-014,reentrancy,generated,root-preserving,swap-independent,patched,True,accepted,13,247,0.526433
gen-reentrancy-014,reentrancy,generated,root-flipping,close-root,vulnerable,True,accepted,12,194,0.493804
gen-reentrancy-014,reentrancy,generated,root-flipping,open-root,patched,True,accepted,12,193,0.462447
gen-reentrancy-015,reentrancy,generated,root-preserving,root-stutter,vulnerable,True,accepted,13,227,0.48482
gen-reentrancy-015,reentrancy,generated,root-preserving,alpha-unused,vulnerable,True,accepted,13,265,0.4706
gen-reentrancy-015,reentrancy,generated,root-preserving,swap-independent,vulnerable,True,accepted,13,253,0.530288
gen-reentrancy-015,reentrancy,generated,root-preserving,root-stutter,patched,True,accepted,13,221,0.529116
gen-reentrancy-015,reentrancy,generated,root-preserving,alpha-unused,patched,True,accepted,13,259,0.559952
gen-reentrancy-015,reentrancy,generated,root-preserving,swap-independent,patched,True,accepted,13,247,0.495606
gen-reentrancy-015,reentrancy,generated,root-flipping,close-root,vulnerable,True,accepted,12,194,0.492202
gen-reentrancy-015,reentrancy,generated,root-flipping,open-root,patched,True,accepted,12,193,0.453684
gen-reentrancy-016,reentrancy,generated,root-preserving,root-stutter,vulnerable,True,accepted,13,227,0.507214
gen-reentrancy-016,reentrancy,generated,root-preserving,alpha-unused,vulnerable,True,accepted,13,265,0.669124
gen-reentrancy-016,reentrancy,generated,root-preserving,swap-independent,vulnerable,True,accepted,13,253,0.515907
gen-reentrancy-016,reentrancy,generated,root-preserving,root-stutter,patched,True,accepted,13,221,0.600222
gen-reentrancy-016,reentrancy,generated,root-preserving,alpha-unused,patched,True,accepted,13,259,0.521676
gen-reentrancy-016,reentrancy,generated,root-preserving,swap-independent,patched,True,accepted,13,247,0.534154
gen-reentrancy-016,reentrancy,generated,root-flipping,close-root,vulnerable,True,accepted,12,194,0.670237
gen-reentrancy-016,reentrancy,generated,root-flipping,open-root,patched,True,accepted,12,193,0.507074
gen-reentrancy-017,reentrancy,generated,root-preserving,root-stutter,vulnerable,True,accepted,13,227,0.509477
gen-reentrancy-017,reentrancy,generated,root-preserving,alpha-unused,vulnerable,True,accepted,13,265,0.476589
gen-reentrancy-017,reentrancy,generated,root-preserving,swap-independent,vulnerable,True,accepted,13,253,0.499552
gen-reentrancy-017,reentrancy,generated,root-preserving,root-stutter,patched,True,accepted,13,221,0.516297
gen-reentrancy-017,reentrancy,generated,root-preserving,alpha-unused,patched,True,accepted,13,259,0.611388
gen-reentrancy-017,reentrancy,generated,root-preserving,swap-independent,patched,True,accepted,13,247,0.537479
gen-reentrancy-017,reentrancy,generated,root-flipping,close-root,vulnerable,True,accepted,12,194,0.495887
gen-reentrancy-017,reentrancy,generated,root-flipping,open-root,patched,True,accepted,12,193,0.49133
gen-reentrancy-018,reentrancy,generated,root-preserving,root-stutter,vulnerable,True,accepted,13,227,0.482127
gen-reentrancy-018,reentrancy,generated,root-preserving,alpha-unused,vulnerable,True,accepted,13,265,0.514635
gen-reentrancy-018,reentrancy,generated,root-preserving,swap-independent,vulnerable,True,accepted,13,253,0.555185
gen-reentrancy-018,reentrancy,generated,root-preserving,root-stutter,patched,True,accepted,13,221,0.583808
gen-reentrancy-018,reentrancy,generated,root-preserving,alpha-unused,patched,True,accepted,13,259,1.174055
gen-reentrancy-018,reentrancy,generated,root-preserving,swap-independent,patched,True,accepted,13,247,0.637608
gen-reentrancy-018,reentrancy,generated,root-flipping,close-root,vulnerable,True,accepted,12,194,0.521886
gen-reentrancy-018,reentrancy,generated,root-flipping,open-root,patched,True,accepted,12,193,0.556697
gen-reentrancy-019,reentrancy,generated,root-preserving,root-stutter,vulnerable,True,accepted,13,227,0.520994
gen-reentrancy-019,reentrancy,generated,root-preserving,alpha-unused,vulnerable,True,accepted,13,265,0.503408
gen-reentrancy-019,reentrancy,generated,root-preserving,swap-independent,vulnerable,True,accepted,13,253,0.492602
gen-reentrancy-019,reentrancy,generated,root-preserving,root-stutter,patched,True,accepted,13,221,0.56468
gen-reentrancy-019,reentrancy,generated,root-preserving,alpha-unused,patched,True,accepted,13,259,0.621293
gen-reentrancy-019,reentrancy,generated,root-preserving,swap-independent,patched,True,accepted,13,247,0.808271
gen-reentrancy-019,reentrancy,generated,root-flipping,close-root,vulnerable,True,accepted,12,194,0.508346
gen-reentrancy-019,reentrancy,generated,root-flipping,open-root,patched,True,accepted,12,193,0.515407
gen-reentrancy-020,reentrancy,generated,root-preserving,root-stutter,vulnerable,True,accepted,13,227,0.508306
gen-reentrancy-020,reentrancy,generated,root-preserving,alpha-unused,vulnerable,True,accepted,13,265,0.589887
gen-reentrancy-020,reentrancy,generated,root-preserving,swap-independent,vulnerable,True,accepted,13,253,0.505552
gen-reentrancy-020,reentrancy,generated,root-preserving,root-stutter,patched,True,accepted,13,221,0.886297
gen-reentrancy-020,reentrancy,generated,root-preserving,alpha-unused,patched,True,accepted,13,259,0.545621
gen-reentrancy-020,reentrancy,generated,root-preserving,swap-independent,patched,True,accepted,13,247,0.520594
gen-reentrancy-020,reentrancy,generated,root-flipping,close-root,vulnerable,True,accepted,12,194,0.509608
gen-reentrancy-020,reentrancy,generated,root-flipping,open-root,patched,True,accepted,12,193,0.60546
gen-reentrancy-021,reentrancy,generated,root-preserving,root-stutter,vulnerable,True,accepted,13,227,0.497539
gen-reentrancy-021,reentrancy,generated,root-preserving,alpha-unused,vulnerable,True,accepted,13,265,0.5114
gen-reentrancy-021,reentrancy,generated,root-preserving,swap-independent,vulnerable,True,accepted,13,253,0.466924
gen-reentrancy-021,reentrancy,generated,root-preserving,root-stutter,patched,True,accepted,13,221,0.521415
gen-reentrancy-021,reentrancy,generated,root-preserving,alpha-unused,patched,True,accepted,13,259,0.528225
gen-reentrancy-021,reentrancy,generated,root-preserving,swap-independent,patched,True,accepted,13,247,0.572431
gen-reentrancy-021,reentrancy,generated,root-flipping,close-root,vulnerable,True,accepted,12,194,0.521895
gen-reentrancy-021,reentrancy,generated,root-flipping,open-root,patched,True,accepted,12,193,0.468477
gen-reentrancy-022,reentrancy,generated,root-preserving,root-stutter,vulnerable,True,accepted,13,227,0.498
gen-reentrancy-022,reentrancy,generated,root-preserving,alpha-unused,vulnerable,True,accepted,13,265,0.474986
gen-reentrancy-022,reentrancy,generated,root-preserving,swap-independent,vulnerable,True,accepted,13,253,0.512062
gen-reentrancy-022,reentrancy,generated,root-preserving,root-stutter,patched,True,accepted,13,221,0.646151
gen-reentrancy-022,reentrancy,generated,root-preserving,alpha-unused,patched,True,accepted,13,259,0.898155
gen-reentrancy-022,reentrancy,generated,root-preserving,swap-independent,patched,True,accepted,13,247,0.987468
gen-reentrancy-022,reentrancy,generated,root-flipping,close-root,vulnerable,True,accepted,12,194,0.594744
gen-reentrancy-022,reentrancy,generated,root-flipping,open-root,patched,True,accepted,12,193,0.559071
gen-reentrancy-023,reentrancy,generated,root-preserving,root-stutter,vulnerable,True,accepted,13,227,0.51137
gen-reentrancy-023,reentrancy,generated,root-preserving,alpha-unused,vulnerable,True,accepted,13,265,0.506353
gen-reentrancy-023,reentrancy,generated,root-preserving,swap-independent,vulnerable,True,accepted,13,253,0.459293
gen-reentrancy-023,reentrancy,generated,root-preserving,root-stutter,patched,True,accepted,13,221,0.623897
gen-reentrancy-023,reentrancy,generated,root-preserving,alpha-unused,patched,True,accepted,13,259,0.569537
gen-reentrancy-023,reentrancy,generated,root-preserving,swap-independent,patched,True,accepted,13,247,0.570949
gen-reentrancy-023,reentrancy,generated,root-flipping,close-root,vulnerable,True,accepted,12,194,0.533463
gen-reentrancy-023,reentrancy,generated,root-flipping,open-root,patched,True,accepted,12,193,0.478291
gen-reentrancy-024,reentrancy,generated,root-preserving,root-stutter,vulnerable,True,accepted,13,227,0.503999
gen-reentrancy-024,reentrancy,generated,root-preserving,alpha-unused,vulnerable,True,accepted,13,265,0.473865
gen-reentrancy-024,reentrancy,generated,root-preserving,swap-independent,vulnerable,True,accepted,13,253,0.471291
gen-reentrancy-024,reentrancy,generated,root-preserving,root-stutter,patched,True,accepted,13,221,0.527644
gen-reentrancy-024,reentrancy,generated,root-preserving,alpha-unused,patched,True,accepted,13,259,0.510609
gen-reentrancy-024,reentrancy,generated,root-preserving,swap-independent,patched,True,accepted,13,247,0.508776
gen-reentrancy-024,reentrancy,generated,root-flipping,close-root,vulnerable,True,accepted,12,194,0.503349
gen-reentrancy-024,reentrancy,generated,root-flipping,open-root,patched,True,accepted,12,193,0.495006
gen-reentrancy-025,reentrancy,generated,root-preserving,root-stutter,vulnerable,True,accepted,13,227,0.48416
gen-reentrancy-025,reentrancy,generated,root-preserving,alpha-unused,vulnerable,True,accepted,13,265,0.48437
gen-reentrancy-025,reentrancy,generated,root-preserving,swap-independent,vulnerable,True,accepted,13,253,0.459523
gen-reentrancy-025,reentrancy,generated,root-preserving,root-stutter,patched,True,accepted,13,221,0.649014
gen-reentrancy-025,reentrancy,generated,root-preserving,alpha-unused,patched,True,accepted,13,259,0.517439
gen-reentrancy-025,reentrancy,generated,root-preserving,swap-independent,patched,True,accepted,13,247,0.543147
gen-reentrancy-025,reentrancy,generated,root-flipping,close-root,vulnerable,True,accepted,12,194,0.488776
gen-reentrancy-025,reentrancy,generated,root-flipping,open-root,patched,True,accepted,12,193,0.541435
gen-reentrancy-026,reentrancy,generated,root-preserving,root-stutter,vulnerable,True,accepted,13,227,0.519062
gen-reentrancy-026,reentrancy,generated,root-preserving,alpha-unused,vulnerable,True,accepted,13,265,0.499312
gen-reentrancy-026,reentrancy,generated,root-preserving,swap-independent,vulnerable,True,accepted,13,253,0.478992
gen-reentrancy-026,reentrancy,generated,root-preserving,root-stutter,patched,True,accepted,13,221,0.509988
gen-reentrancy-026,reentrancy,generated,root-preserving,alpha-unused,patched,True,accepted,13,259,0.574294
gen-reentrancy-026,reentrancy,generated,root-preserving,swap-independent,patched,True,accepted,13,247,0.501626
gen-reentrancy-026,reentrancy,generated,root-flipping,close-root,vulnerable,True,accepted,12,194,0.498511
gen-reentrancy-026,reentrancy,generated,root-flipping,open-root,patched,True,accepted,12,193,0.462998
gen-reentrancy-027,reentrancy,generated,root-preserving,root-stutter,vulnerable,True,accepted,13,227,0.503188
gen-reentrancy-027,reentrancy,generated,root-preserving,alpha-unused,vulnerable,True,accepted,13,265,0.572311
gen-reentrancy-027,reentrancy,generated,root-preserving,swap-independent,vulnerable,True,accepted,13,253,0.487004
gen-reentrancy-027,reentrancy,generated,root-preserving,root-stutter,patched,True,accepted,13,221,0.57137
gen-reentrancy-027,reentrancy,generated,root-preserving,alpha-unused,patched,True,accepted,13,259,0.519943
gen-reentrancy-027,reentrancy,generated,root-preserving,swap-independent,patched,True,accepted,13,247,0.513653
gen-reentrancy-027,reentrancy,generated,root-flipping,close-root,vulnerable,True,accepted,12,194,0.474095
gen-reentrancy-027,reentrancy,generated,root-flipping,open-root,patched,True,accepted,12,193,0.480054
gen-reentrancy-028,reentrancy,generated,root-preserving,root-stutter,vulnerable,True,accepted,13,227,0.946447
gen-reentrancy-028,reentrancy,generated,root-preserving,alpha-unused,vulnerable,True,accepted,13,265,0.752539
gen-reentrancy-028,reentrancy,generated,root-preserving,swap-independent,vulnerable,True,accepted,13,253,0.597708
gen-reentrancy-028,reentrancy,generated,root-preserving,root-stutter,patched,True,accepted,13,221,0.604478
gen-reentrancy-028,reentrancy,generated,root-preserving,alpha-unused,patched,True,accepted,13,259,0.637718
gen-reentrancy-028,reentrancy,generated,root-preserving,swap-independent,patched,True,accepted,13,247,0.775623
gen-reentrancy-028,reentrancy,generated,root-flipping,close-root,vulnerable,True,accepted,12,194,0.570127
gen-reentrancy-028,reentrancy,generated,root-flipping,open-root,patched,True,accepted,12,193,0.48438
gen-reentrancy-029,reentrancy,generated,root-preserving,root-stutter,vulnerable,True,accepted,13,227,0.498151
gen-reentrancy-029,reentrancy,generated,root-preserving,alpha-unused,vulnerable,True,accepted,13,265,0.506623
gen-reentrancy-029,reentrancy,generated,root-preserving,swap-independent,vulnerable,True,accepted,13,253,0.613622
gen-reentrancy-029,reentrancy,generated,root-preserving,root-stutter,patched,True,accepted,13,221,0.730416
gen-reentrancy-029,reentrancy,generated,root-preserving,alpha-unused,patched,True,accepted,13,259,0.561094
gen-reentrancy-029,reentrancy,generated,root-preserving,swap-independent,patched,True,accepted,13,247,0.510549
gen-reentrancy-029,reentrancy,generated,root-flipping,close-root,vulnerable,True,accepted,12,194,0.529778
gen-reentrancy-029,reentrancy,generated,root-flipping,open-root,patched,True,accepted,12,193,0.481395
gen-reentrancy-030,reentrancy,generated,root-preserving,root-stutter,vulnerable,True,accepted,13,227,0.513574
gen-reentrancy-030,reentrancy,generated,root-preserving,alpha-unused,vulnerable,True,accepted,13,265,0.542887
gen-reentrancy-030,reentrancy,generated,root-preserving,swap-independent,vulnerable,True,accepted,13,253,0.509477
gen-reentrancy-030,reentrancy,generated,root-preserving,root-stutter,patched,True,accepted,13,221,0.539743
gen-reentrancy-030,reentrancy,generated,root-preserving,alpha-unused,patched,True,accepted,13,259,0.51094
gen-reentrancy-030,reentrancy,generated,root-preserving,swap-independent,patched,True,accepted,13,247,0.532041
gen-reentrancy-030,reentrancy,generated,root-flipping,close-root,vulnerable,True,accepted,12,194,0.488316
gen-reentrancy-030,reentrancy,generated,root-flipping,open-root,patched,True,accepted,12,193,0.49763
gen-reentrancy-031,reentrancy,generated,root-preserving,root-stutter,vulnerable,True,accepted,13,227,0.485953
gen-reentrancy-031,reentrancy,generated,root-preserving,alpha-unused,vulnerable,True,accepted,13,265,0.497549
gen-reentrancy-031,reentrancy,generated,root-preserving,swap-independent,vulnerable,True,accepted,13,253,0.469929
gen-reentrancy-031,reentrancy,generated,root-preserving,root-stutter,patched,True,accepted,13,221,0.552591
gen-reentrancy-031,reentrancy,generated,root-preserving,alpha-unused,patched,True,accepted,13,259,0.513844
gen-reentrancy-031,reentrancy,generated,root-preserving,swap-independent,patched,True,accepted,13,247,0.539472
gen-reentrancy-031,reentrancy,generated,root-flipping,close-root,vulnerable,True,accepted,12,194,0.502888
gen-reentrancy-031,reentrancy,generated,root-flipping,open-root,patched,True,accepted,12,193,0.473454
gen-reentrancy-032,reentrancy,generated,root-preserving,root-stutter,vulnerable,True,accepted,13,227,0.588094
gen-reentrancy-032,reentrancy,generated,root-preserving,alpha-unused,vulnerable,True,accepted,13,265,0.62547
gen-reentrancy-032,reentrancy,generated,root-preserving,swap-independent,vulnerable,True,accepted,13,253,0.828612
gen-reentrancy-032,reentrancy,generated,root-preserving,root-stutter,patched,True,accepted,13,221,0.634574
gen-reentrancy-032,reentrancy,generated,root-preserving,alpha-unused,patched,True,accepted,13,259,0.886688
gen-reentrancy-032,reentrancy,generated,root-preserving,swap-independent,patched,True,accepted,13,247,0.528846
gen-reentrancy-032,reentrancy,generated,root-flipping,close-root,vulnerable,True,accepted,12,194,0.654993
gen-reentrancy-032,reentrancy,generated,root-flipping,open-root,patched,True,accepted,12,193,0.671378
gen-reentrancy-033,reentrancy,generated,root-preserving,root-stutter,vulnerable,True,accepted,13,227,0.518942
gen-reentrancy-033,reentrancy,generated,root-preserving,alpha-unused,vulnerable,True,accepted,13,265,0.562766
gen-reentrancy-033,reentrancy,generated,root-preserving,swap-independent,vulnerable,True,accepted,13,253,0.84737
gen-reentrancy-033,reentrancy,generated,root-preserving,root-stutter,patched,True,accepted,13,221,0.677818
gen-reentrancy-033,reentrancy,generated,root-preserving,alpha-unused,patched,True,accepted,13,259,0.83423
gen-reentrancy-033,reentrancy,generated,root-preserving,swap-independent,patched,True,accepted,13,247,0.549788
gen-reentrancy-033,reentrancy,generated,root-flipping,close-root,vulnerable,True,accepted,12,194,0.557159
gen-reentrancy-033,reentrancy,generated,root-flipping,open-root,patched,True,accepted,12,193,0.494505
gen-reentrancy-034,reentrancy,generated,root-preserving,root-stutter,vulnerable,True,accepted,13,227,0.521855
gen-reentrancy-034,reentrancy,generated,root-preserving,alpha-unused,vulnerable,True,accepted,13,265,0.541605
gen-reentrancy-034,reentrancy,generated,root-preserving,swap-independent,vulnerable,True,accepted,13,253,0.600312
gen-reentrancy-034,reentrancy,generated,root-preserving,root-stutter,patched,True,accepted,13,221,0.666841
gen-reentrancy-034,reentrancy,generated,root-preserving,alpha-unused,patched,True,accepted,13,259,0.528666
gen-reentrancy-034,reentrancy,generated,root-preserving,swap-independent,patched,True,accepted,13,247,0.541856
gen-reentrancy-034,reentrancy,generated,root-flipping,close-root,vulnerable,True,accepted,12,194,0.487334
gen-reentrancy-034,reentrancy,generated,root-flipping,open-root,patched,True,accepted,12,193,0.500584
gen-reentrancy-035,reentrancy,generated,root-preserving,root-stutter,vulnerable,True,accepted,13,227,0.502727
gen-reentrancy-035,reentrancy,generated,root-preserving,alpha-unused,vulnerable,True,accepted,13,265,0.574214
gen-reentrancy-035,reentrancy,generated,root-preserving,swap-independent,vulnerable,True,accepted,13,253,0.503208
gen-reentrancy-035,reentrancy,generated,root-preserving,root-stutter,patched,True,accepted,13,221,0.528976
gen-reentrancy-035,reentrancy,generated,root-preserving,alpha-unused,patched,True,accepted,13,259,0.558771
gen-reentrancy-035,reentrancy,generated,root-preserving,swap-independent,patched,True,accepted,13,247,0.501585
gen-reentrancy-035,reentrancy,generated,root-flipping,close-root,vulnerable,True,accepted,12,194,0.508887
gen-reentrancy-035,reentrancy,generated,root-flipping,open-root,patched,True,accepted,12,193,0.471131
gen-reentrancy-036,reentrancy,generated,root-preserving,root-stutter,vulnerable,True,accepted,13,227,0.569497
gen-reentrancy-036,reentrancy,generated,root-preserving,alpha-unused,vulnerable,True,accepted,13,265,0.602045
gen-reentrancy-036,reentrancy,generated,root-preserving,swap-independent,vulnerable,True,accepted,13,253,0.482617
gen-reentrancy-036,reentrancy,generated,root-preserving,root-stutter,patched,True,accepted,13,221,0.598259
gen-reentrancy-036,reentrancy,generated,root-preserving,alpha-unused,patched,True,accepted,13,259,0.542856
gen-reentrancy-036,reentrancy,generated,root-preserving,swap-independent,patched,True,accepted,13,247,0.50447
gen-reentrancy-036,reentrancy,generated,root-flipping,close-root,vulnerable,True,accepted,12,194,0.497409
gen-reentrancy-036,reentrancy,generated,root-flipping,open-root,patched,True,accepted,12,193,0.750495
gen-reentrancy-037,reentrancy,generated,root-preserving,root-stutter,vulnerable,True,accepted,13,227,0.546713
gen-reentrancy-037,reentrancy,generated,root-preserving,alpha-unused,vulnerable,True,accepted,13,265,0.501816
gen-reentrancy-037,reentrancy,generated,root-preserving,swap-independent,vulnerable,True,accepted,13,253,0.495396
gen-reentrancy-037,reentrancy,generated,root-preserving,root-stutter,patched,True,accepted,13,221,0.531711
gen-reentrancy-037,reentrancy,generated,root-preserving,alpha-unused,patched,True,accepted,13,259,0.628384
gen-reentrancy-037,reentrancy,generated,root-preserving,swap-independent,patched,True,accepted,13,247,0.56498
gen-reentrancy-037,reentrancy,generated,root-flipping,close-root,vulnerable,True,accepted,12,194,0.486714
gen-reentrancy-037,reentrancy,generated,root-flipping,open-root,patched,True,accepted,12,193,0.506583
gen-reentrancy-038,reentrancy,generated,root-preserving,root-stutter,vulnerable,True,accepted,13,227,0.506112
gen-reentrancy-038,reentrancy,generated,root-preserving,alpha-unused,vulnerable,True,accepted,13,265,0.521325
gen-reentrancy-038,reentrancy,generated,root-preserving,swap-independent,vulnerable,True,accepted,13,253,0.49116
gen-reentrancy-038,reentrancy,generated,root-preserving,root-stutter,patched,True,accepted,13,221,0.525211
gen-reentrancy-038,reentrancy,generated,root-preserving,alpha-unused,patched,True,accepted,13,259,0.616426
gen-reentrancy-038,reentrancy,generated,root-preserving,swap-independent,patched,True,accepted,13,247,0.890373
gen-reentrancy-038,reentrancy,generated,root-flipping,close-root,vulnerable,True,accepted,12,194,0.533984
gen-reentrancy-038,reentrancy,generated,root-flipping,open-root,patched,True,accepted,12,193,0.541535
gen-reentrancy-039,reentrancy,generated,root-preserving,root-stutter,vulnerable,True,accepted,13,227,0.609376
gen-reentrancy-039,reentrancy,generated,root-preserving,alpha-unused,vulnerable,True,accepted,13,265,0.490049
gen-reentrancy-039,reentrancy,generated,root-preserving,swap-independent,vulnerable,True,accepted,13,253,0.493694
gen-reentrancy-039,reentrancy,generated,root-preserving,root-stutter,patched,True,accepted,13,221,0.568125
gen-reentrancy-039,reentrancy,generated,root-preserving,alpha-unused,patched,True,accepted,13,259,0.569747
gen-reentrancy-039,reentrancy,generated,root-preserving,swap-independent,patched,True,accepted,13,247,0.513944
gen-reentrancy-039,reentrancy,generated,root-flipping,close-root,vulnerable,True,accepted,12,194,0.53149
gen-reentrancy-039,reentrancy,generated,root-flipping,open-root,patched,True,accepted,12,193,0.478311
pub-reentrancy-00,reentrancy,synthetic-reference-tagged,root-preserving,root-stutter,vulnerable,True,accepted,13,225,0.50413
pub-reentrancy-00,reentrancy,synthetic-reference-tagged,root-preserving,alpha-unused,vulnerable,True,accepted,13,263,0.508946
pub-reentrancy-00,reentrancy,synthetic-reference-tagged,root-preserving,swap-independent,vulnerable,True,accepted,13,251,0.561835
pub-reentrancy-00,reentrancy,synthetic-reference-tagged,root-preserving,root-stutter,patched,True,accepted,13,219,0.580172
pub-reentrancy-00,reentrancy,synthetic-reference-tagged,root-preserving,alpha-unused,patched,True,accepted,13,257,0.530629
pub-reentrancy-00,reentrancy,synthetic-reference-tagged,root-preserving,swap-independent,patched,True,accepted,13,245,0.633853
pub-reentrancy-00,reentrancy,synthetic-reference-tagged,root-flipping,close-root,vulnerable,True,accepted,12,192,0.522437
pub-reentrancy-00,reentrancy,synthetic-reference-tagged,root-flipping,open-root,patched,True,accepted,12,191,0.49095
pub-reentrancy-01,reentrancy,synthetic-reference-tagged,root-preserving,root-stutter,vulnerable,True,accepted,13,225,0.518691
pub-reentrancy-01,reentrancy,synthetic-reference-tagged,root-preserving,alpha-unused,vulnerable,True,accepted,13,263,0.488857
pub-reentrancy-01,reentrancy,synthetic-reference-tagged,root-preserving,swap-independent,vulnerable,True,accepted,13,251,0.495346
pub-reentrancy-01,reentrancy,synthetic-reference-tagged,root-preserving,root-stutter,patched,True,accepted,13,219,0.527003
pub-reentrancy-01,reentrancy,synthetic-reference-tagged,root-preserving,alpha-unused,patched,True,accepted,13,257,0.572631
pub-reentrancy-01,reentrancy,synthetic-reference-tagged,root-preserving,swap-independent,patched,True,accepted,13,245,0.506433
pub-reentrancy-01,reentrancy,synthetic-reference-tagged,root-flipping,close-root,vulnerable,True,accepted,12,192,0.495286
pub-reentrancy-01,reentrancy,synthetic-reference-tagged,root-flipping,open-root,patched,True,accepted,12,191,0.472643
pub-reentrancy-02,reentrancy,synthetic-reference-tagged,root-preserving,root-stutter,vulnerable,True,accepted,13,225,0.488336
pub-reentrancy-02,reentrancy,synthetic-reference-tagged,root-preserving,alpha-unused,vulnerable,True,accepted,13,263,0.537699
pub-reentrancy-02,reentrancy,synthetic-reference-tagged,root-preserving,swap-independent,vulnerable,True,accepted,13,251,0.47085
pub-reentrancy-02,reentrancy,synthetic-reference-tagged,root-preserving,root-stutter,patched,True,accepted,13,219,0.561074
pub-reentrancy-02,reentrancy,synthetic-reference-tagged,root-preserving,alpha-unused,patched,True,accepted,13,257,0.536037
pub-reentrancy-02,reentrancy,synthetic-reference-tagged,root-preserving,swap-independent,patched,True,accepted,13,245,0.537369
pub-reentrancy-02,reentrancy,synthetic-reference-tagged,root-flipping,close-root,vulnerable,True,accepted,12,192,0.485262
pub-reentrancy-02,reentrancy,synthetic-reference-tagged,root-flipping,open-root,patched,True,accepted,12,191,0.56495
gen-unchecked_call-000,unchecked_call,generated,root-preserving,root-stutter,vulnerable,True,accepted,13,235,0.400405
gen-unchecked_call-000,unchecked_call,generated,root-preserving,alpha-unused,vulnerable,True,accepted,13,273,0.4033
gen-unchecked_call-000,unchecked_call,generated,root-preserving,swap-independent,vulnerable,True,accepted,13,261,0.361127
gen-unchecked_call-000,unchecked_call,generated,root-preserving,root-stutter,patched,True,accepted,13,229,0.740241
gen-unchecked_call-000,unchecked_call,generated,root-preserving,alpha-unused,patched,True,accepted,13,267,0.687883
gen-unchecked_call-000,unchecked_call,generated,root-preserving,swap-independent,patched,True,accepted,13,255,0.829914
gen-unchecked_call-000,unchecked_call,generated,root-flipping,close-root,vulnerable,True,accepted,12,202,0.420134
gen-unchecked_call-000,unchecked_call,generated,root-flipping,open-root,patched,True,accepted,12,201,0.395428
gen-unchecked_call-001,unchecked_call,generated,root-preserving,root-stutter,vulnerable,True,accepted,13,235,0.407827
gen-unchecked_call-001,unchecked_call,generated,root-preserving,alpha-unused,vulnerable,True,accepted,13,273,0.389249
gen-unchecked_call-001,unchecked_call,generated,root-preserving,swap-independent,vulnerable,True,accepted,13,261,0.460584
gen-unchecked_call-001,unchecked_call,generated,root-preserving,root-stutter,patched,True,accepted,13,229,0.421307
gen-unchecked_call-001,unchecked_call,generated,root-preserving,alpha-unused,patched,True,accepted,13,267,0.428066
gen-unchecked_call-001,unchecked_call,generated,root-preserving,swap-independent,patched,True,accepted,13,255,0.384091
gen-unchecked_call-001,unchecked_call,generated,root-flipping,close-root,vulnerable,True,accepted,12,202,0.479423
gen-unchecked_call-001,unchecked_call,generated,root-flipping,open-root,patched,True,accepted,12,201,0.382849
gen-unchecked_call-002,unchecked_call,generated,root-preserving,root-stutter,vulnerable,True,accepted,13,235,0.441907
gen-unchecked_call-002,unchecked_call,generated,root-preserving,alpha-unused,vulnerable,True,accepted,13,273,0.395287
gen-unchecked_call-002,unchecked_call,generated,root-preserving,swap-independent,vulnerable,True,accepted,13,261,0.395999
gen-unchecked_call-002,unchecked_call,generated,root-preserving,root-stutter,patched,True,accepted,13,229,0.609496
gen-unchecked_call-002,unchecked_call,generated,root-preserving,alpha-unused,patched,True,accepted,13,267,0.550769
gen-unchecked_call-002,unchecked_call,generated,root-preserving,swap-independent,patched,True,accepted,13,255,0.447686
gen-unchecked_call-002,unchecked_call,generated,root-flipping,close-root,vulnerable,True,accepted,12,202,0.429418
gen-unchecked_call-002,unchecked_call,generated,root-flipping,open-root,patched,True,accepted,12,201,0.380876
gen-unchecked_call-003,unchecked_call,generated,root-preserving,root-stutter,vulnerable,True,accepted,13,235,0.516007
gen-unchecked_call-003,unchecked_call,generated,root-preserving,alpha-unused,vulnerable,True,accepted,13,273,0.402148
gen-unchecked_call-003,unchecked_call,generated,root-preserving,swap-independent,vulnerable,True,accepted,13,261,0.404852
gen-unchecked_call-003,unchecked_call,generated,root-preserving,root-stutter,patched,True,accepted,13,229,0.477429
gen-unchecked_call-003,unchecked_call,generated,root-preserving,alpha-unused,patched,True,accepted,13,267,0.420765
gen-unchecked_call-003,unchecked_call,generated,root-preserving,swap-independent,patched,True,accepted,13,255,0.380846
gen-unchecked_call-003,unchecked_call,generated,root-flipping,close-root,vulnerable,True,accepted,12,202,0.375458
gen-unchecked_call-003,unchecked_call,generated,root-flipping,open-root,patched,True,accepted,12,201,0.382269
gen-unchecked_call-004,unchecked_call,generated,root-preserving,root-stutter,vulnerable,True,accepted,13,235,0.512542
gen-unchecked_call-004,unchecked_call,generated,root-preserving,alpha-unused,vulnerable,True,accepted,13,273,0.422678
gen-unchecked_call-004,unchecked_call,generated,root-preserving,swap-independent,vulnerable,True,accepted,13,261,0.367897
gen-unchecked_call-004,unchecked_call,generated,root-preserving,root-stutter,patched,True,accepted,13,229,0.750575
gen-unchecked_call-004,unchecked_call,generated,root-preserving,alpha-unused,patched,True,accepted,13,267,0.445632
gen-unchecked_call-004,unchecked_call,generated,root-preserving,swap-independent,patched,True,accepted,13,255,0.393355
gen-unchecked_call-004,unchecked_call,generated,root-flipping,close-root,vulnerable,True,accepted,12,202,0.466563
gen-unchecked_call-004,unchecked_call,generated,root-flipping,open-root,patched,True,accepted,12,201,0.452854
gen-unchecked_call-005,unchecked_call,generated,root-preserving,root-stutter,vulnerable,True,accepted,13,235,0.394988
gen-unchecked_call-005,unchecked_call,generated,root-preserving,alpha-unused,vulnerable,True,accepted,13,273,0.417231
gen-unchecked_call-005,unchecked_call,generated,root-preserving,swap-independent,vulnerable,True,accepted,13,261,0.366885
gen-unchecked_call-005,unchecked_call,generated,root-preserving,root-stutter,patched,True,accepted,13,229,0.447465
gen-unchecked_call-005,unchecked_call,generated,root-preserving,alpha-unused,patched,True,accepted,13,267,0.472442
gen-unchecked_call-005,unchecked_call,generated,root-preserving,swap-independent,patched,True,accepted,13,255,0.42365
gen-unchecked_call-005,unchecked_call,generated,root-flipping,close-root,vulnerable,True,accepted,12,202,0.371713
gen-unchecked_call-005,unchecked_call,generated,root-flipping,open-root,patched,True,accepted,12,201,0.357521
gen-unchecked_call-006,unchecked_call,generated,root-preserving,root-stutter,vulnerable,True,accepted,13,235,0.387176
gen-unchecked_call-006,unchecked_call,generated,root-preserving,alpha-unused,vulnerable,True,accepted,13,273,0.379494
gen-unchecked_call-006,unchecked_call,generated,root-preserving,swap-independent,vulnerable,True,accepted,13,261,0.379304
gen-unchecked_call-006,unchecked_call,generated,root-preserving,root-stutter,patched,True,accepted,13,229,0.392594
gen-unchecked_call-006,unchecked_call,generated,root-preserving,alpha-unused,patched,True,accepted,13,267,0.415197
gen-unchecked_call-006,unchecked_call,generated,root-preserving,swap-independent,patched,True,accepted,13,255,0.450319
gen-unchecked_call-006,unchecked_call,generated,root-flipping,close-root,vulnerable,True,accepted,12,202,0.424581
gen-unchecked_call-006,unchecked_call,generated,root-flipping,open-root,patched,True,accepted,12,201,0.369549
gen-unchecked_call-007,unchecked_call,generated,root-preserving,root-stutter,vulnerable,True,accepted,13,235,0.39052
gen-unchecked_call-007,unchecked_call,generated,root-preserving,alpha-unused,vulnerable,True,accepted,13,273,0.396169
gen-unchecked_call-007,unchecked_call,generated,root-preserving,swap-independent,vulnerable,True,accepted,13,261,0.370231
gen-unchecked_call-007,unchecked_call,generated,root-preserving,root-stutter,patched,True,accepted,13,229,0.410851
gen-unchecked_call-007,unchecked_call,generated,root-preserving,alpha-unused,patched,True,accepted,13,267,0.385574
gen-unchecked_call-007,unchecked_call,generated,root-preserving,swap-independent,patched,True,accepted,13,255,0.368858
gen-unchecked_call-007,unchecked_call,generated,root-flipping,close-root,vulnerable,True,accepted,12,202,0.496908
gen-unchecked_call-007,unchecked_call,generated,root-flipping,open-root,patched,True,accepted,12,201,0.384371
gen-unchecked_call-008,unchecked_call,generated,root-preserving,root-stutter,vulnerable,True,accepted,13,235,0.402528
gen-unchecked_call-008,unchecked_call,generated,root-preserving,alpha-unused,vulnerable,True,accepted,13,273,0.381286
gen-unchecked_call-008,unchecked_call,generated,root-preserving,swap-independent,vulnerable,True,accepted,13,261,0.374947
gen-unchecked_call-008,unchecked_call,generated,root-preserving,root-stutter,patched,True,accepted,13,229,0.385293
gen-unchecked_call-008,unchecked_call,generated,root-preserving,alpha-unused,patched,True,accepted,13,267,0.671739
gen-unchecked_call-008,unchecked_call,generated,root-preserving,swap-independent,patched,True,accepted,13,255,0.389278
gen-unchecked_call-008,unchecked_call,generated,root-flipping,close-root,vulnerable,True,accepted,12,202,0.439543
gen-unchecked_call-008,unchecked_call,generated,root-flipping,open-root,patched,True,accepted,12,201,0.443169
gen-unchecked_call-009,unchecked_call,generated,root-preserving,root-stutter,vulnerable,True,accepted,13,235,0.441697
gen-unchecked_call-009,unchecked_call,generated,root-preserving,alpha-unused,vulnerable,True,accepted,13,273,0.388628
gen-unchecked_call-009,unchecked_call,generated,root-preserving,swap-independent,vulnerable,True,accepted,13,261,0.478801
gen-unchecked_call-009,unchecked_call,generated,root-preserving,root-stutter,patched,True,accepted,13,229,0.414136
gen-unchecked_call-009,unchecked_call,generated,root-preserving,alpha-unused,patched,True,accepted,13,267,0.408808
gen-unchecked_call-009,unchecked_call,generated,root-preserving,swap-independent,patched,True,accepted,13,255,0.373966
gen-unchecked_call-009,unchecked_call,generated,root-flipping,close-root,vulnerable,True,accepted,12,202,0.370861
gen-unchecked_call-009,unchecked_call,generated,root-flipping,open-root,patched,True,accepted,12,201,0.404601
gen-unchecked_call-010,unchecked_call,generated,root-preserving,root-stutter,vulnerable,True,accepted,13,235,0.668333
gen-unchecked_call-010,unchecked_call,generated,root-preserving,alpha-unused,vulnerable,True,accepted,13,273,0.401978
gen-unchecked_call-010,unchecked_call,generated,root-preserving,swap-independent,vulnerable,True,accepted,13,261,0.367476
gen-unchecked_call-010,unchecked_call,generated,root-preserving,root-stutter,patched,True,accepted,13,229,0.413084
gen-unchecked_call-010,unchecked_call,generated,root-preserving,alpha-unused,patched,True,accepted,13,267,0.450019
gen-unchecked_call-010,unchecked_call,generated,root-preserving,swap-independent,patched,True,accepted,13,255,0.412213
gen-unchecked_call-010,unchecked_call,generated,root-flipping,close-root,vulnerable,True,accepted,12,202,0.377281
gen-unchecked_call-010,unchecked_call,generated,root-flipping,open-root,patched,True,accepted,12,201,0.36296
gen-unchecked_call-011,unchecked_call,generated,root-preserving,root-stutter,vulnerable,True,accepted,13,235,0.466353
gen-unchecked_call-011,unchecked_call,generated,root-preserving,alpha-unused,vulnerable,True,accepted,13,273,0.431912
gen-unchecked_call-011,unchecked_call,generated,root-preserving,swap-independent,vulnerable,True,accepted,13,261,0.380395
gen-unchecked_call-011,unchecked_call,generated,root-preserving,root-stutter,patched,True,accepted,13,229,0.400866
gen-unchecked_call-011,unchecked_call,generated,root-preserving,alpha-unused,patched,True,accepted,13,267,0.408227
gen-unchecked_call-011,unchecked_call,generated,root-preserving,swap-independent,patched,True,accepted,13,255,0.36965
gen-unchecked_call-011,unchecked_call,generated,root-flipping,close-root,vulnerable,True,accepted,12,202,0.394397
gen-unchecked_call-011,unchecked_call,generated,root-flipping,open-root,patched,True,accepted,12,201,0.370361
gen-unchecked_call-012,unchecked_call,generated,root-preserving,root-stutter,vulnerable,True,accepted,13,235,0.409469
gen-unchecked_call-012,unchecked_call,generated,root-preserving,alpha-unused,vulnerable,True,accepted,13,273,0.414366
gen-unchecked_call-012,unchecked_call,generated,root-preserving,swap-independent,vulnerable,True,accepted,13,261,0.393775
gen-unchecked_call-012,unchecked_call,generated,root-preserving,root-stutter,patched,True,accepted,13,229,0.408928
gen-unchecked_call-012,unchecked_call,generated,root-preserving,alpha-unused,patched,True,accepted,13,267,0.385613
gen-unchecked_call-012,unchecked_call,generated,root-preserving,swap-independent,patched,True,accepted,13,255,0.454746
gen-unchecked_call-012,unchecked_call,generated,root-flipping,close-root,vulnerable,True,accepted,12,202,0.38381
gen-unchecked_call-012,unchecked_call,generated,root-flipping,open-root,patched,True,accepted,12,201,0.3905
gen-unchecked_call-013,unchecked_call,generated,root-preserving,root-stutter,vulnerable,True,accepted,13,235,0.39677
gen-unchecked_call-013,unchecked_call,generated,root-preserving,alpha-unused,vulnerable,True,accepted,13,273,0.395638
gen-unchecked_call-013,unchecked_call,generated,root-preserving,swap-independent,vulnerable,True,accepted,13,261,0.386605
gen-unchecked_call-013,unchecked_call,generated,root-preserving,root-stutter,patched,True,accepted,13,229,0.454555
gen-unchecked_call-013,unchecked_call,generated,root-preserving,alpha-unused,patched,True,accepted,13,267,0.40363
gen-unchecked_call-013,unchecked_call,generated,root-preserving,swap-independent,patched,True,accepted,13,255,0.374026
gen-unchecked_call-013,unchecked_call,generated,root-flipping,close-root,vulnerable,True,accepted,12,202,0.397772
gen-unchecked_call-013,unchecked_call,generated,root-flipping,open-root,patched,True,accepted,12,201,0.374296
gen-unchecked_call-014,unchecked_call,generated,root-preserving,root-stutter,vulnerable,True,accepted,13,235,0.400004
gen-unchecked_call-014,unchecked_call,generated,root-preserving,alpha-unused,vulnerable,True,accepted,13,273,0.372093
gen-unchecked_call-014,unchecked_call,generated,root-preserving,swap-independent,vulnerable,True,accepted,13,261,0.353024
gen-unchecked_call-014,unchecked_call,generated,root-preserving,root-stutter,patched,True,accepted,13,229,0.408557
gen-unchecked_call-014,unchecked_call,generated,root-preserving,alpha-unused,patched,True,accepted,13,267,0.38373
gen-unchecked_call-014,unchecked_call,generated,root-preserving,swap-independent,patched,True,accepted,13,255,0.394015
gen-unchecked_call-014,unchecked_call,generated,root-flipping,close-root,vulnerable,True,accepted,12,202,0.368418
gen-unchecked_call-014,unchecked_call,generated,root-flipping,open-root,patched,True,accepted,12,201,0.354667
gen-unchecked_call-015,unchecked_call,generated,root-preserving,root-stutter,vulnerable,True,accepted,13,235,0.379384
gen-unchecked_call-015,unchecked_call,generated,root-preserving,alpha-unused,vulnerable,True,accepted,13,273,0.361798
gen-unchecked_call-015,unchecked_call,generated,root-preserving,swap-independent,vulnerable,True,accepted,13,261,0.363791
gen-unchecked_call-015,unchecked_call,generated,root-preserving,root-stutter,patched,True,accepted,13,229,0.380575
gen-unchecked_call-015,unchecked_call,generated,root-preserving,alpha-unused,patched,True,accepted,13,267,0.413836
gen-unchecked_call-015,unchecked_call,generated,root-preserving,swap-independent,patched,True,accepted,13,255,0.37003
gen-unchecked_call-015,unchecked_call,generated,root-flipping,close-root,vulnerable,True,accepted,12,202,0.362539
gen-unchecked_call-015,unchecked_call,generated,root-flipping,open-root,patched,True,accepted,12,201,0.38397
gen-unchecked_call-016,unchecked_call,generated,root-preserving,root-stutter,vulnerable,True,accepted,13,235,0.391542
gen-unchecked_call-016,unchecked_call,generated,root-preserving,alpha-unused,vulnerable,True,accepted,13,273,0.395138
gen-unchecked_call-016,unchecked_call,generated,root-preserving,swap-independent,vulnerable,True,accepted,13,261,0.371142
gen-unchecked_call-016,unchecked_call,generated,root-preserving,root-stutter,patched,True,accepted,13,229,0.406724
gen-unchecked_call-016,unchecked_call,generated,root-preserving,alpha-unused,patched,True,accepted,13,267,0.376981
gen-unchecked_call-016,unchecked_call,generated,root-preserving,swap-independent,patched,True,accepted,13,255,0.3634
gen-unchecked_call-016,unchecked_call,generated,root-flipping,close-root,vulnerable,True,accepted,12,202,0.397902
gen-unchecked_call-016,unchecked_call,generated,root-flipping,open-root,patched,True,accepted,12,201,0.357361
gen-unchecked_call-017,unchecked_call,generated,root-preserving,root-stutter,vulnerable,True,accepted,13,235,0.399184
gen-unchecked_call-017,unchecked_call,generated,root-preserving,alpha-unused,vulnerable,True,accepted,13,273,0.369529
gen-unchecked_call-017,unchecked_call,generated,root-preserving,swap-independent,vulnerable,True,accepted,13,261,0.522807
gen-unchecked_call-017,unchecked_call,generated,root-preserving,root-stutter,patched,True,accepted,13,229,0.414026
gen-unchecked_call-017,unchecked_call,generated,root-preserving,alpha-unused,patched,True,accepted,13,267,0.394036
gen-unchecked_call-017,unchecked_call,generated,root-preserving,swap-independent,patched,True,accepted,13,255,0.400285
gen-unchecked_call-017,unchecked_call,generated,root-flipping,close-root,vulnerable,True,accepted,12,202,0.373636
gen-unchecked_call-017,unchecked_call,generated,root-flipping,open-root,patched,True,accepted,12,201,0.402678
gen-unchecked_call-018,unchecked_call,generated,root-preserving,root-stutter,vulnerable,True,accepted,13,235,0.403399
gen-unchecked_call-018,unchecked_call,generated,root-preserving,alpha-unused,vulnerable,True,accepted,13,273,0.399104
gen-unchecked_call-018,unchecked_call,generated,root-preserving,swap-independent,vulnerable,True,accepted,13,261,0.360996
gen-unchecked_call-018,unchecked_call,generated,root-preserving,root-stutter,patched,True,accepted,13,229,0.385042
gen-unchecked_call-018,unchecked_call,generated,root-preserving,alpha-unused,patched,True,accepted,13,267,0.400426
gen-unchecked_call-018,unchecked_call,generated,root-preserving,swap-independent,patched,True,accepted,13,255,0.372083
gen-unchecked_call-018,unchecked_call,generated,root-flipping,close-root,vulnerable,True,accepted,12,202,0.501736
gen-unchecked_call-018,unchecked_call,generated,root-flipping,open-root,patched,True,accepted,12,201,0.391712
gen-unchecked_call-019,unchecked_call,generated,root-preserving,root-stutter,vulnerable,True,accepted,13,235,0.428918
gen-unchecked_call-019,unchecked_call,generated,root-preserving,alpha-unused,vulnerable,True,accepted,13,273,0.379083
gen-unchecked_call-019,unchecked_call,generated,root-preserving,swap-independent,vulnerable,True,accepted,13,261,0.363159
gen-unchecked_call-019,unchecked_call,generated,root-preserving,root-stutter,patched,True,accepted,13,229,0.388888
gen-unchecked_call-019,unchecked_call,generated,root-preserving,alpha-unused,patched,True,accepted,13,267,0.38357
gen-unchecked_call-019,unchecked_call,generated,root-preserving,swap-independent,patched,True,accepted,13,255,0.39713
gen-unchecked_call-019,unchecked_call,generated,root-flipping,close-root,vulnerable,True,accepted,12,202,0.380165
gen-unchecked_call-019,unchecked_call,generated,root-flipping,open-root,patched,True,accepted,12,201,0.461987
gen-unchecked_call-020,unchecked_call,generated,root-preserving,root-stutter,vulnerable,True,accepted,13,235,0.415077
gen-unchecked_call-020,unchecked_call,generated,root-preserving,alpha-unused,vulnerable,True,accepted,13,273,0.436639
gen-unchecked_call-020,unchecked_call,generated,root-preserving,swap-independent,vulnerable,True,accepted,13,261,0.375568
gen-unchecked_call-020,unchecked_call,generated,root-preserving,root-stutter,patched,True,accepted,13,229,0.415297
gen-unchecked_call-020,unchecked_call,generated,root-preserving,alpha-unused,patched,True,accepted,13,267,0.45753
gen-unchecked_call-020,unchecked_call,generated,root-preserving,swap-independent,patched,True,accepted,13,255,0.52466
gen-unchecked_call-020,unchecked_call,generated,root-flipping,close-root,vulnerable,True,accepted,12,202,0.399824
gen-unchecked_call-020,unchecked_call,generated,root-flipping,open-root,patched,True,accepted,12,201,0.37035
gen-unchecked_call-021,unchecked_call,generated,root-preserving,root-stutter,vulnerable,True,accepted,13,235,0.398172
gen-unchecked_call-021,unchecked_call,generated,root-preserving,alpha-unused,vulnerable,True,accepted,13,273,0.379884
gen-unchecked_call-021,unchecked_call,generated,root-preserving,swap-independent,vulnerable,True,accepted,13,261,0.401707
gen-unchecked_call-021,unchecked_call,generated,root-preserving,root-stutter,patched,True,accepted,13,229,0.400014
gen-unchecked_call-021,unchecked_call,generated,root-preserving,alpha-unused,patched,True,accepted,13,267,0.404051
gen-unchecked_call-021,unchecked_call,generated,root-preserving,swap-independent,patched,True,accepted,13,255,0.377501
gen-unchecked_call-021,unchecked_call,generated,root-flipping,close-root,vulnerable,True,accepted,12,202,0.365903
gen-unchecked_call-021,unchecked_call,generated,root-flipping,open-root,patched,True,accepted,12,201,0.49782
gen-unchecked_call-022,unchecked_call,generated,root-preserving,root-stutter,vulnerable,True,accepted,13,235,0.394025
gen-unchecked_call-022,unchecked_call,generated,root-preserving,alpha-unused,vulnerable,True,accepted,13,273,0.404621
gen-unchecked_call-022,unchecked_call,generated,root-preserving,swap-independent,vulnerable,True,accepted,13,261,0.365433
gen-unchecked_call-022,unchecked_call,generated,root-preserving,root-stutter,patched,True,accepted,13,229,0.432794
gen-unchecked_call-022,unchecked_call,generated,root-preserving,alpha-unused,patched,True,accepted,13,267,0.389038
gen-unchecked_call-022,unchecked_call,generated,root-preserving,swap-independent,patched,True,accepted,13,255,0.389299
gen-unchecked_call-022,unchecked_call,generated,root-flipping,close-root,vulnerable,True,accepted,12,202,0.365313
gen-unchecked_call-022,unchecked_call,generated,root-flipping,open-root,patched,True,accepted,12,201,0.352584
gen-unchecked_call-023,unchecked_call,generated,root-preserving,root-stutter,vulnerable,True,accepted,13,235,0.396239
gen-unchecked_call-023,unchecked_call,generated,root-preserving,alpha-unused,vulnerable,True,accepted,13,273,0.372634
gen-unchecked_call-023,unchecked_call,generated,root-preserving,swap-independent,vulnerable,True,accepted,13,261,0.372083
gen-unchecked_call-023,unchecked_call,generated,root-preserving,root-stutter,patched,True,accepted,13,229,0.389008
gen-unchecked_call-023,unchecked_call,generated,root-preserving,alpha-unused,patched,True,accepted,13,267,0.381938
gen-unchecked_call-023,unchecked_call,generated,root-preserving,swap-independent,patched,True,accepted,13,255,0.408808
gen-unchecked_call-023,unchecked_call,generated,root-flipping,close-root,vulnerable,True,accepted,12,202,0.361468
gen-unchecked_call-023,unchecked_call,generated,root-flipping,open-root,patched,True,accepted,12,201,0.367286
gen-unchecked_call-024,unchecked_call,generated,root-preserving,root-stutter,vulnerable,True,accepted,13,235,0.384481
gen-unchecked_call-024,unchecked_call,generated,root-preserving,alpha-unused,vulnerable,True,accepted,13,273,0.372443
gen-unchecked_call-024,unchecked_call,generated,root-preserving,swap-independent,vulnerable,True,accepted,13,261,0.374968
gen-unchecked_call-024,unchecked_call,generated,root-preserving,root-stutter,patched,True,accepted,13,229,0.386615
gen-unchecked_call-024,unchecked_call,generated,root-preserving,alpha-unused,patched,True,accepted,13,267,0.4031
gen-unchecked_call-024,unchecked_call,generated,root-preserving,swap-independent,patched,True,accepted,13,255,0.450299
gen-unchecked_call-024,unchecked_call,generated,root-flipping,close-root,vulnerable,True,accepted,12,202,0.403379
gen-unchecked_call-024,unchecked_call,generated,root-flipping,open-root,patched,True,accepted,12,201,0.361267
gen-unchecked_call-025,unchecked_call,generated,root-preserving,root-stutter,vulnerable,True,accepted,13,235,0.38327
gen-unchecked_call-025,unchecked_call,generated,root-preserving,alpha-unused,vulnerable,True,accepted,13,273,0.389348
gen-unchecked_call-025,unchecked_call,generated,root-preserving,swap-independent,vulnerable,True,accepted,13,261,0.354246
gen-unchecked_call-025,unchecked_call,generated,root-preserving,root-stutter,patched,True,accepted,13,229,0.411983
gen-unchecked_call-025,unchecked_call,generated,root-preserving,alpha-unused,patched,True,accepted,13,267,0.381657
gen-unchecked_call-025,unchecked_call,generated,root-preserving,swap-independent,patched,True,accepted,13,255,0.363871
gen-unchecked_call-025,unchecked_call,generated,root-flipping,close-root,vulnerable,True,accepted,12,202,0.361588
gen-unchecked_call-025,unchecked_call,generated,root-flipping,open-root,patched,True,accepted,12,201,0.350181
gen-unchecked_call-026,unchecked_call,generated,root-preserving,root-stutter,vulnerable,True,accepted,13,235,0.421066
gen-unchecked_call-026,unchecked_call,generated,root-preserving,alpha-unused,vulnerable,True,accepted,13,273,0.372664
gen-unchecked_call-026,unchecked_call,generated,root-preserving,swap-independent,vulnerable,True,accepted,13,261,0.36997
gen-unchecked_call-026,unchecked_call,generated,root-preserving,root-stutter,patched,True,accepted,13,229,0.401808
gen-unchecked_call-026,unchecked_call,generated,root-preserving,alpha-unused,patched,True,accepted,13,267,0.377331
gen-unchecked_call-026,unchecked_call,generated,root-preserving,swap-independent,patched,True,accepted,13,255,0.380536
gen-unchecked_call-026,unchecked_call,generated,root-flipping,close-root,vulnerable,True,accepted,12,202,0.360185
gen-unchecked_call-026,unchecked_call,generated,root-flipping,open-root,patched,True,accepted,12,201,0.373054
gen-unchecked_call-027,unchecked_call,generated,root-preserving,root-stutter,vulnerable,True,accepted,13,235,0.384942
gen-unchecked_call-027,unchecked_call,generated,root-preserving,alpha-unused,vulnerable,True,accepted,13,273,0.537649
gen-unchecked_call-027,unchecked_call,generated,root-preserving,swap-independent,vulnerable,True,accepted,13,261,0.382328
gen-unchecked_call-027,unchecked_call,generated,root-preserving,root-stutter,patched,True,accepted,13,229,0.393004
gen-unchecked_call-027,unchecked_call,generated,root-preserving,alpha-unused,patched,True,accepted,13,267,0.412192
gen-unchecked_call-027,unchecked_call,generated,root-preserving,swap-independent,patched,True,accepted,13,255,0.372273
gen-unchecked_call-027,unchecked_call,generated,root-flipping,close-root,vulnerable,True,accepted,12,202,0.388457
gen-unchecked_call-027,unchecked_call,generated,root-flipping,open-root,patched,True,accepted,12,201,0.354386
gen-unchecked_call-028,unchecked_call,generated,root-preserving,root-stutter,vulnerable,True,accepted,13,235,0.394346
gen-unchecked_call-028,unchecked_call,generated,root-preserving,alpha-unused,vulnerable,True,accepted,13,273,0.376469
gen-unchecked_call-028,unchecked_call,generated,root-preserving,swap-independent,vulnerable,True,accepted,13,261,0.36273
gen-unchecked_call-028,unchecked_call,generated,root-preserving,root-stutter,patched,True,accepted,13,229,0.433936
gen-unchecked_call-028,unchecked_call,generated,root-preserving,alpha-unused,patched,True,accepted,13,267,0.383681
gen-unchecked_call-028,unchecked_call,generated,root-preserving,swap-independent,patched,True,accepted,13,255,0.38311
gen-unchecked_call-028,unchecked_call,generated,root-flipping,close-root,vulnerable,True,accepted,12,202,0.374136
gen-unchecked_call-028,unchecked_call,generated,root-flipping,open-root,patched,True,accepted,12,201,0.355478
gen-unchecked_call-029,unchecked_call,generated,root-preserving,root-stutter,vulnerable,True,accepted,13,235,0.401246
gen-unchecked_call-029,unchecked_call,generated,root-preserving,alpha-unused,vulnerable,True,accepted,13,273,0.368698
gen-unchecked_call-029,unchecked_call,generated,root-preserving,swap-independent,vulnerable,True,accepted,13,261,0.376079
gen-unchecked_call-029,unchecked_call,generated,root-preserving,root-stutter,patched,True,accepted,13,229,0.390851
gen-unchecked_call-029,unchecked_call,generated,root-preserving,alpha-unused,patched,True,accepted,13,267,0.39749
gen-unchecked_call-029,unchecked_call,generated,root-preserving,swap-independent,patched,True,accepted,13,255,0.394737
gen-unchecked_call-029,unchecked_call,generated,root-flipping,close-root,vulnerable,True,accepted,12,202,0.36996
gen-unchecked_call-029,unchecked_call,generated,root-flipping,open-root,patched,True,accepted,12,201,0.381477
gen-unchecked_call-030,unchecked_call,generated,root-preserving,root-stutter,vulnerable,True,accepted,13,235,0.373816
gen-unchecked_call-030,unchecked_call,generated,root-preserving,alpha-unused,vulnerable,True,accepted,13,273,0.386174
gen-unchecked_call-030,unchecked_call,generated,root-preserving,swap-independent,vulnerable,True,accepted,13,261,0.350852
gen-unchecked_call-030,unchecked_call,generated,root-preserving,root-stutter,patched,True,accepted,13,229,0.384872
gen-unchecked_call-030,unchecked_call,generated,root-preserving,alpha-unused,patched,True,accepted,13,267,0.395608
gen-unchecked_call-030,unchecked_call,generated,root-preserving,swap-independent,patched,True,accepted,13,255,0.365023
gen-unchecked_call-030,unchecked_call,generated,root-flipping,close-root,vulnerable,True,accepted,12,202,0.39716
gen-unchecked_call-030,unchecked_call,generated,root-flipping,open-root,patched,True,accepted,12,201,0.361697
gen-unchecked_call-031,unchecked_call,generated,root-preserving,root-stutter,vulnerable,True,accepted,13,235,0.38348
gen-unchecked_call-031,unchecked_call,generated,root-preserving,alpha-unused,vulnerable,True,accepted,13,273,0.393365
gen-unchecked_call-031,unchecked_call,generated,root-preserving,swap-independent,vulnerable,True,accepted,13,261,0.365914
gen-unchecked_call-031,unchecked_call,generated,root-preserving,root-stutter,patched,True,accepted,13,229,0.417891
gen-unchecked_call-031,unchecked_call,generated,root-preserving,alpha-unused,patched,True,accepted,13,267,0.393775
gen-unchecked_call-031,unchecked_call,generated,root-preserving,swap-independent,patched,True,accepted,13,255,0.381227
gen-unchecked_call-031,unchecked_call,generated,root-flipping,close-root,vulnerable,True,accepted,12,202,0.366114
gen-unchecked_call-031,unchecked_call,generated,root-flipping,open-root,patched,True,accepted,12,201,0.355018
gen-unchecked_call-032,unchecked_call,generated,root-preserving,root-stutter,vulnerable,True,accepted,13,235,0.419284
gen-unchecked_call-032,unchecked_call,generated,root-preserving,alpha-unused,vulnerable,True,accepted,13,273,0.371973
gen-unchecked_call-032,unchecked_call,generated,root-preserving,swap-independent,vulnerable,True,accepted,13,261,0.372103
gen-unchecked_call-032,unchecked_call,generated,root-preserving,root-stutter,patched,True,accepted,13,229,0.383981
gen-unchecked_call-032,unchecked_call,generated,root-preserving,alpha-unused,patched,True,accepted,13,267,0.373876
gen-unchecked_call-032,unchecked_call,generated,root-preserving,swap-independent,patched,True,accepted,13,255,0.393324
gen-unchecked_call-032,unchecked_call,generated,root-flipping,close-root,vulnerable,True,accepted,12,202,0.362519
gen-unchecked_call-032,unchecked_call,generated,root-flipping,open-root,patched,True,accepted,12,201,0.36322
gen-unchecked_call-033,unchecked_call,generated,root-preserving,root-stutter,vulnerable,True,accepted,13,235,0.374848
gen-unchecked_call-033,unchecked_call,generated,root-preserving,alpha-unused,vulnerable,True,accepted,13,273,0.367696
gen-unchecked_call-033,unchecked_call,generated,root-preserving,swap-independent,vulnerable,True,accepted,13,261,0.425252
gen-unchecked_call-033,unchecked_call,generated,root-preserving,root-stutter,patched,True,accepted,13,229,0.38299
gen-unchecked_call-033,unchecked_call,generated,root-preserving,alpha-unused,patched,True,accepted,13,267,0.404861
gen-unchecked_call-033,unchecked_call,generated,root-preserving,swap-independent,patched,True,accepted,13,255,0.372184
gen-unchecked_call-033,unchecked_call,generated,root-flipping,close-root,vulnerable,True,accepted,12,202,0.382268
gen-unchecked_call-033,unchecked_call,generated,root-flipping,open-root,patched,True,accepted,12,201,0.357602
gen-unchecked_call-034,unchecked_call,generated,root-preserving,root-stutter,vulnerable,True,accepted,13,235,0.384812
gen-unchecked_call-034,unchecked_call,generated,root-preserving,alpha-unused,vulnerable,True,accepted,13,273,0.389179
gen-unchecked_call-034,unchecked_call,generated,root-preserving,swap-independent,vulnerable,True,accepted,13,261,0.356009
gen-unchecked_call-034,unchecked_call,generated,root-preserving,root-stutter,patched,True,accepted,13,229,0.416129
gen-unchecked_call-034,unchecked_call,generated,root-preserving,alpha-unused,patched,True,accepted,13,267,0.391582
gen-unchecked_call-034,unchecked_call,generated,root-preserving,swap-independent,patched,True,accepted,13,255,0.371852
gen-unchecked_call-034,unchecked_call,generated,root-flipping,close-root,vulnerable,True,accepted,12,202,0.381657
gen-unchecked_call-034,unchecked_call,generated,root-flipping,open-root,patched,True,accepted,12,201,0.352404
gen-unchecked_call-035,unchecked_call,generated,root-preserving,root-stutter,vulnerable,True,accepted,13,235,0.398512
gen-unchecked_call-035,unchecked_call,generated,root-preserving,alpha-unused,vulnerable,True,accepted,13,273,0.363651
gen-unchecked_call-035,unchecked_call,generated,root-preserving,swap-independent,vulnerable,True,accepted,13,261,0.347427
gen-unchecked_call-035,unchecked_call,generated,root-preserving,root-stutter,patched,True,accepted,13,229,0.39054
gen-unchecked_call-035,unchecked_call,generated,root-preserving,alpha-unused,patched,True,accepted,13,267,0.37682
gen-unchecked_call-035,unchecked_call,generated,root-preserving,swap-independent,patched,True,accepted,13,255,0.395438
gen-unchecked_call-035,unchecked_call,generated,root-flipping,close-root,vulnerable,True,accepted,12,202,0.363891
gen-unchecked_call-035,unchecked_call,generated,root-flipping,open-root,patched,True,accepted,12,201,0.344082
gen-unchecked_call-036,unchecked_call,generated,root-preserving,root-stutter,vulnerable,True,accepted,13,235,0.380977
gen-unchecked_call-036,unchecked_call,generated,root-preserving,alpha-unused,vulnerable,True,accepted,13,273,0.372243
gen-unchecked_call-036,unchecked_call,generated,root-preserving,swap-independent,vulnerable,True,accepted,13,261,0.376629
gen-unchecked_call-036,unchecked_call,generated,root-preserving,root-stutter,patched,True,accepted,13,229,0.383259
gen-unchecked_call-036,unchecked_call,generated,root-preserving,alpha-unused,patched,True,accepted,13,267,0.396379
gen-unchecked_call-036,unchecked_call,generated,root-preserving,swap-independent,patched,True,accepted,13,255,0.371472
gen-unchecked_call-036,unchecked_call,generated,root-flipping,close-root,vulnerable,True,accepted,12,202,0.362769
gen-unchecked_call-036,unchecked_call,generated,root-flipping,open-root,patched,True,accepted,12,201,0.388798
gen-unchecked_call-037,unchecked_call,generated,root-preserving,root-stutter,vulnerable,True,accepted,13,235,0.376931
gen-unchecked_call-037,unchecked_call,generated,root-preserving,alpha-unused,vulnerable,True,accepted,13,273,0.381357
gen-unchecked_call-037,unchecked_call,generated,root-preserving,swap-independent,vulnerable,True,accepted,13,261,0.358333
gen-unchecked_call-037,unchecked_call,generated,root-preserving,root-stutter,patched,True,accepted,13,229,0.384672
gen-unchecked_call-037,unchecked_call,generated,root-preserving,alpha-unused,patched,True,accepted,13,267,0.398031
gen-unchecked_call-037,unchecked_call,generated,root-preserving,swap-independent,patched,True,accepted,13,255,0.365523
gen-unchecked_call-037,unchecked_call,generated,root-flipping,close-root,vulnerable,True,accepted,12,202,0.629676
gen-unchecked_call-037,unchecked_call,generated,root-flipping,open-root,patched,True,accepted,12,201,0.412002
gen-unchecked_call-038,unchecked_call,generated,root-preserving,root-stutter,vulnerable,True,accepted,13,235,0.455768
gen-unchecked_call-038,unchecked_call,generated,root-preserving,alpha-unused,vulnerable,True,accepted,13,273,0.386615
gen-unchecked_call-038,unchecked_call,generated,root-preserving,swap-independent,vulnerable,True,accepted,13,261,0.394046
gen-unchecked_call-038,unchecked_call,generated,root-preserving,root-stutter,patched,True,accepted,13,229,0.410671
gen-unchecked_call-038,unchecked_call,generated,root-preserving,alpha-unused,patched,True,accepted,13,267,0.497479
gen-unchecked_call-038,unchecked_call,generated,root-preserving,swap-independent,patched,True,accepted,13,255,0.411271
gen-unchecked_call-038,unchecked_call,generated,root-flipping,close-root,vulnerable,True,accepted,12,202,0.397861
gen-unchecked_call-038,unchecked_call,generated,root-flipping,open-root,patched,True,accepted,12,201,0.369059
gen-unchecked_call-039,unchecked_call,generated,root-preserving,root-stutter,vulnerable,True,accepted,13,235,0.380756
gen-unchecked_call-039,unchecked_call,generated,root-preserving,alpha-unused,vulnerable,True,accepted,13,273,0.43031
gen-unchecked_call-039,unchecked_call,generated,root-preserving,swap-independent,vulnerable,True,accepted,13,261,0.361417
gen-unchecked_call-039,unchecked_call,generated,root-preserving,root-stutter,patched,True,accepted,13,229,0.503539
gen-unchecked_call-039,unchecked_call,generated,root-preserving,alpha-unused,patched,True,accepted,13,267,0.390951
gen-unchecked_call-039,unchecked_call,generated,root-preserving,swap-independent,patched,True,accepted,13,255,0.714492
gen-unchecked_call-039,unchecked_call,generated,root-flipping,close-root,vulnerable,True,accepted,12,202,0.432983
gen-unchecked_call-039,unchecked_call,generated,root-flipping,open-root,patched,True,accepted,12,201,0.421937
pub-unchecked_call-00,unchecked_call,synthetic-reference-tagged,root-preserving,root-stutter,vulnerable,True,accepted,13,233,0.412733
pub-unchecked_call-00,unchecked_call,synthetic-reference-tagged,root-preserving,alpha-unused,vulnerable,True,accepted,13,271,0.440034
pub-unchecked_call-00,unchecked_call,synthetic-reference-tagged,root-preserving,swap-independent,vulnerable,True,accepted,13,259,0.383941
pub-unchecked_call-00,unchecked_call,synthetic-reference-tagged,root-preserving,root-stutter,patched,True,accepted,13,227,0.439874
pub-unchecked_call-00,unchecked_call,synthetic-reference-tagged,root-preserving,alpha-unused,patched,True,accepted,13,265,0.408588
pub-unchecked_call-00,unchecked_call,synthetic-reference-tagged,root-preserving,swap-independent,patched,True,accepted,13,253,0.491801
pub-unchecked_call-00,unchecked_call,synthetic-reference-tagged,root-flipping,close-root,vulnerable,True,accepted,12,200,0.463148
pub-unchecked_call-00,unchecked_call,synthetic-reference-tagged,root-flipping,open-root,patched,True,accepted,12,199,0.566172
pub-unchecked_call-01,unchecked_call,synthetic-reference-tagged,root-preserving,root-stutter,vulnerable,True,accepted,13,233,0.421276
pub-unchecked_call-01,unchecked_call,synthetic-reference-tagged,root-preserving,alpha-unused,vulnerable,True,accepted,13,271,0.429619
pub-unchecked_call-01,unchecked_call,synthetic-reference-tagged,root-preserving,swap-independent,vulnerable,True,accepted,13,259,0.376479
pub-unchecked_call-01,unchecked_call,synthetic-reference-tagged,root-preserving,root-stutter,patched,True,accepted,13,227,0.418642
pub-unchecked_call-01,unchecked_call,synthetic-reference-tagged,root-preserving,alpha-unused,patched,True,accepted,13,265,0.465462
pub-unchecked_call-01,unchecked_call,synthetic-reference-tagged,root-preserving,swap-independent,patched,True,accepted,13,253,0.446403
pub-unchecked_call-01,unchecked_call,synthetic-reference-tagged,root-flipping,close-root,vulnerable,True,accepted,12,200,0.390981
pub-unchecked_call-01,unchecked_call,synthetic-reference-tagged,root-flipping,open-root,patched,True,accepted,12,199,0.373725
pub-unchecked_call-02,unchecked_call,synthetic-reference-tagged,root-preserving,root-stutter,vulnerable,True,accepted,13,233,0.414106
pub-unchecked_call-02,unchecked_call,synthetic-reference-tagged,root-preserving,alpha-unused,vulnerable,True,accepted,13,271,0.388228
pub-unchecked_call-02,unchecked_call,synthetic-reference-tagged,root-preserving,swap-independent,vulnerable,True,accepted,13,259,0.399634
pub-unchecked_call-02,unchecked_call,synthetic-reference-tagged,root-preserving,root-stutter,patched,True,accepted,13,227,0.401717
pub-unchecked_call-02,unchecked_call,synthetic-reference-tagged,root-preserving,alpha-unused,patched,True,accepted,13,265,0.414085
pub-unchecked_call-02,unchecked_call,synthetic-reference-tagged,root-preserving,swap-independent,patched,True,accepted,13,253,0.386043
pub-unchecked_call-02,unchecked_call,synthetic-reference-tagged,root-flipping,close-root,vulnerable,True,accepted,12,200,0.36991
pub-unchecked_call-02,unchecked_call,synthetic-reference-tagged,root-flipping,open-root,patched,True,accepted,12,199,0.382789
